oracle_id,oracle_name,round,degree,progress_pct,accuracy,tier,fired,avg_coverage_width,max_coverage_width,total_slack,noisy_flip,matches_true_top10,top10,point_vec
1,uniform,1,2,11,0.111905,insufficient,false,0.833334,1.000000,0.000000,false,false,synthetic-album-0|synthetic-album-10|synthetic-album-11|synthetic-album-2|synthetic-album-3|synthetic-album-4|synthetic-album-6|synthetic-album-7|synthetic-album-8|synthetic-album-9,0.000000366 0.000000884 0.000001401 0.499996162 0.000000366 0.499995127 0.499995644 0.499996162 0.000000366 0.000000884 0.000001401 0.000001919 0.000000366 0.000000884 0.000001401 0.000001919 0.000000366 0.000000884 0.000001401 0.000001919 0.000000366 0.000000884 0.000001401 0.000001919
1,uniform,2,2,20,0.200000,insufficient,false,0.666667,1.000000,0.000000,false,true,synthetic-album-0|synthetic-album-1|synthetic-album-11|synthetic-album-2|synthetic-album-3|synthetic-album-4|synthetic-album-6|synthetic-album-7|synthetic-album-8|synthetic-album-9,0.000000205 0.000000495 0.333331969 0.333332259 0.000000205 0.000000495 0.000000785 0.333332259 0.000000205 0.000000495 0.000000785 0.333332259 0.000000205 0.000000495 0.000000785 0.000001075 0.000000205 0.000000495 0.000000785 0.000001075 0.000000205 0.000000495 0.000000785 0.000001075
1,uniform,3,2,32,0.320238,insufficient,false,0.500000,1.000000,0.000000,false,true,synthetic-album-0|synthetic-album-1|synthetic-album-11|synthetic-album-2|synthetic-album-3|synthetic-album-4|synthetic-album-6|synthetic-album-7|synthetic-album-8|synthetic-album-9,0.000000144 0.000000348 0.000000553 0.249999622 0.000000144 0.000000348 0.000000553 0.249999622 0.000000144 0.000000348 0.000000553 0.249999622 0.000000144 0.000000348 0.000000553 0.249999622 0.000000144 0.000000348 0.000000553 0.000000757 0.000000144 0.000000348 0.000000553 0.000000757
1,uniform,4,2,54,0.541904,insufficient,false,0.333334,1.000000,0.000000,false,true,synthetic-album-0|synthetic-album-1|synthetic-album-11|synthetic-album-2|synthetic-album-3|synthetic-album-4|synthetic-album-6|synthetic-album-7|synthetic-album-8|synthetic-album-9,0.000000112 0.000000270 0.000000429 0.199999883 0.000000112 0.000000270 0.199999724 0.199999883 0.000000112 0.000000270 0.000000429 0.199999883 0.000000112 0.000000270 0.199999724 0.199999883 0.000000112 0.199999566 0.199999724 0.199999883 0.000000112 0.000000270 0.000000429 0.000000587
1,uniform,5,2,76,0.756348,high,false,0.125001,0.166667,0.000000,false,true,synthetic-album-0|synthetic-album-1|synthetic-album-11|synthetic-album-2|synthetic-album-3|synthetic-album-4|synthetic-album-6|synthetic-album-7|synthetic-album-8|synthetic-album-9,0.000000092 0.000000222 0.000000351 0.166666667 0.000000092 0.166666407 0.166666537 0.166666667 0.000000092 0.166666407 0.166666537 0.166666667 0.000000092 0.166666407 0.166666537 0.166666667 0.000000092 0.000000222 0.166666537 0.166666667 0.000000092 0.000000222 0.000000351 0.166666667
1,uniform,6,2,76,0.756349,high,false,0.125001,0.166667,0.000000,false,false,synthetic-album-0|synthetic-album-1|synthetic-album-10|synthetic-album-11|synthetic-album-2|synthetic-album-3|synthetic-album-4|synthetic-album-6|synthetic-album-7|synthetic-album-8,0.000000078 0.000000188 0.000000298 0.166666667 0.000000078 0.166666446 0.166666557 0.166666667 0.000000078 0.166666446 0.166666557 0.166666667 0.000000078 0.166666446 0.166666557 0.166666667 0.000000078 0.000000188 0.166666557 0.166666667 0.000000078 0.166666446 0.166666557 0.166666667
1,uniform,7,2,76,0.756349,high,false,0.125001,0.166667,0.000000,false,false,synthetic-album-0|synthetic-album-1|synthetic-album-10|synthetic-album-11|synthetic-album-2|synthetic-album-3|synthetic-album-4|synthetic-album-6|synthetic-album-7|synthetic-album-8,0.000000068 0.000000163 0.000000259 0.166666667 0.000000068 0.166666475 0.166666571 0.166666667 0.000000068 0.166666475 0.166666571 0.166666667 0.000000068 0.166666475 0.166666571 0.166666667 0.000000068 0.000000163 0.166666571 0.166666667 0.000000068 0.166666475 0.166666571 0.166666667
1,uniform,8,2,76,0.756349,high,false,0.125001,0.166667,0.000000,false,false,synthetic-album-0|synthetic-album-1|synthetic-album-10|synthetic-album-11|synthetic-album-2|synthetic-album-3|synthetic-album-4|synthetic-album-6|synthetic-album-7|synthetic-album-8,0.000000060 0.000000145 0.000000229 0.166666667 0.000000060 0.166666497 0.166666582 0.166666667 0.000000060 0.166666497 0.166666582 0.166666667 0.000000060 0.166666497 0.166666582 0.166666667 0.000000060 0.000000145 0.166666582 0.166666667 0.000000060 0.166666497 0.166666582 0.166666667
1,uniform,9,2,76,0.756349,high,false,0.125000,0.166667,0.000000,false,false,synthetic-album-0|synthetic-album-1|synthetic-album-10|synthetic-album-11|synthetic-album-2|synthetic-album-3|synthetic-album-4|synthetic-album-7|synthetic-album-8|synthetic-album-9,0.000000054 0.000000130 0.000000206 0.166666667 0.000000054 0.000000130 0.166666591 0.166666667 0.000000054 0.166666515 0.166666591 0.166666667 0.000000054 0.166666515 0.166666591 0.166666667 0.000000054 0.166666515 0.166666591 0.166666667 0.000000054 0.000000130 0.166666591 0.166666667
1,uniform,10,2,76,0.756349,high,false,0.125000,0.166667,0.000000,false,true,synthetic-album-0|synthetic-album-1|synthetic-album-11|synthetic-album-2|synthetic-album-3|synthetic-album-4|synthetic-album-6|synthetic-album-7|synthetic-album-8|synthetic-album-9,0.000000049 0.000000118 0.000000187 0.166666667 0.000000049 0.000000118 0.166666598 0.166666667 0.000000049 0.000000118 0.166666598 0.166666667 0.000000049 0.000000118 0.166666598 0.166666667 0.000000049 0.000000118 0.166666598 0.166666667 0.000000049 0.000000118 0.166666598 0.166666667
1,uniform,11,2,76,0.756349,high,false,0.125000,0.166667,0.000000,false,true,synthetic-album-0|synthetic-album-1|synthetic-album-11|synthetic-album-2|synthetic-album-3|synthetic-album-4|synthetic-album-6|synthetic-album-7|synthetic-album-8|synthetic-album-9,0.000000045 0.000000108 0.000000171 0.166666667 0.000000045 0.000000108 0.166666603 0.166666667 0.000000045 0.000000108 0.166666603 0.166666667 0.000000045 0.000000108 0.166666603 0.166666667 0.000000045 0.000000108 0.166666603 0.166666667 0.000000045 0.000000108 0.166666603 0.166666667
1,uniform,12,2,76,0.756349,high,false,0.125000,0.166667,0.000000,false,false,synthetic-album-0|synthetic-album-1|synthetic-album-10|synthetic-album-11|synthetic-album-2|synthetic-album-3|synthetic-album-4|synthetic-album-6|synthetic-album-7|synthetic-album-8,0.000000041 0.000000100 0.166666608 0.166666667 0.000000041 0.000000100 0.000000158 0.166666667 0.000000041 0.166666550 0.166666608 0.166666667 0.000000041 0.000000100 0.166666608 0.166666667 0.000000041 0.000000100 0.166666608 0.166666667 0.000000041 0.000000100 0.166666608 0.166666667
1,uniform,13,2,76,0.756349,high,false,0.125000,0.166667,0.000000,false,false,synthetic-album-0|synthetic-album-1|synthetic-album-10|synthetic-album-11|synthetic-album-2|synthetic-album-3|synthetic-album-4|synthetic-album-6|synthetic-album-7|synthetic-album-8,0.000000038 0.000000092 0.166666613 0.166666667 0.000000038 0.000000092 0.000000147 0.166666667 0.000000038 0.166666558 0.166666613 0.166666667 0.000000038 0.000000092 0.166666613 0.166666667 0.000000038 0.000000092 0.166666613 0.166666667 0.000000038 0.166666558 0.166666613 0.166666667
1,uniform,14,2,76,0.756349,high,false,0.125000,0.166667,0.000000,false,false,synthetic-album-0|synthetic-album-1|synthetic-album-10|synthetic-album-11|synthetic-album-3|synthetic-album-4|synthetic-album-6|synthetic-album-7|synthetic-album-8|synthetic-album-9,0.000000036 0.000000086 0.166666616 0.166666667 0.000000036 0.000000086 0.000000137 0.166666667 0.000000036 0.166666566 0.166666616 0.166666667 0.000000036 0.166666566 0.166666616 0.166666667 0.000000036 0.000000086 0.000000137 0.166666667 0.000000036 0.166666566 0.166666616 0.166666667
1,uniform,15,2,76,0.756349,high,false,0.125000,0.166667,0.000000,false,true,synthetic-album-0|synthetic-album-1|synthetic-album-11|synthetic-album-2|synthetic-album-3|synthetic-album-4|synthetic-album-6|synthetic-album-7|synthetic-album-8|synthetic-album-9,0.000000033 0.000000081 0.000000128 0.166666667 0.000000033 0.000000081 0.000000128 0.166666667 0.000000033 0.000000081 0.000000128 0.166666667 0.000000033 0.000000081 0.000000128 0.166666667 0.000000033 0.166666572 0.166666619 0.166666667 0.000000033 0.000000081 0.166666619 0.166666667
1,uniform,16,2,76,0.758730,high,false,0.125000,0.166667,0.000000,false,true,synthetic-album-0|synthetic-album-1|synthetic-album-11|synthetic-album-2|synthetic-album-3|synthetic-album-4|synthetic-album-6|synthetic-album-7|synthetic-album-8|synthetic-album-9,0.000000031 0.000000075 0.000000119 0.166666667 0.000000031 0.000000075 0.000000119 0.166666667 0.000000031 0.000000075 0.000000119 0.166666667 0.000000031 0.000000075 0.000000119 0.166666667 0.000000031 0.166666579 0.166666623 0.166666667 0.000000031 0.000000075 0.166666623 0.166666667
1,uniform,17,2,76,0.758730,high,false,0.125000,0.166667,0.000000,false,true,synthetic-album-0|synthetic-album-1|synthetic-album-11|synthetic-album-2|synthetic-album-3|synthetic-album-4|synthetic-album-6|synthetic-album-7|synthetic-album-8|synthetic-album-9,0.000000029 0.000000070 0.000000111 0.166666667 0.000000029 0.000000070 0.000000111 0.166666667 0.000000029 0.000000070 0.000000111 0.166666667 0.000000029 0.000000070 0.000000111 0.166666667 0.000000029 0.000000070 0.000000111 0.166666667 0.000000029 0.000000070 0.166666626 0.166666667
1,uniform,18,2,76,0.758730,high,false,0.125000,0.166667,0.000000,false,true,synthetic-album-0|synthetic-album-1|synthetic-album-11|synthetic-album-2|synthetic-album-3|synthetic-album-4|synthetic-album-6|synthetic-album-7|synthetic-album-8|synthetic-album-9,0.000000027 0.000000065 0.000000104 0.166666667 0.000000027 0.000000065 0.000000104 0.166666667 0.000000027 0.000000065 0.000000104 0.166666667 0.000000027 0.000000065 0.000000104 0.166666667 0.000000027 0.166666590 0.166666628 0.166666667 0.000000027 0.000000065 0.166666628 0.166666667
1,uniform,19,2,76,0.758730,high,false,0.125000,0.166667,0.000000,false,true,synthetic-album-0|synthetic-album-1|synthetic-album-11|synthetic-album-2|synthetic-album-3|synthetic-album-4|synthetic-album-6|synthetic-album-7|synthetic-album-8|synthetic-album-9,0.000000025 0.000000061 0.000000097 0.166666667 0.000000025 0.000000061 0.000000097 0.166666667 0.000000025 0.000000061 0.000000097 0.166666667 0.000000025 0.000000061 0.000000097 0.166666667 0.000000025 0.166666595 0.166666631 0.166666667 0.000000025 0.000000061 0.166666631 0.166666667
1,uniform,20,2,76,0.763889,high,false,0.125000,0.166667,0.000000,false,true,synthetic-album-0|synthetic-album-1|synthetic-album-11|synthetic-album-2|synthetic-album-3|synthetic-album-4|synthetic-album-6|synthetic-album-7|synthetic-album-8|synthetic-album-9,0.000000024 0.000000058 0.000000092 0.166666667 0.000000024 0.000000058 0.000000092 0.166666667 0.000000024 0.000000058 0.000000092 0.166666667 0.000000024 0.000000058 0.000000092 0.166666667 0.000000024 0.000000058 0.000000092 0.166666667 0.000000024 0.000000058 0.166666633 0.166666667
1,uniform,21,2,77,0.767857,high,false,0.125000,0.166667,0.000000,false,true,synthetic-album-0|synthetic-album-1|synthetic-album-11|synthetic-album-2|synthetic-album-3|synthetic-album-4|synthetic-album-6|synthetic-album-7|synthetic-album-8|synthetic-album-9,0.000000023 0.000000055 0.000000087 0.166666667 0.000000023 0.000000055 0.000000087 0.166666667 0.000000023 0.000000055 0.000000087 0.166666667 0.000000023 0.000000055 0.000000087 0.166666667 0.000000023 0.166666602 0.166666635 0.166666667 0.000000023 0.000000055 0.166666635 0.166666667
1,uniform,22,2,77,0.769047,high,false,0.125000,0.166667,0.000000,false,false,synthetic-album-0|synthetic-album-10|synthetic-album-11|synthetic-album-2|synthetic-album-3|synthetic-album-4|synthetic-album-6|synthetic-album-7|synthetic-album-8|synthetic-album-9,0.000000022 0.083333329 0.166666636 0.166666667 0.000000022 0.083333329 0.166666636 0.166666667 0.000000022 0.083333329 0.166666636 0.166666667 0.000000022 0.083333329 0.166666636 0.166666667 0.000000022 0.000000052 0.000000083 0.166666667 0.000000022 0.083333329 0.166666636 0.166666667
1,uniform,23,2,77,0.769047,high,false,0.125000,0.166667,0.000000,false,false,synthetic-album-0|synthetic-album-10|synthetic-album-11|synthetic-album-2|synthetic-album-3|synthetic-album-4|synthetic-album-6|synthetic-album-7|synthetic-album-8|synthetic-album-9,0.000000021 0.083333329 0.166666638 0.166666667 0.000000021 0.083333329 0.166666638 0.166666667 0.000000021 0.083333329 0.166666638 0.166666667 0.000000021 0.083333329 0.166666638 0.166666667 0.000000021 0.000000050 0.000000079 0.166666667 0.000000021 0.083333329 0.166666638 0.166666667
1,uniform,24,2,77,0.773016,high,false,0.125000,0.166667,0.000000,false,true,synthetic-album-0|synthetic-album-1|synthetic-album-11|synthetic-album-2|synthetic-album-3|synthetic-album-4|synthetic-album-6|synthetic-album-7|synthetic-album-8|synthetic-album-9,0.000000020 0.000000047 0.000000075 0.166666667 0.000000020 0.000000047 0.000000075 0.166666667 0.000000020 0.000000047 0.166666639 0.166666667 0.000000020 0.000000047 0.000000075 0.166666667 0.000000020 0.000000047 0.000000075 0.166666667 0.000000020 0.000000047 0.000000075 0.166666667
1,uniform,25,2,77,0.774206,high,false,0.125000,0.166667,0.000000,false,true,synthetic-album-0|synthetic-album-1|synthetic-album-11|synthetic-album-2|synthetic-album-3|synthetic-album-4|synthetic-album-6|synthetic-album-7|synthetic-album-8|synthetic-album-9,0.000000019 0.000000045 0.000000072 0.166666667 0.000000019 0.000000045 0.000000072 0.166666667 0.000000019 0.000000045 0.166666640 0.166666667 0.000000019 0.000000045 0.000000072 0.166666667 0.000000019 0.000000045 0.000000072 0.166666667 0.166666587 0.166666614 0.166666640 0.166666667
1,uniform,26,2,78,0.776984,high,false,0.125000,0.166667,0.000000,false,true,synthetic-album-0|synthetic-album-1|synthetic-album-11|synthetic-album-2|synthetic-album-3|synthetic-album-4|synthetic-album-6|synthetic-album-7|synthetic-album-8|synthetic-album-9,0.000000018 0.000000043 0.000000069 0.166666667 0.000000018 0.000000043 0.000000069 0.166666667 0.000000018 0.000000043 0.166666641 0.166666667 0.000000018 0.000000043 0.000000069 0.166666667 0.000000018 0.000000043 0.000000069 0.166666667 0.000000018 0.000000043 0.000000069 0.166666667
1,uniform,27,2,78,0.776984,high,false,0.125000,0.166667,0.000000,false,true,synthetic-album-0|synthetic-album-1|synthetic-album-11|synthetic-album-2|synthetic-album-3|synthetic-album-4|synthetic-album-6|synthetic-album-7|synthetic-album-8|synthetic-album-9,0.000000017 0.000000042 0.000000066 0.166666667 0.000000017 0.000000042 0.000000066 0.166666667 0.000000017 0.000000042 0.166666642 0.166666667 0.000000017 0.000000042 0.000000066 0.166666667 0.000000017 0.000000042 0.000000066 0.166666667 0.166666594 0.166666618 0.166666642 0.166666667
1,uniform,28,2,78,0.776984,high,false,0.125000,0.166667,0.000000,false,true,synthetic-album-0|synthetic-album-1|synthetic-album-11|synthetic-album-2|synthetic-album-3|synthetic-album-4|synthetic-album-6|synthetic-album-7|synthetic-album-8|synthetic-album-9,0.000000017 0.000000040 0.000000063 0.166666667 0.000000017 0.000000040 0.000000063 0.166666667 0.000000017 0.000000040 0.166666643 0.166666667 0.166666596 0.166666620 0.166666643 0.166666667 0.000000017 0.000000040 0.000000063 0.166666667 0.000000017 0.000000040 0.000000063 0.166666667
1,uniform,29,2,78,0.776984,high,false,0.125000,0.166667,0.000000,false,true,synthetic-album-0|synthetic-album-1|synthetic-album-11|synthetic-album-2|synthetic-album-3|synthetic-album-4|synthetic-album-6|synthetic-album-7|synthetic-album-8|synthetic-album-9,0.000000016 0.000000039 0.000000061 0.166666667 0.000000016 0.000000039 0.000000061 0.166666667 0.000000016 0.000000039 0.166666644 0.166666667 0.000000016 0.000000039 0.000000061 0.166666667 0.000000016 0.000000039 0.000000061 0.166666667 0.000000016 0.000000039 0.000000061 0.166666667
1,uniform,30,2,79,0.794841,high,false,0.121528,0.166667,0.000000,false,true,synthetic-album-0|synthetic-album-1|synthetic-album-11|synthetic-album-2|synthetic-album-3|synthetic-album-4|synthetic-album-6|synthetic-album-7|synthetic-album-8|synthetic-album-9,0.000000015 0.000000037 0.000000059 0.166666667 0.000000015 0.000000037 0.000000059 0.166666667 0.000000015 0.000000037 0.166666645 0.166666667 0.000000015 0.000000037 0.000000059 0.166666667 0.000000015 0.000000037 0.000000059 0.166666667 0.000000015 0.000000037 0.000000059 0.166666667
1,uniform,31,3,79,0.794841,high,false,0.121528,0.166667,0.000000,false,true,synthetic-album-0|synthetic-album-1|synthetic-album-11|synthetic-album-2|synthetic-album-3|synthetic-album-4|synthetic-album-6|synthetic-album-7|synthetic-album-8|synthetic-album-9,0.000000015 0.000000036 0.000000057 0.166666667 0.000000015 0.000000036 0.000000057 0.166666667 0.000000015 0.000000036 0.166666646 0.166666667 0.000000015 0.000000036 0.000000057 0.166666667 0.000000015 0.000000036 0.000000057 0.166666667 0.166666604 0.166666625 0.166666646 0.166666667
1,uniform,32,3,82,0.823809,high,false,0.121528,0.166667,0.000000,false,false,synthetic-album-0|synthetic-album-1|synthetic-album-10|synthetic-album-11|synthetic-album-2|synthetic-album-3|synthetic-album-4|synthetic-album-6|synthetic-album-7|synthetic-album-8,0.000000014 0.083333330 0.166666647 0.166666667 0.000000014 0.083333330 0.166666647 0.166666667 0.000000014 0.083333330 0.083333350 0.166666667 0.000000014 0.083333330 0.166666647 0.166666667 0.000000014 0.083333330 0.166666647 0.166666667 0.000000014 0.083333330 0.166666647 0.166666667
1,uniform,33,3,82,0.823809,high,false,0.121528,0.166667,0.000000,false,false,synthetic-album-0|synthetic-album-1|synthetic-album-10|synthetic-album-11|synthetic-album-2|synthetic-album-3|synthetic-album-4|synthetic-album-6|synthetic-album-7|synthetic-album-8,0.000000014 0.083333331 0.166666647 0.166666667 0.000000014 0.083333331 0.166666647 0.166666667 0.000000014 0.083333331 0.083333350 0.166666667 0.000000014 0.083333331 0.166666647 0.166666667 0.000000014 0.083333331 0.166666647 0.166666667 0.000000014 0.083333331 0.166666647 0.166666667
1,uniform,34,3,84,0.844841,high,false,0.121528,0.166667,0.000000,false,false,synthetic-album-0|synthetic-album-1|synthetic-album-10|synthetic-album-11|synthetic-album-2|synthetic-album-3|synthetic-album-4|synthetic-album-6|synthetic-album-7|synthetic-album-8,0.000000013 0.083333331 0.166666648 0.166666667 0.000000013 0.083333331 0.166666648 0.166666667 0.000000013 0.083333331 0.083333349 0.166666667 0.000000013 0.083333331 0.166666648 0.166666667 0.000000013 0.083333331 0.166666648 0.166666667 0.000000013 0.083333331 0.166666648 0.166666667
1,uniform,35,3,86,0.861904,veryHigh,false,0.121528,0.166667,0.000000,false,false,synthetic-album-0|synthetic-album-1|synthetic-album-10|synthetic-album-11|synthetic-album-2|synthetic-album-3|synthetic-album-4|synthetic-album-6|synthetic-album-7|synthetic-album-8,0.000000013 0.083333331 0.166666649 0.166666667 0.000000013 0.083333331 0.166666649 0.166666667 0.000000013 0.083333331 0.083333349 0.166666667 0.000000013 0.083333331 0.166666649 0.166666667 0.000000013 0.083333331 0.166666649 0.166666667 0.000000013 0.083333331 0.166666649 0.166666667
1,uniform,36,3,86,0.861904,veryHigh,false,0.121528,0.166667,0.000000,false,false,synthetic-album-0|synthetic-album-1|synthetic-album-10|synthetic-album-11|synthetic-album-2|synthetic-album-3|synthetic-album-4|synthetic-album-6|synthetic-album-7|synthetic-album-8,0.000000012 0.083333331 0.166666649 0.166666667 0.000000012 0.083333331 0.166666649 0.166666667 0.000000012 0.083333331 0.083333348 0.166666667 0.000000012 0.083333331 0.166666649 0.166666667 0.000000012 0.083333331 0.166666649 0.166666667 0.000000012 0.083333331 0.166666649 0.166666667
1,uniform,37,3,86,0.861904,veryHigh,false,0.121528,0.166667,0.000000,false,false,synthetic-album-0|synthetic-album-1|synthetic-album-10|synthetic-album-11|synthetic-album-2|synthetic-album-3|synthetic-album-4|synthetic-album-6|synthetic-album-7|synthetic-album-8,0.000000012 0.083333331 0.166666650 0.166666667 0.000000012 0.083333331 0.166666650 0.166666667 0.000000012 0.083333331 0.083333348 0.166666667 0.000000012 0.083333331 0.166666650 0.166666667 0.000000012 0.083333331 0.166666650 0.166666667 0.000000012 0.083333331 0.166666650 0.166666667
1,uniform,38,3,89,0.885317,veryHigh,false,0.121528,0.166667,0.000000,false,false,synthetic-album-0|synthetic-album-1|synthetic-album-10|synthetic-album-11|synthetic-album-2|synthetic-album-3|synthetic-album-4|synthetic-album-6|synthetic-album-7|synthetic-album-8,0.000000012 0.083333331 0.166666650 0.166666667 0.000000012 0.083333331 0.166666650 0.166666667 0.000000012 0.083333331 0.083333347 0.166666667 0.000000012 0.083333331 0.166666650 0.166666667 0.000000012 0.083333331 0.166666650 0.166666667 0.000000012 0.083333331 0.166666650 0.166666667
1,uniform,39,3,89,0.885317,veryHigh,false,0.121528,0.166667,0.000000,false,false,synthetic-album-0|synthetic-album-1|synthetic-album-10|synthetic-album-11|synthetic-album-2|synthetic-album-3|synthetic-album-4|synthetic-album-6|synthetic-album-7|synthetic-album-8,0.000000011 0.083333331 0.166666651 0.166666667 0.000000011 0.083333331 0.166666651 0.166666667 0.000000011 0.083333331 0.083333347 0.166666667 0.000000011 0.083333331 0.166666651 0.166666667 0.000000011 0.083333331 0.166666651 0.166666667 0.000000011 0.083333331 0.166666651 0.166666667
1,uniform,40,3,89,0.885317,veryHigh,false,0.121528,0.166667,0.000000,false,false,synthetic-album-0|synthetic-album-1|synthetic-album-10|synthetic-album-11|synthetic-album-2|synthetic-album-3|synthetic-album-4|synthetic-album-6|synthetic-album-7|synthetic-album-8,0.000000011 0.083333331 0.166666651 0.166666667 0.000000011 0.083333331 0.166666651 0.166666667 0.000000011 0.083333331 0.083333347 0.166666667 0.000000011 0.083333331 0.166666651 0.166666667 0.000000011 0.083333331 0.166666651 0.166666667 0.000000011 0.083333331 0.166666651 0.166666667
1,uniform,41,3,94,0.938095,veryHigh,false,0.041667,0.083334,0.000000,false,false,synthetic-album-0|synthetic-album-1|synthetic-album-10|synthetic-album-11|synthetic-album-2|synthetic-album-3|synthetic-album-4|synthetic-album-6|synthetic-album-7|synthetic-album-8,0.000000011 0.083333331 0.166666652 0.166666667 0.000000011 0.083333332 0.166666652 0.166666667 0.000000013 0.083333334 0.083333346 0.166666667 0.000000011 0.083333332 0.166666652 0.166666667 0.000000012 0.083333332 0.166666653 0.166666667 0.000000011 0.083333332 0.166666654 0.166666667
1,uniform,42,3,94,0.938095,veryHigh,false,0.041667,0.083334,0.000000,false,false,synthetic-album-0|synthetic-album-1|synthetic-album-10|synthetic-album-11|synthetic-album-2|synthetic-album-3|synthetic-album-4|synthetic-album-6|synthetic-album-7|synthetic-album-8,0.000000015 0.083333333 0.166666652 0.166666667 0.000000015 0.083333333 0.166666652 0.166666667 0.000000015 0.083333333 0.083333348 0.166666667 0.000000015 0.083333333 0.166666652 0.166666667 0.000000015 0.083333333 0.166666652 0.166666667 0.000000015 0.083333333 0.166666652 0.166666667
1,uniform,43,3,94,0.938095,veryHigh,false,0.041667,0.083334,0.000000,false,false,synthetic-album-0|synthetic-album-1|synthetic-album-10|synthetic-album-11|synthetic-album-2|synthetic-album-3|synthetic-album-4|synthetic-album-6|synthetic-album-7|synthetic-album-8,0.000000014 0.083333333 0.166666652 0.166666667 0.000000014 0.083333333 0.166666652 0.166666667 0.000000014 0.083333333 0.083333348 0.166666667 0.000000014 0.083333333 0.166666652 0.166666667 0.000000014 0.083333333 0.166666652 0.166666667 0.000000014 0.083333333 0.166666652 0.166666667
1,uniform,44,3,94,0.938095,veryHigh,false,0.041667,0.083334,-0.000000,false,true,synthetic-album-0|synthetic-album-1|synthetic-album-11|synthetic-album-2|synthetic-album-3|synthetic-album-4|synthetic-album-6|synthetic-album-7|synthetic-album-8|synthetic-album-9,0.083333319 0.083333333 0.083333347 0.166666667 0.083333319 0.083333333 0.083333347 0.166666667 0.083333319 0.083333333 0.166666653 0.166666667 0.083333319 0.083333333 0.083333347 0.166666667 0.083333319 0.083333333 0.083333347 0.166666667 0.083333319 0.083333333 0.083333347 0.166666667
1,uniform,45,3,94,0.938095,veryHigh,false,0.041667,0.083334,-0.000000,false,false,synthetic-album-0|synthetic-album-1|synthetic-album-10|synthetic-album-11|synthetic-album-2|synthetic-album-3|synthetic-album-4|synthetic-album-6|synthetic-album-7|synthetic-album-8,0.000000010 0.083333333 0.166666657 0.166666667 0.000000010 0.083333333 0.166666657 0.166666667 0.000000010 0.083333333 0.083333343 0.166666667 0.000000010 0.083333333 0.166666657 0.166666667 0.000000010 0.083333333 0.166666657 0.166666667 0.000000010 0.083333333 0.166666657 0.166666667
1,uniform,46,3,94,0.938095,veryHigh,false,0.041667,0.083334,-0.000000,false,true,synthetic-album-0|synthetic-album-1|synthetic-album-11|synthetic-album-2|synthetic-album-3|synthetic-album-4|synthetic-album-6|synthetic-album-7|synthetic-album-8|synthetic-album-9,0.083333320 0.083333333 0.083333347 0.166666667 0.083333320 0.083333333 0.083333347 0.166666667 0.083333320 0.083333333 0.166666653 0.166666667 0.083333320 0.083333333 0.083333347 0.166666667 0.083333320 0.083333333 0.083333347 0.166666667 0.083333320 0.083333333 0.083333347 0.166666667
1,uniform,47,3,94,0.938095,veryHigh,false,0.041667,0.083334,-0.000000,false,false,synthetic-album-0|synthetic-album-1|synthetic-album-10|synthetic-album-11|synthetic-album-2|synthetic-album-3|synthetic-album-4|synthetic-album-6|synthetic-album-7|synthetic-album-8,0.000000013 0.083333333 0.166666654 0.166666667 0.000000013 0.083333333 0.166666654 0.166666667 0.000000013 0.083333333 0.083333346 0.166666667 0.000000013 0.083333333 0.166666654 0.166666667 0.000000013 0.083333333 0.166666654 0.166666667 0.000000013 0.083333333 0.166666654 0.166666667
1,uniform,48,3,94,0.938095,veryHigh,false,0.041667,0.083334,-0.000000,false,true,synthetic-album-0|synthetic-album-1|synthetic-album-11|synthetic-album-2|synthetic-album-3|synthetic-album-4|synthetic-album-6|synthetic-album-7|synthetic-album-8|synthetic-album-9,0.083333321 0.083333333 0.083333346 0.166666667 0.083333321 0.083333333 0.083333346 0.166666667 0.083333321 0.083333333 0.166666654 0.166666667 0.083333321 0.083333333 0.083333346 0.166666667 0.083333321 0.083333333 0.083333346 0.166666667 0.083333321 0.083333333 0.083333346 0.166666667
1,uniform,49,3,94,0.938095,veryHigh,false,0.041667,0.083334,0.000000,false,true,synthetic-album-0|synthetic-album-1|synthetic-album-11|synthetic-album-2|synthetic-album-3|synthetic-album-4|synthetic-album-6|synthetic-album-7|synthetic-album-8|synthetic-album-9,0.083333321 0.083333333 0.083333346 0.166666667 0.083333321 0.083333333 0.083333346 0.166666667 0.083333321 0.083333333 0.166666654 0.166666667 0.083333321 0.083333333 0.083333346 0.166666667 0.083333321 0.083333333 0.083333346 0.166666667 0.083333321 0.083333333 0.083333346 0.166666667
1,uniform,50,3,94,0.938095,veryHigh,false,0.041667,0.083334,-0.000000,false,true,synthetic-album-0|synthetic-album-1|synthetic-album-11|synthetic-album-2|synthetic-album-3|synthetic-album-4|synthetic-album-6|synthetic-album-7|synthetic-album-8|synthetic-album-9,0.083333321 0.083333333 0.083333345 0.166666667 0.083333321 0.083333333 0.083333345 0.166666667 0.083333321 0.083333333 0.166666655 0.166666667 0.083333321 0.083333333 0.083333345 0.166666667 0.083333321 0.083333333 0.083333345 0.166666667 0.083333321 0.083333333 0.083333345 0.166666667
1,uniform,51,3,94,0.938095,veryHigh,false,0.041667,0.083334,-0.000000,false,true,synthetic-album-0|synthetic-album-1|synthetic-album-11|synthetic-album-2|synthetic-album-3|synthetic-album-4|synthetic-album-6|synthetic-album-7|synthetic-album-8|synthetic-album-9,0.083333321 0.083333333 0.083333345 0.166666667 0.083333321 0.083333333 0.083333345 0.166666667 0.083333321 0.083333333 0.166666655 0.166666667 0.083333321 0.083333333 0.083333345 0.166666667 0.083333321 0.083333333 0.083333345 0.166666667 0.083333321 0.083333333 0.083333345 0.166666667
1,uniform,52,4,94,0.938095,veryHigh,false,0.041667,0.083334,-0.000000,false,true,synthetic-album-0|synthetic-album-1|synthetic-album-11|synthetic-album-2|synthetic-album-3|synthetic-album-4|synthetic-album-6|synthetic-album-7|synthetic-album-8|synthetic-album-9,0.083333322 0.083333333 0.083333345 0.166666667 0.083333322 0.083333333 0.083333345 0.166666667 0.083333322 0.083333333 0.166666655 0.166666667 0.083333322 0.083333333 0.083333345 0.166666667 0.083333322 0.083333333 0.083333345 0.166666667 0.083333322 0.083333333 0.083333345 0.166666667
1,uniform,53,4,94,0.938095,veryHigh,false,0.041667,0.083334,-0.000000,false,true,synthetic-album-0|synthetic-album-1|synthetic-album-11|synthetic-album-2|synthetic-album-3|synthetic-album-4|synthetic-album-6|synthetic-album-7|synthetic-album-8|synthetic-album-9,0.083333322 0.083333333 0.083333345 0.166666667 0.083333322 0.083333333 0.083333345 0.166666667 0.083333322 0.083333333 0.166666655 0.166666667 0.083333322 0.083333333 0.083333345 0.166666667 0.083333322 0.083333333 0.083333345 0.166666667 0.083333322 0.083333333 0.083333345 0.166666667
1,uniform,54,4,94,0.938095,veryHigh,false,0.041667,0.083334,0.000000,false,false,synthetic-album-0|synthetic-album-1|synthetic-album-10|synthetic-album-11|synthetic-album-2|synthetic-album-3|synthetic-album-4|synthetic-album-6|synthetic-album-7|synthetic-album-8,0.000000008 0.083333333 0.166666659 0.166666667 0.000000008 0.083333333 0.166666659 0.166666667 0.000000008 0.083333333 0.083333341 0.166666667 0.000000008 0.083333333 0.166666659 0.166666667 0.000000008 0.083333333 0.166666659 0.166666667 0.000000008 0.083333333 0.166666659 0.166666667
1,uniform,55,4,93,0.928968,veryHigh,false,0.041667,0.083334,0.000000,false,false,synthetic-album-0|synthetic-album-1|synthetic-album-10|synthetic-album-11|synthetic-album-2|synthetic-album-3|synthetic-album-4|synthetic-album-6|synthetic-album-7|synthetic-album-8,0.000000011 0.083333333 0.166666656 0.166666667 0.000000011 0.083333333 0.166666656 0.166666667 0.000000011 0.083333333 0.083333344 0.166666667 0.000000011 0.083333333 0.166666656 0.166666667 0.000000011 0.083333333 0.166666656 0.166666667 0.000000011 0.083333333 0.166666656 0.166666667
1,uniform,56,4,94,0.938095,veryHigh,false,0.041667,0.083334,-0.000000,false,false,synthetic-album-0|synthetic-album-1|synthetic-album-10|synthetic-album-11|synthetic-album-2|synthetic-album-3|synthetic-album-4|synthetic-album-6|synthetic-album-7|synthetic-album-8,0.000000008 0.083333333 0.166666659 0.166666667 0.000000008 0.083333333 0.166666659 0.166666667 0.000000008 0.083333333 0.083333341 0.166666667 0.000000008 0.083333333 0.166666659 0.166666667 0.000000008 0.083333333 0.166666659 0.166666667 0.000000008 0.083333333 0.166666659 0.166666667
1,uniform,57,4,94,0.938095,veryHigh,false,0.041667,0.083334,0.000000,false,false,synthetic-album-0|synthetic-album-1|synthetic-album-10|synthetic-album-11|synthetic-album-2|synthetic-album-3|synthetic-album-4|synthetic-album-6|synthetic-album-7|synthetic-album-8,0.000000007 0.083333333 0.166666659 0.166666667 0.000000007 0.083333333 0.166666659 0.166666667 0.000000007 0.083333333 0.083333341 0.166666667 0.000000007 0.083333333 0.166666659 0.166666667 0.000000007 0.083333333 0.166666659 0.166666667 0.000000007 0.083333333 0.166666659 0.166666667
1,uniform,58,4,94,0.938169,veryHigh,false,0.041617,0.083235,-0.000000,false,false,synthetic-album-0|synthetic-album-1|synthetic-album-10|synthetic-album-11|synthetic-album-2|synthetic-album-3|synthetic-album-4|synthetic-album-6|synthetic-album-7|synthetic-album-8,0.000100022 0.083333333 0.166566644 0.166666667 0.000100022 0.083333333 0.166566644 0.166666667 0.000100022 0.083333333 0.083433356 0.166666667 0.000100022 0.083333333 0.166566644 0.166666667 0.000100022 0.083333333 0.166566644 0.166666667 0.000100022 0.083333333 0.166566644 0.166666667
1,uniform,59,4,94,0.938169,veryHigh,false,0.041617,0.083235,0.000000,false,true,synthetic-album-0|synthetic-album-1|synthetic-album-11|synthetic-album-2|synthetic-album-3|synthetic-album-4|synthetic-album-6|synthetic-album-7|synthetic-album-8|synthetic-album-9,0.083333323 0.083333333 0.083333344 0.166666667 0.083333323 0.083333333 0.083333344 0.166666667 0.083333323 0.083333333 0.166666656 0.166666667 0.083333323 0.083333333 0.083333344 0.166666667 0.083333323 0.083333333 0.083333344 0.166666667 0.083333323 0.083333333 0.083333344 0.166666667
1,uniform,60,4,94,0.938169,veryHigh,false,0.041617,0.083235,0.000000,false,false,synthetic-album-0|synthetic-album-1|synthetic-album-10|synthetic-album-11|synthetic-album-2|synthetic-album-3|synthetic-album-4|synthetic-album-6|synthetic-album-7|synthetic-album-8,0.000100021 0.083333333 0.166566645 0.166666667 0.000100021 0.083333333 0.166566645 0.166666667 0.000100021 0.083333333 0.083433355 0.166666667 0.000100021 0.083333333 0.166566645 0.166666667 0.000100021 0.083333333 0.166566645 0.166666667 0.000100021 0.083333333 0.166566645 0.166666667
1,uniform,61,4,94,0.938169,veryHigh,false,0.041617,0.083235,0.000000,false,false,synthetic-album-0|synthetic-album-1|synthetic-album-10|synthetic-album-11|synthetic-album-2|synthetic-album-3|synthetic-album-4|synthetic-album-6|synthetic-album-7|synthetic-album-8,0.000100021 0.083333333 0.166566646 0.166666667 0.000100021 0.083333333 0.166566646 0.166666667 0.000100021 0.083333333 0.083433354 0.166666667 0.000100021 0.083333333 0.166566646 0.166666667 0.000100021 0.083333333 0.166566646 0.166666667 0.000100021 0.083333333 0.166566646 0.166666667
1,uniform,62,4,94,0.938169,veryHigh,false,0.041617,0.083234,0.000000,false,true,synthetic-album-0|synthetic-album-1|synthetic-album-11|synthetic-album-2|synthetic-album-3|synthetic-album-4|synthetic-album-6|synthetic-album-7|synthetic-album-8|synthetic-album-9,0.083333323 0.083333333 0.083333343 0.166666667 0.083333323 0.083333333 0.083333343 0.166666667 0.083333323 0.083333333 0.166666657 0.166666667 0.083333323 0.083333333 0.083333343 0.166666667 0.083333323 0.083333333 0.083333343 0.166666667 0.083333323 0.083333333 0.083333343 0.166666667
1,uniform,63,4,94,0.938243,veryHigh,false,0.041568,0.083135,-0.000000,false,false,synthetic-album-0|synthetic-album-1|synthetic-album-10|synthetic-album-11|synthetic-album-2|synthetic-album-3|synthetic-album-4|synthetic-album-6|synthetic-album-7|synthetic-album-8,0.000100021 0.083333333 0.166566646 0.166666667 0.000100021 0.083333333 0.166566646 0.166666667 0.000100021 0.083333333 0.083433354 0.166666667 0.000100021 0.083333333 0.166566646 0.166666667 0.000100021 0.083333333 0.166566646 0.166666667 0.000100021 0.083333333 0.166566646 0.166666667
1,uniform,64,4,94,0.938243,veryHigh,false,0.041568,0.083135,0.000000,false,false,synthetic-album-0|synthetic-album-1|synthetic-album-10|synthetic-album-11|synthetic-album-2|synthetic-album-3|synthetic-album-4|synthetic-album-6|synthetic-album-7|synthetic-album-8,0.000100020 0.083333333 0.166566646 0.166666667 0.000100020 0.083333333 0.166566646 0.166666667 0.000100020 0.083333333 0.083433354 0.166666667 0.000100020 0.083333333 0.166566646 0.166666667 0.000100020 0.083333333 0.166566646 0.166666667 0.000100020 0.083333333 0.166566646 0.166666667
1,uniform,65,5,94,0.938243,veryHigh,false,0.041568,0.083135,-0.000000,false,true,synthetic-album-0|synthetic-album-1|synthetic-album-11|synthetic-album-2|synthetic-album-3|synthetic-album-4|synthetic-album-6|synthetic-album-7|synthetic-album-8|synthetic-album-9,0.083233314 0.083333333 0.083433352 0.166666667 0.083233314 0.083333333 0.083433352 0.166666667 0.083233314 0.083333333 0.166566648 0.166666667 0.083233314 0.083333333 0.083433352 0.166666667 0.083233314 0.083333333 0.083433352 0.166666667 0.083233314 0.083333333 0.083433352 0.166666667
1,uniform,66,5,94,0.938243,veryHigh,false,0.041568,0.083135,0.000000,false,true,synthetic-album-0|synthetic-album-1|synthetic-album-11|synthetic-album-2|synthetic-album-3|synthetic-album-4|synthetic-album-6|synthetic-album-7|synthetic-album-8|synthetic-album-9,0.083233315 0.083333333 0.083433352 0.166666667 0.083233315 0.083333333 0.083433352 0.166666667 0.083233315 0.083333333 0.166566648 0.166666667 0.083233315 0.083333333 0.083433352 0.166666667 0.083233315 0.083333333 0.083433352 0.166666667 0.083233315 0.083333333 0.083433352 0.166666667
1,uniform,67,5,94,0.938243,veryHigh,false,0.041567,0.083134,0.000000,false,true,synthetic-album-0|synthetic-album-1|synthetic-album-11|synthetic-album-2|synthetic-album-3|synthetic-album-4|synthetic-album-6|synthetic-album-7|synthetic-album-8|synthetic-album-9,0.083233314 0.083333333 0.083433353 0.166666667 0.083233314 0.083333333 0.083433353 0.166666667 0.083233314 0.083333333 0.166566647 0.166666667 0.083233314 0.083333333 0.083433353 0.166666667 0.083233314 0.083333333 0.083433353 0.166666667 0.083233314 0.083333333 0.083433353 0.166666667
1,uniform,68,5,94,0.938243,veryHigh,false,0.041567,0.083134,0.000000,false,true,synthetic-album-0|synthetic-album-1|synthetic-album-11|synthetic-album-2|synthetic-album-3|synthetic-album-4|synthetic-album-6|synthetic-album-7|synthetic-album-8|synthetic-album-9,0.083233315 0.083333333 0.083433352 0.166666667 0.083233315 0.083333333 0.083433352 0.166666667 0.083233315 0.083333333 0.166566648 0.166666667 0.083233315 0.083333333 0.083433352 0.166666667 0.083233315 0.083333333 0.083433352 0.166666667 0.083233315 0.083333333 0.083433352 0.166666667
1,uniform,69,5,94,0.938243,veryHigh,false,0.041567,0.083134,-0.000000,false,true,synthetic-album-0|synthetic-album-1|synthetic-album-11|synthetic-album-2|synthetic-album-3|synthetic-album-4|synthetic-album-6|synthetic-album-7|synthetic-album-8|synthetic-album-9,0.083233313 0.083333333 0.083433354 0.166666667 0.083233313 0.083333333 0.083433354 0.166666667 0.083233313 0.083333333 0.166566646 0.166666667 0.083233313 0.083333333 0.083433354 0.166666667 0.083233313 0.083333333 0.083433354 0.166666667 0.083233313 0.083333333 0.083433354 0.166666667
1,uniform,70,5,94,0.938243,veryHigh,false,0.041567,0.083134,-0.000000,false,true,synthetic-album-0|synthetic-album-1|synthetic-album-11|synthetic-album-2|synthetic-album-3|synthetic-album-4|synthetic-album-6|synthetic-album-7|synthetic-album-8|synthetic-album-9,0.083233314 0.083333333 0.083433353 0.166666667 0.083233314 0.083333333 0.083433353 0.166666667 0.083233314 0.083333333 0.166566647 0.166666667 0.083233314 0.083333333 0.083433353 0.166666667 0.083233314 0.083333333 0.083433353 0.166666667 0.083233314 0.083333333 0.083433353 0.166666667
1,uniform,71,5,94,0.938243,veryHigh,false,0.041567,0.083134,0.000000,false,true,synthetic-album-0|synthetic-album-1|synthetic-album-11|synthetic-album-2|synthetic-album-3|synthetic-album-4|synthetic-album-6|synthetic-album-7|synthetic-album-8|synthetic-album-9,0.083233313 0.083333333 0.083433354 0.166666667 0.083233313 0.083333333 0.083433354 0.166666667 0.083233313 0.083333333 0.166566646 0.166666667 0.083233313 0.083333333 0.083433354 0.166666667 0.083233313 0.083333333 0.083433354 0.166666667 0.083233313 0.083333333 0.083433354 0.166666667
1,uniform,72,5,93,0.929115,veryHigh,false,0.041567,0.083134,-0.000000,false,true,synthetic-album-0|synthetic-album-1|synthetic-album-11|synthetic-album-2|synthetic-album-3|synthetic-album-4|synthetic-album-6|synthetic-album-7|synthetic-album-8|synthetic-album-9,0.083233314 0.083333333 0.083433353 0.166666667 0.083233314 0.083333333 0.083433353 0.166666667 0.083233314 0.083333333 0.166566647 0.166666667 0.083233314 0.083333333 0.083433353 0.166666667 0.083233314 0.083333333 0.083433353 0.166666667 0.083233314 0.083333333 0.083433353 0.166666667
1,uniform,73,5,94,0.938243,veryHigh,false,0.041567,0.083134,-0.000000,false,true,synthetic-album-0|synthetic-album-1|synthetic-album-11|synthetic-album-2|synthetic-album-3|synthetic-album-4|synthetic-album-6|synthetic-album-7|synthetic-album-8|synthetic-album-9,0.083233314 0.083333333 0.083433353 0.166666667 0.083233314 0.083333333 0.083433353 0.166666667 0.083233314 0.083333333 0.166566647 0.166666667 0.083233314 0.083333333 0.083433353 0.166666667 0.083233314 0.083333333 0.083433353 0.166666667 0.083233314 0.083333333 0.083433353 0.166666667
1,uniform,74,6,93,0.929115,veryHigh,false,0.041567,0.083134,-0.000000,false,true,synthetic-album-0|synthetic-album-1|synthetic-album-11|synthetic-album-2|synthetic-album-3|synthetic-album-4|synthetic-album-6|synthetic-album-7|synthetic-album-8|synthetic-album-9,0.083233315 0.083333333 0.083433352 0.166666667 0.083233315 0.083333333 0.083433352 0.166666667 0.083233315 0.083333333 0.166566648 0.166666667 0.083233315 0.083333333 0.083433352 0.166666667 0.083233315 0.083333333 0.083433352 0.166666667 0.083233315 0.083333333 0.083433352 0.166666667
1,uniform,75,6,94,0.938243,veryHigh,false,0.041567,0.083134,0.000000,false,true,synthetic-album-0|synthetic-album-1|synthetic-album-11|synthetic-album-2|synthetic-album-3|synthetic-album-4|synthetic-album-6|synthetic-album-7|synthetic-album-8|synthetic-album-9,0.083233313 0.083333333 0.083433354 0.166666667 0.083233313 0.083333333 0.083433354 0.166666667 0.083233313 0.083333333 0.166566646 0.166666667 0.083233313 0.083333333 0.083433354 0.166666667 0.083233313 0.083333333 0.083433354 0.166666667 0.083233313 0.083333333 0.083433354 0.166666667
1,uniform,76,6,94,0.938243,veryHigh,false,0.041567,0.083134,0.000000,false,true,synthetic-album-0|synthetic-album-1|synthetic-album-11|synthetic-album-2|synthetic-album-3|synthetic-album-4|synthetic-album-6|synthetic-album-7|synthetic-album-8|synthetic-album-9,0.083233313 0.083333333 0.083433354 0.166666667 0.083233313 0.083333333 0.083433354 0.166666667 0.083233313 0.083333333 0.166566646 0.166666667 0.083233313 0.083333333 0.083433354 0.166666667 0.083233313 0.083333333 0.083433354 0.166666667 0.083233313 0.083333333 0.083433354 0.166666667
1,uniform,77,6,94,0.938243,veryHigh,true,0.041567,0.083134,-0.000000,false,true,synthetic-album-0|synthetic-album-1|synthetic-album-11|synthetic-album-2|synthetic-album-3|synthetic-album-4|synthetic-album-6|synthetic-album-7|synthetic-album-8|synthetic-album-9,0.083233314 0.083333333 0.083433353 0.166666667 0.083233314 0.083333333 0.083433353 0.166666667 0.083233314 0.083333333 0.166566647 0.166666667 0.083233314 0.083333333 0.083433353 0.166666667 0.083233314 0.083333333 0.083433353 0.166666667 0.083233314 0.083333333 0.083433353 0.166666667
1,uniform,78,6,94,0.938243,veryHigh,true,0.041567,0.083134,0.000000,false,true,synthetic-album-0|synthetic-album-1|synthetic-album-11|synthetic-album-2|synthetic-album-3|synthetic-album-4|synthetic-album-6|synthetic-album-7|synthetic-album-8|synthetic-album-9,0.083233314 0.083333333 0.083433353 0.166666667 0.083233314 0.083333333 0.083433353 0.166666667 0.083233314 0.083333333 0.166566647 0.166666667 0.083233314 0.083333333 0.083433353 0.166666667 0.083233314 0.083333333 0.083433353 0.166666667 0.083233314 0.083333333 0.083433353 0.166666667
1,uniform,79,6,94,0.938243,veryHigh,true,0.041567,0.083134,-0.000000,false,true,synthetic-album-0|synthetic-album-1|synthetic-album-11|synthetic-album-2|synthetic-album-3|synthetic-album-4|synthetic-album-6|synthetic-album-7|synthetic-album-8|synthetic-album-9,0.083233315 0.083333333 0.083433352 0.166666667 0.083233315 0.083333333 0.083433352 0.166666667 0.083233315 0.083333333 0.166566648 0.166666667 0.083233315 0.083333333 0.083433352 0.166666667 0.083233315 0.083333333 0.083433352 0.166666667 0.083233315 0.083333333 0.083433352 0.166666667
1,uniform,80,6,94,0.938243,veryHigh,true,0.041567,0.083134,-0.000000,false,true,synthetic-album-0|synthetic-album-1|synthetic-album-11|synthetic-album-2|synthetic-album-3|synthetic-album-4|synthetic-album-6|synthetic-album-7|synthetic-album-8|synthetic-album-9,0.083233315 0.083333333 0.083433352 0.166666667 0.083233315 0.083333333 0.083433352 0.166666667 0.083233315 0.083333333 0.166566648 0.166666667 0.083233315 0.083333333 0.083433352 0.166666667 0.083233315 0.083333333 0.083433352 0.166666667 0.083233315 0.083333333 0.083433352 0.166666667
2,single-dominant,1,2,10,0.104833,insufficient,false,0.916588,1.000000,0.000000,false,false,synthetic-album-0|synthetic-album-11|synthetic-album-12|synthetic-album-2|synthetic-album-3|synthetic-album-4|synthetic-album-6|synthetic-album-7|synthetic-album-8|synthetic-album-9,0.000001000 0.500037552 0.500038967 0.500040381 0.000001000 0.499935820 0.499937234 0.499938649 0.000001000 0.000002414 0.000003828 0.000005243 0.000001000 0.000002414 0.000003828 0.000005243 0.000001000 0.000002414 0.000003828 0.000005243 0.000001000 0.000002414 0.000003828 0.000005243
2,single-dominant,2,2,14,0.144512,insufficient,false,0.833263,1.000000,0.000000,false,false,synthetic-album-0|synthetic-album-10|synthetic-album-11|synthetic-album-2|synthetic-album-3|synthetic-album-4|synthetic-album-6|synthetic-album-7|synthetic-album-8|synthetic-album-9,0.000000707 0.000001707 0.000002707 0.333397109 0.000000707 0.333293885 0.333294885 0.333295885 0.000000707 0.333293885 0.333294885 0.333295885 0.000000707 0.000001707 0.000002707 0.000003707 0.000000707 0.000001707 0.000002707 0.000003707 0.000000707 0.000001707 0.000002707 0.000003707
2,single-dominant,3,2,19,0.194507,insufficient,false,0.749938,1.000000,0.000000,false,false,synthetic-album-0|synthetic-album-1|synthetic-album-11|synthetic-album-2|synthetic-album-3|synthetic-album-4|synthetic-album-6|synthetic-album-7|synthetic-album-8|synthetic-album-9,0.000000577 0.000001394 0.000002210 0.250074237 0.000000577 0.249971604 0.249972420 0.249973237 0.000000577 0.000001394 0.000002210 0.249973237 0.000000577 0.000001394 0.000002210 0.249973237 0.000000577 0.000001394 0.000002210 0.000003027 0.000000577 0.000001394 0.000002210 0.000003027
2,single-dominant,4,2,27,0.271880,insufficient,false,0.666613,1.000000,0.000000,false,false,synthetic-album-0|synthetic-album-1|synthetic-album-11|synthetic-album-2|synthetic-album-3|synthetic-album-4|synthetic-album-6|synthetic-album-7|synthetic-album-8|synthetic-album-9,0.000000500 0.000001207 0.000001914 0.250074339 0.000000500 0.000001207 0.000001914 0.000002621 0.000000500 0.249972059 0.249972766 0.249973473 0.000000500 0.249972059 0.249972766 0.249973473 0.000000500 0.000001207 0.000001914 0.249973473 0.000000500 0.000001207 0.000001914 0.000002621
2,single-dominant,5,2,34,0.342666,insufficient,false,0.576344,1.000000,0.000000,false,false,synthetic-album-0|synthetic-album-1|synthetic-album-10|synthetic-album-11|synthetic-album-2|synthetic-album-3|synthetic-album-4|synthetic-album-6|synthetic-album-7|synthetic-album-8,0.000000447 0.000001080 0.000001712 0.200080151 0.000000447 0.000001080 0.000001712 0.000002345 0.000000447 0.199978111 0.199978744 0.199979376 0.000000447 0.199978111 0.199978744 0.199979376 0.000000447 0.000001080 0.000001712 0.199979376 0.000000447 0.199978111 0.199978744 0.199979376
2,single-dominant,6,2,42,0.417897,insufficient,false,0.520794,1.000000,0.000000,false,false,synthetic-album-0|synthetic-album-10|synthetic-album-11|synthetic-album-2|synthetic-album-3|synthetic-album-4|synthetic-album-6|synthetic-album-7|synthetic-album-8|synthetic-album-9,0.000000239 0.000000577 0.000000916 0.166750345 0.000000239 0.166649255 0.166649593 0.166649931 0.000000239 0.166649255 0.166649593 0.166649931 0.000000239 0.166649255 0.166649593 0.166649931 0.000000239 0.000000577 0.000000916 0.166649931 0.000000239 0.000000577 0.166649593 0.166649931
2,single-dominant,7,2,46,0.461464,insufficient,false,0.451357,1.000000,0.000000,false,false,synthetic-album-0|synthetic-album-10|synthetic-album-11|synthetic-album-2|synthetic-album-3|synthetic-album-4|synthetic-album-6|synthetic-album-7|synthetic-album-8|synthetic-album-9,0.000000164 0.000000395 0.000000627 0.166750236 0.000000164 0.166649490 0.166649721 0.166649953 0.000000164 0.166649490 0.166649721 0.166649953 0.000000164 0.166649490 0.166649721 0.166649953 0.000000164 0.000000395 0.000000627 0.166649953 0.000000164 0.166649490 0.166649721 0.166649953
2,single-dominant,8,2,53,0.528600,insufficient,false,0.376364,1.000000,0.000000,false,false,synthetic-album-0|synthetic-album-1|synthetic-album-11|synthetic-album-2|synthetic-album-3|synthetic-album-4|synthetic-album-6|synthetic-album-7|synthetic-album-8|synthetic-album-9,0.000000125 0.000000301 0.000000477 0.166750180 0.000000125 0.000000301 0.000000477 0.166649964 0.000000125 0.000000301 0.000000477 0.166649964 0.000000125 0.000000301 0.000000477 0.166649964 0.000000125 0.000000301 0.000000477 0.166649964 0.000000125 0.000000301 0.000000477 0.166649964
2,single-dominant,9,2,58,0.577008,insufficient,false,0.298594,1.000000,0.000000,false,false,synthetic-album-0|synthetic-album-1|synthetic-album-11|synthetic-album-2|synthetic-album-3|synthetic-album-4|synthetic-album-6|synthetic-album-7|synthetic-album-8|synthetic-album-9,0.000000101 0.000000243 0.000000386 0.166750145 0.000000101 0.000000243 0.000000386 0.166649971 0.000000101 0.000000243 0.000000386 0.166649971 0.000000101 0.000000243 0.000000386 0.166649971 0.000000101 0.000000243 0.000000386 0.166649971 0.000000101 0.000000243 0.000000386 0.166649971
2,single-dominant,10,2,58,0.577008,insufficient,false,0.298594,1.000000,0.000000,false,false,synthetic-album-0|synthetic-album-1|synthetic-album-11|synthetic-album-2|synthetic-album-3|synthetic-album-4|synthetic-album-6|synthetic-album-7|synthetic-album-8|synthetic-album-9,0.000000085 0.000000204 0.000000324 0.166750122 0.000000085 0.000000204 0.000000324 0.166649976 0.000000085 0.000000204 0.000000324 0.166649976 0.000000085 0.000000204 0.000000324 0.166649976 0.000000085 0.000000204 0.000000324 0.166649976 0.000000085 0.000000204 0.000000324 0.166649976
2,single-dominant,11,2,58,0.577008,insufficient,false,0.298594,1.000000,0.000000,false,false,synthetic-album-0|synthetic-album-1|synthetic-album-11|synthetic-album-2|synthetic-album-3|synthetic-album-4|synthetic-album-6|synthetic-album-7|synthetic-album-8|synthetic-album-9,0.000000073 0.000000176 0.000000279 0.166750105 0.000000073 0.000000176 0.166649876 0.166649979 0.000000073 0.166649773 0.166649876 0.166649979 0.166649669 0.166649773 0.166649876 0.166649979 0.166649669 0.166649773 0.166649876 0.166649979 0.000000073 0.166649773 0.166649876 0.166649979
2,single-dominant,12,2,58,0.577008,insufficient,false,0.298594,1.000000,0.000000,false,false,synthetic-album-0|synthetic-album-1|synthetic-album-11|synthetic-album-2|synthetic-album-3|synthetic-album-4|synthetic-album-6|synthetic-album-7|synthetic-album-8|synthetic-album-9,0.000000064 0.000000155 0.000000246 0.166750093 0.000000064 0.000000155 0.000000246 0.166649981 0.000000064 0.000000155 0.000000246 0.166649981 0.166649709 0.166649800 0.166649891 0.166649981 0.000000064 0.000000155 0.000000246 0.166649981 0.000000064 0.166649800 0.166649891 0.166649981
2,single-dominant,13,2,58,0.577008,insufficient,false,0.298594,1.000000,0.000000,false,false,synthetic-album-0|synthetic-album-1|synthetic-album-11|synthetic-album-2|synthetic-album-3|synthetic-album-4|synthetic-album-6|synthetic-album-7|synthetic-album-8|synthetic-album-9,0.000000057 0.000000138 0.000000219 0.166750083 0.000000057 0.000000138 0.000000219 0.166649983 0.000000057 0.000000138 0.000000219 0.166649983 0.000000057 0.166649821 0.166649902 0.166649983 0.166649741 0.166649821 0.166649902 0.166649983 0.000000057 0.166649821 0.166649902 0.166649983
2,single-dominant,14,2,58,0.577008,insufficient,false,0.298594,1.000000,0.000000,false,false,synthetic-album-0|synthetic-album-1|synthetic-album-10|synthetic-album-11|synthetic-album-3|synthetic-album-4|synthetic-album-6|synthetic-album-7|synthetic-album-8|synthetic-album-9,0.000000052 0.000000125 0.000000198 0.166750075 0.000000052 0.000000125 0.000000198 0.166649985 0.000000052 0.166649839 0.166649912 0.166649985 0.166649766 0.166649839 0.166649912 0.166649985 0.000000052 0.000000125 0.000000198 0.166649985 0.000000052 0.166649839 0.166649912 0.166649985
2,single-dominant,15,2,58,0.577008,insufficient,false,0.298594,1.000000,0.000000,false,false,synthetic-album-0|synthetic-album-1|synthetic-album-10|synthetic-album-11|synthetic-album-3|synthetic-album-4|synthetic-album-6|synthetic-album-7|synthetic-album-8|synthetic-album-9,0.000000047 0.000000114 0.000000181 0.166750068 0.000000047 0.000000114 0.000000181 0.166649986 0.000000047 0.166649853 0.166649920 0.166649986 0.166649786 0.166649853 0.166649920 0.166649986 0.000000047 0.000000114 0.000000181 0.166649986 0.000000047 0.166649853 0.166649920 0.166649986
2,single-dominant,16,2,58,0.578613,insufficient,false,0.298582,0.999901,0.000000,false,false,synthetic-album-0|synthetic-album-1|synthetic-album-11|synthetic-album-2|synthetic-album-3|synthetic-album-4|synthetic-album-6|synthetic-album-7|synthetic-album-8|synthetic-album-9,0.000000047 0.166649830 0.166750001 0.166750068 0.000000047 0.000000113 0.000000180 0.166649986 0.000000047 0.000000113 0.000000180 0.166649986 0.000000047 0.000000113 0.000000180 0.166649986 0.000000047 0.000000113 0.000000180 0.166649986 0.000000047 0.166649854 0.166649920 0.166649986
2,single-dominant,17,2,58,0.578631,insufficient,false,0.298569,0.999802,0.000000,false,false,synthetic-album-0|synthetic-album-1|synthetic-album-11|synthetic-album-2|synthetic-album-3|synthetic-album-4|synthetic-album-6|synthetic-album-7|synthetic-album-8|synthetic-album-9,0.000000047 0.000000113 0.000100283 0.166750067 0.000000047 0.000000113 0.000000179 0.166649987 0.000000047 0.000000113 0.000000179 0.166649987 0.000000047 0.000000113 0.166549793 0.166649987 0.000000047 0.000000113 0.000000179 0.166649987 0.000000047 0.166649855 0.166649921 0.166649987
2,single-dominant,18,2,58,0.578649,insufficient,false,0.298557,0.999702,0.000000,false,false,synthetic-album-0|synthetic-album-1|synthetic-album-11|synthetic-album-2|synthetic-album-3|synthetic-album-4|synthetic-album-6|synthetic-album-7|synthetic-album-8|synthetic-album-9,0.000000046 0.000100216 0.166649898 0.166750067 0.000000046 0.000000112 0.166449690 0.166649987 0.000000046 0.000000112 0.000000178 0.166649987 0.000000046 0.000000112 0.000000178 0.166649987 0.000000046 0.000000112 0.000000178 0.166649987 0.000000046 0.000000112 0.000000178 0.166649987
2,single-dominant,19,2,58,0.578649,insufficient,false,0.298557,0.999702,0.000000,false,false,synthetic-album-0|synthetic-album-1|synthetic-album-11|synthetic-album-2|synthetic-album-3|synthetic-album-4|synthetic-album-6|synthetic-album-7|synthetic-album-8|synthetic-album-9,0.000000042 0.000100194 0.166649908 0.166750060 0.000000042 0.000000101 0.166449721 0.166649988 0.000000042 0.000000101 0.000000160 0.166649988 0.000000042 0.000000101 0.000000160 0.166649988 0.000000042 0.000000101 0.000000160 0.166649988 0.000000042 0.000000101 0.000000160 0.166649988
2,single-dominant,20,2,58,0.579443,insufficient,false,0.298557,0.999702,0.000000,false,false,synthetic-album-0|synthetic-album-1|synthetic-album-11|synthetic-album-2|synthetic-album-3|synthetic-album-4|synthetic-album-6|synthetic-album-7|synthetic-album-8|synthetic-album-9,0.000000038 0.166549777 0.166649916 0.166750055 0.000000038 0.166649881 0.166649935 0.166649989 0.000000038 0.000000092 0.000000146 0.166649989 0.000000038 0.166649881 0.166649935 0.166649989 0.000000038 0.000000092 0.166649935 0.166649989 0.000000038 0.000000092 0.000000146 0.166649989
2,single-dominant,21,2,58,0.582619,insufficient,false,0.298557,0.999702,0.000000,false,false,synthetic-album-0|synthetic-album-1|synthetic-album-11|synthetic-album-2|synthetic-album-3|synthetic-album-4|synthetic-album-6|synthetic-album-7|synthetic-album-8|synthetic-album-9,0.000000035 0.000100163 0.166649923 0.166750050 0.000000035 0.000200258 0.166649940 0.166649990 0.000000035 0.000000084 0.000000134 0.166649990 0.000000035 0.000200258 0.000200308 0.166649990 0.000000035 0.166449717 0.166649940 0.166649990 0.000000035 0.000000084 0.000000134 0.166649990
2,single-dominant,22,2,58,0.584206,insufficient,false,0.298557,0.999702,0.000000,false,false,synthetic-album-0|synthetic-album-1|synthetic-album-11|synthetic-album-2|synthetic-album-3|synthetic-album-4|synthetic-album-6|synthetic-album-7|synthetic-album-8|synthetic-album-9,0.000000032 0.166549811 0.166649929 0.166750047 0.000000032 0.166649899 0.166649945 0.166649991 0.000000032 0.166449739 0.166449784 0.166649991 0.000000032 0.166649899 0.166649945 0.166649991 0.000000032 0.000000078 0.166649945 0.166649991 0.000000032 0.000000078 0.000000124 0.166649991
2,single-dominant,23,2,59,0.586778,insufficient,false,0.298540,0.999602,0.000000,false,false,synthetic-album-0|synthetic-album-1|synthetic-album-11|synthetic-album-12|synthetic-album-2|synthetic-album-3|synthetic-album-4|synthetic-album-6|synthetic-album-7|synthetic-album-8,0.000100088 0.166549811 0.166649929 0.166750046 0.166649854 0.166649900 0.166649945 0.166649991 0.000000032 0.166349684 0.166349729 0.166649991 0.000000032 0.000000078 0.000000123 0.166649991 0.000000032 0.000000078 0.000000123 0.166649991 0.000000032 0.000000078 0.000000123 0.166649991
2,single-dominant,24,2,59,0.592729,insufficient,false,0.298540,0.999602,0.000000,false,false,synthetic-album-0|synthetic-album-1|synthetic-album-11|synthetic-album-12|synthetic-album-2|synthetic-album-3|synthetic-album-4|synthetic-album-6|synthetic-album-7|synthetic-album-8,0.000100082 0.166549825 0.166649934 0.166750043 0.166649864 0.166649907 0.166649949 0.166649991 0.000000030 0.166349706 0.166349748 0.166649991 0.000000030 0.000000072 0.000000115 0.166649991 0.000000030 0.000000072 0.000000115 0.166649991 0.000000030 0.000000072 0.000000115 0.166649991
2,single-dominant,25,2,61,0.612714,insufficient,false,0.298540,0.999602,0.000000,false,false,synthetic-album-0|synthetic-album-1|synthetic-album-11|synthetic-album-2|synthetic-album-3|synthetic-album-4|synthetic-album-6|synthetic-album-7|synthetic-album-8|synthetic-album-9,0.000100076 0.000200179 0.166649938 0.166750040 0.000300216 0.000300255 0.166649952 0.166649992 0.000000028 0.000000068 0.000000107 0.166649992 0.000000028 0.000000068 0.000000107 0.166649992 0.000000028 0.000000068 0.000000107 0.166649992 0.000000028 0.000000068 0.000000107 0.166649992
2,single-dominant,26,2,61,0.614302,insufficient,false,0.298540,0.999602,0.000000,false,false,synthetic-album-0|synthetic-album-1|synthetic-album-11|synthetic-album-12|synthetic-album-2|synthetic-album-4|synthetic-album-6|synthetic-album-7|synthetic-album-8|synthetic-album-9,0.166449750 0.166549846 0.166649942 0.166750038 0.166649881 0.166649918 0.166649955 0.166649992 0.166349705 0.166349742 0.166349779 0.166649992 0.000000026 0.000000063 0.000000101 0.166649992 0.000000026 0.000000063 0.000000101 0.166649992 0.000000026 0.000000063 0.000000101 0.166649992
2,single-dominant,27,2,62,0.623915,insufficient,false,0.298538,0.999602,0.000000,false,false,synthetic-album-0|synthetic-album-1|synthetic-album-11|synthetic-album-12|synthetic-album-2|synthetic-album-3|synthetic-album-4|synthetic-album-6|synthetic-album-7|synthetic-album-8,0.000100068 0.166549855 0.166649945 0.166750036 0.166649888 0.166649923 0.166649958 0.166649993 0.000000025 0.166349757 0.166349792 0.166649993 0.000000025 0.000000060 0.000000095 0.166649993 0.000000025 0.000000060 0.000000095 0.166649993 0.000000025 0.000000060 0.000000095 0.166649993
2,single-dominant,28,2,62,0.623915,insufficient,false,0.298538,0.999602,0.000000,false,false,synthetic-album-0|synthetic-album-1|synthetic-album-11|synthetic-album-12|synthetic-album-2|synthetic-album-4|synthetic-album-6|synthetic-album-7|synthetic-album-8|synthetic-album-9,0.166449778 0.166549863 0.166649948 0.166750034 0.166649894 0.166649927 0.166649960 0.166649993 0.166349737 0.166349770 0.166349803 0.166649993 0.000000023 0.000000056 0.000000090 0.166649993 0.000000023 0.000000056 0.000000090 0.166649993 0.000000023 0.000000056 0.000000090 0.166649993
2,single-dominant,29,2,62,0.624180,insufficient,false,0.298538,0.999602,0.000000,false,false,synthetic-album-0|synthetic-album-1|synthetic-album-11|synthetic-album-2|synthetic-album-3|synthetic-album-4|synthetic-album-6|synthetic-album-7|synthetic-album-8|synthetic-album-9,0.000100061 0.055750101 0.111400141 0.166750032 0.000000022 0.055550013 0.111100003 0.166649994 0.000000022 0.055550013 0.111100003 0.166649994 0.000000022 0.055550013 0.110799854 0.166649994 0.000000022 0.055550013 0.111100003 0.166649994 0.000000022 0.055550013 0.111100003 0.166649994
2,single-dominant,30,2,64,0.635818,insufficient,false,0.298538,0.999602,0.000000,false,false,synthetic-album-0|synthetic-album-1|synthetic-album-11|synthetic-album-2|synthetic-album-3|synthetic-album-4|synthetic-album-6|synthetic-album-7|synthetic-album-8|synthetic-album-9,0.055349877 0.110999915 0.166649953 0.166750030 0.000000021 0.055550012 0.111100003 0.166649994 0.055249841 0.110799832 0.166349823 0.166649994 0.000000021 0.055550012 0.055550042 0.166649994 0.000000021 0.055550012 0.111100003 0.166649994 0.000000021 0.055550012 0.111100003 0.166649994
2,single-dominant,31,2,65,0.654863,insufficient,false,0.298538,0.999602,0.000000,false,false,synthetic-album-0|synthetic-album-1|synthetic-album-11|synthetic-album-2|synthetic-album-3|synthetic-album-4|synthetic-album-6|synthetic-album-7|synthetic-album-8|synthetic-album-9,0.055349882 0.110999918 0.166649955 0.166750029 0.000000020 0.055550012 0.111100003 0.166649994 0.055249847 0.110799838 0.166349829 0.166649994 0.000000020 0.055550012 0.055550040 0.166649994 0.000000020 0.055550012 0.111100003 0.166649994 0.000000020 0.055550012 0.111100003 0.166649994
2,single-dominant,32,2,65,0.654863,insufficient,false,0.298538,0.999602,0.000000,false,false,synthetic-album-0|synthetic-album-1|synthetic-album-11|synthetic-album-2|synthetic-album-3|synthetic-album-4|synthetic-album-6|synthetic-album-7|synthetic-album-8|synthetic-album-9,0.000100053 0.055750088 0.111400123 0.166750028 0.000000019 0.055550011 0.111100003 0.166649994 0.000000019 0.055550011 0.111100003 0.166649994 0.000000019 0.055550011 0.110799873 0.166649994 0.000000019 0.055550011 0.111100003 0.166649994 0.000000019 0.055550011 0.111100003 0.166649994
2,single-dominant,33,2,65,0.654863,insufficient,false,0.298538,0.999602,0.000000,false,false,synthetic-album-0|synthetic-album-1|synthetic-album-11|synthetic-album-2|synthetic-album-3|synthetic-album-4|synthetic-album-6|synthetic-album-7|synthetic-album-8|synthetic-album-9,0.000100051 0.055750084 0.111400118 0.166750027 0.000000019 0.055550011 0.111100003 0.166649995 0.000000019 0.055550011 0.111100003 0.166649995 0.000000019 0.055550011 0.110799878 0.166649995 0.000000019 0.055550011 0.111100003 0.166649995 0.000000019 0.055550011 0.111100003 0.166649995
2,single-dominant,34,2,68,0.676034,insufficient,false,0.298517,0.999602,0.000000,false,false,synthetic-album-0|synthetic-album-1|synthetic-album-11|synthetic-album-2|synthetic-album-3|synthetic-album-4|synthetic-album-6|synthetic-album-7|synthetic-album-8|synthetic-album-9,0.000100049 0.055750081 0.166649961 0.166750026 0.000000018 0.055550010 0.111100003 0.166649995 0.000000018 0.055550010 0.111100003 0.166649995 0.000000018 0.055550010 0.055550035 0.166649995 0.000000018 0.055550010 0.111100003 0.166649995 0.000000018 0.055550010 0.111100003 0.166649995
2,single-dominant,35,2,69,0.688658,insufficient,false,0.284305,0.999602,0.000000,false,false,synthetic-album-0|synthetic-album-1|synthetic-album-11|synthetic-album-2|synthetic-album-3|synthetic-album-4|synthetic-album-6|synthetic-album-7|synthetic-album-8|synthetic-album-9,0.041537442 0.083375008 0.125212574 0.166750025 0.041437412 0.083174940 0.124912468 0.166649995 0.041437412 0.083174940 0.124912468 0.166649995 0.000000017 0.041737545 0.083174957 0.166649995 0.041437412 0.083174940 0.124912468 0.166649995 0.041437412 0.083174940 0.124912468 0.166649995
2,single-dominant,36,2,69,0.688658,insufficient,false,0.284305,0.999602,-0.000000,false,false,synthetic-album-0|synthetic-album-1|synthetic-album-11|synthetic-album-2|synthetic-album-3|synthetic-album-4|synthetic-album-6|synthetic-album-7|synthetic-album-8|synthetic-album-9,0.000100045 0.055750075 0.166649970 0.166750024 0.000000017 0.055550009 0.111100002 0.166649995 0.000000017 0.055550009 0.111100002 0.166649995 0.000000017 0.055550009 0.055550026 0.166649995 0.000000017 0.055550009 0.111100002 0.166649995 0.000000017 0.055550009 0.111100002 0.166649995
2,single-dominant,37,2,69,0.688658,insufficient,false,0.284305,0.999602,-0.000000,false,false,synthetic-album-0|synthetic-album-1|synthetic-album-11|synthetic-album-2|synthetic-album-3|synthetic-album-4|synthetic-album-6|synthetic-album-7|synthetic-album-8|synthetic-album-9,0.000100044 0.055750072 0.166649971 0.166750023 0.000000016 0.055550009 0.111100002 0.166649995 0.000000016 0.055550009 0.111100002 0.166649995 0.000000016 0.055550009 0.055550025 0.166649995 0.000000016 0.055550009 0.111100002 0.166649995 0.000000016 0.055550009 0.111100002 0.166649995
2,single-dominant,38,2,71,0.705955,insufficient,false,0.256191,0.999602,0.000000,false,false,synthetic-album-0|synthetic-album-1|synthetic-album-11|synthetic-album-2|synthetic-album-3|synthetic-album-4|synthetic-album-6|synthetic-album-7|synthetic-album-8|synthetic-album-9,0.000100042 0.055750070 0.166649972 0.166750022 0.000000016 0.055550009 0.111100002 0.166649996 0.000000016 0.055550009 0.111100002 0.166649996 0.000000016 0.055550009 0.055550024 0.166649996 0.000000016 0.055550009 0.111100002 0.166649996 0.000000016 0.055550009 0.111100002 0.166649996
2,single-dominant,39,2,71,0.706404,insufficient,false,0.255801,0.998066,0.000000,false,false,synthetic-album-0|synthetic-album-1|synthetic-album-11|synthetic-album-2|synthetic-album-3|synthetic-album-4|synthetic-album-6|synthetic-album-7|synthetic-album-8|synthetic-album-9,0.041537448 0.083375007 0.125212567 0.166750022 0.041437421 0.083174946 0.124912471 0.166649996 0.041437421 0.083174946 0.124912471 0.166649996 0.041437421 0.083174946 0.124612367 0.166649996 0.041437421 0.083174946 0.124912471 0.166649996 0.041437421 0.083174946 0.124912471 0.166649996
2,single-dominant,40,2,71,0.706404,insufficient,false,0.255801,0.998066,0.000000,false,false,synthetic-album-0|synthetic-album-1|synthetic-album-11|synthetic-album-2|synthetic-album-3|synthetic-album-4|synthetic-album-6|synthetic-album-7|synthetic-album-8|synthetic-album-9,0.041537448 0.083375007 0.125212567 0.166750022 0.041437421 0.083174946 0.124912471 0.166649996 0.041437421 0.083174946 0.124912471 0.166649996 0.041437421 0.083174946 0.124612367 0.166649996 0.041437421 0.083174946 0.124912471 0.166649996 0.041437421 0.083174946 0.124912471 0.166649996
2,single-dominant,41,2,71,0.706404,insufficient,false,0.255801,0.998066,-0.000000,false,false,synthetic-album-0|synthetic-album-1|synthetic-album-11|synthetic-album-2|synthetic-album-3|synthetic-album-4|synthetic-album-6|synthetic-album-7|synthetic-album-8|synthetic-album-9,0.064590329 0.096935526 0.129280722 0.193871059 0.064490302 0.096735464 0.128980626 0.161225788 0.064490302 0.096735464 0.128980626 0.161225788 0.064490302 0.096735464 0.161225766 0.161225788 0.064490302 0.096735464 0.128980626 0.161225788 0.064490302 0.096735464 0.128980626 0.161225788
2,single-dominant,42,2,71,0.706657,insufficient,false,0.255580,0.997215,-0.000000,false,false,synthetic-album-0|synthetic-album-1|synthetic-album-11|synthetic-album-2|synthetic-album-3|synthetic-album-4|synthetic-album-6|synthetic-album-7|synthetic-album-8|synthetic-album-9,0.064535485 0.096903264 0.129271044 0.193806537 0.064435459 0.096703203 0.128970948 0.161238693 0.064435459 0.096703203 0.128970948 0.161238693 0.064435459 0.096703203 0.161138662 0.161238693 0.064435459 0.096703203 0.128970948 0.161238693 0.064435459 0.096703203 0.128970948 0.161238693
2,single-dominant,43,2,71,0.706657,insufficient,false,0.255580,0.997215,-0.000000,false,false,synthetic-album-0|synthetic-album-1|synthetic-album-11|synthetic-album-2|synthetic-album-3|synthetic-album-4|synthetic-album-6|synthetic-album-7|synthetic-album-8|synthetic-album-9,0.064535485 0.096903264 0.129271044 0.193806537 0.064435459 0.096703203 0.128970948 0.161238693 0.064435459 0.096703203 0.128970948 0.161238693 0.064435459 0.096703203 0.161138662 0.161238693 0.064435459 0.096703203 0.128970948 0.161238693 0.064435459 0.096703203 0.128970948 0.161238693
2,single-dominant,44,2,71,0.706657,insufficient,false,0.255580,0.997216,-0.000000,false,false,synthetic-album-0|synthetic-album-1|synthetic-album-11|synthetic-album-2|synthetic-album-3|synthetic-album-4|synthetic-album-6|synthetic-album-7|synthetic-album-8|synthetic-album-9,0.064535485 0.096903264 0.129271044 0.193806537 0.064435459 0.096703203 0.128970948 0.161238693 0.064435459 0.096703203 0.128970948 0.161238693 0.064435459 0.096703203 0.161138662 0.161238693 0.064435459 0.096703203 0.128970948 0.161238693 0.064435459 0.096703203 0.128970948 0.161238693
2,single-dominant,45,2,71,0.706657,insufficient,false,0.255580,0.997215,0.000000,false,false,synthetic-album-0|synthetic-album-1|synthetic-album-11|synthetic-album-2|synthetic-album-3|synthetic-album-4|synthetic-album-6|synthetic-album-7|synthetic-album-8|synthetic-album-9,0.064535485 0.096903264 0.129271043 0.193806536 0.064435459 0.096703203 0.128970948 0.161238693 0.064435459 0.096703203 0.128970948 0.161238693 0.064435459 0.096703203 0.161138662 0.161238693 0.064435459 0.096703203 0.128970948 0.161238693 0.064435459 0.096703203 0.128970948 0.161238693
2,single-dominant,46,2,71,0.706657,insufficient,false,0.255580,0.997216,-0.000000,false,false,synthetic-album-0|synthetic-album-1|synthetic-album-11|synthetic-album-2|synthetic-album-3|synthetic-album-4|synthetic-album-6|synthetic-album-7|synthetic-album-8|synthetic-album-9,0.064535485 0.096903264 0.129271043 0.193806536 0.064435459 0.096703203 0.128970948 0.161238693 0.064435459 0.096703203 0.128970948 0.161238693 0.064435459 0.096703203 0.161138662 0.161238693 0.064435459 0.096703203 0.128970948 0.161238693 0.064435459 0.096703203 0.128970948 0.161238693
2,single-dominant,47,2,71,0.706657,insufficient,false,0.255580,0.997215,0.000000,false,false,synthetic-album-0|synthetic-album-1|synthetic-album-11|synthetic-album-2|synthetic-album-3|synthetic-album-4|synthetic-album-6|synthetic-album-7|synthetic-album-8|synthetic-album-9,0.064535485 0.096903264 0.129271043 0.193806536 0.064435459 0.096703203 0.128970948 0.161238693 0.064435459 0.096703203 0.128970948 0.161238693 0.064435459 0.096703203 0.161138662 0.161238693 0.064435459 0.096703203 0.128970948 0.161238693 0.064435459 0.096703203 0.128970948 0.161238693
2,single-dominant,48,2,71,0.709252,insufficient,false,0.253325,0.997216,-0.000000,false,false,synthetic-album-0|synthetic-album-1|synthetic-album-11|synthetic-album-2|synthetic-album-3|synthetic-album-4|synthetic-album-6|synthetic-album-7|synthetic-album-8|synthetic-album-9,0.064535486 0.096903265 0.129271044 0.193806537 0.064435459 0.096703203 0.128970948 0.161238693 0.064435459 0.096703203 0.128970948 0.161238693 0.064435459 0.096703203 0.161138662 0.161238693 0.064435459 0.096703203 0.128970948 0.161238693 0.064435459 0.096703203 0.128970948 0.161238693
2,single-dominant,49,2,71,0.709252,insufficient,false,0.253325,0.997215,0.000000,false,false,synthetic-album-0|synthetic-album-1|synthetic-album-11|synthetic-album-2|synthetic-album-3|synthetic-album-4|synthetic-album-6|synthetic-album-7|synthetic-album-8|synthetic-album-9,0.064535486 0.096903265 0.129271044 0.193806536 0.064435459 0.096703203 0.128970948 0.161238693 0.064435459 0.096703203 0.128970948 0.161238693 0.064435459 0.096703203 0.161138662 0.161238693 0.064435459 0.096703203 0.128970948 0.161238693 0.064435459 0.096703203 0.128970948 0.161238693
2,single-dominant,50,2,71,0.709252,insufficient,false,0.253325,0.997216,0.000000,false,false,synthetic-album-0|synthetic-album-1|synthetic-album-11|synthetic-album-2|synthetic-album-3|synthetic-album-4|synthetic-album-6|synthetic-album-7|synthetic-album-8|synthetic-album-9,0.064535486 0.096903263 0.129271041 0.193806534 0.064435460 0.096703204 0.128970949 0.161238693 0.064435460 0.096703204 0.128970949 0.161238693 0.064435460 0.096703204 0.161138664 0.161238693 0.064435460 0.096703204 0.128970949 0.161238693 0.064435460 0.096703204 0.128970949 0.161238693
2,single-dominant,51,2,71,0.712602,insufficient,false,0.250870,0.997215,0.000000,false,false,synthetic-album-0|synthetic-album-1|synthetic-album-11|synthetic-album-2|synthetic-album-3|synthetic-album-4|synthetic-album-6|synthetic-album-7|synthetic-album-8|synthetic-album-9,0.093596819 0.124962482 0.156328144 0.218859407 0.062431230 0.093696859 0.124962489 0.156228119 0.062431230 0.093696859 0.124962489 0.156228119 0.062431230 0.093696859 0.156128089 0.156228119 0.062431230 0.093696859 0.124962489 0.156228119 0.062431230 0.093696859 0.124962489 0.156228119
2,single-dominant,52,2,71,0.712612,insufficient,false,0.250862,0.997216,0.000000,false,false,synthetic-album-0|synthetic-album-1|synthetic-album-11|synthetic-album-2|synthetic-album-3|synthetic-album-4|synthetic-album-6|synthetic-album-7|synthetic-album-8|synthetic-album-9,0.062525003 0.093887540 0.156412547 0.218937558 0.062424978 0.093687481 0.124949985 0.156212488 0.062424978 0.093687481 0.124949985 0.156212488 0.062424978 0.093687481 0.156112459 0.156212488 0.062424978 0.093687481 0.124949985 0.156212488 0.062424978 0.093687481 0.124949985 0.156212488
2,single-dominant,53,2,71,0.712613,insufficient,false,0.250862,0.997216,-0.000000,false,false,synthetic-album-0|synthetic-album-1|synthetic-album-11|synthetic-album-2|synthetic-album-3|synthetic-album-4|synthetic-album-6|synthetic-album-7|synthetic-album-8|synthetic-album-9,0.062525003 0.125050010 0.156412547 0.218937558 0.062424978 0.093687481 0.124949985 0.156212488 0.062424978 0.093687481 0.124949985 0.156212488 0.062424978 0.093687481 0.156112459 0.156212488 0.062424978 0.093687481 0.124949985 0.156212488 0.062424978 0.093687481 0.124949985 0.156212488
2,single-dominant,54,2,71,0.712637,insufficient,false,0.250842,0.997116,0.000000,false,false,synthetic-album-0|synthetic-album-1|synthetic-album-11|synthetic-album-2|synthetic-album-3|synthetic-album-4|synthetic-album-6|synthetic-album-7|synthetic-album-8|synthetic-album-9,0.062518751 0.125137539 0.156496950 0.219015708 0.062418726 0.093678103 0.124937481 0.156196858 0.062418726 0.093678103 0.124937481 0.156196858 0.062418726 0.093678103 0.156096829 0.156196858 0.062418726 0.093678103 0.124937481 0.156196858 0.062418726 0.093678103 0.124937481 0.156196858
2,single-dominant,55,2,71,0.712637,insufficient,false,0.250842,0.997116,0.000000,false,false,synthetic-album-0|synthetic-album-1|synthetic-album-11|synthetic-album-2|synthetic-album-3|synthetic-album-4|synthetic-album-6|synthetic-album-7|synthetic-album-8|synthetic-album-9,0.062518751 0.125137539 0.156496950 0.219015708 0.062418726 0.093678103 0.124937481 0.156196858 0.062418726 0.093678103 0.124937481 0.156196858 0.062418726 0.093678103 0.156096829 0.156196858 0.062418726 0.093678103 0.124937481 0.156196858 0.062418726 0.093678103 0.124937481 0.156196858
2,single-dominant,56,2,71,0.712637,insufficient,false,0.250842,0.997116,0.000000,false,false,synthetic-album-0|synthetic-album-1|synthetic-album-11|synthetic-album-2|synthetic-album-3|synthetic-album-4|synthetic-album-6|synthetic-album-7|synthetic-album-8|synthetic-album-9,0.062518751 0.125137539 0.156496950 0.219015708 0.062418726 0.093678103 0.124937481 0.156196858 0.062418726 0.093678103 0.124937481 0.156196858 0.062418726 0.093678103 0.156096829 0.156196858 0.062418726 0.093678103 0.124937481 0.156196858 0.062418726 0.093678103 0.124937481 0.156196858
2,single-dominant,57,2,71,0.712637,insufficient,false,0.250842,0.997116,-0.000000,false,false,synthetic-album-0|synthetic-album-1|synthetic-album-11|synthetic-album-2|synthetic-album-3|synthetic-album-4|synthetic-album-6|synthetic-album-7|synthetic-album-8|synthetic-album-9,0.040012000 0.120136039 0.160248075 0.200260082 0.039911974 0.079923977 0.119935981 0.159947984 0.039911974 0.079923977 0.119935981 0.159947984 0.039911974 0.079923977 0.119835952 0.159947984 0.039911974 0.079923977 0.119935981 0.159947984 0.039911974 0.079923977 0.119935981 0.159947984
2,single-dominant,58,2,71,0.713879,insufficient,false,0.250837,0.997116,0.000000,false,false,synthetic-album-0|synthetic-album-1|synthetic-album-11|synthetic-album-2|synthetic-album-3|synthetic-album-4|synthetic-album-6|synthetic-album-7|synthetic-album-8|synthetic-album-9,0.040084020 0.120152043 0.160236071 0.200320099 0.039983995 0.079967990 0.119951985 0.159935980 0.039983995 0.079967990 0.119951985 0.159935980 0.039983995 0.079967990 0.119951985 0.159935980 0.039983995 0.079967990 0.119951985 0.159935980 0.039983995 0.079967990 0.119951985 0.159935980
2,single-dominant,59,2,72,0.719479,insufficient,false,0.240969,0.997111,-0.000000,false,false,synthetic-album-0|synthetic-album-1|synthetic-album-11|synthetic-album-2|synthetic-album-3|synthetic-album-4|synthetic-album-6|synthetic-album-7|synthetic-album-8|synthetic-album-9,0.040084020 0.120152042 0.160236069 0.200320096 0.039983995 0.079967990 0.119951986 0.159935981 0.039983995 0.079967990 0.119951986 0.159935981 0.039983995 0.079967990 0.119951986 0.159935981 0.039983995 0.079967990 0.119951986 0.159935981 0.039983995 0.079967990 0.119951986 0.159935981
2,single-dominant,60,2,72,0.719479,insufficient,false,0.240969,0.997111,-0.000000,false,false,synthetic-album-0|synthetic-album-1|synthetic-album-11|synthetic-album-2|synthetic-album-3|synthetic-album-4|synthetic-album-6|synthetic-album-7|synthetic-album-8|synthetic-album-9,0.040084019 0.120152041 0.160236067 0.200320093 0.039983995 0.079967991 0.119951986 0.159935981 0.039983995 0.079967991 0.119951986 0.159935981 0.039983995 0.079967991 0.119951986 0.159935981 0.039983995 0.079967991 0.119951986 0.159935981 0.039983995 0.079967991 0.119951986 0.159935981
2,single-dominant,61,2,72,0.719479,insufficient,false,0.240969,0.997111,0.000000,false,false,synthetic-album-0|synthetic-album-1|synthetic-album-11|synthetic-album-2|synthetic-album-3|synthetic-album-4|synthetic-album-6|synthetic-album-7|synthetic-album-8|synthetic-album-9,0.040084019 0.120152039 0.160236065 0.200320090 0.039983996 0.079967991 0.119951987 0.159935982 0.039983996 0.079967991 0.119951987 0.159935982 0.039983996 0.079967991 0.119951987 0.159935982 0.039983996 0.079967991 0.119951987 0.159935982 0.039983996 0.079967991 0.119951987 0.159935982
2,single-dominant,62,2,72,0.719479,insufficient,false,0.240969,0.997111,0.000000,false,false,synthetic-album-0|synthetic-album-1|synthetic-album-11|synthetic-album-2|synthetic-album-3|synthetic-album-4|synthetic-album-6|synthetic-album-7|synthetic-album-8|synthetic-album-9,0.040084018 0.120152038 0.160236063 0.200320088 0.039983996 0.079967991 0.119951987 0.159935982 0.039983996 0.079967991 0.119951987 0.159935982 0.039983996 0.079967991 0.119951987 0.159935982 0.039983996 0.079967991 0.119951987 0.159935982 0.039983996 0.079967991 0.119951987 0.159935982
2,single-dominant,63,2,72,0.719480,insufficient,false,0.240968,0.997108,0.000000,false,false,synthetic-album-0|synthetic-album-1|synthetic-album-11|synthetic-album-2|synthetic-album-3|synthetic-album-4|synthetic-album-6|synthetic-album-7|synthetic-album-8|synthetic-album-9,0.040084018 0.120152037 0.160236061 0.200320085 0.039983996 0.079967991 0.119951987 0.159935983 0.039983996 0.079967991 0.119951987 0.159935983 0.039983996 0.079967991 0.119951987 0.159935983 0.039983996 0.079967991 0.119951987 0.159935983 0.039983996 0.079967991 0.119951987 0.159935983
2,single-dominant,64,2,72,0.719480,insufficient,false,0.240968,0.997108,0.000000,false,false,synthetic-album-0|synthetic-album-1|synthetic-album-11|synthetic-album-2|synthetic-album-3|synthetic-album-4|synthetic-album-6|synthetic-album-7|synthetic-album-8|synthetic-album-9,0.040084017 0.120152036 0.160236060 0.200320083 0.039983996 0.079967992 0.119951988 0.159935983 0.039983996 0.079967992 0.119951988 0.159935983 0.039983996 0.079967992 0.119951988 0.159935983 0.039983996 0.079967992 0.119951988 0.159935983 0.039983996 0.079967992 0.119951988 0.159935983
2,single-dominant,65,2,72,0.719481,insufficient,false,0.240968,0.997107,-0.000000,false,false,synthetic-album-0|synthetic-album-1|synthetic-album-11|synthetic-album-2|synthetic-album-3|synthetic-album-4|synthetic-album-6|synthetic-album-7|synthetic-album-8|synthetic-album-9,0.040084017 0.120152035 0.160236058 0.200320081 0.039983996 0.079967992 0.119951988 0.159935984 0.039983996 0.079967992 0.119951988 0.159935984 0.039983996 0.079967992 0.119951988 0.159935984 0.039983996 0.079967992 0.119951988 0.159935984 0.039983996 0.079967992 0.119951988 0.159935984
2,single-dominant,66,2,72,0.719481,insufficient,false,0.240968,0.997107,0.000000,false,false,synthetic-album-0|synthetic-album-1|synthetic-album-11|synthetic-album-2|synthetic-album-3|synthetic-album-4|synthetic-album-6|synthetic-album-7|synthetic-album-8|synthetic-album-9,0.040084016 0.120152035 0.160236057 0.200320079 0.039983996 0.079967992 0.119951988 0.159935984 0.039983996 0.079967992 0.119951988 0.159935984 0.039983996 0.079967992 0.119951988 0.159935984 0.039983996 0.079967992 0.119951988 0.159935984 0.039983996 0.079967992 0.119951988 0.159935984
2,single-dominant,67,2,72,0.719481,insufficient,false,0.240968,0.997107,0.000000,false,false,synthetic-album-0|synthetic-album-1|synthetic-album-11|synthetic-album-2|synthetic-album-3|synthetic-album-4|synthetic-album-6|synthetic-album-7|synthetic-album-8|synthetic-album-9,0.040084016 0.120152034 0.160236055 0.200320077 0.039983996 0.079967992 0.119951988 0.159935985 0.039983996 0.079967992 0.119951988 0.159935985 0.039983996 0.079967992 0.119951988 0.159935985 0.039983996 0.079967992 0.119951988 0.159935985 0.039983996 0.079967992 0.119951988 0.159935985
2,single-dominant,68,2,72,0.719481,insufficient,false,0.240968,0.997107,0.000000,false,false,synthetic-album-0|synthetic-album-1|synthetic-album-11|synthetic-album-2|synthetic-album-3|synthetic-album-4|synthetic-album-6|synthetic-album-7|synthetic-album-8|synthetic-album-9,0.040084016 0.120152033 0.160236054 0.200320075 0.039983996 0.079967992 0.119951989 0.159935985 0.039983996 0.079967992 0.119951989 0.159935985 0.039983996 0.079967992 0.119951989 0.159935985 0.039983996 0.079967992 0.119951989 0.159935985 0.039983996 0.079967992 0.119951989 0.159935985
2,single-dominant,69,2,72,0.719481,insufficient,false,0.240968,0.997107,0.000000,false,false,synthetic-album-0|synthetic-album-1|synthetic-album-11|synthetic-album-2|synthetic-album-3|synthetic-album-4|synthetic-album-6|synthetic-album-7|synthetic-album-8|synthetic-album-9,0.040084015 0.120152032 0.160236053 0.200320074 0.039983996 0.079967993 0.119951989 0.159935985 0.039983996 0.079967993 0.119951989 0.159935985 0.039983996 0.079967993 0.119951989 0.159935985 0.039983996 0.079967993 0.119951989 0.159935985 0.039983996 0.079967993 0.119951989 0.159935985
2,single-dominant,70,2,72,0.719481,insufficient,false,0.240968,0.997107,0.000000,false,false,synthetic-album-0|synthetic-album-1|synthetic-album-11|synthetic-album-2|synthetic-album-3|synthetic-album-4|synthetic-album-6|synthetic-album-7|synthetic-album-8|synthetic-album-9,0.040084015 0.120152031 0.160236052 0.200320072 0.039983996 0.079967993 0.119951989 0.159935986 0.039983996 0.079967993 0.119951989 0.159935986 0.039983996 0.079967993 0.119951989 0.159935986 0.039983996 0.079967993 0.119951989 0.159935986 0.039983996 0.079967993 0.119951989 0.159935986
2,single-dominant,71,2,72,0.719481,insufficient,false,0.240968,0.997107,-0.000000,false,false,synthetic-album-0|synthetic-album-1|synthetic-album-11|synthetic-album-2|synthetic-album-3|synthetic-album-4|synthetic-album-6|synthetic-album-7|synthetic-album-8|synthetic-album-9,0.040084015 0.120152031 0.160236051 0.200320070 0.039983996 0.079967993 0.119951989 0.159935986 0.039983996 0.079967993 0.119951989 0.159935986 0.039983996 0.079967993 0.119951989 0.159935986 0.039983996 0.079967993 0.119951989 0.159935986 0.039983996 0.079967993 0.119951989 0.159935986
2,single-dominant,72,2,72,0.719481,insufficient,false,0.240968,0.997107,0.000000,false,false,synthetic-album-0|synthetic-album-1|synthetic-album-11|synthetic-album-2|synthetic-album-3|synthetic-album-4|synthetic-album-6|synthetic-album-7|synthetic-album-8|synthetic-album-9,0.040084014 0.120152030 0.160236049 0.200320069 0.039983997 0.079967993 0.119951990 0.159935986 0.039983997 0.079967993 0.119951990 0.159935986 0.039983997 0.079967993 0.119951990 0.159935986 0.039983997 0.079967993 0.119951990 0.159935986 0.039983997 0.079967993 0.119951990 0.159935986
2,single-dominant,73,2,72,0.719481,insufficient,false,0.240968,0.997107,0.000000,false,false,synthetic-album-0|synthetic-album-1|synthetic-album-11|synthetic-album-2|synthetic-album-3|synthetic-album-4|synthetic-album-6|synthetic-album-7|synthetic-album-8|synthetic-album-9,0.040084014 0.120152030 0.160236049 0.200320069 0.039983997 0.079967993 0.119951990 0.159935986 0.039983997 0.079967993 0.119951990 0.159935986 0.039983997 0.079967993 0.119951990 0.159935986 0.039983997 0.079967993 0.119951990 0.159935986 0.039983997 0.079967993 0.119951990 0.159935986
2,single-dominant,74,2,72,0.719481,insufficient,false,0.240968,0.997107,-0.000000,false,false,synthetic-album-0|synthetic-album-1|synthetic-album-11|synthetic-album-2|synthetic-album-3|synthetic-album-4|synthetic-album-6|synthetic-album-7|synthetic-album-8|synthetic-album-9,0.040084014 0.120152027 0.160236046 0.200320065 0.039983997 0.079967993 0.119951990 0.159935987 0.039983997 0.079967993 0.119951990 0.159935987 0.039983997 0.079967993 0.119951990 0.159935987 0.039983997 0.079967993 0.119951990 0.159935987 0.039983997 0.079967993 0.119951990 0.159935987
2,single-dominant,75,2,72,0.719481,insufficient,false,0.240968,0.997107,0.000000,false,false,synthetic-album-0|synthetic-album-1|synthetic-album-11|synthetic-album-2|synthetic-album-3|synthetic-album-4|synthetic-album-6|synthetic-album-7|synthetic-album-8|synthetic-album-9,0.040084014 0.120152027 0.160236046 0.200320065 0.039983997 0.079967993 0.119951990 0.159935987 0.039983997 0.079967993 0.119951990 0.159935987 0.039983997 0.079967993 0.119951990 0.159935987 0.039983997 0.079967993 0.119951990 0.159935987 0.039983997 0.079967993 0.119951990 0.159935987
2,single-dominant,76,2,72,0.719481,insufficient,false,0.240968,0.997107,0.000000,false,false,synthetic-album-0|synthetic-album-1|synthetic-album-11|synthetic-album-2|synthetic-album-3|synthetic-album-4|synthetic-album-6|synthetic-album-7|synthetic-album-8|synthetic-album-9,0.040084014 0.120152027 0.160236046 0.200320065 0.039983997 0.079967993 0.119951990 0.159935987 0.039983997 0.079967993 0.119951990 0.159935987 0.039983997 0.079967993 0.119951990 0.159935987 0.039983997 0.079967993 0.119951990 0.159935987 0.039983997 0.079967993 0.119951990 0.159935987
2,single-dominant,77,2,72,0.719481,insufficient,false,0.240968,0.997107,0.000000,false,false,synthetic-album-0|synthetic-album-1|synthetic-album-11|synthetic-album-2|synthetic-album-3|synthetic-album-4|synthetic-album-6|synthetic-album-7|synthetic-album-8|synthetic-album-9,0.040084014 0.120152029 0.160236048 0.200320067 0.039983997 0.079967993 0.119951990 0.159935987 0.039983997 0.079967993 0.119951990 0.159935987 0.039983997 0.079967993 0.119951990 0.159935987 0.039983997 0.079967993 0.119951990 0.159935987 0.039983997 0.079967993 0.119951990 0.159935987
2,single-dominant,78,2,72,0.719481,insufficient,false,0.240968,0.997107,0.000000,false,false,synthetic-album-0|synthetic-album-1|synthetic-album-11|synthetic-album-2|synthetic-album-3|synthetic-album-4|synthetic-album-6|synthetic-album-7|synthetic-album-8|synthetic-album-9,0.040084014 0.120152029 0.160236048 0.200320067 0.039983997 0.079967993 0.119951990 0.159935987 0.039983997 0.079967993 0.119951990 0.159935987 0.039983997 0.079967993 0.119951990 0.159935987 0.039983997 0.079967993 0.119951990 0.159935987 0.039983997 0.079967993 0.119951990 0.159935987
2,single-dominant,79,2,72,0.719481,insufficient,false,0.240968,0.997107,0.000000,false,false,synthetic-album-0|synthetic-album-1|synthetic-album-11|synthetic-album-2|synthetic-album-3|synthetic-album-4|synthetic-album-6|synthetic-album-7|synthetic-album-8|synthetic-album-9,0.040084014 0.120152029 0.160236048 0.200320067 0.039983997 0.079967993 0.119951990 0.159935987 0.039983997 0.079967993 0.119951990 0.159935987 0.039983997 0.079967993 0.119951990 0.159935987 0.039983997 0.079967993 0.119951990 0.159935987 0.039983997 0.079967993 0.119951990 0.159935987
2,single-dominant,80,2,72,0.719481,insufficient,false,0.240968,0.997107,0.000000,false,false,synthetic-album-0|synthetic-album-1|synthetic-album-11|synthetic-album-2|synthetic-album-3|synthetic-album-4|synthetic-album-6|synthetic-album-7|synthetic-album-8|synthetic-album-9,0.040084014 0.120152027 0.160236046 0.200320065 0.039983997 0.079967993 0.119951990 0.159935987 0.039983997 0.079967993 0.119951990 0.159935987 0.039983997 0.079967993 0.119951990 0.159935987 0.039983997 0.079967993 0.119951990 0.159935987 0.039983997 0.079967993 0.119951990 0.159935987
2,single-dominant,81,2,72,0.719481,insufficient,false,0.240968,0.997107,-0.000000,false,false,synthetic-album-0|synthetic-album-1|synthetic-album-11|synthetic-album-2|synthetic-album-3|synthetic-album-4|synthetic-album-6|synthetic-album-7|synthetic-album-8|synthetic-album-9,0.040084014 0.120152029 0.160236047 0.200320066 0.039983997 0.079967993 0.119951990 0.159935987 0.039983997 0.079967993 0.119951990 0.159935987 0.039983997 0.079967993 0.119951990 0.159935987 0.039983997 0.079967993 0.119951990 0.159935987 0.039983997 0.079967993 0.119951990 0.159935987
2,single-dominant,82,2,72,0.719481,insufficient,false,0.240968,0.997107,0.000000,false,false,synthetic-album-0|synthetic-album-1|synthetic-album-11|synthetic-album-2|synthetic-album-3|synthetic-album-4|synthetic-album-6|synthetic-album-7|synthetic-album-8|synthetic-album-9,0.040084013 0.120152028 0.160236046 0.200320064 0.039983997 0.079967994 0.119951990 0.159935987 0.039983997 0.079967994 0.119951990 0.159935987 0.039983997 0.079967994 0.119951990 0.159935987 0.039983997 0.079967994 0.119951990 0.159935987 0.039983997 0.079967994 0.119951990 0.159935987
2,single-dominant,83,2,72,0.719481,insufficient,false,0.240968,0.997107,0.000000,false,false,synthetic-album-0|synthetic-album-1|synthetic-album-11|synthetic-album-2|synthetic-album-3|synthetic-album-4|synthetic-album-6|synthetic-album-7|synthetic-album-8|synthetic-album-9,0.040084013 0.120152028 0.160236046 0.200320064 0.039983997 0.079967994 0.119951990 0.159935987 0.039983997 0.079967994 0.119951990 0.159935987 0.039983997 0.079967994 0.119951990 0.159935987 0.039983997 0.079967994 0.119951990 0.159935987 0.039983997 0.079967994 0.119951990 0.159935987
2,single-dominant,84,2,72,0.723513,insufficient,false,0.236493,0.997107,0.000000,false,false,synthetic-album-0|synthetic-album-1|synthetic-album-11|synthetic-album-2|synthetic-album-3|synthetic-album-4|synthetic-album-6|synthetic-album-7|synthetic-album-8|synthetic-album-9,0.038550014 0.115550031 0.192450025 0.231000044 0.038449998 0.076899996 0.115349993 0.153799991 0.038449998 0.076899996 0.115349993 0.153799991 0.038449998 0.076899996 0.115349993 0.153799991 0.038449998 0.076899996 0.115349993 0.153799991 0.038449998 0.076899996 0.115349993 0.153799991
2,single-dominant,85,2,72,0.723540,insufficient,false,0.236470,0.997007,0.000000,false,false,synthetic-album-0|synthetic-album-1|synthetic-album-11|synthetic-album-2|synthetic-album-3|synthetic-album-4|synthetic-album-6|synthetic-album-7|synthetic-album-8|synthetic-album-9,0.038546167 0.115538490 0.154084662 0.231076983 0.038446151 0.076892302 0.115338453 0.153784603 0.038446151 0.076892302 0.115338453 0.153784603 0.038446151 0.076892302 0.115338453 0.153784603 0.038446151 0.076892302 0.115338453 0.153784603 0.038446151 0.076892302 0.115338453 0.153784603
2,single-dominant,86,2,72,0.723540,insufficient,false,0.236470,0.997007,0.000000,false,false,synthetic-album-0|synthetic-album-1|synthetic-album-11|synthetic-album-2|synthetic-album-3|synthetic-album-4|synthetic-album-6|synthetic-album-7|synthetic-album-8|synthetic-album-9,0.038546167 0.115538490 0.154084662 0.231076983 0.038446151 0.076892302 0.115338453 0.153784603 0.038446151 0.076892302 0.115338453 0.153784603 0.038446151 0.076892302 0.115338453 0.153784603 0.038446151 0.076892302 0.115338453 0.153784603 0.038446151 0.076892302 0.115338453 0.153784603
2,single-dominant,87,2,73,0.727801,insufficient,false,0.232327,0.997007,0.000000,false,false,synthetic-album-0|synthetic-album-1|synthetic-album-11|synthetic-album-2|synthetic-album-3|synthetic-album-4|synthetic-album-6|synthetic-album-7|synthetic-album-8|synthetic-album-9,0.037125940 0.111277807 0.185329655 0.259481522 0.037025924 0.074051848 0.111077772 0.148103696 0.037025924 0.074051848 0.111077772 0.148103696 0.037025924 0.074051848 0.111077772 0.148103696 0.037025924 0.074051848 0.111077772 0.148103696 0.037025924 0.074051848 0.111077772 0.148103696
2,single-dominant,88,2,73,0.727851,insufficient,false,0.232327,0.997007,0.000000,false,false,synthetic-album-0|synthetic-album-1|synthetic-album-11|synthetic-album-2|synthetic-album-3|synthetic-album-4|synthetic-album-6|synthetic-album-7|synthetic-album-8|synthetic-album-9,0.037125940 0.111277809 0.185329657 0.259481523 0.037025924 0.074051848 0.111077771 0.148103695 0.037025924 0.074051848 0.111077771 0.148103695 0.037025924 0.074051848 0.111077771 0.148103695 0.037025924 0.074051848 0.111077771 0.148103695 0.037025924 0.074051848 0.111077771 0.148103695
2,single-dominant,89,2,73,0.731079,insufficient,false,0.228481,0.997007,0.000000,false,false,synthetic-album-0|synthetic-album-1|synthetic-album-11|synthetic-album-2|synthetic-album-3|synthetic-album-4|synthetic-album-6|synthetic-album-7|synthetic-album-8|synthetic-album-9,0.071414281 0.142928583 0.214342866 0.285857168 0.035707142 0.071414283 0.107121425 0.142828566 0.035707142 0.071414283 0.107121425 0.142828566 0.035707142 0.071414283 0.107121425 0.142828566 0.035707142 0.071414283 0.107121425 0.142828566 0.035707142 0.071414283 0.107121425 0.142828566
2,single-dominant,90,2,73,0.731079,insufficient,false,0.228481,0.997007,-0.000000,false,false,synthetic-album-0|synthetic-album-1|synthetic-album-11|synthetic-album-2|synthetic-album-3|synthetic-album-4|synthetic-album-6|synthetic-album-7|synthetic-album-8|synthetic-album-9,0.071414281 0.142928583 0.214342866 0.285857168 0.035707142 0.071414283 0.107121425 0.142828566 0.035707142 0.071414283 0.107121425 0.142828566 0.035707142 0.071414283 0.107121425 0.142828566 0.035707142 0.071414283 0.107121425 0.142828566 0.035707142 0.071414283 0.107121425 0.142828566
3,zero-weight-criterion,1,2,11,0.111905,insufficient,false,0.833334,1.000000,0.000000,false,false,synthetic-album-0|synthetic-album-10|synthetic-album-11|synthetic-album-2|synthetic-album-3|synthetic-album-4|synthetic-album-6|synthetic-album-7|synthetic-album-8|synthetic-album-9,0.000000366 0.000000884 0.000001401 0.499996162 0.000000366 0.499995127 0.499995644 0.499996162 0.000000366 0.000000884 0.000001401 0.000001919 0.000000366 0.000000884 0.000001401 0.000001919 0.000000366 0.000000884 0.000001401 0.000001919 0.000000366 0.000000884 0.000001401 0.000001919
3,zero-weight-criterion,2,2,20,0.200000,insufficient,false,0.666667,1.000000,0.000000,false,true,synthetic-album-0|synthetic-album-1|synthetic-album-11|synthetic-album-2|synthetic-album-3|synthetic-album-4|synthetic-album-6|synthetic-album-7|synthetic-album-8|synthetic-album-9,0.000000205 0.000000495 0.333331969 0.333332259 0.000000205 0.000000495 0.000000785 0.333332259 0.000000205 0.000000495 0.000000785 0.333332259 0.000000205 0.000000495 0.000000785 0.000001075 0.000000205 0.000000495 0.000000785 0.000001075 0.000000205 0.000000495 0.000000785 0.000001075
3,zero-weight-criterion,3,2,32,0.320238,insufficient,false,0.500000,1.000000,0.000000,false,true,synthetic-album-0|synthetic-album-1|synthetic-album-11|synthetic-album-2|synthetic-album-3|synthetic-album-4|synthetic-album-6|synthetic-album-7|synthetic-album-8|synthetic-album-9,0.000000144 0.000000348 0.000000553 0.249999622 0.000000144 0.000000348 0.000000553 0.249999622 0.000000144 0.000000348 0.000000553 0.249999622 0.000000144 0.000000348 0.000000553 0.249999622 0.000000144 0.000000348 0.000000553 0.000000757 0.000000144 0.000000348 0.000000553 0.000000757
3,zero-weight-criterion,4,2,54,0.541904,insufficient,false,0.333334,1.000000,0.000000,false,true,synthetic-album-0|synthetic-album-1|synthetic-album-11|synthetic-album-2|synthetic-album-3|synthetic-album-4|synthetic-album-6|synthetic-album-7|synthetic-album-8|synthetic-album-9,0.000000112 0.000000270 0.000000429 0.199999883 0.000000112 0.000000270 0.199999724 0.199999883 0.000000112 0.000000270 0.000000429 0.199999883 0.000000112 0.000000270 0.199999724 0.199999883 0.000000112 0.199999566 0.199999724 0.199999883 0.000000112 0.000000270 0.000000429 0.000000587
3,zero-weight-criterion,5,2,72,0.718906,insufficient,false,0.159706,0.200001,0.000000,false,true,synthetic-album-0|synthetic-album-1|synthetic-album-11|synthetic-album-2|synthetic-album-3|synthetic-album-4|synthetic-album-6|synthetic-album-7|synthetic-album-8|synthetic-album-9,0.000000109 0.000000263 0.000000418 0.166683365 0.000000109 0.000000263 0.166683211 0.166683365 0.000000109 0.000000263 0.000000418 0.166683365 0.000000109 0.000000263 0.166683211 0.166683365 0.000000109 0.000000263 0.166683211 0.166683365 0.000000109 0.166582867 0.166583022 0.166583176
3,zero-weight-criterion,6,2,72,0.718906,insufficient,false,0.159706,0.200001,0.000000,false,true,synthetic-album-0|synthetic-album-1|synthetic-album-11|synthetic-album-2|synthetic-album-3|synthetic-album-4|synthetic-album-6|synthetic-album-7|synthetic-album-8|synthetic-album-9,0.000000090 0.000000217 0.000000345 0.166683359 0.000000090 0.000000217 0.166683232 0.166683359 0.000000090 0.000000217 0.000000345 0.166683359 0.000000090 0.000000217 0.166683232 0.166683359 0.000000090 0.000000217 0.166683232 0.166683359 0.000000090 0.166582949 0.166583076 0.166583203
3,zero-weight-criterion,7,2,72,0.718906,insufficient,false,0.159705,0.200001,0.000000,false,true,synthetic-album-0|synthetic-album-1|synthetic-album-11|synthetic-album-2|synthetic-album-3|synthetic-album-4|synthetic-album-6|synthetic-album-7|synthetic-album-8|synthetic-album-9,0.000000077 0.000000185 0.000000294 0.166683355 0.000000077 0.000000185 0.166683247 0.166683355 0.000000077 0.000000185 0.000000294 0.166683355 0.000000077 0.000000185 0.166683247 0.166683355 0.000000077 0.166683139 0.166683247 0.166683355 0.000000077 0.166583006 0.166583114 0.166583223
3,zero-weight-criterion,8,2,72,0.718906,insufficient,false,0.159705,0.200000,0.000000,false,true,synthetic-album-0|synthetic-album-1|synthetic-album-11|synthetic-album-2|synthetic-album-3|synthetic-album-4|synthetic-album-6|synthetic-album-7|synthetic-album-8|synthetic-album-9,0.000000067 0.000000161 0.000000256 0.166683353 0.000000067 0.000000161 0.166683258 0.166683353 0.000000067 0.000000161 0.000000256 0.166683353 0.000000067 0.000000161 0.166683258 0.166683353 0.000000067 0.000000161 0.166683258 0.166683353 0.000000067 0.166583048 0.166583142 0.166583237
3,zero-weight-criterion,9,2,72,0.718906,insufficient,false,0.159705,0.200000,0.000000,false,true,synthetic-album-0|synthetic-album-1|synthetic-album-11|synthetic-album-2|synthetic-album-3|synthetic-album-4|synthetic-album-6|synthetic-album-7|synthetic-album-8|synthetic-album-9,0.000000066 0.000000160 0.000000253 0.166683352 0.000000066 0.000000160 0.166683259 0.166683352 0.000000066 0.000000160 0.000000253 0.166683352 0.000000066 0.000000160 0.166683259 0.166683352 0.000000066 0.166683165 0.166683259 0.166683352 0.000000066 0.166583051 0.166583144 0.166583238
3,zero-weight-criterion,10,2,72,0.718906,insufficient,false,0.159705,0.200000,0.000000,false,true,synthetic-album-0|synthetic-album-1|synthetic-album-11|synthetic-album-2|synthetic-album-3|synthetic-album-4|synthetic-album-6|synthetic-album-7|synthetic-album-8|synthetic-album-9,0.000000059 0.000000142 0.000000225 0.166683350 0.000000059 0.000000142 0.166683267 0.166683350 0.000000059 0.000000142 0.000000225 0.166683350 0.000000059 0.000000142 0.166683267 0.166683350 0.000000059 0.166683184 0.166683267 0.166683350 0.000000059 0.166583082 0.166583165 0.166583249
3,zero-weight-criterion,11,2,72,0.718906,insufficient,false,0.159705,0.200000,0.000000,false,true,synthetic-album-0|synthetic-album-1|synthetic-album-11|synthetic-album-2|synthetic-album-3|synthetic-album-4|synthetic-album-6|synthetic-album-7|synthetic-album-8|synthetic-album-9,0.000000053 0.000000128 0.000000203 0.166683349 0.000000053 0.000000128 0.166683274 0.166683349 0.000000053 0.000000128 0.000000203 0.166683349 0.000000053 0.000000128 0.166683274 0.166683349 0.000000053 0.166683199 0.166683274 0.166683349 0.000000053 0.166583107 0.166583182 0.166583257
3,zero-weight-criterion,12,2,72,0.718906,insufficient,false,0.159705,0.200000,0.000000,false,true,synthetic-album-0|synthetic-album-1|synthetic-album-11|synthetic-album-2|synthetic-album-3|synthetic-album-4|synthetic-album-6|synthetic-album-7|synthetic-album-8|synthetic-album-9,0.000000052 0.000000127 0.000000201 0.166683348 0.000000052 0.000000127 0.166683274 0.166683348 0.000000052 0.000000127 0.000000201 0.166683348 0.000000052 0.166683200 0.166683274 0.166683348 0.000000052 0.166683200 0.166683274 0.166683348 0.000000052 0.166583109 0.166583183 0.166583258
3,zero-weight-criterion,13,2,72,0.718906,insufficient,false,0.159705,0.200000,0.000000,false,true,synthetic-album-0|synthetic-album-1|synthetic-album-11|synthetic-album-2|synthetic-album-3|synthetic-album-4|synthetic-album-6|synthetic-album-7|synthetic-album-8|synthetic-album-9,0.000000048 0.000000115 0.000000183 0.166683347 0.000000048 0.000000115 0.166683280 0.166683347 0.000000048 0.000000115 0.000000183 0.166683347 0.000000048 0.166683212 0.166683280 0.166683347 0.000000048 0.166683212 0.166683280 0.166683347 0.000000048 0.166583129 0.166583197 0.166583264
3,zero-weight-criterion,14,2,72,0.718906,insufficient,false,0.159705,0.200000,0.000000,false,true,synthetic-album-0|synthetic-album-1|synthetic-album-11|synthetic-album-2|synthetic-album-3|synthetic-album-4|synthetic-album-6|synthetic-album-7|synthetic-album-8|synthetic-album-9,0.000000047 0.000000115 0.000000182 0.166683347 0.000000047 0.000000115 0.166683280 0.166683347 0.000000047 0.000000115 0.000000182 0.166683347 0.000000047 0.166683213 0.166683280 0.166683347 0.000000047 0.166683213 0.166683280 0.166683347 0.000000047 0.166583131 0.166583198 0.166583265
3,zero-weight-criterion,15,2,72,0.718906,insufficient,false,0.159705,0.200000,0.000000,false,true,synthetic-album-0|synthetic-album-1|synthetic-album-11|synthetic-album-2|synthetic-album-3|synthetic-album-4|synthetic-album-6|synthetic-album-7|synthetic-album-8|synthetic-album-9,0.000000047 0.000000114 0.000000181 0.166683347 0.000000047 0.000000114 0.166683280 0.166683347 0.000000047 0.000000114 0.000000181 0.166683347 0.000000047 0.000000114 0.166683280 0.166683347 0.000000047 0.166683213 0.166683280 0.166683347 0.000000047 0.166583132 0.166583198 0.166583265
3,zero-weight-criterion,16,2,72,0.718906,insufficient,false,0.159705,0.200000,0.000000,false,false,synthetic-album-0|synthetic-album-1|synthetic-album-11|synthetic-album-2|synthetic-album-3|synthetic-album-4|synthetic-album-5|synthetic-album-7|synthetic-album-8|synthetic-album-9,0.000000042 0.000000102 0.000000163 0.166683346 0.000000042 0.000000102 0.166683286 0.166683346 0.000000042 0.000000102 0.000000163 0.166683346 0.166683165 0.166683226 0.166683286 0.166683346 0.000000042 0.000000102 0.166683286 0.166683346 0.000000042 0.166583152 0.166583212 0.166583272
3,zero-weight-criterion,17,2,72,0.718906,insufficient,false,0.159705,0.200000,0.000000,false,true,synthetic-album-0|synthetic-album-1|synthetic-album-11|synthetic-album-2|synthetic-album-3|synthetic-album-4|synthetic-album-6|synthetic-album-7|synthetic-album-8|synthetic-album-9,0.000000039 0.000000093 0.000000148 0.166683344 0.000000039 0.000000093 0.166683290 0.166683344 0.000000039 0.000000093 0.000000148 0.166683344 0.000000039 0.000000093 0.166683290 0.166683344 0.000000039 0.000000093 0.166683290 0.166683344 0.000000039 0.166583168 0.166583223 0.166583278
3,zero-weight-criterion,18,2,73,0.726843,insufficient,false,0.159705,0.200000,0.000000,false,false,synthetic-album-0|synthetic-album-1|synthetic-album-10|synthetic-album-11|synthetic-album-2|synthetic-album-3|synthetic-album-4|synthetic-album-6|synthetic-album-7|synthetic-album-8,0.000000035 0.083341664 0.166683294 0.166683344 0.000000035 0.166683243 0.166683294 0.166683344 0.000000035 0.083341664 0.083341714 0.166683344 0.000000035 0.083341664 0.166683294 0.166683344 0.000000035 0.000000085 0.166683294 0.166683344 0.000000035 0.166583182 0.166583232 0.166583282
3,zero-weight-criterion,19,2,73,0.728590,insufficient,false,0.159705,0.200000,0.000000,false,true,synthetic-album-0|synthetic-album-1|synthetic-album-11|synthetic-album-2|synthetic-album-3|synthetic-album-4|synthetic-album-6|synthetic-album-7|synthetic-album-8|synthetic-album-9,0.000000033 0.000000079 0.000000125 0.166683343 0.000000033 0.000000079 0.000000125 0.166683343 0.000000033 0.000000079 0.000000125 0.166683343 0.000000033 0.000000079 0.166683297 0.166683343 0.000000033 0.000000079 0.166683297 0.166683343 0.000000033 0.166583194 0.166583240 0.166583286
3,zero-weight-criterion,20,2,73,0.730494,insufficient,false,0.159705,0.200000,0.000000,false,true,synthetic-album-0|synthetic-album-1|synthetic-album-11|synthetic-album-2|synthetic-album-3|synthetic-album-4|synthetic-album-6|synthetic-album-7|synthetic-album-8|synthetic-album-9,0.000000030 0.000000073 0.000000116 0.166683342 0.000000030 0.000000073 0.000000116 0.166683342 0.000000030 0.000000073 0.000000116 0.166683342 0.166683213 0.166683256 0.166683299 0.166683342 0.000000030 0.000000073 0.166683299 0.166683342 0.000000030 0.166583204 0.166583247 0.166583290
3,zero-weight-criterion,21,2,73,0.731923,insufficient,false,0.159705,0.200000,0.000000,false,true,synthetic-album-0|synthetic-album-1|synthetic-album-11|synthetic-album-2|synthetic-album-3|synthetic-album-4|synthetic-album-6|synthetic-album-7|synthetic-album-8|synthetic-album-9,0.000000028 0.000000068 0.000000108 0.166683342 0.000000028 0.000000068 0.000000108 0.166683342 0.000000028 0.000000068 0.000000108 0.166683342 0.166683221 0.166683261 0.166683301 0.166683342 0.000000028 0.000000068 0.166683301 0.166683342 0.000000028 0.166583212 0.166583252 0.166583292
3,zero-weight-criterion,22,2,73,0.732717,insufficient,false,0.159705,0.200000,0.000000,false,true,synthetic-album-0|synthetic-album-1|synthetic-album-11|synthetic-album-2|synthetic-album-3|synthetic-album-4|synthetic-album-6|synthetic-album-7|synthetic-album-8|synthetic-album-9,0.000000027 0.083341665 0.166683303 0.166683341 0.000000027 0.083341665 0.166683303 0.166683341 0.000000027 0.083341665 0.083341703 0.166683341 0.000000027 0.083341665 0.166683303 0.166683341 0.000000027 0.083341665 0.166683303 0.166683341 0.000000027 0.000000064 0.000000102 0.166583295
3,zero-weight-criterion,23,2,73,0.732717,insufficient,false,0.159705,0.200000,0.000000,false,true,synthetic-album-0|synthetic-album-1|synthetic-album-11|synthetic-album-2|synthetic-album-3|synthetic-album-4|synthetic-album-6|synthetic-album-7|synthetic-album-8|synthetic-album-9,0.000000025 0.083341665 0.166683305 0.166683341 0.000000025 0.083341665 0.166683305 0.166683341 0.000000025 0.083341665 0.083341700 0.166683341 0.000000025 0.083341665 0.166683305 0.166683341 0.000000025 0.083341665 0.166683305 0.166683341 0.000000025 0.000000060 0.000000096 0.166583297
3,zero-weight-criterion,24,2,74,0.736050,insufficient,false,0.159705,0.200000,0.000000,false,true,synthetic-album-0|synthetic-album-1|synthetic-album-11|synthetic-album-2|synthetic-album-3|synthetic-album-4|synthetic-album-6|synthetic-album-7|synthetic-album-8|synthetic-album-9,0.000000024 0.083341665 0.166683307 0.166683340 0.000000024 0.083341665 0.166683307 0.166683340 0.000000024 0.083341665 0.083341699 0.166683340 0.000000024 0.083341665 0.166683307 0.166683340 0.000000024 0.083341665 0.166683307 0.166683340 0.000000024 0.000000057 0.000000090 0.166583299
3,zero-weight-criterion,25,2,74,0.736050,insufficient,false,0.159705,0.200000,0.000000,false,true,synthetic-album-0|synthetic-album-1|synthetic-album-11|synthetic-album-2|synthetic-album-3|synthetic-album-4|synthetic-album-6|synthetic-album-7|synthetic-album-8|synthetic-album-9,0.000000022 0.000000054 0.000000086 0.166683340 0.000000022 0.000000054 0.000000086 0.166683340 0.000000022 0.000000054 0.000000086 0.166683340 0.000000022 0.000000054 0.000000086 0.166683340 0.000000022 0.000000054 0.000000086 0.166683340 0.000000022 0.000000054 0.000000086 0.166583301
3,zero-weight-criterion,26,2,74,0.736050,insufficient,false,0.159705,0.200000,0.000000,false,true,synthetic-album-0|synthetic-album-1|synthetic-album-11|synthetic-album-2|synthetic-album-3|synthetic-album-4|synthetic-album-6|synthetic-album-7|synthetic-album-8|synthetic-album-9,0.000000021 0.000000051 0.000000081 0.166683339 0.000000021 0.000000051 0.000000081 0.166683339 0.000000021 0.000000051 0.000000081 0.166683339 0.000000021 0.000000051 0.000000081 0.166683339 0.000000021 0.000000051 0.000000081 0.166683339 0.000000021 0.000000051 0.000000081 0.166583303
3,zero-weight-criterion,27,2,74,0.736050,insufficient,false,0.159705,0.200000,0.000000,false,true,synthetic-album-0|synthetic-album-1|synthetic-album-11|synthetic-album-2|synthetic-album-3|synthetic-album-4|synthetic-album-6|synthetic-album-7|synthetic-album-8|synthetic-album-9,0.000000020 0.083341665 0.166683311 0.166683339 0.000000020 0.083341665 0.166683311 0.166683339 0.000000020 0.083341665 0.083341694 0.166683339 0.000000020 0.083341665 0.166683311 0.166683339 0.000000020 0.083341665 0.166683311 0.166683339 0.000000020 0.000000049 0.000000078 0.166583304
3,zero-weight-criterion,28,2,75,0.749622,insufficient,false,0.159705,0.200000,0.000000,false,true,synthetic-album-0|synthetic-album-1|synthetic-album-11|synthetic-album-2|synthetic-album-3|synthetic-album-4|synthetic-album-6|synthetic-album-7|synthetic-album-8|synthetic-album-9,0.000000019 0.083341665 0.166683312 0.166683339 0.000000019 0.083341665 0.166683312 0.166683339 0.000000019 0.083341665 0.083341693 0.166683339 0.000000019 0.083341665 0.166683312 0.166683339 0.000000019 0.083341665 0.166683312 0.166683339 0.000000019 0.000000047 0.000000074 0.166583305
3,zero-weight-criterion,29,2,75,0.749622,insufficient,false,0.159705,0.200000,0.000000,false,true,synthetic-album-0|synthetic-album-1|synthetic-album-11|synthetic-album-2|synthetic-album-3|synthetic-album-4|synthetic-album-6|synthetic-album-7|synthetic-album-8|synthetic-album-9,0.000000019 0.083341666 0.166683312 0.166683339 0.000000019 0.083341666 0.166683312 0.166683339 0.000000019 0.083341666 0.083341692 0.166683339 0.000000019 0.083341666 0.166683312 0.166683339 0.000000019 0.083341666 0.166683312 0.166683339 0.000000019 0.000000045 0.000000071 0.166583307
3,zero-weight-criterion,30,2,80,0.799384,high,false,0.159705,0.200000,0.000000,false,true,synthetic-album-0|synthetic-album-1|synthetic-album-11|synthetic-album-2|synthetic-album-3|synthetic-album-4|synthetic-album-6|synthetic-album-7|synthetic-album-8|synthetic-album-9,0.000000018 0.000000043 0.000000068 0.166683338 0.000000018 0.000000043 0.000000068 0.166683338 0.000000018 0.000000043 0.000000068 0.166683338 0.000000018 0.000000043 0.000000068 0.166683338 0.166683263 0.166683288 0.166683313 0.166683338 0.000000018 0.000000043 0.000000068 0.166583308
3,zero-weight-criterion,31,2,80,0.802162,high,false,0.159705,0.200000,0.000000,false,true,synthetic-album-0|synthetic-album-1|synthetic-album-11|synthetic-album-2|synthetic-album-3|synthetic-album-4|synthetic-album-6|synthetic-album-7|synthetic-album-8|synthetic-album-9,0.000000017 0.000000041 0.000000065 0.166683338 0.000000017 0.000000041 0.000000065 0.166683338 0.000000017 0.000000041 0.000000065 0.166683338 0.000000017 0.000000041 0.000000065 0.166683338 0.000000017 0.000000041 0.000000065 0.166683338 0.000000017 0.166583261 0.166583285 0.166583309
3,zero-weight-criterion,32,2,80,0.802162,high,false,0.159705,0.200000,0.000000,false,true,synthetic-album-0|synthetic-album-1|synthetic-album-11|synthetic-album-2|synthetic-album-3|synthetic-album-4|synthetic-album-6|synthetic-album-7|synthetic-album-8|synthetic-album-9,0.000000016 0.000000040 0.000000063 0.166683338 0.000000016 0.000000040 0.000000063 0.166683338 0.000000016 0.000000040 0.000000063 0.166683338 0.000000016 0.000000040 0.000000063 0.166683338 0.000000016 0.000000040 0.000000063 0.166683338 0.000000016 0.166583263 0.166583286 0.166583310
3,zero-weight-criterion,33,2,80,0.802478,high,false,0.159581,0.199802,0.000000,false,false,synthetic-album-0|synthetic-album-1|synthetic-album-10|synthetic-album-11|synthetic-album-2|synthetic-album-3|synthetic-album-4|synthetic-album-6|synthetic-album-7|synthetic-album-8,0.000000016 0.083341666 0.166683315 0.166683338 0.000000016 0.083341666 0.166683315 0.166683338 0.000000016 0.083341666 0.166683315 0.166683338 0.000000016 0.083341666 0.166683315 0.166683338 0.000000016 0.083341666 0.166683315 0.166683338 0.000000016 0.000000040 0.166583287 0.166583310
3,zero-weight-criterion,34,2,80,0.802508,high,false,0.159569,0.199802,0.000000,false,true,synthetic-album-0|synthetic-album-1|synthetic-album-11|synthetic-album-2|synthetic-album-3|synthetic-album-4|synthetic-album-6|synthetic-album-7|synthetic-album-8|synthetic-album-9,0.000000016 0.083291647 0.166583278 0.166683338 0.000000016 0.083291647 0.166583278 0.166683338 0.000000016 0.083291647 0.166583278 0.166683338 0.000000016 0.083291647 0.166583278 0.166683338 0.000000016 0.083291647 0.166583278 0.166683338 0.000000016 0.000000039 0.083391715 0.166583310
3,zero-weight-criterion,35,3,81,0.810675,high,false,0.159569,0.199802,0.000000,false,false,synthetic-album-0|synthetic-album-1|synthetic-album-10|synthetic-album-11|synthetic-album-2|synthetic-album-3|synthetic-album-4|synthetic-album-6|synthetic-album-7|synthetic-album-8,0.000000016 0.083291648 0.166583280 0.166683338 0.000000016 0.083291648 0.166583280 0.166683338 0.000000016 0.083291648 0.166583280 0.166683338 0.000000016 0.083291648 0.166583280 0.166683338 0.000000016 0.083291648 0.166583280 0.166683338 0.000000016 0.000000038 0.166583288 0.166583311
3,zero-weight-criterion,36,3,81,0.810675,high,false,0.159569,0.199802,0.000000,false,true,synthetic-album-0|synthetic-album-1|synthetic-album-11|synthetic-album-2|synthetic-album-3|synthetic-album-4|synthetic-album-6|synthetic-album-7|synthetic-album-8|synthetic-album-9,0.000000015 0.083291649 0.166583283 0.166683338 0.000000015 0.083291649 0.166583283 0.166683338 0.000000015 0.083291649 0.166583283 0.166683338 0.000000015 0.083291649 0.166583283 0.166683338 0.000000015 0.083291649 0.166583283 0.166683338 0.083391669 0.083391690 0.083391712 0.166583312
3,zero-weight-criterion,37,3,83,0.826014,high,false,0.159519,0.199703,0.000000,false,true,synthetic-album-0|synthetic-album-1|synthetic-album-11|synthetic-album-2|synthetic-album-3|synthetic-album-4|synthetic-album-6|synthetic-album-7|synthetic-album-8|synthetic-album-9,0.000000015 0.083291649 0.166583284 0.166683338 0.000000015 0.083291649 0.166583284 0.166683338 0.000000015 0.083291649 0.166583284 0.166683338 0.000000015 0.083291649 0.166583284 0.166683338 0.000000015 0.083291649 0.166583284 0.166683338 0.000000015 0.000000035 0.083391710 0.166583312
3,zero-weight-criterion,38,3,83,0.826014,high,false,0.159519,0.199703,0.000000,false,false,synthetic-album-0|synthetic-album-1|synthetic-album-10|synthetic-album-11|synthetic-album-2|synthetic-album-3|synthetic-album-4|synthetic-album-6|synthetic-album-7|synthetic-album-8,0.000000014 0.083291650 0.166583286 0.166683337 0.000000014 0.083291650 0.166583286 0.166683337 0.000000014 0.083291650 0.166583286 0.166683337 0.000000014 0.083291650 0.166583286 0.166683337 0.000000014 0.083291650 0.166583286 0.166683337 0.000000014 0.000000034 0.166583293 0.166583313
3,zero-weight-criterion,39,3,84,0.839225,high,false,0.159436,0.199603,0.000000,false,false,synthetic-album-0|synthetic-album-1|synthetic-album-10|synthetic-album-11|synthetic-album-2|synthetic-album-3|synthetic-album-4|synthetic-album-6|synthetic-album-7|synthetic-album-8,0.000100046 0.083341666 0.166583286 0.166683337 0.000100046 0.083341666 0.166583286 0.166683337 0.000100046 0.083341666 0.166583286 0.166683337 0.000100046 0.083341666 0.166583286 0.166683337 0.000100046 0.083341666 0.166583286 0.166683337 0.000000014 0.000000034 0.166583293 0.166583313
3,zero-weight-criterion,40,3,90,0.904607,veryHigh,false,0.080059,0.166583,0.000000,false,false,synthetic-album-0|synthetic-album-1|synthetic-album-10|synthetic-album-11|synthetic-album-2|synthetic-album-3|synthetic-album-4|synthetic-album-6|synthetic-album-7|synthetic-album-8,0.000100044 0.083341669 0.166583293 0.166683337 0.000100044 0.083341669 0.166583293 0.166683337 0.000100044 0.083341669 0.166583293 0.166683337 0.000100044 0.083341669 0.166583293 0.166683337 0.000100044 0.083341669 0.166583293 0.166683337 0.000000014 0.000000027 0.166583294 0.166583314
3,zero-weight-criterion,41,3,90,0.904607,veryHigh,false,0.080059,0.166584,0.000000,false,false,synthetic-album-0|synthetic-album-1|synthetic-album-10|synthetic-album-11|synthetic-album-2|synthetic-album-3|synthetic-album-4|synthetic-album-6|synthetic-album-7|synthetic-album-8,0.000100048 0.083341669 0.166583289 0.166683337 0.000100048 0.083341669 0.166583289 0.166683337 0.000100048 0.083341669 0.166583289 0.166683337 0.000100048 0.083341669 0.166583289 0.166683337 0.000100048 0.083341669 0.166583289 0.166683337 0.000000019 0.000000037 0.166583296 0.166583314
3,zero-weight-criterion,42,3,90,0.904607,veryHigh,false,0.080059,0.166583,0.000000,false,true,synthetic-album-0|synthetic-album-1|synthetic-album-11|synthetic-album-2|synthetic-album-3|synthetic-album-4|synthetic-album-6|synthetic-album-7|synthetic-album-8|synthetic-album-9,0.000100047 0.083341669 0.166583290 0.166683337 0.000100047 0.083341669 0.166583290 0.166683337 0.000100047 0.083341669 0.166583290 0.166683337 0.000100047 0.083341669 0.166583290 0.166683337 0.000100047 0.083341669 0.166583290 0.166683337 0.000000018 0.000000036 0.083441722 0.166583315
3,zero-weight-criterion,43,3,90,0.904607,veryHigh,false,0.080059,0.166583,0.000000,false,false,synthetic-album-0|synthetic-album-1|synthetic-album-10|synthetic-album-11|synthetic-album-2|synthetic-album-3|synthetic-album-4|synthetic-album-6|synthetic-album-7|synthetic-album-8,0.000100045 0.083341668 0.166583292 0.166683337 0.000100045 0.083341668 0.166583292 0.166683337 0.000100045 0.083341668 0.166583292 0.166683337 0.000100045 0.083341668 0.166583292 0.166683337 0.000100045 0.083341668 0.166583292 0.166683337 0.000000012 0.000000030 0.166583298 0.166583315
3,zero-weight-criterion,44,3,90,0.904607,veryHigh,false,0.080059,0.166583,0.000000,false,true,synthetic-album-0|synthetic-album-1|synthetic-album-11|synthetic-album-2|synthetic-album-3|synthetic-album-4|synthetic-album-6|synthetic-album-7|synthetic-album-8|synthetic-album-9,0.000100044 0.083341668 0.166583293 0.166683337 0.000100044 0.083341668 0.166583293 0.166683337 0.000100044 0.083341668 0.166583293 0.166683337 0.000100044 0.083341668 0.166583293 0.166683337 0.000100044 0.083341668 0.166583293 0.166683337 0.000000012 0.000000029 0.083441718 0.166583316
3,zero-weight-criterion,45,3,91,0.909287,veryHigh,false,0.076909,0.166583,0.000000,false,true,synthetic-album-0|synthetic-album-1|synthetic-album-11|synthetic-album-2|synthetic-album-3|synthetic-album-4|synthetic-album-6|synthetic-album-7|synthetic-album-8|synthetic-album-9,0.083241626 0.083341668 0.083441710 0.166683337 0.083241626 0.083341668 0.083441710 0.166683337 0.083241626 0.083341668 0.083441710 0.166683337 0.083241626 0.083341668 0.083441710 0.166683337 0.083241626 0.083341668 0.083441710 0.166683337 0.083141601 0.083141617 0.166583301 0.166583317
3,zero-weight-criterion,46,3,91,0.909330,veryHigh,false,0.076909,0.166583,0.000000,false,true,synthetic-album-0|synthetic-album-1|synthetic-album-11|synthetic-album-2|synthetic-album-3|synthetic-album-4|synthetic-album-6|synthetic-album-7|synthetic-album-8|synthetic-album-9,0.000100035 0.099999994 0.199899953 0.199999989 0.000100035 0.099999994 0.199899953 0.199999989 0.000100035 0.099999994 0.199899953 0.199999989 0.000100035 0.099999994 0.199899953 0.199999989 0.000100035 0.099999994 0.199899953 0.199999989 0.000000011 0.000000026 0.000000042 0.000000057
3,zero-weight-criterion,47,3,91,0.914269,veryHigh,false,0.069348,0.166583,-0.000000,false,false,synthetic-album-0|synthetic-album-1|synthetic-album-10|synthetic-album-11|synthetic-album-2|synthetic-album-3|synthetic-album-4|synthetic-album-6|synthetic-album-7|synthetic-album-8,0.000100039 0.083341668 0.166583298 0.166683336 0.000100039 0.083341668 0.166583298 0.166683336 0.000100039 0.083341668 0.166583298 0.166683336 0.000100039 0.083341668 0.166583298 0.166683336 0.000100039 0.083341668 0.166583298 0.166683336 0.000000011 0.000000026 0.166583303 0.166583318
3,zero-weight-criterion,48,3,91,0.914269,veryHigh,false,0.069348,0.166583,-0.000000,false,false,synthetic-album-0|synthetic-album-1|synthetic-album-10|synthetic-album-11|synthetic-album-2|synthetic-album-3|synthetic-album-4|synthetic-album-6|synthetic-album-7|synthetic-album-8,0.000100037 0.083341668 0.166583299 0.166683336 0.000100037 0.083341668 0.166583299 0.166683336 0.000100037 0.083341668 0.166583299 0.166683336 0.000100037 0.083341668 0.166583299 0.166683336 0.000100037 0.083341668 0.166583299 0.166683336 0.000000010 0.000000024 0.166583304 0.166583319
3,zero-weight-criterion,49,3,91,0.914269,veryHigh,false,0.069348,0.166583,-0.000000,false,true,synthetic-album-0|synthetic-album-1|synthetic-album-11|synthetic-album-2|synthetic-album-3|synthetic-album-4|synthetic-album-6|synthetic-album-7|synthetic-album-8|synthetic-album-9,0.000100036 0.099999995 0.199899954 0.199999990 0.000100036 0.099999995 0.199899954 0.199999990 0.000100036 0.099999995 0.199899954 0.199999990 0.000100036 0.099999995 0.199899954 0.199999990 0.000100036 0.099999995 0.199899954 0.199999990 0.000000010 0.000000024 0.000000037 0.000000051
3,zero-weight-criterion,50,4,91,0.914269,veryHigh,false,0.069348,0.166584,-0.000000,false,false,synthetic-album-0|synthetic-album-1|synthetic-album-10|synthetic-album-11|synthetic-album-2|synthetic-album-3|synthetic-album-4|synthetic-album-6|synthetic-album-7|synthetic-album-8,0.000100035 0.083341664 0.166583288 0.166683336 0.000100040 0.083341668 0.166583292 0.166683336 0.000100044 0.083341677 0.166583301 0.166683336 0.000100035 0.083341659 0.166583288 0.166683336 0.000100030 0.083341664 0.166583288 0.166683336 0.000000000 0.000000014 0.166583306 0.166583319
3,zero-weight-criterion,51,4,92,0.917518,veryHigh,false,0.067759,0.166501,0.000000,false,false,synthetic-album-0|synthetic-album-1|synthetic-album-10|synthetic-album-11|synthetic-album-2|synthetic-album-3|synthetic-album-4|synthetic-album-6|synthetic-album-7|synthetic-album-8,0.000100034 0.083350002 0.166599970 0.166700004 0.000100034 0.083350002 0.166599970 0.166700004 0.000100034 0.083350002 0.166599970 0.166700004 0.000100034 0.083350002 0.166599970 0.166700004 0.000100034 0.083350002 0.166599970 0.166700004 0.000000009 0.000000023 0.166499966 0.166499979
3,zero-weight-criterion,52,4,92,0.917518,veryHigh,false,0.067759,0.166501,-0.000000,false,false,synthetic-album-0|synthetic-album-1|synthetic-album-10|synthetic-album-11|synthetic-album-2|synthetic-album-3|synthetic-album-4|synthetic-album-6|synthetic-album-7|synthetic-album-8,0.000100034 0.083350003 0.166599972 0.166700006 0.000100034 0.083350003 0.166599972 0.166700006 0.000100034 0.083350003 0.166599972 0.166700006 0.000100034 0.083350003 0.166599972 0.166700006 0.000100034 0.083350003 0.166599972 0.166700006 -0.000000000 0.000000013 0.166499959 0.166499972
3,zero-weight-criterion,53,4,92,0.917518,veryHigh,false,0.067759,0.166501,0.000000,false,false,synthetic-album-0|synthetic-album-1|synthetic-album-10|synthetic-album-11|synthetic-album-2|synthetic-album-3|synthetic-album-4|synthetic-album-6|synthetic-album-7|synthetic-album-8,0.000100033 0.083350003 0.166599972 0.166700006 0.000100033 0.083350003 0.166599972 0.166700006 0.000100033 0.083350003 0.166599972 0.166700006 0.000100033 0.083350003 0.166599972 0.166700006 0.000100033 0.083350003 0.166599972 0.166700006 -0.000000000 0.000000013 0.166499960 0.166499972
3,zero-weight-criterion,54,4,92,0.917518,veryHigh,false,0.067759,0.166501,-0.000000,false,false,synthetic-album-0|synthetic-album-1|synthetic-album-10|synthetic-album-11|synthetic-album-2|synthetic-album-3|synthetic-album-4|synthetic-album-6|synthetic-album-7|synthetic-album-8,0.000100032 0.083350002 0.166599972 0.166700004 0.000100032 0.083350002 0.166599972 0.166700004 0.000100032 0.083350002 0.166599972 0.166700004 0.000100032 0.083350002 0.166599972 0.166700004 0.000100032 0.083350002 0.166599972 0.166700004 0.000000009 0.000000021 0.166499968 0.166499981
3,zero-weight-criterion,55,4,92,0.917518,veryHigh,false,0.067759,0.166501,0.000000,false,false,synthetic-album-0|synthetic-album-1|synthetic-album-10|synthetic-album-11|synthetic-album-2|synthetic-album-3|synthetic-album-4|synthetic-album-6|synthetic-album-7|synthetic-album-8,0.000100032 0.083350003 0.166599974 0.166700005 0.000100032 0.083350003 0.166599974 0.166700005 0.000100032 0.083350003 0.166599974 0.166700005 0.000100032 0.083350003 0.166599974 0.166700005 0.000100032 0.083350003 0.166599974 0.166700005 -0.000000000 0.000000012 0.166499961 0.166499974
3,zero-weight-criterion,56,4,92,0.917518,veryHigh,false,0.067759,0.166501,-0.000000,false,false,synthetic-album-0|synthetic-album-1|synthetic-album-10|synthetic-album-11|synthetic-album-2|synthetic-album-3|synthetic-album-4|synthetic-album-6|synthetic-album-7|synthetic-album-8,0.000100030 0.083350002 0.166599974 0.166700004 0.000100030 0.083350002 0.166599974 0.166700004 0.000100030 0.083350002 0.166599974 0.166700004 0.000100030 0.083350002 0.166599974 0.166700004 0.000100030 0.083350002 0.166599974 0.166700004 0.000000008 0.000000020 0.166499970 0.166499982
3,zero-weight-criterion,57,4,92,0.920149,veryHigh,false,0.065855,0.166418,0.000000,false,true,synthetic-album-0|synthetic-album-1|synthetic-album-11|synthetic-album-2|synthetic-album-3|synthetic-album-4|synthetic-album-6|synthetic-album-7|synthetic-album-8|synthetic-album-9,0.099899966 0.099999996 0.100100026 0.199999991 0.099899966 0.099999996 0.100100026 0.199999991 0.099899966 0.099999996 0.100100026 0.199999991 0.099899966 0.099999996 0.100100026 0.199999991 0.099899966 0.099999996 0.100100026 0.199999991 0.000000008 0.000000020 0.000000032 0.000000043
3,zero-weight-criterion,58,4,93,0.933466,veryHigh,false,0.041584,0.099802,0.000000,false,true,synthetic-album-0|synthetic-album-1|synthetic-album-11|synthetic-album-2|synthetic-album-3|synthetic-album-4|synthetic-album-6|synthetic-album-7|synthetic-album-8|synthetic-album-9,0.099899967 0.099999996 0.100100025 0.199999992 0.099899967 0.099999996 0.100100025 0.199999992 0.099899967 0.099999996 0.100100025 0.199999992 0.099899967 0.099999996 0.100100025 0.199999992 0.099899967 0.099999996 0.100100025 0.199999992 0.000000008 0.000000019 0.000000030 0.000000041
3,zero-weight-criterion,59,4,93,0.933466,veryHigh,false,0.041584,0.099801,0.000000,false,true,synthetic-album-0|synthetic-album-1|synthetic-album-11|synthetic-album-2|synthetic-album-3|synthetic-album-4|synthetic-album-6|synthetic-album-7|synthetic-album-8|synthetic-album-9,0.099899932 0.099999996 0.100100059 0.199999992 0.099899932 0.099999996 0.100100059 0.199999992 0.099899932 0.099999996 0.100100059 0.199999992 0.099899932 0.099999996 0.100100059 0.199999992 0.099899932 0.099999996 0.100100059 0.199999992 0.000000008 0.000000019 0.000000030 0.000000041
3,zero-weight-criterion,60,5,93,0.933466,veryHigh,false,0.041584,0.099801,0.000000,false,true,synthetic-album-0|synthetic-album-1|synthetic-album-11|synthetic-album-2|synthetic-album-3|synthetic-album-4|synthetic-album-6|synthetic-album-7|synthetic-album-8|synthetic-album-9,0.099899934 0.099999996 0.100100058 0.199999992 0.099899934 0.099999996 0.100100058 0.199999992 0.099899934 0.099999996 0.100100058 0.199999992 0.099899934 0.099999996 0.100100058 0.199999992 0.099899934 0.099999996 0.100100058 0.199999992 0.000000008 0.000000019 0.000000029 0.000000040
3,zero-weight-criterion,61,5,93,0.933466,veryHigh,false,0.041584,0.099801,-0.000000,false,true,synthetic-album-0|synthetic-album-1|synthetic-album-11|synthetic-album-2|synthetic-album-3|synthetic-album-4|synthetic-album-6|synthetic-album-7|synthetic-album-8|synthetic-album-9,0.099899936 0.099999996 0.100100056 0.199999992 0.099899936 0.099999996 0.100100056 0.199999992 0.099899936 0.099999996 0.100100056 0.199999992 0.099899936 0.099999996 0.100100056 0.199999992 0.099899936 0.099999996 0.100100056 0.199999992 0.000000007 0.000000018 0.000000028 0.000000039
3,zero-weight-criterion,62,5,93,0.933466,veryHigh,false,0.041584,0.099801,0.000000,false,true,synthetic-album-0|synthetic-album-1|synthetic-album-11|synthetic-album-2|synthetic-album-3|synthetic-album-4|synthetic-album-6|synthetic-album-7|synthetic-album-8|synthetic-album-9,0.099899936 0.099999996 0.100100056 0.199999992 0.099899936 0.099999996 0.100100056 0.199999992 0.099899936 0.099999996 0.100100056 0.199999992 0.099899936 0.099999996 0.100100056 0.199999992 0.099899936 0.099999996 0.100100056 0.199999992 0.000000007 0.000000018 0.000000028 0.000000039
3,zero-weight-criterion,63,5,93,0.933466,veryHigh,false,0.041584,0.099801,0.000000,false,true,synthetic-album-0|synthetic-album-1|synthetic-album-11|synthetic-album-2|synthetic-album-3|synthetic-album-4|synthetic-album-6|synthetic-album-7|synthetic-album-8|synthetic-album-9,0.099899936 0.099999996 0.100100056 0.199999992 0.099899936 0.099999996 0.100100056 0.199999992 0.099899936 0.099999996 0.100100056 0.199999992 0.099899936 0.099999996 0.100100056 0.199999992 0.099899936 0.099999996 0.100100056 0.199999992 0.000000007 0.000000018 0.000000028 0.000000039
3,zero-weight-criterion,64,5,93,0.933466,veryHigh,false,0.041584,0.099801,-0.000000,false,true,synthetic-album-0|synthetic-album-1|synthetic-album-11|synthetic-album-2|synthetic-album-3|synthetic-album-4|synthetic-album-6|synthetic-album-7|synthetic-album-8|synthetic-album-9,0.099899940 0.099999996 0.100100053 0.199999993 0.099899940 0.099999996 0.100100053 0.199999993 0.099899940 0.099999996 0.100100053 0.199999993 0.099899940 0.099999996 0.100100053 0.199999993 0.099899940 0.099999996 0.100100053 0.199999993 0.000000007 0.000000017 0.000000027 0.000000037
3,zero-weight-criterion,65,5,93,0.933466,veryHigh,false,0.041584,0.099801,0.000000,false,true,synthetic-album-0|synthetic-album-1|synthetic-album-11|synthetic-album-2|synthetic-album-3|synthetic-album-4|synthetic-album-6|synthetic-album-7|synthetic-album-8|synthetic-album-9,0.099899940 0.099999996 0.100100053 0.199999993 0.099899940 0.099999996 0.100100053 0.199999993 0.099899940 0.099999996 0.100100053 0.199999993 0.099899940 0.099999996 0.100100053 0.199999993 0.099899940 0.099999996 0.100100053 0.199999993 0.000000007 0.000000017 0.000000027 0.000000037
3,zero-weight-criterion,66,5,93,0.933466,veryHigh,false,0.041584,0.099801,0.000000,false,true,synthetic-album-0|synthetic-album-1|synthetic-album-11|synthetic-album-2|synthetic-album-3|synthetic-album-4|synthetic-album-6|synthetic-album-7|synthetic-album-8|synthetic-album-9,0.099899945 0.099999994 0.100100048 0.199999993 0.099899944 0.099999996 0.100100047 0.199999995 0.099899946 0.099999998 0.100100049 0.199999993 0.099899944 0.099999996 0.100100050 0.199999993 0.099899946 0.099999994 0.100100045 0.199999990 0.000000007 0.000000017 0.000000027 0.000000037
3,zero-weight-criterion,67,6,93,0.933466,veryHigh,false,0.041584,0.099801,0.000000,false,true,synthetic-album-0|synthetic-album-1|synthetic-album-11|synthetic-album-2|synthetic-album-3|synthetic-album-4|synthetic-album-6|synthetic-album-7|synthetic-album-8|synthetic-album-9,0.099899940 0.099999996 0.100100053 0.199999993 0.099899940 0.099999996 0.100100053 0.199999993 0.099899940 0.099999996 0.100100053 0.199999993 0.099899940 0.099999996 0.100100053 0.199999993 0.099899940 0.099999996 0.100100053 0.199999993 0.000000007 0.000000017 0.000000027 0.000000037
3,zero-weight-criterion,68,6,92,0.924418,veryHigh,false,0.041584,0.099801,-0.000000,false,true,synthetic-album-0|synthetic-album-1|synthetic-album-11|synthetic-album-2|synthetic-album-3|synthetic-album-4|synthetic-album-6|synthetic-album-7|synthetic-album-8|synthetic-album-9,0.099899942 0.100000000 0.100100061 0.199999991 0.099899938 0.099999997 0.100100057 0.199999994 0.099899940 0.099999999 0.100100059 0.199999991 0.099899938 0.099999999 0.100100061 0.199999994 0.099899948 0.099999997 0.100100054 0.199999994 0.000000007 0.000000017 0.000000027 0.000000037
3,zero-weight-criterion,69,6,92,0.924418,veryHigh,true,0.041584,0.099801,0.000000,false,true,synthetic-album-0|synthetic-album-1|synthetic-album-11|synthetic-album-2|synthetic-album-3|synthetic-album-4|synthetic-album-6|synthetic-album-7|synthetic-album-8|synthetic-album-9,0.099899929 0.099999997 0.100100065 0.199999991 0.099899932 0.100000000 0.100100068 0.199999994 0.099899934 0.100000000 0.100100068 0.199999991 0.099899934 0.100000003 0.100100068 0.199999994 0.099899932 0.099999997 0.100100056 0.199999994 0.000000007 0.000000017 0.000000027 0.000000037
3,zero-weight-criterion,70,6,93,0.933466,veryHigh,true,0.041584,0.099801,0.000000,false,true,synthetic-album-0|synthetic-album-1|synthetic-album-11|synthetic-album-2|synthetic-album-3|synthetic-album-4|synthetic-album-6|synthetic-album-7|synthetic-album-8|synthetic-album-9,0.099899937 0.099999999 0.100100060 0.199999993 0.099899937 0.099999999 0.100100060 0.199999993 0.099899937 0.099999999 0.100100065 0.199999993 0.099899933 0.099999994 0.100100055 0.199999993 0.099899933 0.099999994 0.100100055 0.199999993 0.000000007 0.000000017 0.000000027 0.000000037
3,zero-weight-criterion,71,6,93,0.933466,veryHigh,true,0.041584,0.099801,0.000000,false,true,synthetic-album-0|synthetic-album-1|synthetic-album-11|synthetic-album-2|synthetic-album-3|synthetic-album-4|synthetic-album-6|synthetic-album-7|synthetic-album-8|synthetic-album-9,0.099899940 0.099999996 0.100100053 0.199999993 0.099899940 0.099999996 0.100100053 0.199999993 0.099899940 0.099999996 0.100100053 0.199999993 0.099899940 0.099999996 0.100100053 0.199999993 0.099899940 0.099999996 0.100100053 0.199999993 0.000000007 0.000000017 0.000000027 0.000000037
4,linear-control,1,2,10,0.104833,insufficient,false,0.916588,1.000000,0.000000,false,false,synthetic-album-0|synthetic-album-11|synthetic-album-12|synthetic-album-2|synthetic-album-3|synthetic-album-4|synthetic-album-6|synthetic-album-7|synthetic-album-8|synthetic-album-9,0.000001000 0.500037552 0.500038967 0.500040381 0.000001000 0.499935820 0.499937234 0.499938649 0.000001000 0.000002414 0.000003828 0.000005243 0.000001000 0.000002414 0.000003828 0.000005243 0.000001000 0.000002414 0.000003828 0.000005243 0.000001000 0.000002414 0.000003828 0.000005243
4,linear-control,2,2,14,0.144512,insufficient,false,0.833263,1.000000,0.000000,false,false,synthetic-album-0|synthetic-album-10|synthetic-album-11|synthetic-album-2|synthetic-album-3|synthetic-album-4|synthetic-album-6|synthetic-album-7|synthetic-album-8|synthetic-album-9,0.000000707 0.000001707 0.000002707 0.333397109 0.000000707 0.333293885 0.333294885 0.333295885 0.000000707 0.333293885 0.333294885 0.333295885 0.000000707 0.000001707 0.000002707 0.000003707 0.000000707 0.000001707 0.000002707 0.000003707 0.000000707 0.000001707 0.000002707 0.000003707
4,linear-control,3,2,19,0.194507,insufficient,false,0.749938,1.000000,0.000000,false,true,synthetic-album-0|synthetic-album-1|synthetic-album-11|synthetic-album-2|synthetic-album-3|synthetic-album-4|synthetic-album-6|synthetic-album-7|synthetic-album-8|synthetic-album-9,0.000000577 0.000001394 0.000002210 0.250074237 0.000000577 0.249971604 0.249972420 0.249973237 0.000000577 0.000001394 0.000002210 0.249973237 0.000000577 0.000001394 0.000002210 0.249973237 0.000000577 0.000001394 0.000002210 0.000003027 0.000000577 0.000001394 0.000002210 0.000003027
4,linear-control,4,2,27,0.271880,insufficient,false,0.666613,1.000000,0.000000,false,true,synthetic-album-0|synthetic-album-1|synthetic-album-11|synthetic-album-2|synthetic-album-3|synthetic-album-4|synthetic-album-6|synthetic-album-7|synthetic-album-8|synthetic-album-9,0.000000500 0.000001207 0.000001914 0.250074339 0.000000500 0.000001207 0.000001914 0.000002621 0.000000500 0.249972059 0.249972766 0.249973473 0.000000500 0.249972059 0.249972766 0.249973473 0.000000500 0.000001207 0.000001914 0.249973473 0.000000500 0.000001207 0.000001914 0.000002621
4,linear-control,5,2,34,0.342666,insufficient,false,0.576344,1.000000,0.000000,false,false,synthetic-album-0|synthetic-album-1|synthetic-album-10|synthetic-album-11|synthetic-album-2|synthetic-album-3|synthetic-album-4|synthetic-album-6|synthetic-album-7|synthetic-album-8,0.000000447 0.000001080 0.000001712 0.200080151 0.000000447 0.000001080 0.000001712 0.000002345 0.000000447 0.199978111 0.199978744 0.199979376 0.000000447 0.199978111 0.199978744 0.199979376 0.000000447 0.000001080 0.000001712 0.199979376 0.000000447 0.199978111 0.199978744 0.199979376
4,linear-control,6,2,37,0.370092,insufficient,false,0.548512,0.999901,0.000000,false,false,synthetic-album-0|synthetic-album-10|synthetic-album-11|synthetic-album-2|synthetic-album-3|synthetic-album-4|synthetic-album-6|synthetic-album-7|synthetic-album-8|synthetic-album-9,0.000000408 0.000000986 0.000001563 0.166767374 0.000000408 0.000000986 0.166666089 0.166666667 0.000000408 0.166564805 0.166565382 0.166565960 0.000000408 0.166665512 0.166666089 0.166666667 0.000000408 0.000000986 0.000001563 0.166666667 0.000000408 0.166665512 0.166666089 0.166666667
4,linear-control,7,2,39,0.389779,insufficient,false,0.520733,0.999900,0.000000,false,false,synthetic-album-0|synthetic-album-1|synthetic-album-10|synthetic-album-11|synthetic-album-3|synthetic-album-4|synthetic-album-6|synthetic-album-7|synthetic-album-8|synthetic-album-9,0.000000378 0.000000912 0.000001447 0.166784097 0.000000378 0.000000912 0.000001447 0.166683442 0.000000378 0.166581719 0.166582253 0.166582788 0.000000378 0.000000912 0.000001447 0.166582788 0.000000378 0.000000912 0.000001447 0.166683442 0.000000378 0.166682373 0.166682908 0.166683442
4,linear-control,8,2,40,0.403754,insufficient,false,0.492955,0.999900,0.000000,false,false,synthetic-album-0|synthetic-album-1|synthetic-album-10|synthetic-album-11|synthetic-album-3|synthetic-album-4|synthetic-album-6|synthetic-album-7|synthetic-album-8|synthetic-album-9,0.000000354 0.000000854 0.000001354 0.166800816 0.000000354 0.000000854 0.000001354 0.166700204 0.000000354 0.166598592 0.166599092 0.166599592 0.000000354 0.000000854 0.000001354 0.166599592 0.000000354 0.166598592 0.166599092 0.166599592 0.000000354 0.000000854 0.166699704 0.166700204
4,linear-control,9,2,41,0.406618,insufficient,false,0.465176,0.999900,0.000000,false,true,synthetic-album-0|synthetic-album-1|synthetic-album-11|synthetic-album-2|synthetic-album-3|synthetic-album-4|synthetic-album-6|synthetic-album-7|synthetic-album-8|synthetic-album-9,0.000000333 0.000000805 0.000001276 0.166817533 0.000000333 0.000000805 0.000001276 0.166716955 0.000000333 0.000000805 0.166615907 0.166616378 0.000000333 0.000000805 0.000001276 0.166616378 0.000000333 0.166615435 0.166615907 0.166616378 0.000000333 0.166615435 0.166615907 0.166616378
4,linear-control,10,2,42,0.422569,insufficient,false,0.451218,0.999702,0.000000,false,true,synthetic-album-0|synthetic-album-1|synthetic-album-11|synthetic-album-2|synthetic-album-3|synthetic-album-4|synthetic-album-6|synthetic-album-7|synthetic-album-8|synthetic-album-9,0.000000316 0.000000763 0.000001211 0.166834246 0.000000316 0.000000763 0.000001211 0.166733698 0.000000316 0.000000763 0.166632704 0.166633151 0.000000316 0.166531709 0.166532156 0.166532603 0.000000316 0.166632256 0.166632704 0.166633151 0.000000316 0.000000763 0.000001211 0.166633151
4,linear-control,11,2,44,0.439636,insufficient,false,0.437325,0.999701,0.000000,false,true,synthetic-album-0|synthetic-album-1|synthetic-album-11|synthetic-album-2|synthetic-album-3|synthetic-album-4|synthetic-album-6|synthetic-album-7|synthetic-album-8|synthetic-album-9,0.000000302 0.000000728 0.000001154 0.166850957 0.000000302 0.000000728 0.000001154 0.166750435 0.000000302 0.000000728 0.166649487 0.166649913 0.000000302 0.000000728 0.000001154 0.166549391 0.000000302 0.166548538 0.166548964 0.166549391 0.000000302 0.000000728 0.000001154 0.166649913
4,linear-control,12,2,46,0.456778,insufficient,false,0.423433,0.999701,0.000000,false,true,synthetic-album-0|synthetic-album-1|synthetic-album-11|synthetic-album-2|synthetic-album-3|synthetic-album-4|synthetic-album-6|synthetic-album-7|synthetic-album-8|synthetic-album-9,0.000000289 0.000000697 0.000001105 0.166867667 0.000000289 0.000000697 0.000001105 0.166767167 0.000000289 0.000000697 0.000001105 0.166666667 0.000000289 0.000000697 0.000001105 0.166566167 0.000000289 0.166565350 0.166565758 0.166566167 0.000000289 0.000000697 0.000001105 0.166566167
4,linear-control,13,2,48,0.475577,insufficient,false,0.406776,0.999701,0.000000,false,true,synthetic-album-0|synthetic-album-1|synthetic-album-11|synthetic-album-2|synthetic-album-3|synthetic-album-4|synthetic-album-6|synthetic-album-7|synthetic-album-8|synthetic-album-9,0.000000187 0.000000452 0.000000717 0.166867316 0.000000187 0.000000452 0.000000717 0.166766991 0.000000187 0.000000452 0.000000717 0.166666667 0.000000187 0.000000452 0.000000717 0.166566342 0.000000187 0.000000452 0.166566077 0.166566342 0.000000187 0.000000452 0.000000717 0.166566342
4,linear-control,14,2,48,0.479679,insufficient,false,0.392762,0.999304,0.000000,false,true,synthetic-album-0|synthetic-album-1|synthetic-album-11|synthetic-album-2|synthetic-album-3|synthetic-album-4|synthetic-album-6|synthetic-album-7|synthetic-album-8|synthetic-album-9,0.000000183 0.000000441 0.000000699 0.166884019 0.000000183 0.000000441 0.000000699 0.166783703 0.000000183 0.000000441 0.000000699 0.166683386 0.000000183 0.000000441 0.000000699 0.166583070 0.000000183 0.000000441 0.166582811 0.166583070 0.000000183 0.000000441 0.000000699 0.166482753
4,linear-control,15,2,48,0.479680,insufficient,false,0.392762,0.999302,0.000000,false,true,synthetic-album-0|synthetic-album-1|synthetic-album-11|synthetic-album-2|synthetic-album-3|synthetic-album-4|synthetic-album-6|synthetic-album-7|synthetic-album-8|synthetic-album-9,0.000000178 0.000000431 0.000000683 0.166884003 0.000000178 0.000000431 0.000000683 0.166783694 0.000000178 0.000000431 0.000000683 0.166683385 0.000000178 0.000000431 0.000000683 0.166583076 0.000000178 0.000000431 0.000000683 0.166583076 0.000000178 0.000000431 0.000000683 0.166482767
4,linear-control,16,2,48,0.481920,insufficient,false,0.392749,0.999203,0.000000,false,true,synthetic-album-0|synthetic-album-1|synthetic-album-11|synthetic-album-2|synthetic-album-3|synthetic-album-4|synthetic-album-6|synthetic-album-7|synthetic-album-8|synthetic-album-9,0.000000174 0.000000421 0.000101058 0.166883988 0.000000174 0.000000421 0.000000668 0.166783686 0.000000174 0.000000421 0.000000668 0.166683384 0.000000174 0.000000421 0.000000668 0.166583082 0.000000174 0.000000421 0.000000668 0.166583082 0.000000174 0.000000421 0.166482533 0.166482779
4,linear-control,17,2,48,0.481938,insufficient,false,0.392737,0.999103,0.000000,false,true,synthetic-album-0|synthetic-album-1|synthetic-album-11|synthetic-album-2|synthetic-album-3|synthetic-album-4|synthetic-album-6|synthetic-album-7|synthetic-album-8|synthetic-album-9,0.000000171 0.000100794 0.166883733 0.166883974 0.000000171 0.000000412 0.166682969 0.166783678 0.000000171 0.000000412 0.000000654 0.166683383 0.000000171 0.166582604 0.166582845 0.166583087 0.000000171 0.166582604 0.166582845 0.166583087 0.000000171 0.166482308 0.166482549 0.166482791
4,linear-control,18,2,48,0.481956,insufficient,false,0.392724,0.999003,0.000000,false,false,synthetic-album-0|synthetic-album-1|synthetic-album-12|synthetic-album-2|synthetic-album-3|synthetic-album-4|synthetic-album-6|synthetic-album-7|synthetic-album-8|synthetic-album-9,0.000000167 0.000100778 0.000201389 0.166883961 0.000000167 0.000000404 0.000000641 0.166783672 0.000000167 0.000000404 0.000000641 0.166683382 0.000000167 0.000000404 0.166582602 0.166583092 0.000000167 0.000000404 0.000000641 0.166583092 0.000000167 0.000000404 0.000000641 0.166482802
4,linear-control,19,2,48,0.481986,insufficient,false,0.392712,0.999003,0.000000,false,false,synthetic-album-0|synthetic-album-10|synthetic-album-11|synthetic-album-12|synthetic-album-2|synthetic-album-3|synthetic-album-4|synthetic-album-6|synthetic-album-7|synthetic-album-8,0.000000164 0.166682751 0.166783350 0.166883949 0.166682601 0.166783201 0.166783433 0.166783665 0.000000164 0.166582384 0.166582616 0.166683381 0.000000164 0.000000396 0.000000629 0.166583096 0.000000164 0.000000396 0.000000629 0.166583096 0.000000164 0.166482348 0.166482580 0.166482812
4,linear-control,20,2,48,0.482035,insufficient,false,0.392687,0.998903,0.000000,false,false,synthetic-album-0|synthetic-album-10|synthetic-album-11|synthetic-album-12|synthetic-album-2|synthetic-album-3|synthetic-album-4|synthetic-album-6|synthetic-album-7|synthetic-album-8,0.000000161 0.166582401 0.166783350 0.166883938 0.166582254 0.166682843 0.166783431 0.166783659 0.000000161 0.166482041 0.166482269 0.166683380 0.000000161 0.000000389 0.000000617 0.166583101 0.000000161 0.000000389 0.000000617 0.166583101 0.000000161 0.166482366 0.166482594 0.166482822
4,linear-control,21,2,48,0.483004,insufficient,false,0.392674,0.998903,0.000000,false,true,synthetic-album-0|synthetic-album-1|synthetic-album-11|synthetic-album-2|synthetic-album-3|synthetic-album-4|synthetic-album-6|synthetic-album-7|synthetic-album-8|synthetic-album-9,0.000000158 0.000100736 0.166783350 0.166883928 0.000100592 0.000201170 0.166783429 0.166783653 0.000000158 0.000000382 0.000100960 0.166683379 0.000000158 0.000000382 0.000000606 0.166583105 0.000000158 0.000000382 0.166482287 0.166583105 0.000000158 0.000000382 0.000000606 0.166482830
4,linear-control,22,2,48,0.483037,insufficient,false,0.392662,0.998903,0.000000,false,false,synthetic-album-1|synthetic-album-10|synthetic-album-11|synthetic-album-2|synthetic-album-3|synthetic-album-4|synthetic-album-6|synthetic-album-7|synthetic-album-8|synthetic-album-9,0.000000156 0.166582433 0.166783349 0.166883918 0.166481943 0.166582511 0.166683080 0.166783648 0.000100661 0.166582590 0.166683158 0.166683378 0.000000156 0.000000376 0.000000596 0.166583109 0.000000156 0.000000376 0.000000596 0.166583109 0.166482178 0.166482399 0.166482619 0.166482839
4,linear-control,23,2,48,0.483055,insufficient,false,0.392649,0.998902,0.000000,false,false,synthetic-album-0|synthetic-album-1|synthetic-album-10|synthetic-album-11|synthetic-album-2|synthetic-album-3|synthetic-album-4|synthetic-album-6|synthetic-album-7|synthetic-album-8,0.000000153 0.000100712 0.000301614 0.166883908 0.166481965 0.166582525 0.166683084 0.166783643 0.000000153 0.000000370 0.000101083 0.166683378 0.000000153 0.000000370 0.166482321 0.166583112 0.000000153 0.000000370 0.000000586 0.166583112 0.000000153 0.166482414 0.166482630 0.166482847
4,linear-control,24,2,49,0.489260,insufficient,false,0.392637,0.998802,0.000000,false,true,synthetic-album-0|synthetic-album-1|synthetic-album-11|synthetic-album-2|synthetic-album-3|synthetic-album-4|synthetic-album-6|synthetic-album-7|synthetic-album-8|synthetic-album-9,0.000000151 0.083391826 0.166783349 0.166883899 0.000100564 0.000201115 0.083492300 0.166783638 0.000000151 0.083291489 0.166582826 0.166683377 0.000000151 0.000000364 0.000000577 0.166583116 0.000000151 0.083191151 0.166382000 0.166583116 0.166482215 0.166482428 0.166482641 0.166482854
4,linear-control,25,2,49,0.491184,insufficient,false,0.392620,0.998702,0.000000,false,true,synthetic-album-0|synthetic-album-1|synthetic-album-11|synthetic-album-2|synthetic-album-3|synthetic-album-4|synthetic-album-6|synthetic-album-7|synthetic-album-8|synthetic-album-9,0.000100406 0.083492081 0.166783349 0.166883891 0.000200813 0.000301355 0.083492291 0.166783633 0.000000149 0.083291491 0.166582834 0.166683376 0.000000149 0.000000359 0.000000569 0.166583119 0.000000149 0.083191159 0.166281763 0.166583119 0.000000149 0.000000359 0.000000569 0.166482862
4,linear-control,26,2,49,0.491263,insufficient,false,0.392574,0.998603,0.000000,false,true,synthetic-album-0|synthetic-album-1|synthetic-album-11|synthetic-album-2|synthetic-album-3|synthetic-album-4|synthetic-album-6|synthetic-album-7|synthetic-album-8|synthetic-album-9,0.000100400 0.083492075 0.166783348 0.166883883 0.000100474 0.000301335 0.083492282 0.166783629 0.000000146 0.083291494 0.166582841 0.166683376 0.000000146 0.000100681 0.000100888 0.166583122 0.000000146 0.083191166 0.166281785 0.166583122 0.000000146 0.000000353 0.000000560 0.166482868
4,linear-control,27,2,49,0.492901,insufficient,false,0.392536,0.998503,0.000000,false,false,synthetic-album-0|synthetic-album-10|synthetic-album-11|synthetic-album-2|synthetic-album-3|synthetic-album-4|synthetic-album-6|synthetic-album-7|synthetic-album-8|synthetic-album-9,0.083241058 0.166582499 0.166783348 0.166883875 0.000000144 0.083441980 0.083542507 0.166783625 0.083140808 0.083141012 0.083241539 0.166683375 0.000000144 0.083341658 0.083341862 0.166583125 0.000000144 0.000000348 0.000000553 0.166583125 0.000000144 0.083241335 0.166482671 0.166482875
4,linear-control,28,2,49,0.493019,insufficient,false,0.392439,0.998204,0.000000,false,true,synthetic-album-0|synthetic-album-1|synthetic-album-11|synthetic-album-2|synthetic-album-3|synthetic-album-4|synthetic-album-6|synthetic-album-7|synthetic-album-8|synthetic-album-9,0.000100389 0.083441904 0.166683030 0.166883868 0.000200779 0.000401617 0.083542424 0.166783621 0.000000142 0.083241339 0.166482536 0.166683374 0.000000142 0.000100662 0.000201182 0.166583128 0.000000142 0.083141021 0.166181509 0.166583128 0.166482277 0.166482479 0.166482680 0.166482881
4,linear-control,29,2,49,0.493024,insufficient,false,0.392437,0.998205,0.000000,false,false,synthetic-album-0|synthetic-album-10|synthetic-album-11|synthetic-album-2|synthetic-album-3|synthetic-album-4|synthetic-album-6|synthetic-album-7|synthetic-album-8|synthetic-album-9,0.000100384 0.083375100 0.083575927 0.166950865 0.083274657 0.166649596 0.166750109 0.166850622 0.000000141 0.083174542 0.083275055 0.166649993 0.000000141 0.083274765 0.166549389 0.166549588 0.000000141 0.000000339 0.000000538 0.166549588 0.000000141 0.000000339 0.166449146 0.166449344
4,linear-control,30,2,50,0.499824,insufficient,false,0.392420,0.998205,0.000000,false,true,synthetic-album-0|synthetic-album-1|synthetic-album-11|synthetic-album-2|synthetic-album-3|synthetic-album-4|synthetic-album-6|synthetic-album-7|synthetic-album-8|synthetic-album-9,0.083241255 0.166482484 0.166683107 0.166883731 0.000100411 0.083542168 0.083642554 0.166783547 0.083141071 0.083141221 0.083241607 0.166683364 0.083141125 0.166482644 0.166583031 0.166583181 0.083141125 0.083141274 0.083141424 0.166583181 0.000000106 0.083241389 0.166482847 0.166482997
4,linear-control,31,2,50,0.499869,insufficient,false,0.392393,0.998105,-0.000000,false,false,synthetic-album-0|synthetic-album-1|synthetic-album-10|synthetic-album-11|synthetic-album-2|synthetic-album-3|synthetic-album-4|synthetic-album-6|synthetic-album-7|synthetic-album-8,0.000100287 0.066833725 0.133466877 0.166883727 0.033316641 0.100049958 0.100150341 0.166783545 0.000000105 0.066633309 0.133266513 0.166683364 0.000000105 0.033316721 0.066633336 0.166583182 0.033416981 0.099949950 0.099950099 0.166583182 0.000000105 0.000000253 0.166482852 0.166483000
4,linear-control,32,2,50,0.499875,insufficient,false,0.390410,0.998105,0.000000,false,true,synthetic-album-0|synthetic-album-1|synthetic-album-11|synthetic-album-2|synthetic-album-3|synthetic-album-4|synthetic-album-6|synthetic-album-7|synthetic-album-8|synthetic-album-9,0.055444081 0.055644693 0.111289266 0.166883723 0.055494249 0.111138823 0.166683164 0.166783543 0.055343901 0.055444280 0.111088906 0.166683363 0.000000104 0.055494329 0.110988554 0.166583183 0.055594587 0.055594733 0.111038842 0.166583183 0.000000104 0.055394097 0.111089011 0.166483003
4,linear-control,33,2,51,0.507071,insufficient,false,0.390364,0.997906,0.000000,false,false,synthetic-album-0|synthetic-album-1|synthetic-album-10|synthetic-album-11|synthetic-album-2|synthetic-album-3|synthetic-album-4|synthetic-album-6|synthetic-album-7|synthetic-album-9,0.036973872 0.111122106 0.148296467 0.166883720 0.018487047 0.055661408 0.092735538 0.166783541 0.000000103 0.074048106 0.148096110 0.166683363 0.000000103 0.018487126 0.036974149 0.166583185 0.055661366 0.129609139 0.166583039 0.166583185 0.000000103 0.000000249 0.166482861 0.166483006
4,linear-control,34,2,53,0.527864,insufficient,false,0.386152,0.997806,0.000000,false,true,synthetic-album-0|synthetic-album-1|synthetic-album-11|synthetic-album-2|synthetic-album-3|synthetic-album-4|synthetic-album-6|synthetic-album-7|synthetic-album-8|synthetic-album-9,0.029349854 0.088249964 0.117800220 0.166883651 0.000000085 0.078533518 0.107983584 0.166783505 0.000000085 0.058800006 0.117599926 0.166683358 0.068616607 0.117599849 0.166583091 0.166583211 0.009916996 0.068616727 0.097966604 0.166583211 0.000000085 0.048883137 0.117600012 0.166483064
4,linear-control,35,2,53,0.527915,insufficient,false,0.384626,0.997706,0.000000,false,true,synthetic-album-0|synthetic-album-1|synthetic-album-11|synthetic-album-2|synthetic-album-3|synthetic-album-4|synthetic-album-6|synthetic-album-7|synthetic-album-8|synthetic-album-9,0.000100327 0.083391660 0.166683154 0.166883649 0.000100327 0.083391821 0.083592359 0.166783503 0.000000181 0.000000300 0.166482862 0.166683358 0.000200495 0.000300802 0.000401110 0.166583212 0.083291641 0.166382598 0.166382717 0.166583212 0.000000084 0.000000203 0.166482947 0.166483066
4,linear-control,36,2,53,0.529726,insufficient,false,0.384543,0.997404,0.000000,false,false,synthetic-album-0|synthetic-album-1|synthetic-album-10|synthetic-album-11|synthetic-album-2|synthetic-album-3|synthetic-album-4|synthetic-album-6|synthetic-album-7|synthetic-album-9,0.000200469 0.083441715 0.166583010 0.166883647 0.000200469 0.083341765 0.083642443 0.166783502 0.000100325 0.083241384 0.166482866 0.166683357 0.000000118 0.000100423 0.000200728 0.166583213 0.083341731 0.166382603 0.166583095 0.166583213 0.000000084 0.000000202 0.166482950 0.166483068
4,linear-control,37,2,53,0.529726,insufficient,false,0.384543,0.997404,0.000000,false,false,synthetic-album-0|synthetic-album-10|synthetic-album-11|synthetic-album-2|synthetic-album-3|synthetic-album-4|synthetic-album-6|synthetic-album-7|synthetic-album-8|synthetic-album-9,0.000100227 0.083441776 0.166783388 0.222377879 0.027947395 0.138835937 0.222077364 0.222277735 0.000000083 0.083241447 0.083341749 0.138936240 0.027847369 0.083341674 0.138835979 0.138836096 0.027847369 0.027847486 0.110988728 0.138836096 0.000000083 0.000000200 0.083341833 0.138735953
4,linear-control,38,2,53,0.530139,insufficient,false,0.384529,0.997304,0.000000,false,true,synthetic-album-0|synthetic-album-1|synthetic-album-11|synthetic-album-2|synthetic-album-3|synthetic-album-4|synthetic-album-6|synthetic-album-7|synthetic-album-8|synthetic-album-9,0.055327320 0.055677953 0.111205664 0.166883643 0.000100225 0.111105525 0.166533052 0.166783500 0.000000082 0.000000199 0.111105563 0.166683357 0.055627878 0.111105488 0.166583098 0.166583214 0.055477730 0.055627994 0.110955337 0.166583214 0.000000082 0.000000199 0.111105646 0.166483072
4,linear-control,39,2,53,0.531761,insufficient,false,0.384525,0.997304,0.000000,false,true,synthetic-album-0|synthetic-album-1|synthetic-album-11|synthetic-album-2|synthetic-album-3|synthetic-album-4|synthetic-album-6|synthetic-album-7|synthetic-album-8|synthetic-album-9,0.000100224 0.033517000 0.066933838 0.166883641 0.099849638 0.133266477 0.166583133 0.166783499 0.000000082 0.000000198 0.133316610 0.166683357 0.033316656 0.066583220 0.099849784 0.166583215 0.100049971 0.100050087 0.133266560 0.166583215 0.000000082 0.000000198 0.166482958 0.166483073
4,linear-control,40,2,53,0.534602,insufficient,false,0.384525,0.997304,0.000000,false,true,synthetic-album-0|synthetic-album-1|synthetic-album-11|synthetic-album-2|synthetic-album-3|synthetic-album-4|synthetic-album-6|synthetic-album-7|synthetic-album-8|synthetic-album-9,0.033336646 0.066773495 0.133446830 0.166883639 0.033336646 0.100009981 0.133446830 0.166783498 0.033236505 0.066573172 0.141605705 0.166683357 0.016618273 0.041595743 0.066573213 0.166583216 0.099809699 0.116628275 0.149964943 0.166583216 0.000000081 0.000000196 0.141605787 0.166483075
4,linear-control,41,2,53,0.534602,insufficient,false,0.381064,0.997304,0.000000,false,true,synthetic-album-0|synthetic-album-1|synthetic-album-11|synthetic-album-2|synthetic-album-3|synthetic-album-4|synthetic-album-6|synthetic-album-7|synthetic-album-8|synthetic-album-9,0.039595850 0.087391391 0.127187625 0.166883637 0.039595850 0.079392084 0.119088137 0.166783497 0.039495710 0.087191070 0.134886430 0.166683357 0.023797619 0.055494365 0.087191111 0.166583217 0.055594546 0.103189725 0.142785597 0.166583217 0.000000081 0.000000195 0.134886512 0.166483077
4,linear-control,42,2,54,0.543087,insufficient,false,0.378541,0.997304,0.000000,false,true,synthetic-album-0|synthetic-album-1|synthetic-album-11|synthetic-album-2|synthetic-album-3|synthetic-album-4|synthetic-album-6|synthetic-album-7|synthetic-album-8|synthetic-album-9,0.049180288 0.098460777 0.131347850 0.180628298 0.049180288 0.082067361 0.114854253 0.164034563 0.049080149 0.098260458 0.131097441 0.163934424 0.032786893 0.065523696 0.098260499 0.163834285 0.098360565 0.098360679 0.131047392 0.163834285 0.131097295 0.163733918 0.163734032 0.163734146
4,linear-control,43,2,54,0.543162,insufficient,false,0.378541,0.997304,0.000000,false,true,synthetic-album-0|synthetic-album-1|synthetic-album-11|synthetic-album-2|synthetic-album-3|synthetic-album-4|synthetic-album-6|synthetic-album-7|synthetic-album-8|synthetic-album-9,0.049180288 0.098460776 0.131347848 0.180628296 0.049180288 0.082067360 0.114854252 0.164034562 0.049080150 0.081917132 0.131097442 0.163934424 0.032786893 0.065523696 0.098260500 0.163834286 0.049280547 0.098360678 0.131047393 0.163834286 0.131097296 0.163733921 0.163734034 0.163734147
4,linear-control,44,2,54,0.543231,insufficient,false,0.378541,0.997304,0.000000,false,true,synthetic-album-0|synthetic-album-1|synthetic-album-11|synthetic-album-2|synthetic-album-3|synthetic-album-4|synthetic-album-6|synthetic-album-7|synthetic-album-8|synthetic-album-9,0.033391754 0.066883706 0.133516963 0.167008875 0.033391754 0.100025011 0.133366670 0.166758445 0.033291616 0.066683391 0.149837212 0.166658307 0.033241594 0.049962513 0.066683431 0.166558170 0.099824736 0.133116333 0.133316576 0.166558170 0.133216438 0.149837179 0.149837292 0.166458033
4,linear-control,45,2,54,0.543878,insufficient,false,0.376992,0.997105,0.000000,false,true,synthetic-album-0|synthetic-album-1|synthetic-album-11|synthetic-album-2|synthetic-album-3|synthetic-album-4|synthetic-album-6|synthetic-album-7|synthetic-album-8|synthetic-album-9,0.062276641 0.083324957 0.145801972 0.166883629 0.020948118 0.083458515 0.145835353 0.166783493 0.020847982 0.020848093 0.145701875 0.166683356 0.041462211 0.062343515 0.083224820 0.166583219 0.103972647 0.124820610 0.125121009 0.166583219 0.124920714 0.145701843 0.145701954 0.166483083
4,linear-control,46,2,55,0.548649,insufficient,false,0.376877,0.996806,-0.000000,false,true,synthetic-album-0|synthetic-album-1|synthetic-album-11|synthetic-album-2|synthetic-album-3|synthetic-album-4|synthetic-album-6|synthetic-album-7|synthetic-album-8|synthetic-album-9,0.032513782 0.065127733 0.130155333 0.170897808 0.040642340 0.105669939 0.138283891 0.170797691 0.032413664 0.032413760 0.146212068 0.170697573 0.016256908 0.040642262 0.065027616 0.162569015 0.097441264 0.113798307 0.146312107 0.162569015 0.000000068 0.024285270 0.138183696 0.162468898
4,linear-control,47,2,55,0.548649,insufficient,false,0.376877,0.996806,0.000000,false,true,synthetic-album-0|synthetic-album-1|synthetic-album-11|synthetic-album-2|synthetic-album-3|synthetic-album-4|synthetic-album-6|synthetic-album-7|synthetic-album-8|synthetic-album-9,0.020922903 0.083391682 0.145860373 0.166883590 0.020923082 0.083391772 0.145760311 0.166783473 0.020822786 0.020822881 0.145760290 0.166683356 0.041645735 0.062468650 0.083291566 0.166583239 0.104014398 0.124937408 0.124937504 0.166583239 0.124737234 0.145459998 0.145760340 0.166483104
4,linear-control,48,2,55,0.548660,insufficient,false,0.376875,0.996806,0.000000,false,true,synthetic-album-0|synthetic-album-1|synthetic-album-11|synthetic-album-2|synthetic-album-3|synthetic-album-4|synthetic-album-6|synthetic-album-7|synthetic-album-8|synthetic-album-9,0.023726063 0.095304833 0.142857075 0.166883588 0.023826179 0.071478621 0.095304851 0.166783472 0.023625946 0.023826179 0.142756993 0.166683356 0.047552291 0.071378504 0.095204717 0.166583239 0.095204735 0.118930814 0.119030948 0.166583239 0.000000067 0.023726130 0.142757042 0.166483105
4,linear-control,49,2,55,0.549599,insufficient,false,0.376680,0.996207,0.000000,false,true,synthetic-album-0|synthetic-album-1|synthetic-album-11|synthetic-album-2|synthetic-album-3|synthetic-album-4|synthetic-album-6|synthetic-album-7|synthetic-album-8|synthetic-album-9,0.000100183 0.055769702 0.111389207 0.166883584 0.055394244 0.111013748 0.166483020 0.166783468 0.000000067 0.000225242 0.111289124 0.166683353 0.000150232 0.000375508 0.055669587 0.166583237 0.110863583 0.111063882 0.166433005 0.166583237 0.166232756 0.166357882 0.166357977 0.166483121
4,linear-control,50,2,56,0.559646,insufficient,false,0.376445,0.995407,0.000000,false,true,synthetic-album-0|synthetic-album-1|synthetic-album-11|synthetic-album-2|synthetic-album-3|synthetic-album-4|synthetic-album-6|synthetic-album-7|synthetic-album-8|synthetic-album-9,0.031770643 0.063641452 0.127032551 0.174763730 0.047631046 0.111022144 0.142892954 0.174663615 0.031670528 0.031670622 0.158552983 0.174563499 0.031720602 0.047630970 0.063541337 0.158703096 0.095211849 0.126882361 0.126982494 0.158703096 0.000000066 0.000000161 0.142792745 0.158602963
4,linear-control,51,2,56,0.560557,insufficient,false,0.376357,0.995108,0.000000,false,true,synthetic-album-0|synthetic-album-1|synthetic-album-11|synthetic-album-2|synthetic-album-3|synthetic-album-4|synthetic-album-6|synthetic-album-7|synthetic-album-8|synthetic-album-9,0.036896072 0.074192754 0.129486822 0.166883585 0.036996187 0.092590699 0.129586936 0.166783470 0.000000066 0.027747149 0.138836025 0.166683355 0.018598275 0.046345457 0.074092639 0.166583241 0.110888581 0.111088877 0.147984966 0.166583241 0.111188947 0.138835981 0.138836074 0.166483108
4,linear-control,52,2,56,0.563142,insufficient,false,0.375677,0.995007,0.000000,false,true,synthetic-album-0|synthetic-album-1|synthetic-album-11|synthetic-album-2|synthetic-album-3|synthetic-album-4|synthetic-album-6|synthetic-album-7|synthetic-album-8|synthetic-album-9,0.029331924 0.078486310 0.117629116 0.166883584 0.029331924 0.088297141 0.127339800 0.166783469 0.029231810 0.029332144 0.137251031 0.166683355 0.019721842 0.049054019 0.078386196 0.166583241 0.107517877 0.107918887 0.146861399 0.166583241 0.137250893 0.137250987 0.137251080 0.166483109
4,linear-control,53,2,56,0.564904,insufficient,false,0.374429,0.994508,0.000000,false,true,synthetic-album-0|synthetic-album-1|synthetic-album-11|synthetic-album-2|synthetic-album-3|synthetic-album-4|synthetic-album-6|synthetic-album-7|synthetic-album-8|synthetic-album-9,0.022484764 0.088937858 0.155491075 0.178075970 0.022484764 0.089037981 0.155491052 0.177975857 0.022384650 0.044669262 0.155491078 0.177875743 0.044268706 0.066553225 0.088837744 0.155390854 0.088737489 0.110821816 0.111122147 0.155390854 0.110921885 0.133106257 0.133106350 0.155290722
4,linear-control,54,2,60,0.596738,insufficient,false,0.356868,0.994507,0.000000,false,false,synthetic-album-0|synthetic-album-1|synthetic-album-10|synthetic-album-11|synthetic-album-2|synthetic-album-3|synthetic-album-4|synthetic-album-6|synthetic-album-7|synthetic-album-8,0.020164195 0.110152178 0.120284357 0.220404520 0.070124163 0.110152211 0.120184243 0.210072081 0.020064082 0.109951919 0.189907871 0.209971968 0.029996016 0.049959968 0.069923919 0.119883854 0.000100146 0.079955951 0.089887837 0.119883854 0.010132227 0.010132319 0.099919918 0.119783723
4,linear-control,55,2,60,0.604166,insufficient,false,0.340848,0.994308,-0.000000,false,true,synthetic-album-0|synthetic-album-1|synthetic-album-11|synthetic-album-2|synthetic-album-3|synthetic-album-4|synthetic-album-6|synthetic-album-7|synthetic-album-8|synthetic-album-9,0.053956300 0.093525006 0.133193826 0.221722695 0.078836962 0.128097559 0.133093714 0.167866524 0.024680356 0.044664993 0.143086041 0.167766412 0.044264442 0.068844668 0.093424893 0.147581500 0.098220758 0.098421048 0.103317058 0.147581500 0.103116798 0.108112953 0.123001289 0.147481370
4,linear-control,56,2,60,0.604340,insufficient,false,0.339420,0.994308,-0.000000,false,true,synthetic-album-0|synthetic-album-1|synthetic-album-11|synthetic-album-2|synthetic-album-3|synthetic-album-4|synthetic-album-6|synthetic-album-7|synthetic-album-8|synthetic-album-9,0.048200946 0.088285114 0.136285925 0.216454123 0.080068069 0.128068880 0.136185812 0.176169836 0.024050471 0.056117760 0.152019237 0.176069724 0.039883879 0.063834203 0.087784545 0.143802143 0.087684400 0.095901477 0.103918264 0.143802143 0.103718023 0.119851742 0.119851834 0.143702031
4,linear-control,57,2,60,0.604356,insufficient,false,0.339419,0.994308,0.000000,false,true,synthetic-album-0|synthetic-album-1|synthetic-album-11|synthetic-album-2|synthetic-album-3|synthetic-album-4|synthetic-album-6|synthetic-album-7|synthetic-album-8|synthetic-album-9,0.040883746 0.081867654 0.143043083 0.219762717 0.076619504 0.122551162 0.142942972 0.183826735 0.040783635 0.056327847 0.148091018 0.183726624 0.025539848 0.061075309 0.071371361 0.137594684 0.071271217 0.091763171 0.112054837 0.137594684 0.111854579 0.127298556 0.127298647 0.137494556
4,linear-control,58,2,61,0.605218,insufficient,false,0.339213,0.994308,0.000000,false,true,synthetic-album-0|synthetic-album-1|synthetic-album-11|synthetic-album-2|synthetic-album-3|synthetic-album-4|synthetic-album-6|synthetic-album-7|synthetic-album-8|synthetic-album-9,0.057415591 0.090396191 0.139566669 0.213572713 0.073905916 0.123076393 0.139466558 0.172347014 0.008445418 0.033180872 0.131421698 0.172246903 0.032780328 0.073505372 0.081850662 0.147311160 0.081750519 0.098240826 0.114530832 0.147311160 0.114330592 0.138965812 0.138965903 0.147211049
4,linear-control,59,2,61,0.605329,insufficient,false,0.338856,0.994308,0.000000,false,true,synthetic-album-0|synthetic-album-1|synthetic-album-11|synthetic-album-2|synthetic-album-3|synthetic-album-4|synthetic-album-6|synthetic-album-7|synthetic-album-8|synthetic-album-9,0.042756218 0.085612596 0.135131578 0.220443792 0.079050134 0.128168577 0.135031467 0.177787702 0.042656107 0.059262573 0.154518632 0.177687591 0.039374869 0.062443668 0.085512485 0.141393675 0.085412342 0.095256059 0.102018806 0.141393675 0.101818568 0.118324800 0.118324891 0.141293564
4,linear-control,60,2,61,0.605351,insufficient,false,0.338684,0.994308,0.000000,false,true,synthetic-album-0|synthetic-album-1|synthetic-album-11|synthetic-album-2|synthetic-album-3|synthetic-album-4|synthetic-album-6|synthetic-album-7|synthetic-album-8|synthetic-album-9,0.016400453 0.072850407 0.137150010 0.201950500 0.064600163 0.128999966 0.137049899 0.193399711 0.016300343 0.056149574 0.152949630 0.193299601 0.032400253 0.072650064 0.072750296 0.137150100 0.072650154 0.096800056 0.104749847 0.137150100 0.104549609 0.136549160 0.137049899 0.137049989
4,linear-control,61,2,61,0.609530,insufficient,false,0.337944,0.994308,0.000000,false,true,synthetic-album-0|synthetic-album-1|synthetic-album-11|synthetic-album-2|synthetic-album-3|synthetic-album-4|synthetic-album-6|synthetic-album-7|synthetic-album-8|synthetic-album-9,0.016858739 0.073121188 0.134969793 0.202554850 0.067484944 0.129083288 0.134869696 0.191032019 0.016758642 0.050626205 0.151578235 0.190931922 0.033667404 0.072920885 0.073021091 0.140305717 0.072920965 0.100952030 0.106638313 0.140305717 0.101102259 0.134719481 0.134869696 0.134869776
4,linear-control,62,2,61,0.609530,insufficient,false,0.337944,0.994308,0.000000,false,true,synthetic-album-0|synthetic-album-1|synthetic-album-11|synthetic-album-2|synthetic-album-3|synthetic-album-4|synthetic-album-6|synthetic-album-7|synthetic-album-8|synthetic-album-9,0.017277488 0.073704481 0.134325657 0.203635719 0.069209950 0.129831126 0.134225560 0.190552427 0.017177391 0.051932462 0.151502984 0.190452330 0.034655038 0.069410029 0.073604384 0.138519868 0.069109838 0.099570522 0.103864830 0.138519868 0.099570614 0.134225480 0.134225560 0.138319789
4,linear-control,63,2,61,0.609530,insufficient,false,0.337944,0.994308,0.000000,false,false,synthetic-album-0|synthetic-album-1|synthetic-album-10|synthetic-album-11|synthetic-album-2|synthetic-album-3|synthetic-album-4|synthetic-album-6|synthetic-album-7|synthetic-album-9,0.000400458 0.111333567 0.139192005 0.222767275 0.083475159 0.111333596 0.139091908 0.222466928 0.000300361 0.111133346 0.194308171 0.222066483 0.027658200 0.055216263 0.055416513 0.110933137 0.055316388 0.083174825 0.083274936 0.110933137 0.000000056 0.000000135 0.110732915 0.110833040
4,linear-control,64,2,63,0.634593,insufficient,false,0.324108,0.993808,0.000000,false,true,synthetic-album-0|synthetic-album-1|synthetic-album-11|synthetic-album-2|synthetic-album-3|synthetic-album-4|synthetic-album-6|synthetic-album-7|synthetic-album-8|synthetic-album-9,0.015531627 0.072681008 0.134807336 0.202311162 0.067403715 0.129530043 0.134707240 0.191756496 0.015431531 0.051872088 0.155315888 0.191656400 0.036240400 0.072480708 0.072580911 0.139784312 0.072480787 0.103443800 0.103543912 0.139784312 0.098366807 0.098366886 0.134707240 0.134707318
4,linear-control,65,2,63,0.634855,insufficient,false,0.323235,0.993808,0.000000,false,false,synthetic-album-0|synthetic-album-10|synthetic-album-11|synthetic-album-2|synthetic-album-3|synthetic-album-4|synthetic-album-6|synthetic-album-7|synthetic-album-8|synthetic-album-9,0.000300409 0.083667095 0.125400513 0.208667074 0.083166450 0.124899869 0.125300417 0.208566978 0.000200313 0.083466875 0.166833588 0.208466882 0.041332870 0.082865962 0.082966165 0.125000008 0.082866041 0.083366713 0.083667137 0.125000008 0.082866069 0.083567041 0.124298971 0.124299050
4,linear-control,66,2,64,0.635273,insufficient,false,0.321876,0.993808,0.000000,false,false,synthetic-album-0|synthetic-album-10|synthetic-album-11|synthetic-album-2|synthetic-album-3|synthetic-album-4|synthetic-album-6|synthetic-album-7|synthetic-album-8|synthetic-album-9,0.000400453 0.091091109 0.151718390 0.212445810 0.060527171 0.121254591 0.151618294 0.212145467 0.000300358 0.090890889 0.151418075 0.212045372 0.030363717 0.090790766 0.090991013 0.121154482 0.060326939 0.060527186 0.090790766 0.121154482 0.030463855 0.060827558 0.120954263 0.121054386
4,linear-control,67,2,64,0.637839,insufficient,false,0.319907,0.993510,0.000000,false,true,synthetic-album-0|synthetic-album-1|synthetic-album-11|synthetic-album-2|synthetic-album-3|synthetic-album-4|synthetic-album-6|synthetic-album-7|synthetic-album-8|synthetic-album-9,0.041105931 0.082311985 0.178214671 0.246802447 0.068487678 0.123217734 0.178114586 0.219220530 0.041005846 0.068521033 0.150566137 0.191738779 0.027315048 0.054830166 0.068487690 0.123217746 0.068387580 0.082045104 0.095902698 0.123217746 0.068387605 0.095802613 0.095802682 0.095802751
4,linear-control,68,2,65,0.647990,insufficient,false,0.312600,0.993508,0.000000,false,true,synthetic-album-0|synthetic-album-1|synthetic-album-11|synthetic-album-2|synthetic-album-3|synthetic-album-4|synthetic-album-6|synthetic-album-7|synthetic-album-8|synthetic-album-9,0.027246137 0.108283934 0.135429981 0.243413649 0.081037791 0.135029622 0.135329904 0.216267601 0.027146060 0.108083757 0.189021465 0.216167524 0.026945877 0.027146066 0.054091936 0.108083767 0.053991837 0.080937708 0.081137891 0.108083767 0.080937724 0.081037813 0.081137919 0.107983690
4,linear-control,69,2,65,0.654925,insufficient,false,0.308179,0.993508,0.000000,false,false,synthetic-album-0|synthetic-album-1|synthetic-album-10|synthetic-album-11|synthetic-album-2|synthetic-album-3|synthetic-album-4|synthetic-album-6|synthetic-album-7|synthetic-album-9,0.031371962 0.124887391 0.156259374 0.265510830 0.109151375 0.140523357 0.156159303 0.234238950 0.031271891 0.124687229 0.187331103 0.218602995 0.015736037 0.031271891 0.047007928 0.093915765 0.046907837 0.062643874 0.078179728 0.093915765 0.000400357 0.015836120 0.093715603 0.093815695
4,linear-control,70,2,65,0.654925,insufficient,false,0.308179,0.993508,0.000000,false,true,synthetic-album-0|synthetic-album-1|synthetic-album-11|synthetic-album-2|synthetic-album-3|synthetic-album-4|synthetic-album-6|synthetic-album-7|synthetic-album-8|synthetic-album-9,0.032717461 0.119630471 0.130669738 0.239361038 0.076173981 0.119630490 0.130569673 0.217382598 0.032617395 0.108591233 0.184665138 0.217282532 0.021778297 0.032617395 0.054395692 0.108691299 0.054295607 0.076073904 0.086913002 0.108691299 0.086712860 0.086812936 0.086913021 0.108591233
4,linear-control,71,2,66,0.655656,insufficient,false,0.307202,0.993509,0.000000,false,true,synthetic-album-0|synthetic-album-1|synthetic-album-11|synthetic-album-2|synthetic-album-3|synthetic-album-4|synthetic-album-6|synthetic-album-7|synthetic-album-8|synthetic-album-9,0.029567785 0.117670642 0.147238446 0.235541393 0.088202871 0.117770675 0.147138380 0.206073684 0.029467719 0.088403104 0.176505899 0.205973618 0.029367580 0.029467719 0.058835299 0.117570514 0.058735215 0.088102795 0.088202933 0.117570514 0.087802621 0.087802675 0.088002782 0.117270277
4,linear-control,72,2,66,0.656765,insufficient,false,0.305372,0.993509,0.000000,false,true,synthetic-album-0|synthetic-album-1|synthetic-album-11|synthetic-album-2|synthetic-album-3|synthetic-album-4|synthetic-album-6|synthetic-album-7|synthetic-album-8|synthetic-album-9,0.027210976 0.108243357 0.148759537 0.243397402 0.094537789 0.135053969 0.148659472 0.216286554 0.027110911 0.108043207 0.189075578 0.216186488 0.027010772 0.027110911 0.054121683 0.108143281 0.054021598 0.081032371 0.081132509 0.108143281 0.026910697 0.026910750 0.080932305 0.107842993
4,linear-control,73,2,66,0.656791,insufficient,false,0.305372,0.993508,0.000000,false,true,synthetic-album-0|synthetic-album-1|synthetic-album-11|synthetic-album-2|synthetic-album-3|synthetic-album-4|synthetic-album-6|synthetic-album-7|synthetic-album-8|synthetic-album-9,0.028333953 0.098818498 0.155086050 0.239687503 0.084501378 0.140768930 0.154985985 0.225370446 0.028233887 0.098618348 0.183019650 0.211253537 0.028133750 0.028233887 0.056367637 0.112635189 0.056267553 0.084401302 0.084501440 0.112635189 0.070184310 0.070184363 0.070384470 0.098418135
4,linear-control,74,2,66,0.656791,insufficient,false,0.305372,0.993509,0.000000,false,true,synthetic-album-0|synthetic-album-1|synthetic-album-11|synthetic-album-2|synthetic-album-3|synthetic-album-4|synthetic-album-6|synthetic-album-7|synthetic-album-8|synthetic-album-9,0.028333952 0.098818497 0.155086050 0.239687503 0.084501378 0.140768930 0.154985985 0.225370445 0.028233887 0.098618348 0.183019650 0.211253537 0.028133750 0.028233887 0.056367637 0.112635190 0.056267553 0.084401302 0.084501440 0.112635190 0.070184310 0.070184363 0.070384470 0.098418135
4,linear-control,75,2,66,0.656791,insufficient,false,0.305372,0.993508,0.000000,false,true,synthetic-album-0|synthetic-album-1|synthetic-album-11|synthetic-album-2|synthetic-album-3|synthetic-album-4|synthetic-album-6|synthetic-album-7|synthetic-album-8|synthetic-album-9,0.035842942 0.130957125 0.143071580 0.262014345 0.083400048 0.130957144 0.142971515 0.226271478 0.035742876 0.047657216 0.130957189 0.166700065 0.023828590 0.035742876 0.059571467 0.119042849 0.059471383 0.083299973 0.095214259 0.119042849 0.071385652 0.083199854 0.083199908 0.106928414
4,linear-control,76,2,66,0.659456,insufficient,false,0.304786,0.993309,0.000000,false,true,synthetic-album-0|synthetic-album-1|synthetic-album-11|synthetic-album-2|synthetic-album-3|synthetic-album-4|synthetic-album-6|synthetic-album-7|synthetic-album-8|synthetic-album-9,0.039335371 0.137223486 0.195976370 0.274547066 0.078470621 0.137223505 0.195876305 0.235311770 0.039235306 0.039535549 0.117906095 0.157141401 0.019617662 0.039235306 0.058852968 0.117605852 0.058752884 0.078370546 0.097988190 0.117605852 0.078070322 0.078270428 0.078270481 0.097788059
4,linear-control,77,2,66,0.659456,insufficient,false,0.304786,0.993309,-0.000000,false,true,synthetic-album-0|synthetic-album-1|synthetic-album-11|synthetic-album-2|synthetic-album-3|synthetic-album-4|synthetic-album-6|synthetic-album-7|synthetic-album-8|synthetic-album-9,0.040863280 0.122589932 0.143071623 0.245279895 0.081726590 0.122589889 0.142971497 0.224598064 0.040763215 0.061044792 0.142671307 0.183434523 0.020481691 0.040763215 0.061244907 0.122389730 0.061144823 0.081626515 0.101908039 0.122389730 0.061344957 0.081526397 0.081526450 0.101908058
4,linear-control,78,2,66,0.659456,insufficient,false,0.304786,0.993309,0.000000,false,true,synthetic-album-0|synthetic-album-1|synthetic-album-11|synthetic-album-2|synthetic-album-3|synthetic-album-4|synthetic-album-6|synthetic-album-7|synthetic-album-8|synthetic-album-9,0.042835657 0.128607170 0.143085855 0.271392802 0.085771443 0.128607189 0.142985790 0.228657220 0.028657242 0.042935821 0.128607189 0.157264431 0.028557105 0.028657242 0.057214347 0.114328610 0.057114263 0.085671369 0.085771505 0.114328610 0.085371146 0.085371198 0.085571304 0.114028326
4,linear-control,79,2,66,0.659456,insufficient,false,0.304786,0.993309,0.000000,false,true,synthetic-album-0|synthetic-album-1|synthetic-album-11|synthetic-album-2|synthetic-album-3|synthetic-album-4|synthetic-album-6|synthetic-album-7|synthetic-album-8|synthetic-album-9,0.040863288 0.122589892 0.143071587 0.245279878 0.081726604 0.122589911 0.142971523 0.224598044 0.040763223 0.061044743 0.142671273 0.183434496 0.020481695 0.040763223 0.061244918 0.122389753 0.061144835 0.081626530 0.101908058 0.122389753 0.061345029 0.081526413 0.081526465 0.101908077
4,linear-control,80,2,66,0.659456,insufficient,false,0.304786,0.993309,-0.000000,false,true,synthetic-album-0|synthetic-album-1|synthetic-album-11|synthetic-album-2|synthetic-album-3|synthetic-album-4|synthetic-album-6|synthetic-album-7|synthetic-album-8|synthetic-album-9,0.030781790 0.112432787 0.153208275 0.245153245 0.091844896 0.132620383 0.153108210 0.234659124 0.030681725 0.040875562 0.132620383 0.163302109 0.030581590 0.030681725 0.061263315 0.122426546 0.061163232 0.091744821 0.091844957 0.122426546 0.081350765 0.081350818 0.081550923 0.112032429
4,linear-control,81,2,66,0.659456,insufficient,false,0.304786,0.993309,-0.000000,false,true,synthetic-album-0|synthetic-album-1|synthetic-album-11|synthetic-album-2|synthetic-album-3|synthetic-album-4|synthetic-album-6|synthetic-album-7|synthetic-album-8|synthetic-album-9,0.030781789 0.112432787 0.153208275 0.245153244 0.091844896 0.132620383 0.153108210 0.234659125 0.030681725 0.040875562 0.132620383 0.163302108 0.030581590 0.030681725 0.061263315 0.122426546 0.061163232 0.091744821 0.091844957 0.122426546 0.071457169 0.071457222 0.081550923 0.112032430
4,linear-control,82,2,66,0.659456,insufficient,false,0.304786,0.993309,0.000000,false,true,synthetic-album-0|synthetic-album-1|synthetic-album-11|synthetic-album-2|synthetic-album-3|synthetic-album-4|synthetic-album-6|synthetic-album-7|synthetic-album-8|synthetic-album-9,0.030781789 0.112432786 0.153208274 0.245153244 0.091844896 0.132620383 0.153108210 0.234659125 0.030681725 0.040875562 0.132620383 0.163302108 0.030581590 0.030681725 0.061263315 0.122426546 0.061163232 0.091744821 0.091844957 0.122426546 0.081350766 0.081350819 0.081550923 0.112032430
4,linear-control,83,2,66,0.659456,insufficient,false,0.304786,0.993309,-0.000000,false,true,synthetic-album-0|synthetic-album-1|synthetic-album-11|synthetic-album-2|synthetic-album-3|synthetic-album-4|synthetic-album-6|synthetic-album-7|synthetic-album-8|synthetic-album-9,0.038611642 0.128338557 0.166950219 0.269480957 0.102430664 0.141042325 0.166850154 0.256476987 0.038511578 0.089826998 0.153846157 0.192357736 0.012803832 0.038511578 0.051315410 0.102530738 0.051215328 0.064019160 0.089726906 0.102530738 0.012703759 0.038311423 0.063919096 0.076622845
4,linear-control,84,2,68,0.678568,insufficient,false,0.290188,0.993309,-0.000000,false,true,synthetic-album-0|synthetic-album-1|synthetic-album-11|synthetic-album-2|synthetic-album-3|synthetic-album-4|synthetic-album-6|synthetic-album-7|synthetic-album-8|synthetic-album-9,0.038021542 0.114064654 0.152086214 0.240869892 0.088683605 0.126705165 0.151986150 0.227929179 0.037921478 0.050461879 0.139045410 0.176966888 0.025381068 0.037921478 0.063302546 0.126505009 0.063202463 0.088583531 0.101123941 0.126505009 0.063502719 0.063502771 0.075943038 0.101224023
4,linear-control,85,2,68,0.679567,insufficient,false,0.289625,0.993308,0.000000,false,true,synthetic-album-0|synthetic-album-1|synthetic-album-11|synthetic-album-2|synthetic-album-3|synthetic-album-4|synthetic-album-6|synthetic-album-7|synthetic-album-8|synthetic-album-9,0.031681537 0.125125075 0.156706619 0.250550405 0.093543601 0.125125093 0.156606555 0.218968941 0.031381327 0.031681566 0.125125093 0.156506421 0.031081141 0.031381327 0.062462469 0.124824855 0.062362386 0.093443528 0.093743714 0.124824855 0.093143308 0.093343412 0.093343464 0.124324523
4,linear-control,86,2,68,0.679567,insufficient,false,0.289625,0.993308,0.000000,false,true,synthetic-album-0|synthetic-album-1|synthetic-album-11|synthetic-album-2|synthetic-album-3|synthetic-album-4|synthetic-album-6|synthetic-album-7|synthetic-album-8|synthetic-album-9,0.058852943 0.117805987 0.176759035 0.235712065 0.058852957 0.117806005 0.176658971 0.235511933 0.058752879 0.117605841 0.176358725 0.235111604 0.000300251 0.058752879 0.059053130 0.117505763 0.058452633 0.058752884 0.117205512 0.117505763 0.000300222 0.058652768 0.058652820 0.058652872
4,linear-control,87,2,68,0.681501,insufficient,false,0.279396,0.992614,-0.000000,false,true,synthetic-album-0|synthetic-album-1|synthetic-album-11|synthetic-album-2|synthetic-album-3|synthetic-album-4|synthetic-album-6|synthetic-album-7|synthetic-album-8|synthetic-album-9,0.055611134 0.111322361 0.167033588 0.222744807 0.055611151 0.111322378 0.166933529 0.222544680 0.055511074 0.111122225 0.166633300 0.222144374 0.055210902 0.055511074 0.110721976 0.111022149 0.000300173 0.055511074 0.055811247 0.111022149 0.055210871 0.055410967 0.055411015 0.110521840
4,linear-control,88,2,69,0.686948,insufficient,false,0.271405,0.992416,0.000000,false,true,synthetic-album-0|synthetic-album-1|synthetic-album-11|synthetic-album-2|synthetic-album-3|synthetic-album-4|synthetic-album-6|synthetic-album-7|synthetic-album-8|synthetic-album-9,0.050115066 0.100330212 0.200060035 0.250275165 0.050115066 0.149844889 0.199859907 0.249974982 0.050015011 0.100030022 0.150045032 0.200060043 0.049814883 0.050015011 0.099829894 0.100030022 0.000200128 0.050015011 0.050215139 0.100030022 0.049514693 0.049614749 0.049914956 0.099629767
4,linear-control,89,2,69,0.687477,insufficient,false,0.271399,0.992410,-0.000000,false,true,synthetic-album-0|synthetic-album-1|synthetic-album-11|synthetic-album-2|synthetic-album-3|synthetic-album-4|synthetic-album-6|synthetic-album-7|synthetic-album-8|synthetic-album-9,0.054108137 0.135070210 0.189378498 0.243586698 0.054108137 0.108416424 0.162624640 0.243486643 0.054008081 0.108016163 0.162024240 0.216032317 0.027054088 0.054008081 0.081062165 0.108016154 0.026953993 0.054008077 0.080962066 0.108016154 0.000000032 0.000000077 0.053908022 0.080862034
4,linear-control,90,2,69,0.688324,insufficient,false,0.270087,0.992409,-0.000000,false,true,synthetic-album-0|synthetic-album-1|synthetic-album-11|synthetic-album-2|synthetic-album-3|synthetic-album-4|synthetic-album-6|synthetic-album-7|synthetic-album-8|synthetic-album-9,0.054137882 0.108375851 0.189232446 0.243570478 0.054137891 0.135094564 0.189132390 0.243270288 0.054037827 0.108075654 0.162113481 0.216151308 0.027018917 0.054037827 0.081056744 0.108075654 0.027018910 0.054037827 0.081056737 0.108075654 0.053737637 0.053737682 0.053937772 0.080856618
5,front-loaded,1,2,10,0.104833,insufficient,false,0.916588,1.000000,0.000000,false,false,synthetic-album-0|synthetic-album-11|synthetic-album-12|synthetic-album-2|synthetic-album-3|synthetic-album-4|synthetic-album-6|synthetic-album-7|synthetic-album-8|synthetic-album-9,0.000001000 0.500037552 0.500038967 0.500040381 0.000001000 0.499935820 0.499937234 0.499938649 0.000001000 0.000002414 0.000003828 0.000005243 0.000001000 0.000002414 0.000003828 0.000005243 0.000001000 0.000002414 0.000003828 0.000005243 0.000001000 0.000002414 0.000003828 0.000005243
5,front-loaded,2,2,14,0.144512,insufficient,false,0.833263,1.000000,0.000000,false,false,synthetic-album-0|synthetic-album-10|synthetic-album-11|synthetic-album-2|synthetic-album-3|synthetic-album-4|synthetic-album-6|synthetic-album-7|synthetic-album-8|synthetic-album-9,0.000000707 0.000001707 0.000002707 0.333397109 0.000000707 0.333293885 0.333294885 0.333295885 0.000000707 0.333293885 0.333294885 0.333295885 0.000000707 0.000001707 0.000002707 0.000003707 0.000000707 0.000001707 0.000002707 0.000003707 0.000000707 0.000001707 0.000002707 0.000003707
5,front-loaded,3,2,19,0.194507,insufficient,false,0.749938,1.000000,0.000000,false,true,synthetic-album-0|synthetic-album-1|synthetic-album-11|synthetic-album-2|synthetic-album-3|synthetic-album-4|synthetic-album-6|synthetic-album-7|synthetic-album-8|synthetic-album-9,0.000000577 0.000001394 0.000002210 0.250074237 0.000000577 0.249971604 0.249972420 0.249973237 0.000000577 0.000001394 0.000002210 0.249973237 0.000000577 0.000001394 0.000002210 0.249973237 0.000000577 0.000001394 0.000002210 0.000003027 0.000000577 0.000001394 0.000002210 0.000003027
5,front-loaded,4,2,27,0.271880,insufficient,false,0.666613,1.000000,0.000000,false,true,synthetic-album-0|synthetic-album-1|synthetic-album-11|synthetic-album-2|synthetic-album-3|synthetic-album-4|synthetic-album-6|synthetic-album-7|synthetic-album-8|synthetic-album-9,0.000000500 0.000001207 0.000001914 0.250074339 0.000000500 0.000001207 0.000001914 0.000002621 0.000000500 0.249972059 0.249972766 0.249973473 0.000000500 0.249972059 0.249972766 0.249973473 0.000000500 0.000001207 0.000001914 0.249973473 0.000000500 0.000001207 0.000001914 0.000002621
5,front-loaded,5,2,34,0.342666,insufficient,false,0.576344,1.000000,0.000000,false,false,synthetic-album-0|synthetic-album-1|synthetic-album-10|synthetic-album-11|synthetic-album-2|synthetic-album-3|synthetic-album-4|synthetic-album-6|synthetic-album-7|synthetic-album-8,0.000000447 0.000001080 0.000001712 0.200080151 0.000000447 0.000001080 0.000001712 0.000002345 0.000000447 0.199978111 0.199978744 0.199979376 0.000000447 0.199978111 0.199978744 0.199979376 0.000000447 0.000001080 0.000001712 0.199979376 0.000000447 0.199978111 0.199978744 0.199979376
5,front-loaded,6,2,37,0.370092,insufficient,false,0.548512,0.999901,0.000000,false,false,synthetic-album-0|synthetic-album-10|synthetic-album-11|synthetic-album-2|synthetic-album-3|synthetic-album-4|synthetic-album-6|synthetic-album-7|synthetic-album-8|synthetic-album-9,0.000000408 0.000000986 0.000001563 0.166767374 0.000000408 0.000000986 0.166666089 0.166666667 0.000000408 0.166564805 0.166565382 0.166565960 0.000000408 0.166665512 0.166666089 0.166666667 0.000000408 0.000000986 0.000001563 0.166666667 0.000000408 0.166665512 0.166666089 0.166666667
5,front-loaded,7,2,39,0.389779,insufficient,false,0.520733,0.999900,0.000000,false,false,synthetic-album-0|synthetic-album-1|synthetic-album-10|synthetic-album-11|synthetic-album-3|synthetic-album-4|synthetic-album-6|synthetic-album-7|synthetic-album-8|synthetic-album-9,0.000000378 0.000000912 0.000001447 0.166784097 0.000000378 0.000000912 0.000001447 0.166683442 0.000000378 0.166581719 0.166582253 0.166582788 0.000000378 0.000000912 0.000001447 0.166582788 0.000000378 0.000000912 0.000001447 0.166683442 0.000000378 0.166682373 0.166682908 0.166683442
5,front-loaded,8,2,40,0.403754,insufficient,false,0.492955,0.999900,0.000000,false,false,synthetic-album-0|synthetic-album-1|synthetic-album-10|synthetic-album-11|synthetic-album-3|synthetic-album-4|synthetic-album-6|synthetic-album-7|synthetic-album-8|synthetic-album-9,0.000000354 0.000000854 0.000001354 0.166800816 0.000000354 0.000000854 0.000001354 0.166700204 0.000000354 0.166598592 0.166599092 0.166599592 0.000000354 0.000000854 0.000001354 0.166599592 0.000000354 0.166598592 0.166599092 0.166599592 0.000000354 0.000000854 0.166699704 0.166700204
5,front-loaded,9,2,41,0.406618,insufficient,false,0.465176,0.999900,0.000000,false,true,synthetic-album-0|synthetic-album-1|synthetic-album-11|synthetic-album-2|synthetic-album-3|synthetic-album-4|synthetic-album-6|synthetic-album-7|synthetic-album-8|synthetic-album-9,0.000000333 0.000000805 0.000001276 0.166817533 0.000000333 0.000000805 0.000001276 0.166716955 0.000000333 0.000000805 0.166615907 0.166616378 0.000000333 0.000000805 0.000001276 0.166616378 0.000000333 0.166615435 0.166615907 0.166616378 0.000000333 0.166615435 0.166615907 0.166616378
5,front-loaded,10,2,42,0.422569,insufficient,false,0.451218,0.999702,0.000000,false,true,synthetic-album-0|synthetic-album-1|synthetic-album-11|synthetic-album-2|synthetic-album-3|synthetic-album-4|synthetic-album-6|synthetic-album-7|synthetic-album-8|synthetic-album-9,0.000000316 0.000000763 0.000001211 0.166834246 0.000000316 0.000000763 0.000001211 0.166733698 0.000000316 0.000000763 0.166632704 0.166633151 0.000000316 0.166531709 0.166532156 0.166532603 0.000000316 0.166632256 0.166632704 0.166633151 0.000000316 0.000000763 0.000001211 0.166633151
5,front-loaded,11,2,44,0.439636,insufficient,false,0.437325,0.999701,0.000000,false,true,synthetic-album-0|synthetic-album-1|synthetic-album-11|synthetic-album-2|synthetic-album-3|synthetic-album-4|synthetic-album-6|synthetic-album-7|synthetic-album-8|synthetic-album-9,0.000000302 0.000000728 0.000001154 0.166850957 0.000000302 0.000000728 0.000001154 0.166750435 0.000000302 0.000000728 0.166649487 0.166649913 0.000000302 0.000000728 0.000001154 0.166549391 0.000000302 0.166548538 0.166548964 0.166549391 0.000000302 0.000000728 0.000001154 0.166649913
5,front-loaded,12,2,46,0.456778,insufficient,false,0.423433,0.999701,0.000000,false,true,synthetic-album-0|synthetic-album-1|synthetic-album-11|synthetic-album-2|synthetic-album-3|synthetic-album-4|synthetic-album-6|synthetic-album-7|synthetic-album-8|synthetic-album-9,0.000000289 0.000000697 0.000001105 0.166867667 0.000000289 0.000000697 0.000001105 0.166767167 0.000000289 0.000000697 0.000001105 0.166666667 0.000000289 0.000000697 0.000001105 0.166566167 0.000000289 0.166565350 0.166565758 0.166566167 0.000000289 0.000000697 0.000001105 0.166566167
5,front-loaded,13,2,48,0.475577,insufficient,false,0.406776,0.999701,0.000000,false,true,synthetic-album-0|synthetic-album-1|synthetic-album-11|synthetic-album-2|synthetic-album-3|synthetic-album-4|synthetic-album-6|synthetic-album-7|synthetic-album-8|synthetic-album-9,0.000000187 0.000000452 0.000000717 0.166867316 0.000000187 0.000000452 0.000000717 0.166766991 0.000000187 0.000000452 0.000000717 0.166666667 0.000000187 0.000000452 0.000000717 0.166566342 0.000000187 0.000000452 0.166566077 0.166566342 0.000000187 0.000000452 0.000000717 0.166566342
5,front-loaded,14,2,48,0.479679,insufficient,false,0.392762,0.999304,0.000000,false,true,synthetic-album-0|synthetic-album-1|synthetic-album-11|synthetic-album-2|synthetic-album-3|synthetic-album-4|synthetic-album-6|synthetic-album-7|synthetic-album-8|synthetic-album-9,0.000000183 0.000000441 0.000000699 0.166884019 0.000000183 0.000000441 0.000000699 0.166783703 0.000000183 0.000000441 0.000000699 0.166683386 0.000000183 0.000000441 0.000000699 0.166583070 0.000000183 0.000000441 0.166582811 0.166583070 0.000000183 0.000000441 0.000000699 0.166482753
5,front-loaded,15,2,48,0.479680,insufficient,false,0.392762,0.999302,0.000000,false,true,synthetic-album-0|synthetic-album-1|synthetic-album-11|synthetic-album-2|synthetic-album-3|synthetic-album-4|synthetic-album-6|synthetic-album-7|synthetic-album-8|synthetic-album-9,0.000000178 0.000000431 0.000000683 0.166884003 0.000000178 0.000000431 0.000000683 0.166783694 0.000000178 0.000000431 0.000000683 0.166683385 0.000000178 0.000000431 0.000000683 0.166583076 0.000000178 0.000000431 0.000000683 0.166583076 0.000000178 0.000000431 0.000000683 0.166482767
5,front-loaded,16,2,48,0.481920,insufficient,false,0.392749,0.999203,0.000000,false,true,synthetic-album-0|synthetic-album-1|synthetic-album-11|synthetic-album-2|synthetic-album-3|synthetic-album-4|synthetic-album-6|synthetic-album-7|synthetic-album-8|synthetic-album-9,0.000000174 0.000000421 0.000101058 0.166883988 0.000000174 0.000000421 0.000000668 0.166783686 0.000000174 0.000000421 0.000000668 0.166683384 0.000000174 0.000000421 0.000000668 0.166583082 0.000000174 0.000000421 0.000000668 0.166583082 0.000000174 0.000000421 0.166482533 0.166482779
5,front-loaded,17,2,48,0.481938,insufficient,false,0.392737,0.999103,0.000000,false,true,synthetic-album-0|synthetic-album-1|synthetic-album-11|synthetic-album-2|synthetic-album-3|synthetic-album-4|synthetic-album-6|synthetic-album-7|synthetic-album-8|synthetic-album-9,0.000000171 0.000100794 0.166883733 0.166883974 0.000000171 0.000000412 0.166682969 0.166783678 0.000000171 0.000000412 0.000000654 0.166683383 0.000000171 0.166582604 0.166582845 0.166583087 0.000000171 0.166582604 0.166582845 0.166583087 0.000000171 0.166482308 0.166482549 0.166482791
5,front-loaded,18,2,48,0.481956,insufficient,false,0.392724,0.999003,0.000000,false,false,synthetic-album-0|synthetic-album-1|synthetic-album-12|synthetic-album-2|synthetic-album-3|synthetic-album-4|synthetic-album-6|synthetic-album-7|synthetic-album-8|synthetic-album-9,0.000000167 0.000100778 0.000201389 0.166883961 0.000000167 0.000000404 0.000000641 0.166783672 0.000000167 0.000000404 0.000000641 0.166683382 0.000000167 0.000000404 0.166582602 0.166583092 0.000000167 0.000000404 0.000000641 0.166583092 0.000000167 0.000000404 0.000000641 0.166482802
5,front-loaded,19,2,48,0.481986,insufficient,false,0.392712,0.999003,0.000000,false,false,synthetic-album-0|synthetic-album-10|synthetic-album-11|synthetic-album-12|synthetic-album-2|synthetic-album-3|synthetic-album-4|synthetic-album-6|synthetic-album-7|synthetic-album-8,0.000000164 0.166682751 0.166783350 0.166883949 0.166682601 0.166783201 0.166783433 0.166783665 0.000000164 0.166582384 0.166582616 0.166683381 0.000000164 0.000000396 0.000000629 0.166583096 0.000000164 0.000000396 0.000000629 0.166583096 0.000000164 0.166482348 0.166482580 0.166482812
5,front-loaded,20,2,48,0.482035,insufficient,false,0.392687,0.998903,0.000000,false,false,synthetic-album-0|synthetic-album-10|synthetic-album-11|synthetic-album-12|synthetic-album-2|synthetic-album-3|synthetic-album-4|synthetic-album-6|synthetic-album-7|synthetic-album-8,0.000000161 0.166582401 0.166783350 0.166883938 0.166582254 0.166682843 0.166783431 0.166783659 0.000000161 0.166482041 0.166482269 0.166683380 0.000000161 0.000000389 0.000000617 0.166583101 0.000000161 0.000000389 0.000000617 0.166583101 0.000000161 0.166482366 0.166482594 0.166482822
5,front-loaded,21,2,48,0.483004,insufficient,false,0.392674,0.998903,0.000000,false,true,synthetic-album-0|synthetic-album-1|synthetic-album-11|synthetic-album-2|synthetic-album-3|synthetic-album-4|synthetic-album-6|synthetic-album-7|synthetic-album-8|synthetic-album-9,0.000000158 0.000100736 0.166783350 0.166883928 0.000100592 0.000201170 0.166783429 0.166783653 0.000000158 0.000000382 0.000100960 0.166683379 0.000000158 0.000000382 0.000000606 0.166583105 0.000000158 0.000000382 0.166482287 0.166583105 0.000000158 0.000000382 0.000000606 0.166482830
5,front-loaded,22,2,48,0.483037,insufficient,false,0.392662,0.998903,0.000000,false,false,synthetic-album-1|synthetic-album-10|synthetic-album-11|synthetic-album-2|synthetic-album-3|synthetic-album-4|synthetic-album-6|synthetic-album-7|synthetic-album-8|synthetic-album-9,0.000000156 0.166582433 0.166783349 0.166883918 0.166481943 0.166582511 0.166683080 0.166783648 0.000100661 0.166582590 0.166683158 0.166683378 0.000000156 0.000000376 0.000000596 0.166583109 0.000000156 0.000000376 0.000000596 0.166583109 0.166482178 0.166482399 0.166482619 0.166482839
5,front-loaded,23,2,48,0.483055,insufficient,false,0.392649,0.998902,0.000000,false,false,synthetic-album-0|synthetic-album-1|synthetic-album-10|synthetic-album-11|synthetic-album-2|synthetic-album-3|synthetic-album-4|synthetic-album-6|synthetic-album-7|synthetic-album-8,0.000000153 0.000100712 0.000301614 0.166883908 0.166481965 0.166582525 0.166683084 0.166783643 0.000000153 0.000000370 0.000101083 0.166683378 0.000000153 0.000000370 0.166482321 0.166583112 0.000000153 0.000000370 0.000000586 0.166583112 0.000000153 0.166482414 0.166482630 0.166482847
5,front-loaded,24,2,49,0.489260,insufficient,false,0.392637,0.998802,0.000000,false,true,synthetic-album-0|synthetic-album-1|synthetic-album-11|synthetic-album-2|synthetic-album-3|synthetic-album-4|synthetic-album-6|synthetic-album-7|synthetic-album-8|synthetic-album-9,0.000000151 0.083391826 0.166783349 0.166883899 0.000100564 0.000201115 0.083492300 0.166783638 0.000000151 0.083291489 0.166582826 0.166683377 0.000000151 0.000000364 0.000000577 0.166583116 0.000000151 0.083191151 0.166382000 0.166583116 0.166482215 0.166482428 0.166482641 0.166482854
5,front-loaded,25,2,49,0.491184,insufficient,false,0.392620,0.998702,0.000000,false,true,synthetic-album-0|synthetic-album-1|synthetic-album-11|synthetic-album-2|synthetic-album-3|synthetic-album-4|synthetic-album-6|synthetic-album-7|synthetic-album-8|synthetic-album-9,0.000100406 0.083492081 0.166783349 0.166883891 0.000200813 0.000301355 0.083492291 0.166783633 0.000000149 0.083291491 0.166582834 0.166683376 0.000000149 0.000000359 0.000000569 0.166583119 0.000000149 0.083191159 0.166281763 0.166583119 0.000000149 0.000000359 0.000000569 0.166482862
5,front-loaded,26,2,49,0.491263,insufficient,false,0.392574,0.998603,0.000000,false,true,synthetic-album-0|synthetic-album-1|synthetic-album-11|synthetic-album-2|synthetic-album-3|synthetic-album-4|synthetic-album-6|synthetic-album-7|synthetic-album-8|synthetic-album-9,0.000100400 0.083492075 0.166783348 0.166883883 0.000100474 0.000301335 0.083492282 0.166783629 0.000000146 0.083291494 0.166582841 0.166683376 0.000000146 0.000100681 0.000100888 0.166583122 0.000000146 0.083191166 0.166281785 0.166583122 0.000000146 0.000000353 0.000000560 0.166482868
5,front-loaded,27,2,49,0.492901,insufficient,false,0.392536,0.998503,0.000000,false,false,synthetic-album-0|synthetic-album-10|synthetic-album-11|synthetic-album-2|synthetic-album-3|synthetic-album-4|synthetic-album-6|synthetic-album-7|synthetic-album-8|synthetic-album-9,0.083241058 0.166582499 0.166783348 0.166883875 0.000000144 0.083441980 0.083542507 0.166783625 0.083140808 0.083141012 0.083241539 0.166683375 0.000000144 0.083341658 0.083341862 0.166583125 0.000000144 0.000000348 0.000000553 0.166583125 0.000000144 0.083241335 0.166482671 0.166482875
5,front-loaded,28,2,49,0.493019,insufficient,false,0.392439,0.998204,0.000000,false,true,synthetic-album-0|synthetic-album-1|synthetic-album-11|synthetic-album-2|synthetic-album-3|synthetic-album-4|synthetic-album-6|synthetic-album-7|synthetic-album-8|synthetic-album-9,0.000100389 0.083441904 0.166683030 0.166883868 0.000200779 0.000401617 0.083542424 0.166783621 0.000000142 0.083241339 0.166482536 0.166683374 0.000000142 0.000100662 0.000201182 0.166583128 0.000000142 0.083141021 0.166181509 0.166583128 0.166482277 0.166482479 0.166482680 0.166482881
5,front-loaded,29,2,50,0.499511,insufficient,false,0.392335,0.997905,0.000000,false,false,synthetic-album-0|synthetic-album-10|synthetic-album-11|synthetic-album-2|synthetic-album-3|synthetic-album-4|synthetic-album-6|synthetic-album-7|synthetic-album-8|synthetic-album-9,0.000100384 0.083475340 0.083676167 0.166950784 0.083374898 0.166649515 0.166750028 0.166850541 0.000000141 0.083274782 0.083375295 0.166649912 0.000000141 0.083174443 0.166348746 0.166549669 0.000000141 0.000000339 0.000000538 0.166549669 0.000301250 0.083375238 0.083375437 0.166449426
5,front-loaded,30,2,50,0.500275,insufficient,false,0.392285,0.997705,0.000000,false,false,synthetic-album-0|synthetic-album-1|synthetic-album-10|synthetic-album-11|synthetic-album-2|synthetic-album-3|synthetic-album-4|synthetic-album-6|synthetic-album-7|synthetic-album-8,0.055761666 0.111121959 0.111322776 0.166883854 0.055661356 0.111423124 0.111523630 0.166783614 0.055661426 0.055661622 0.110921605 0.166683373 0.000000139 0.055661597 0.111122365 0.166583133 0.000000139 0.055159812 0.055160008 0.166583133 0.000000139 0.055561287 0.111122435 0.166482893
5,front-loaded,31,2,50,0.500563,insufficient,false,0.392285,0.997705,0.000000,false,false,synthetic-album-0|synthetic-album-1|synthetic-album-10|synthetic-album-11|synthetic-album-2|synthetic-album-3|synthetic-album-4|synthetic-album-6|synthetic-album-7|synthetic-album-8,0.055694765 0.110988175 0.111188981 0.166883847 0.055795140 0.111490007 0.111590507 0.166783610 0.055594528 0.055594721 0.110988506 0.166683373 0.000000137 0.055594697 0.111189257 0.166583136 0.000000137 0.000000331 0.000000524 0.166583136 0.000000137 0.055494391 0.110988645 0.166482898
5,front-loaded,32,2,50,0.500617,insufficient,false,0.392248,0.997606,0.000000,false,false,synthetic-album-0|synthetic-album-1|synthetic-album-10|synthetic-album-11|synthetic-album-2|synthetic-album-3|synthetic-album-4|synthetic-album-6|synthetic-album-7|synthetic-album-8,0.033657634 0.066913930 0.100170417 0.166883841 0.066813695 0.133527120 0.133627614 0.166783607 0.033557400 0.066713393 0.099969948 0.166683372 0.000000135 0.066613257 0.133226379 0.166583138 0.000000135 0.000000327 0.000000518 0.166583138 0.000000135 0.066512955 0.099970084 0.166482904
5,front-loaded,33,2,50,0.504483,insufficient,false,0.392202,0.997506,0.000000,false,false,synthetic-album-0|synthetic-album-1|synthetic-album-10|synthetic-album-11|synthetic-album-2|synthetic-album-3|synthetic-album-4|synthetic-album-6|synthetic-album-7|synthetic-album-8,0.083274442 0.083475229 0.083676016 0.166950746 0.083475107 0.166649538 0.166750026 0.166850515 0.083174210 0.083274698 0.083375187 0.166649916 0.000000134 0.083074265 0.166248696 0.166549685 0.000000134 0.000000323 0.000000512 0.166549685 0.000401489 0.083375321 0.166449264 0.166449453
5,front-loaded,34,2,51,0.506406,insufficient,false,0.392193,0.997506,0.000000,false,true,synthetic-album-0|synthetic-album-1|synthetic-album-11|synthetic-album-2|synthetic-album-3|synthetic-album-4|synthetic-album-6|synthetic-album-7|synthetic-album-8|synthetic-album-9,0.083332981 0.083533759 0.083834833 0.166967253 0.083232685 0.166465655 0.166666433 0.166766916 0.083232752 0.083333234 0.083433717 0.166666687 0.000000132 0.083132806 0.166164931 0.166566458 0.000000132 0.000000319 0.000000506 0.166566458 0.083433730 0.166465855 0.166466042 0.166466229
5,front-loaded,35,2,51,0.506428,insufficient,false,0.392181,0.997506,0.000000,false,false,synthetic-album-0|synthetic-album-1|synthetic-album-10|synthetic-album-11|synthetic-album-2|synthetic-album-4|synthetic-album-6|synthetic-album-7|synthetic-album-8|synthetic-album-9,0.083374731 0.083575501 0.083776271 0.167050991 0.083374982 0.166549410 0.166649888 0.166750365 0.083274505 0.083274690 0.083375167 0.166649888 0.000000131 0.083074267 0.166248695 0.166549661 0.000100446 0.000100631 0.000100816 0.166549661 0.000301163 0.083275006 0.166449250 0.166449435
5,front-loaded,36,2,51,0.510556,insufficient,false,0.391864,0.996805,0.000000,false,false,synthetic-album-0|synthetic-album-1|synthetic-album-10|synthetic-album-11|synthetic-album-2|synthetic-album-3|synthetic-album-4|synthetic-album-6|synthetic-album-7|synthetic-album-8,0.083232575 0.083433336 0.083734387 0.166967241 0.083333112 0.166465677 0.166666438 0.166766910 0.083132351 0.083232823 0.083333295 0.166666686 0.000000129 0.083032405 0.166164969 0.166566462 0.000100442 0.000100624 0.000201097 0.166566462 0.000501977 0.083433963 0.166466055 0.166466238
5,front-loaded,37,2,51,0.510559,insufficient,false,0.391864,0.996805,0.000000,false,true,synthetic-album-0|synthetic-album-1|synthetic-album-11|synthetic-album-2|synthetic-album-3|synthetic-album-4|synthetic-album-6|synthetic-album-7|synthetic-album-8|synthetic-album-9,0.050002462 0.100155325 0.150308188 0.200310745 0.050102812 0.100105369 0.150157946 0.200210523 0.049902240 0.050102812 0.100155389 0.150157946 0.000000128 0.049902398 0.099804669 0.149807003 0.049902240 0.099854531 0.149806822 0.149807003 0.050102632 0.050102812 0.099904797 0.149706781
5,front-loaded,38,2,51,0.510561,insufficient,false,0.391856,0.996705,0.000000,false,true,synthetic-album-0|synthetic-album-1|synthetic-album-11|synthetic-album-2|synthetic-album-3|synthetic-album-4|synthetic-album-6|synthetic-album-7|synthetic-album-8|synthetic-album-9,0.083291254 0.083491999 0.083692744 0.166883809 0.083491705 0.166582665 0.166683127 0.166783589 0.083191034 0.083191213 0.083291676 0.166683370 0.000000127 0.000100589 0.083191370 0.166583151 0.000100432 0.000100611 0.000100791 0.166583151 0.166482394 0.166482573 0.166482752 0.166482931
5,front-loaded,39,2,51,0.510561,insufficient,false,0.391856,0.996705,0.000000,false,true,synthetic-album-0|synthetic-album-1|synthetic-album-11|synthetic-album-2|synthetic-album-3|synthetic-album-4|synthetic-album-6|synthetic-album-7|synthetic-album-8|synthetic-album-9,0.041783567 0.083567227 0.125350887 0.167034266 0.041783630 0.083467010 0.125150389 0.166833769 0.041683350 0.083266449 0.124949829 0.166633208 0.000000125 0.041583225 0.083166324 0.166532991 0.041583070 0.083166169 0.124749268 0.166532991 0.083466959 0.124949778 0.124949955 0.166432774
5,front-loaded,40,2,51,0.510574,insufficient,false,0.391844,0.996605,0.000000,false,true,synthetic-album-0|synthetic-album-1|synthetic-album-11|synthetic-album-2|synthetic-album-3|synthetic-album-4|synthetic-album-6|synthetic-album-7|synthetic-album-8|synthetic-album-9,0.055650197 0.055850928 0.111500917 0.167050928 0.055650260 0.111099994 0.166649705 0.166750158 0.055549982 0.055650436 0.111099869 0.166649943 0.000000124 0.000100577 0.055550311 0.166549728 0.055449705 0.055449880 0.110799036 0.166549728 0.055650147 0.055650323 0.111100057 0.166449513
5,front-loaded,41,2,51,0.510574,insufficient,false,0.391844,0.996605,0.000000,false,true,synthetic-album-0|synthetic-album-1|synthetic-album-11|synthetic-album-2|synthetic-album-3|synthetic-album-4|synthetic-album-6|synthetic-album-7|synthetic-album-8|synthetic-album-9,0.039987919 0.093539117 0.147090315 0.186978049 0.053250518 0.079975991 0.133426914 0.186877837 0.039887706 0.066512903 0.119963826 0.186777624 0.000000123 0.026625321 0.066412781 0.146488901 0.039787431 0.093138079 0.146488727 0.146488901 0.040389120 0.066914043 0.106701503 0.146388688
5,front-loaded,42,2,51,0.510713,insufficient,false,0.391823,0.996605,0.000000,false,true,synthetic-album-0|synthetic-album-1|synthetic-album-11|synthetic-album-2|synthetic-album-3|synthetic-album-4|synthetic-album-6|synthetic-album-7|synthetic-album-8|synthetic-album-9,0.055594487 0.083491986 0.111389486 0.166883790 0.097340648 0.111189125 0.138986352 0.166783579 0.055494276 0.083191231 0.110988458 0.166683368 0.055895488 0.069643693 0.125037725 0.166583158 0.055394004 0.083090959 0.110787913 0.166583158 0.042147221 0.055795154 0.111189187 0.166482947
5,front-loaded,43,2,52,0.516843,insufficient,false,0.391823,0.996605,0.000000,false,true,synthetic-album-0|synthetic-album-1|synthetic-album-11|synthetic-album-2|synthetic-album-3|synthetic-album-4|synthetic-album-6|synthetic-album-7|synthetic-album-8|synthetic-album-9,0.055594476 0.083441864 0.111389521 0.166883816 0.097415814 0.111189103 0.139036490 0.166783608 0.055494267 0.083241385 0.110988502 0.166683399 0.055995677 0.069668696 0.125062722 0.166583129 0.055393998 0.083040845 0.110687693 0.166583129 0.042222388 0.055795137 0.111189164 0.166482920
5,front-loaded,44,2,52,0.517201,insufficient,false,0.391823,0.996605,0.000000,false,true,synthetic-album-0|synthetic-album-1|synthetic-album-11|synthetic-album-2|synthetic-album-3|synthetic-album-4|synthetic-album-6|synthetic-album-7|synthetic-album-8|synthetic-album-9,0.079871576 0.159642744 0.159943715 0.200080106 0.040236630 0.080272754 0.080473458 0.160144358 0.040136363 0.119807263 0.119907700 0.160044091 0.079670764 0.079771200 0.119807324 0.159943884 0.080373021 0.080373190 0.080373359 0.159943884 0.119807215 0.119807384 0.159843508 0.159843677
5,front-loaded,45,2,52,0.520879,insufficient,false,0.391814,0.996605,0.000000,false,true,synthetic-album-0|synthetic-album-1|synthetic-album-11|synthetic-album-2|synthetic-album-3|synthetic-album-4|synthetic-album-6|synthetic-album-7|synthetic-album-8|synthetic-album-9,0.059756841 0.089685408 0.119714240 0.179270580 0.059656576 0.104549343 0.134477910 0.164306212 0.059656636 0.089484938 0.119313240 0.164206007 0.000100405 0.044892906 0.089384733 0.164105802 0.134377430 0.164105467 0.164105634 0.164105802 0.060057468 0.060057636 0.119614035 0.164005597
5,front-loaded,46,2,52,0.520879,insufficient,false,0.391810,0.996605,0.000000,false,true,synthetic-album-0|synthetic-album-1|synthetic-album-11|synthetic-album-2|synthetic-album-3|synthetic-album-4|synthetic-album-6|synthetic-album-7|synthetic-album-8|synthetic-album-9,0.059786736 0.089730249 0.119774024 0.179360263 0.059686473 0.104501510 0.134445023 0.164288273 0.059686532 0.089529783 0.119373033 0.164188070 0.000200498 0.044915271 0.089630045 0.164087866 0.134244450 0.163987437 0.163987604 0.164087866 0.059786688 0.059786854 0.119373151 0.163987663
5,front-loaded,47,2,52,0.524311,insufficient,false,0.391810,0.996605,0.000000,false,true,synthetic-album-0|synthetic-album-1|synthetic-album-11|synthetic-album-2|synthetic-album-3|synthetic-album-4|synthetic-album-6|synthetic-album-7|synthetic-album-8|synthetic-album-9,0.055650198 0.111200222 0.111500886 0.167050910 0.055650257 0.111100021 0.111300424 0.166750188 0.055549997 0.110999478 0.111099903 0.166649927 0.000300754 0.055650257 0.111100021 0.166549726 0.166348875 0.166349040 0.166349205 0.166549726 0.000401014 0.055650257 0.111100021 0.166449524
5,front-loaded,48,2,53,0.526710,insufficient,false,0.391735,0.996405,0.000000,false,true,synthetic-album-0|synthetic-album-1|synthetic-album-11|synthetic-album-2|synthetic-album-3|synthetic-album-4|synthetic-album-6|synthetic-album-7|synthetic-album-8|synthetic-album-9,0.062606425 0.093909762 0.156215393 0.187618988 0.062606541 0.124912336 0.156315709 0.187518788 0.062506225 0.062506388 0.125012419 0.156315756 0.000200489 0.031403568 0.062606647 0.156215556 0.093709362 0.124812182 0.156115298 0.156215556 0.156114866 0.156115029 0.156115193 0.156115356
5,front-loaded,49,2,53,0.529949,insufficient,false,0.391731,0.996405,0.000000,false,true,synthetic-album-0|synthetic-album-1|synthetic-album-11|synthetic-album-2|synthetic-album-3|synthetic-album-4|synthetic-album-6|synthetic-album-7|synthetic-album-8|synthetic-album-9,0.059429703 0.099149798 0.138869894 0.188494963 0.049725299 0.099149856 0.138769695 0.178389535 0.049524786 0.069234421 0.108854260 0.158379074 0.029915408 0.049625043 0.099049600 0.158278876 0.049424530 0.088944114 0.128463697 0.158278876 0.089244835 0.108854214 0.108854376 0.158178677
5,front-loaded,50,2,53,0.530443,insufficient,false,0.391731,0.996405,0.000000,false,true,synthetic-album-0|synthetic-album-1|synthetic-album-11|synthetic-album-2|synthetic-album-3|synthetic-album-4|synthetic-album-6|synthetic-album-7|synthetic-album-8|synthetic-album-9,0.062606422 0.093909756 0.156215397 0.187618984 0.062506340 0.124912338 0.156315708 0.187518787 0.062506225 0.062506386 0.125012420 0.156315754 0.000200481 0.031403561 0.062606640 0.156215557 0.124912120 0.124912281 0.156215397 0.156215557 0.156114878 0.156115039 0.156115200 0.156115360
5,front-loaded,51,2,53,0.531257,insufficient,false,0.391648,0.996105,0.000000,false,true,synthetic-album-0|synthetic-album-1|synthetic-album-11|synthetic-album-2|synthetic-album-3|synthetic-album-4|synthetic-album-6|synthetic-album-7|synthetic-album-8|synthetic-album-9,0.063111816 0.108148684 0.153185553 0.189435593 0.036350265 0.072399961 0.117336577 0.162273194 0.063011620 0.081086594 0.126023211 0.162172999 0.036049509 0.071998953 0.108048489 0.162072803 0.036450790 0.081287155 0.126123519 0.162072803 0.126023005 0.126023165 0.126023324 0.161972608
5,front-loaded,52,2,53,0.531257,insufficient,false,0.391648,0.996105,0.000000,false,true,synthetic-album-0|synthetic-album-1|synthetic-album-11|synthetic-album-2|synthetic-album-3|synthetic-album-4|synthetic-album-6|synthetic-album-7|synthetic-album-8|synthetic-album-9,0.074312744 0.111519254 0.148826015 0.209411815 0.060686024 0.083965176 0.121171687 0.158277947 0.041982603 0.079088863 0.116195124 0.158177753 0.046357779 0.069536681 0.111419061 0.158077560 0.084065381 0.121071391 0.158077401 0.158077560 0.111719811 0.134798463 0.148725821 0.157977366
5,front-loaded,53,2,53,0.531257,insufficient,false,0.391648,0.996105,0.000000,false,true,synthetic-album-0|synthetic-album-1|synthetic-album-11|synthetic-album-2|synthetic-album-3|synthetic-album-4|synthetic-album-6|synthetic-album-7|synthetic-album-8|synthetic-album-9,0.065981933 0.131963735 0.132164388 0.179509131 0.085020197 0.113426980 0.113527385 0.179408939 0.047244469 0.075551161 0.113126180 0.160370675 0.056412760 0.084719296 0.131863542 0.160270483 0.160270012 0.160270169 0.160270326 0.160270483 0.103857752 0.132064039 0.132064196 0.160170290
5,front-loaded,54,2,53,0.531257,insufficient,false,0.391648,0.996105,0.000000,false,true,synthetic-album-0|synthetic-album-1|synthetic-album-11|synthetic-album-2|synthetic-album-3|synthetic-album-4|synthetic-album-6|synthetic-album-7|synthetic-album-8|synthetic-album-9,0.070229901 0.105394987 0.140660320 0.167134408 0.070129654 0.096503497 0.131668583 0.166733423 0.070129710 0.105194550 0.140259390 0.166633233 0.052547167 0.078820763 0.105094359 0.166533042 0.105695570 0.140660164 0.140660320 0.166533042 0.113985905 0.140159255 0.140560129 0.166432851
5,front-loaded,55,2,53,0.532434,insufficient,false,0.391212,0.994808,0.000000,false,true,synthetic-album-0|synthetic-album-1|synthetic-album-11|synthetic-album-2|synthetic-album-3|synthetic-album-4|synthetic-album-6|synthetic-album-7|synthetic-album-8|synthetic-album-9,0.069238428 0.103957899 0.138677371 0.183416913 0.094138372 0.114078270 0.148697497 0.183316724 0.044639272 0.079158255 0.113777482 0.158416780 0.039479003 0.059318656 0.103857710 0.158316591 0.089278471 0.123797454 0.158316436 0.158316591 0.118837617 0.138577027 0.138577181 0.158216401
5,front-loaded,56,2,53,0.532434,insufficient,false,0.391212,0.994808,0.000000,false,true,synthetic-album-0|synthetic-album-1|synthetic-album-11|synthetic-album-2|synthetic-album-3|synthetic-album-4|synthetic-album-6|synthetic-album-7|synthetic-album-8|synthetic-album-9,0.078068986 0.127749195 0.156338482 0.212915185 0.056676920 0.085165964 0.113655009 0.163234976 0.042582997 0.070971799 0.120551765 0.163134788 0.056777425 0.085166227 0.127649007 0.163034600 0.028488866 0.077968590 0.106357392 0.163034600 0.077968644 0.106257050 0.106257204 0.134645852
5,front-loaded,57,2,54,0.535056,insufficient,false,0.391088,0.994609,0.000000,false,true,synthetic-album-0|synthetic-album-1|synthetic-album-11|synthetic-album-2|synthetic-album-3|synthetic-album-4|synthetic-album-6|synthetic-album-7|synthetic-album-8|synthetic-album-9,0.061255040 0.102192112 0.143129183 0.214443109 0.071414141 0.102192318 0.143029149 0.183865979 0.030878393 0.051196387 0.092033218 0.163246902 0.050995753 0.071313900 0.102091925 0.163146716 0.030777999 0.071514589 0.112251178 0.163146716 0.061255040 0.081472642 0.081472794 0.112150578
5,front-loaded,58,2,54,0.535057,insufficient,false,0.391084,0.994609,0.000000,false,true,synthetic-album-0|synthetic-album-1|synthetic-album-11|synthetic-album-2|synthetic-album-3|synthetic-album-4|synthetic-album-6|synthetic-album-7|synthetic-album-8|synthetic-album-9,0.076938462 0.131837142 0.154077428 0.198156785 0.044179571 0.088058600 0.110198647 0.164997088 0.043979244 0.066019051 0.120817492 0.164796609 0.065818422 0.087858078 0.131736957 0.164696424 0.043878853 0.098577054 0.098978216 0.164696424 0.076938462 0.098877880 0.098878031 0.142656670
5,front-loaded,59,2,54,0.538274,insufficient,false,0.391084,0.994609,0.000000,false,true,synthetic-album-0|synthetic-album-1|synthetic-album-11|synthetic-album-2|synthetic-album-3|synthetic-album-4|synthetic-album-6|synthetic-album-7|synthetic-album-8|synthetic-album-9,0.067069663 0.100704745 0.134339827 0.201509753 0.067270138 0.094158167 0.127693011 0.161227856 0.026988241 0.060422848 0.093957692 0.161027380 0.053575557 0.080363348 0.100604561 0.160927196 0.067470614 0.100905220 0.134339827 0.160927196 0.100905274 0.127592827 0.134239643 0.154380618
5,front-loaded,60,2,54,0.538674,insufficient,false,0.391042,0.994510,0.000000,false,true,synthetic-album-0|synthetic-album-1|synthetic-album-11|synthetic-album-2|synthetic-album-3|synthetic-album-4|synthetic-album-6|synthetic-album-7|synthetic-album-8|synthetic-album-9,0.060005956 0.100110196 0.140214437 0.190319692 0.060306717 0.110211500 0.150215505 0.190219510 0.050004994 0.069906734 0.109910739 0.159915758 0.049954876 0.050105230 0.100010014 0.159815576 0.030153372 0.070057141 0.109960910 0.159815576 0.090059223 0.090109341 0.109860727 0.139913889
5,front-loaded,61,2,54,0.541586,insufficient,false,0.390874,0.994010,0.000000,false,true,synthetic-album-0|synthetic-album-1|synthetic-album-11|synthetic-album-2|synthetic-album-3|synthetic-album-4|synthetic-album-6|synthetic-album-7|synthetic-album-8|synthetic-album-9,0.062493701 0.093790681 0.140736143 0.187681639 0.093790752 0.109539485 0.156384712 0.187581458 0.047045653 0.078242399 0.109439145 0.156284407 0.031296973 0.046945472 0.093690500 0.156184226 0.078342852 0.109439364 0.140535875 0.156184226 0.124887281 0.140435545 0.140435694 0.156084044
5,front-loaded,62,2,54,0.541586,insufficient,false,0.390874,0.994010,0.000000,false,true,synthetic-album-0|synthetic-album-1|synthetic-album-11|synthetic-album-2|synthetic-album-3|synthetic-album-4|synthetic-album-6|synthetic-album-7|synthetic-album-8|synthetic-album-9,0.060675869 0.091063932 0.121552229 0.167134350 0.060776050 0.106057525 0.136445588 0.166733419 0.060575689 0.090863519 0.121151350 0.166633238 0.045381657 0.045582097 0.090963752 0.166533058 0.136144847 0.166332445 0.166532911 0.166533058 0.121151429 0.121251635 0.121251782 0.166432878
5,front-loaded,63,2,54,0.541586,insufficient,false,0.390874,0.994010,0.000000,false,true,synthetic-album-0|synthetic-album-1|synthetic-album-11|synthetic-album-2|synthetic-album-3|synthetic-album-4|synthetic-album-6|synthetic-album-7|synthetic-album-8|synthetic-album-9,0.055711397 0.110821346 0.111623280 0.167134343 0.055611458 0.111021997 0.111723700 0.166733418 0.055611218 0.056212689 0.111222407 0.166633239 0.055410661 0.055511038 0.110521049 0.166533060 0.111422964 0.166332451 0.166532913 0.166533060 0.111122427 0.111122573 0.111523101 0.166432881
5,front-loaded,64,2,54,0.541799,insufficient,false,0.390874,0.994010,0.000000,false,true,synthetic-album-0|synthetic-album-1|synthetic-album-11|synthetic-album-2|synthetic-album-3|synthetic-album-4|synthetic-album-6|synthetic-album-7|synthetic-album-8|synthetic-album-9,0.058929605 0.088444534 0.132466478 0.176688736 0.073636985 0.117658929 0.147173859 0.176588558 0.058829427 0.088244126 0.117658826 0.161780854 0.044071962 0.044222234 0.088244033 0.161680676 0.132165602 0.161480072 0.161680531 0.161680676 0.117608742 0.117658784 0.117658929 0.161580498
5,front-loaded,65,2,54,0.541968,insufficient,false,0.390871,0.994010,0.000000,false,true,synthetic-album-0|synthetic-album-1|synthetic-album-11|synthetic-album-2|synthetic-album-3|synthetic-album-4|synthetic-album-6|synthetic-album-7|synthetic-album-8|synthetic-album-9,0.077084955 0.115677559 0.154370391 0.173716833 0.057538057 0.096030433 0.134623036 0.173115412 0.076784270 0.115276646 0.153769022 0.173015235 0.057538108 0.076684094 0.095830079 0.172814830 0.134222082 0.172614229 0.172814686 0.172814830 0.077084955 0.096130712 0.115477103 0.134522860
5,front-loaded,66,2,54,0.542100,insufficient,false,0.390865,0.994010,-0.000000,false,true,synthetic-album-0|synthetic-album-1|synthetic-album-11|synthetic-album-2|synthetic-album-3|synthetic-album-4|synthetic-album-6|synthetic-album-7|synthetic-album-8|synthetic-album-9,0.062568853 0.094028652 0.140542004 0.187606481 0.077922994 0.124787160 0.156146733 0.187506306 0.062468677 0.093577754 0.124937327 0.171901577 0.046914185 0.047064453 0.093928476 0.171801401 0.109282566 0.140541912 0.171801258 0.171801401 0.062568853 0.062618894 0.062619038 0.109382834
5,front-loaded,67,2,54,0.542811,insufficient,false,0.390865,0.994010,0.000000,false,true,synthetic-album-0|synthetic-album-1|synthetic-album-11|synthetic-album-2|synthetic-album-3|synthetic-album-4|synthetic-album-6|synthetic-album-7|synthetic-album-8|synthetic-album-9,0.059866082 0.089899360 0.134347810 0.179197112 0.059665587 0.119230832 0.149163885 0.179096937 0.059765907 0.089598734 0.119531787 0.164280863 0.059565364 0.059665732 0.089799185 0.164180689 0.104514891 0.134347719 0.164180546 0.164180689 0.089598547 0.089598690 0.119331149 0.149063710
5,front-loaded,68,2,55,0.547617,insufficient,false,0.390783,0.993763,0.000000,false,true,synthetic-album-0|synthetic-album-1|synthetic-album-11|synthetic-album-2|synthetic-album-3|synthetic-album-4|synthetic-album-6|synthetic-album-7|synthetic-album-8|synthetic-album-9,0.066847101 0.116957322 0.150230457 0.183503591 0.050010065 0.116556334 0.133393421 0.183403418 0.066746927 0.116756924 0.133493786 0.166666697 0.066546388 0.066646753 0.083283392 0.166566523 0.133293105 0.149929744 0.166566382 0.166566523 0.066847060 0.066847202 0.116756833 0.133293247
5,front-loaded,69,2,55,0.547617,insufficient,false,0.390783,0.993762,0.000000,false,true,synthetic-album-0|synthetic-album-1|synthetic-album-11|synthetic-album-2|synthetic-album-3|synthetic-album-4|synthetic-album-6|synthetic-album-7|synthetic-album-8|synthetic-album-9,0.058911780 0.100892166 0.126239678 0.176735909 0.075644029 0.117623993 0.142871282 0.176635737 0.058811607 0.058912112 0.117623188 0.168019196 0.041980081 0.050496208 0.100791994 0.167919024 0.109107584 0.142771817 0.167918883 0.167919024 0.100891227 0.100891368 0.100891509 0.142771109
5,front-loaded,70,2,55,0.547617,insufficient,false,0.390783,0.993763,0.000000,false,true,synthetic-album-0|synthetic-album-1|synthetic-album-11|synthetic-album-2|synthetic-album-3|synthetic-album-4|synthetic-album-6|synthetic-album-7|synthetic-album-8|synthetic-album-9,0.070518172 0.086853399 0.146414708 0.197908714 0.051594204 0.092231689 0.151692777 0.162749885 0.046216054 0.062451059 0.116634028 0.162649713 0.043326561 0.046115883 0.086753227 0.162549541 0.108266211 0.119223097 0.162549401 0.162549541 0.108366242 0.111055342 0.111055482 0.151592605
5,front-loaded,71,2,56,0.559331,insufficient,false,0.385921,0.993763,0.000000,false,true,synthetic-album-0|synthetic-album-1|synthetic-album-11|synthetic-album-2|synthetic-album-3|synthetic-album-4|synthetic-album-6|synthetic-album-7|synthetic-album-8|synthetic-album-9,0.056104463 0.111908389 0.147186758 0.203090903 0.077031129 0.111908438 0.147086587 0.202790292 0.056004293 0.083906136 0.112008559 0.167812485 0.034877425 0.055904122 0.097757076 0.167712314 0.076930680 0.104932883 0.132935086 0.167712314 0.056104463 0.056104603 0.083906087 0.090881692
5,front-loaded,72,2,56,0.560668,insufficient,false,0.385722,0.993263,0.000000,false,true,synthetic-album-0|synthetic-album-1|synthetic-album-11|synthetic-album-2|synthetic-album-3|synthetic-album-4|synthetic-album-6|synthetic-album-7|synthetic-album-8|synthetic-album-9,0.072594475 0.108741517 0.144988777 0.181035599 0.084509961 0.108741566 0.144888607 0.180935429 0.072494306 0.108541128 0.144587950 0.180534554 0.048262750 0.072394136 0.108240521 0.168518949 0.132371769 0.168318372 0.168518810 0.168518949 0.072293967 0.096325135 0.096325273 0.120456521
5,front-loaded,73,2,56,0.562560,insufficient,false,0.385722,0.993263,0.000000,false,true,synthetic-album-0|synthetic-album-1|synthetic-album-11|synthetic-album-2|synthetic-album-3|synthetic-album-4|synthetic-album-6|synthetic-album-7|synthetic-album-8|synthetic-album-9,0.073603105 0.119567534 0.146905680 0.183556991 0.064290035 0.119567583 0.137592611 0.183456823 0.073502936 0.119367148 0.137291958 0.165231360 0.064290038 0.073402767 0.091928834 0.165131192 0.119768022 0.137592614 0.137793049 0.165131192 0.073302599 0.082315111 0.119066593 0.137492442
5,front-loaded,74,2,57,0.574057,insufficient,false,0.385619,0.993014,0.000000,false,true,synthetic-album-0|synthetic-album-1|synthetic-album-11|synthetic-album-2|synthetic-album-3|synthetic-album-4|synthetic-album-6|synthetic-album-7|synthetic-album-8|synthetic-album-9,0.068831715 0.117882772 0.157143725 0.186714605 0.068932026 0.117882821 0.157043558 0.186414056 0.068731547 0.117682388 0.137162566 0.166633229 0.058740968 0.068631380 0.078521746 0.166533062 0.146952531 0.166332492 0.166532925 0.166533062 0.068531212 0.078321408 0.117381837 0.127171987
5,front-loaded,75,2,57,0.574063,insufficient,false,0.385619,0.993014,0.000000,false,true,synthetic-album-0|synthetic-album-1|synthetic-album-11|synthetic-album-2|synthetic-album-3|synthetic-album-4|synthetic-album-6|synthetic-album-7|synthetic-album-8|synthetic-album-9,0.065692223 0.108752255 0.152112884 0.195473513 0.086821451 0.108752303 0.152012718 0.174544813 0.065592056 0.108551873 0.130582892 0.173843306 0.043661252 0.065491889 0.108652088 0.173743140 0.108050846 0.108852519 0.130182080 0.173743140 0.065091029 0.086821451 0.087623169 0.108652088
5,front-loaded,76,2,57,0.574063,insufficient,false,0.385619,0.993014,0.000000,false,true,synthetic-album-0|synthetic-album-1|synthetic-album-11|synthetic-album-2|synthetic-album-3|synthetic-album-4|synthetic-album-6|synthetic-album-7|synthetic-album-8|synthetic-album-9,0.088202836 0.117670583 0.147238544 0.176906767 0.088202792 0.117670631 0.147138378 0.176505911 0.088102670 0.117470203 0.146837736 0.176405745 0.058685053 0.088002504 0.117470208 0.176305580 0.146837697 0.176105016 0.176305444 0.176305580 0.058985555 0.088202792 0.088202928 0.117570417
5,front-loaded,77,2,57,0.574073,insufficient,false,0.385619,0.993014,0.000000,false,true,synthetic-album-0|synthetic-album-1|synthetic-album-11|synthetic-album-2|synthetic-album-3|synthetic-album-4|synthetic-album-6|synthetic-album-7|synthetic-album-8|synthetic-album-9,0.059194794 0.117788477 0.118389706 0.176983341 0.059295054 0.117788525 0.118289541 0.176783011 0.059094629 0.117588099 0.117888737 0.176382160 0.058593613 0.058994464 0.117387673 0.176281899 0.117387625 0.117588051 0.117788477 0.176281899 0.058894299 0.058894434 0.117287556 0.117287691
5,front-loaded,78,2,57,0.574074,insufficient,false,0.385617,0.993014,0.000000,false,true,synthetic-album-0|synthetic-album-1|synthetic-album-11|synthetic-album-2|synthetic-album-3|synthetic-album-4|synthetic-album-6|synthetic-album-7|synthetic-album-8|synthetic-album-9,0.063610245 0.112862313 0.148156834 0.204387626 0.091625502 0.112862361 0.148056670 0.197208526 0.063510081 0.091525335 0.126719645 0.182850225 0.042273271 0.063409917 0.098704438 0.155035394 0.070789440 0.098704438 0.133798536 0.155035394 0.063309753 0.084346188 0.091224796 0.105482834
5,front-loaded,79,2,59,0.593885,insufficient,false,0.379700,0.945167,0.000000,false,true,synthetic-album-0|synthetic-album-1|synthetic-album-11|synthetic-album-2|synthetic-album-3|synthetic-album-4|synthetic-album-6|synthetic-album-7|synthetic-album-8|synthetic-album-9,0.048034119 0.095567307 0.190433211 0.238266983 0.142799865 0.189932298 0.190333048 0.237766025 0.047933956 0.048134420 0.095567397 0.143300959 0.047432912 0.047833793 0.095467144 0.142900031 0.095166514 0.142499280 0.142799820 0.142900031 0.047733630 0.047833750 0.047833883 0.094865972
5,front-loaded,80,2,61,0.614238,insufficient,false,0.370609,0.944782,0.000000,false,true,synthetic-album-0|synthetic-album-1|synthetic-album-11|synthetic-album-2|synthetic-album-3|synthetic-album-4|synthetic-album-6|synthetic-album-7|synthetic-album-8|synthetic-album-9,0.125169005 0.166613711 0.167014549 0.291582367 0.125068843 0.166613758 0.166914387 0.208258883 0.125068843 0.125235931 0.125536559 0.167131536 0.041561623 0.041728579 0.083223346 0.124968681 0.124567710 0.124768129 0.124968548 0.124968681 0.041628417 0.041695164 0.041695296 0.083089853
5,front-loaded,81,2,61,0.614350,insufficient,false,0.370609,0.944782,0.000000,false,true,synthetic-album-0|synthetic-album-1|synthetic-album-11|synthetic-album-2|synthetic-album-3|synthetic-album-4|synthetic-album-6|synthetic-album-7|synthetic-album-8|synthetic-album-9,0.081484864 0.105870256 0.195383366 0.244154103 0.138384033 0.154741154 0.195283205 0.219568388 0.081384703 0.105669886 0.129955069 0.178625597 0.032513802 0.048770714 0.097341034 0.138283872 0.089813713 0.113998688 0.138183663 0.138283872 0.048670553 0.064827257 0.064827388 0.081084169
5,front-loaded,82,2,61,0.614632,insufficient,false,0.370582,0.944733,0.000000,false,true,synthetic-album-0|synthetic-album-1|synthetic-album-11|synthetic-album-2|synthetic-album-3|synthetic-album-4|synthetic-album-6|synthetic-album-7|synthetic-album-8|synthetic-album-9,0.071643209 0.142985911 0.162515866 0.233958775 0.110402543 0.142985958 0.162415705 0.233658200 0.071543048 0.078019674 0.136509463 0.207852165 0.038959680 0.071442888 0.110302252 0.110302383 0.032583261 0.090972842 0.091173257 0.110302383 0.065066600 0.071442888 0.071443019 0.103926095
5,front-loaded,83,2,62,0.617720,insufficient,false,0.370582,0.944733,0.000000,false,true,synthetic-album-0|synthetic-album-1|synthetic-album-11|synthetic-album-2|synthetic-album-3|synthetic-album-4|synthetic-album-6|synthetic-album-7|synthetic-album-8|synthetic-album-9,0.107282425 0.143043177 0.178804060 0.250225444 0.107282451 0.143043224 0.178703901 0.214364447 0.071521521 0.107081992 0.142742538 0.214063715 0.035760795 0.071421361 0.107182161 0.107182291 0.036061480 0.071621820 0.107182161 0.107182291 0.071321202 0.071421361 0.106781466 0.106981812
5,front-loaded,84,2,62,0.617800,insufficient,false,0.370573,0.944733,-0.000000,false,true,synthetic-album-0|synthetic-album-1|synthetic-album-11|synthetic-album-2|synthetic-album-3|synthetic-album-4|synthetic-album-6|synthetic-album-7|synthetic-album-8|synthetic-album-9,0.113796511 0.136562480 0.204760260 0.272857789 0.136395492 0.181994208 0.204660101 0.227325864 0.045698899 0.068264587 0.090930350 0.136395492 0.045431790 0.045598740 0.090963678 0.136295333 0.091164088 0.113729646 0.136295204 0.136295333 0.045498581 0.045565326 0.045565456 0.090830188
5,front-loaded,85,2,62,0.617800,insufficient,false,0.370568,0.944700,0.000000,false,true,synthetic-album-0|synthetic-album-1|synthetic-album-11|synthetic-album-2|synthetic-album-3|synthetic-album-4|synthetic-album-6|synthetic-album-7|synthetic-album-8|synthetic-album-9,0.109835715 0.174238733 0.206590549 0.238842160 0.141987168 0.174238779 0.206490390 0.238742002 0.064603359 0.090364661 0.122616143 0.141987168 0.045232380 0.064503201 0.077483992 0.141887010 0.077584325 0.109735603 0.141886881 0.141887010 0.058112967 0.064503244 0.083774065 0.096654651
5,front-loaded,86,2,62,0.618400,insufficient,false,0.370568,0.944690,0.000000,false,true,synthetic-album-0|synthetic-album-1|synthetic-album-11|synthetic-album-2|synthetic-album-3|synthetic-album-4|synthetic-album-6|synthetic-album-7|synthetic-album-8|synthetic-album-9,0.074518493 0.115973201 0.181900161 0.239936897 0.132254537 0.157027270 0.181800004 0.223154508 0.074418336 0.115772840 0.123863514 0.181800047 0.041354612 0.058036714 0.115873044 0.132154380 0.099491379 0.107481849 0.107682256 0.132154380 0.049545360 0.066127259 0.090799661 0.090799789
5,front-loaded,87,2,62,0.619187,insufficient,false,0.370253,0.944640,0.000000,false,true,synthetic-album-0|synthetic-album-1|synthetic-album-11|synthetic-album-2|synthetic-album-3|synthetic-album-4|synthetic-album-6|synthetic-album-7|synthetic-album-8|synthetic-album-9,0.071294078 0.129407158 0.180729079 0.251822951 0.122515973 0.167648086 0.180628923 0.238641800 0.071193921 0.109935945 0.142087349 0.148677969 0.064603346 0.071093765 0.077584183 0.122415817 0.077483981 0.109535182 0.122415689 0.122415817 0.070993608 0.070993736 0.109635430 0.116025646
5,front-loaded,88,2,62,0.622144,insufficient,false,0.370251,0.944635,0.000000,false,true,synthetic-album-0|synthetic-album-1|synthetic-album-11|synthetic-album-2|synthetic-album-3|synthetic-album-4|synthetic-album-6|synthetic-album-7|synthetic-album-8|synthetic-album-9,0.109293042 0.145890967 0.204227445 0.226466746 0.131432187 0.160650527 0.189868866 0.226366590 0.109192886 0.145690610 0.167529279 0.189668379 0.036497830 0.058536729 0.080575627 0.131332031 0.080475426 0.102213893 0.123952361 0.131332031 0.058436573 0.080375270 0.094834095 0.094834223
5,front-loaded,89,2,62,0.622265,insufficient,false,0.370251,0.944635,0.000000,false,true,synthetic-album-0|synthetic-album-1|synthetic-album-11|synthetic-album-2|synthetic-album-3|synthetic-album-4|synthetic-album-6|synthetic-album-7|synthetic-album-8|synthetic-album-9,0.102374049 0.131523634 0.204147050 0.262245819 0.135931055 0.169988975 0.204046895 0.233096280 0.058399259 0.087448643 0.116498028 0.135931055 0.038966276 0.058299103 0.073024196 0.135830900 0.072923996 0.101873180 0.130822365 0.135830900 0.058198948 0.063107326 0.082440153 0.097065045
5,front-loaded,90,2,62,0.622265,insufficient,false,0.370251,0.944635,0.000000,false,true,synthetic-album-0|synthetic-album-1|synthetic-album-11|synthetic-album-2|synthetic-album-3|synthetic-album-4|synthetic-album-6|synthetic-album-7|synthetic-album-8|synthetic-album-9,0.067546510 0.125200240 0.163769861 0.240507774 0.115507993 0.144485197 0.163669706 0.221223236 0.067446356 0.077038694 0.134592224 0.201838248 0.038469196 0.067346201 0.115407713 0.115407839 0.038870198 0.096323529 0.115407713 0.115407839 0.067246047 0.076738060 0.076738186 0.105615065
6,back-loaded,1,2,10,0.104833,insufficient,false,0.916588,1.000000,0.000000,false,false,synthetic-album-0|synthetic-album-11|synthetic-album-12|synthetic-album-2|synthetic-album-3|synthetic-album-4|synthetic-album-6|synthetic-album-7|synthetic-album-8|synthetic-album-9,0.000001000 0.500037552 0.500038967 0.500040381 0.000001000 0.499935820 0.499937234 0.499938649 0.000001000 0.000002414 0.000003828 0.000005243 0.000001000 0.000002414 0.000003828 0.000005243 0.000001000 0.000002414 0.000003828 0.000005243 0.000001000 0.000002414 0.000003828 0.000005243
6,back-loaded,2,2,14,0.144512,insufficient,false,0.833263,1.000000,0.000000,false,false,synthetic-album-0|synthetic-album-10|synthetic-album-11|synthetic-album-2|synthetic-album-3|synthetic-album-4|synthetic-album-6|synthetic-album-7|synthetic-album-8|synthetic-album-9,0.000000707 0.000001707 0.000002707 0.333397109 0.000000707 0.333293885 0.333294885 0.333295885 0.000000707 0.333293885 0.333294885 0.333295885 0.000000707 0.000001707 0.000002707 0.000003707 0.000000707 0.000001707 0.000002707 0.000003707 0.000000707 0.000001707 0.000002707 0.000003707
6,back-loaded,3,2,19,0.194507,insufficient,false,0.749938,1.000000,0.000000,false,true,synthetic-album-0|synthetic-album-1|synthetic-album-11|synthetic-album-2|synthetic-album-3|synthetic-album-4|synthetic-album-6|synthetic-album-7|synthetic-album-8|synthetic-album-9,0.000000577 0.000001394 0.000002210 0.250074237 0.000000577 0.249971604 0.249972420 0.249973237 0.000000577 0.000001394 0.000002210 0.249973237 0.000000577 0.000001394 0.000002210 0.249973237 0.000000577 0.000001394 0.000002210 0.000003027 0.000000577 0.000001394 0.000002210 0.000003027
6,back-loaded,4,2,27,0.271880,insufficient,false,0.666613,1.000000,0.000000,false,true,synthetic-album-0|synthetic-album-1|synthetic-album-11|synthetic-album-2|synthetic-album-3|synthetic-album-4|synthetic-album-6|synthetic-album-7|synthetic-album-8|synthetic-album-9,0.000000500 0.000001207 0.000001914 0.250074339 0.000000500 0.000001207 0.000001914 0.000002621 0.000000500 0.249972059 0.249972766 0.249973473 0.000000500 0.249972059 0.249972766 0.249973473 0.000000500 0.000001207 0.000001914 0.249973473 0.000000500 0.000001207 0.000001914 0.000002621
6,back-loaded,5,2,34,0.342666,insufficient,false,0.576344,1.000000,0.000000,false,false,synthetic-album-0|synthetic-album-1|synthetic-album-10|synthetic-album-11|synthetic-album-2|synthetic-album-3|synthetic-album-4|synthetic-album-6|synthetic-album-7|synthetic-album-8,0.000000447 0.000001080 0.000001712 0.200080151 0.000000447 0.000001080 0.000001712 0.000002345 0.000000447 0.199978111 0.199978744 0.199979376 0.000000447 0.199978111 0.199978744 0.199979376 0.000000447 0.000001080 0.000001712 0.199979376 0.000000447 0.199978111 0.199978744 0.199979376
6,back-loaded,6,2,37,0.370092,insufficient,false,0.548512,0.999901,0.000000,false,false,synthetic-album-0|synthetic-album-10|synthetic-album-11|synthetic-album-2|synthetic-album-3|synthetic-album-4|synthetic-album-6|synthetic-album-7|synthetic-album-8|synthetic-album-9,0.000000408 0.000000986 0.000001563 0.166767374 0.000000408 0.000000986 0.166666089 0.166666667 0.000000408 0.166564805 0.166565382 0.166565960 0.000000408 0.166665512 0.166666089 0.166666667 0.000000408 0.000000986 0.000001563 0.166666667 0.000000408 0.166665512 0.166666089 0.166666667
6,back-loaded,7,2,39,0.389779,insufficient,false,0.520733,0.999900,0.000000,false,false,synthetic-album-0|synthetic-album-1|synthetic-album-10|synthetic-album-11|synthetic-album-3|synthetic-album-4|synthetic-album-6|synthetic-album-7|synthetic-album-8|synthetic-album-9,0.000000378 0.000000912 0.000001447 0.166784097 0.000000378 0.000000912 0.000001447 0.166683442 0.000000378 0.166581719 0.166582253 0.166582788 0.000000378 0.000000912 0.000001447 0.166582788 0.000000378 0.000000912 0.000001447 0.166683442 0.000000378 0.166682373 0.166682908 0.166683442
6,back-loaded,8,2,40,0.403754,insufficient,false,0.492955,0.999900,0.000000,false,false,synthetic-album-0|synthetic-album-1|synthetic-album-10|synthetic-album-11|synthetic-album-3|synthetic-album-4|synthetic-album-6|synthetic-album-7|synthetic-album-8|synthetic-album-9,0.000000354 0.000000854 0.000001354 0.166800816 0.000000354 0.000000854 0.000001354 0.166700204 0.000000354 0.166598592 0.166599092 0.166599592 0.000000354 0.000000854 0.000001354 0.166599592 0.000000354 0.166598592 0.166599092 0.166599592 0.000000354 0.000000854 0.166699704 0.166700204
6,back-loaded,9,2,41,0.406618,insufficient,false,0.465176,0.999900,0.000000,false,true,synthetic-album-0|synthetic-album-1|synthetic-album-11|synthetic-album-2|synthetic-album-3|synthetic-album-4|synthetic-album-6|synthetic-album-7|synthetic-album-8|synthetic-album-9,0.000000333 0.000000805 0.000001276 0.166817533 0.000000333 0.000000805 0.000001276 0.166716955 0.000000333 0.000000805 0.166615907 0.166616378 0.000000333 0.000000805 0.000001276 0.166616378 0.000000333 0.166615435 0.166615907 0.166616378 0.000000333 0.166615435 0.166615907 0.166616378
6,back-loaded,10,2,42,0.422569,insufficient,false,0.451218,0.999702,0.000000,false,true,synthetic-album-0|synthetic-album-1|synthetic-album-11|synthetic-album-2|synthetic-album-3|synthetic-album-4|synthetic-album-6|synthetic-album-7|synthetic-album-8|synthetic-album-9,0.000000316 0.000000763 0.000001211 0.166834246 0.000000316 0.000000763 0.000001211 0.166733698 0.000000316 0.000000763 0.166632704 0.166633151 0.000000316 0.166531709 0.166532156 0.166532603 0.000000316 0.166632256 0.166632704 0.166633151 0.000000316 0.000000763 0.000001211 0.166633151
6,back-loaded,11,2,44,0.439636,insufficient,false,0.437325,0.999701,0.000000,false,true,synthetic-album-0|synthetic-album-1|synthetic-album-11|synthetic-album-2|synthetic-album-3|synthetic-album-4|synthetic-album-6|synthetic-album-7|synthetic-album-8|synthetic-album-9,0.000000302 0.000000728 0.000001154 0.166850957 0.000000302 0.000000728 0.000001154 0.166750435 0.000000302 0.000000728 0.166649487 0.166649913 0.000000302 0.000000728 0.000001154 0.166549391 0.000000302 0.166548538 0.166548964 0.166549391 0.000000302 0.000000728 0.000001154 0.166649913
6,back-loaded,12,2,46,0.456778,insufficient,false,0.423433,0.999701,0.000000,false,true,synthetic-album-0|synthetic-album-1|synthetic-album-11|synthetic-album-2|synthetic-album-3|synthetic-album-4|synthetic-album-6|synthetic-album-7|synthetic-album-8|synthetic-album-9,0.000000289 0.000000697 0.000001105 0.166867667 0.000000289 0.000000697 0.000001105 0.166767167 0.000000289 0.000000697 0.000001105 0.166666667 0.000000289 0.000000697 0.000001105 0.166566167 0.000000289 0.166565350 0.166565758 0.166566167 0.000000289 0.000000697 0.000001105 0.166566167
6,back-loaded,13,2,48,0.475577,insufficient,false,0.406776,0.999701,0.000000,false,true,synthetic-album-0|synthetic-album-1|synthetic-album-11|synthetic-album-2|synthetic-album-3|synthetic-album-4|synthetic-album-6|synthetic-album-7|synthetic-album-8|synthetic-album-9,0.000000187 0.000000452 0.000000717 0.166867316 0.000000187 0.000000452 0.000000717 0.166766991 0.000000187 0.000000452 0.000000717 0.166666667 0.000000187 0.000000452 0.000000717 0.166566342 0.000000187 0.000000452 0.166566077 0.166566342 0.000000187 0.000000452 0.000000717 0.166566342
6,back-loaded,14,2,48,0.479679,insufficient,false,0.392762,0.999304,0.000000,false,true,synthetic-album-0|synthetic-album-1|synthetic-album-11|synthetic-album-2|synthetic-album-3|synthetic-album-4|synthetic-album-6|synthetic-album-7|synthetic-album-8|synthetic-album-9,0.000000183 0.000000441 0.000000699 0.166884019 0.000000183 0.000000441 0.000000699 0.166783703 0.000000183 0.000000441 0.000000699 0.166683386 0.000000183 0.000000441 0.000000699 0.166583070 0.000000183 0.000000441 0.166582811 0.166583070 0.000000183 0.000000441 0.000000699 0.166482753
6,back-loaded,15,2,48,0.479680,insufficient,false,0.392762,0.999302,0.000000,false,true,synthetic-album-0|synthetic-album-1|synthetic-album-11|synthetic-album-2|synthetic-album-3|synthetic-album-4|synthetic-album-6|synthetic-album-7|synthetic-album-8|synthetic-album-9,0.000000178 0.000000431 0.000000683 0.166884003 0.000000178 0.000000431 0.000000683 0.166783694 0.000000178 0.000000431 0.000000683 0.166683385 0.000000178 0.000000431 0.000000683 0.166583076 0.000000178 0.000000431 0.000000683 0.166583076 0.000000178 0.000000431 0.000000683 0.166482767
6,back-loaded,16,2,48,0.481920,insufficient,false,0.392749,0.999203,0.000000,false,true,synthetic-album-0|synthetic-album-1|synthetic-album-11|synthetic-album-2|synthetic-album-3|synthetic-album-4|synthetic-album-6|synthetic-album-7|synthetic-album-8|synthetic-album-9,0.000000174 0.000000421 0.000101058 0.166883988 0.000000174 0.000000421 0.000000668 0.166783686 0.000000174 0.000000421 0.000000668 0.166683384 0.000000174 0.000000421 0.000000668 0.166583082 0.000000174 0.000000421 0.000000668 0.166583082 0.000000174 0.000000421 0.166482533 0.166482779
6,back-loaded,17,2,48,0.481938,insufficient,false,0.392737,0.999103,0.000000,false,true,synthetic-album-0|synthetic-album-1|synthetic-album-11|synthetic-album-2|synthetic-album-3|synthetic-album-4|synthetic-album-6|synthetic-album-7|synthetic-album-8|synthetic-album-9,0.000000171 0.000100794 0.166883733 0.166883974 0.000000171 0.000000412 0.166682969 0.166783678 0.000000171 0.000000412 0.000000654 0.166683383 0.000000171 0.166582604 0.166582845 0.166583087 0.000000171 0.166582604 0.166582845 0.166583087 0.000000171 0.166482308 0.166482549 0.166482791
6,back-loaded,18,2,48,0.481956,insufficient,false,0.392724,0.999003,0.000000,false,false,synthetic-album-0|synthetic-album-1|synthetic-album-12|synthetic-album-2|synthetic-album-3|synthetic-album-4|synthetic-album-6|synthetic-album-7|synthetic-album-8|synthetic-album-9,0.000000167 0.000100778 0.000201389 0.166883961 0.000000167 0.000000404 0.000000641 0.166783672 0.000000167 0.000000404 0.000000641 0.166683382 0.000000167 0.000000404 0.166582602 0.166583092 0.000000167 0.000000404 0.000000641 0.166583092 0.000000167 0.000000404 0.000000641 0.166482802
6,back-loaded,19,2,48,0.481986,insufficient,false,0.392712,0.999003,0.000000,false,false,synthetic-album-0|synthetic-album-10|synthetic-album-11|synthetic-album-12|synthetic-album-2|synthetic-album-3|synthetic-album-4|synthetic-album-6|synthetic-album-7|synthetic-album-8,0.000000164 0.166682751 0.166783350 0.166883949 0.166682601 0.166783201 0.166783433 0.166783665 0.000000164 0.166582384 0.166582616 0.166683381 0.000000164 0.000000396 0.000000629 0.166583096 0.000000164 0.000000396 0.000000629 0.166583096 0.000000164 0.166482348 0.166482580 0.166482812
6,back-loaded,20,2,48,0.482035,insufficient,false,0.392687,0.998903,0.000000,false,false,synthetic-album-0|synthetic-album-10|synthetic-album-11|synthetic-album-12|synthetic-album-2|synthetic-album-3|synthetic-album-4|synthetic-album-6|synthetic-album-7|synthetic-album-8,0.000000161 0.166582401 0.166783350 0.166883938 0.166582254 0.166682843 0.166783431 0.166783659 0.000000161 0.166482041 0.166482269 0.166683380 0.000000161 0.000000389 0.000000617 0.166583101 0.000000161 0.000000389 0.000000617 0.166583101 0.000000161 0.166482366 0.166482594 0.166482822
6,back-loaded,21,2,48,0.483004,insufficient,false,0.392674,0.998903,0.000000,false,true,synthetic-album-0|synthetic-album-1|synthetic-album-11|synthetic-album-2|synthetic-album-3|synthetic-album-4|synthetic-album-6|synthetic-album-7|synthetic-album-8|synthetic-album-9,0.000000158 0.000100736 0.166783350 0.166883928 0.000100592 0.000201170 0.166783429 0.166783653 0.000000158 0.000000382 0.000100960 0.166683379 0.000000158 0.000000382 0.000000606 0.166583105 0.000000158 0.000000382 0.166482287 0.166583105 0.000000158 0.000000382 0.000000606 0.166482830
6,back-loaded,22,2,48,0.483037,insufficient,false,0.392662,0.998903,0.000000,false,false,synthetic-album-1|synthetic-album-10|synthetic-album-11|synthetic-album-2|synthetic-album-3|synthetic-album-4|synthetic-album-6|synthetic-album-7|synthetic-album-8|synthetic-album-9,0.000000156 0.166582433 0.166783349 0.166883918 0.166481943 0.166582511 0.166683080 0.166783648 0.000100661 0.166582590 0.166683158 0.166683378 0.000000156 0.000000376 0.000000596 0.166583109 0.000000156 0.000000376 0.000000596 0.166583109 0.166482178 0.166482399 0.166482619 0.166482839
6,back-loaded,23,2,48,0.483055,insufficient,false,0.392649,0.998902,0.000000,false,false,synthetic-album-0|synthetic-album-1|synthetic-album-10|synthetic-album-11|synthetic-album-2|synthetic-album-3|synthetic-album-4|synthetic-album-6|synthetic-album-7|synthetic-album-8,0.000000153 0.000100712 0.000301614 0.166883908 0.166481965 0.166582525 0.166683084 0.166783643 0.000000153 0.000000370 0.000101083 0.166683378 0.000000153 0.000000370 0.166482321 0.166583112 0.000000153 0.000000370 0.000000586 0.166583112 0.000000153 0.166482414 0.166482630 0.166482847
6,back-loaded,24,2,48,0.483109,insufficient,false,0.392616,0.998803,0.000000,false,true,synthetic-album-0|synthetic-album-1|synthetic-album-11|synthetic-album-2|synthetic-album-3|synthetic-album-4|synthetic-album-6|synthetic-album-7|synthetic-album-8|synthetic-album-9,0.083291123 0.166582461 0.166783349 0.166883899 0.000000151 0.083291413 0.083391963 0.166783638 0.000000151 0.083191151 0.166582826 0.166683377 0.000000151 0.083191075 0.083191289 0.166583116 0.000000151 0.083291489 0.083291702 0.166583116 0.000000151 0.166482428 0.166482641 0.166482854
6,back-loaded,25,2,48,0.483109,insufficient,false,0.392616,0.998803,0.000000,false,true,synthetic-album-0|synthetic-album-1|synthetic-album-11|synthetic-album-2|synthetic-album-3|synthetic-album-4|synthetic-album-6|synthetic-album-7|synthetic-album-8|synthetic-album-9,0.000100406 0.083441915 0.166783349 0.166883891 0.000000149 0.000100691 0.083341793 0.166783633 0.000000149 0.083241325 0.166582834 0.166683376 0.000000149 0.000000359 0.000000569 0.166583119 0.000000149 0.083241325 0.083241535 0.166583119 0.000000149 0.000000359 0.000000569 0.166482862
6,back-loaded,26,2,48,0.484123,insufficient,false,0.392572,0.998703,0.000000,false,true,synthetic-album-0|synthetic-album-1|synthetic-album-11|synthetic-album-2|synthetic-album-3|synthetic-album-4|synthetic-album-6|synthetic-album-7|synthetic-album-8|synthetic-album-9,0.000000146 0.083241256 0.083442118 0.166883883 0.083241123 0.083341657 0.083442192 0.166783629 0.083140870 0.083141077 0.083241611 0.166683376 0.000000146 0.000000353 0.083341791 0.166583122 0.000000146 0.000000353 0.000000560 0.166583122 0.000000146 0.000000353 0.000000560 0.166482868
6,back-loaded,27,2,48,0.484212,insufficient,false,0.392520,0.998603,0.000000,false,false,synthetic-album-0|synthetic-album-1|synthetic-album-10|synthetic-album-11|synthetic-album-2|synthetic-album-3|synthetic-album-4|synthetic-album-6|synthetic-album-7|synthetic-album-8,0.000000144 0.083341658 0.166783348 0.166883875 0.000100394 0.000301244 0.083341789 0.166783625 0.000000144 0.083241335 0.166582848 0.166683375 0.000000144 0.000100671 0.000100875 0.166583125 0.000000144 0.083241335 0.083241539 0.166583125 0.000000144 0.000000348 0.166482671 0.166482875
6,back-loaded,28,2,49,0.485847,insufficient,false,0.392484,0.998503,0.000000,false,true,synthetic-album-0|synthetic-album-1|synthetic-album-11|synthetic-album-2|synthetic-album-3|synthetic-album-4|synthetic-album-6|synthetic-album-7|synthetic-album-8|synthetic-album-9,0.083291154 0.166582510 0.166783348 0.166883868 0.083090589 0.083291427 0.083391947 0.166783621 0.000000142 0.083191180 0.166482536 0.166683374 0.000000142 0.000100662 0.000100863 0.166583128 0.000000142 0.083191180 0.083191382 0.166583128 0.000000142 0.000000344 0.000000545 0.166482881
6,back-loaded,29,2,49,0.485956,insufficient,false,0.392409,0.998303,0.000000,false,false,synthetic-album-0|synthetic-album-10|synthetic-album-11|synthetic-album-2|synthetic-album-3|synthetic-album-4|synthetic-album-6|synthetic-album-7|synthetic-album-8|synthetic-album-9,0.000000141 0.083191174 0.166683034 0.166883861 0.000301037 0.000501864 0.083492270 0.166783617 0.000200794 0.083291513 0.166482547 0.166683374 0.000000141 0.000100653 0.000201166 0.166583131 0.000000141 0.083090860 0.083091059 0.166583131 0.166482291 0.166482490 0.166482688 0.166482887
6,back-loaded,30,2,49,0.491027,insufficient,false,0.390883,0.998004,0.000000,false,false,synthetic-album-0|synthetic-album-10|synthetic-album-11|synthetic-album-2|synthetic-album-3|synthetic-album-4|synthetic-album-6|synthetic-album-7|synthetic-album-8|synthetic-album-9,0.000000139 0.083241335 0.166783348 0.166883854 0.000200714 0.083341600 0.083442107 0.166783614 0.000100474 0.083241360 0.166482557 0.166683373 0.000000139 0.000100645 0.000100841 0.166583133 0.000000139 0.083141025 0.083141221 0.166583133 0.166382084 0.166382281 0.166382477 0.166482893
6,back-loaded,31,2,49,0.491052,insufficient,false,0.385332,0.998003,0.000000,false,false,synthetic-album-0|synthetic-album-10|synthetic-album-11|synthetic-album-2|synthetic-album-3|synthetic-album-4|synthetic-album-6|synthetic-album-7|synthetic-album-8|synthetic-album-9,0.000501317 0.166582541 0.166783347 0.166883847 0.000200705 0.000501579 0.000602079 0.166783610 0.000100468 0.166081386 0.166382499 0.166683373 0.000000137 0.000200705 0.000200899 0.166583136 0.000000137 0.000000331 0.000000524 0.166583136 0.000000137 0.000000331 0.166382487 0.166482898
6,back-loaded,32,2,49,0.491052,insufficient,false,0.385332,0.998003,0.000000,false,true,synthetic-album-0|synthetic-album-1|synthetic-album-11|synthetic-album-2|synthetic-album-3|synthetic-album-4|synthetic-album-6|synthetic-album-7|synthetic-album-8|synthetic-album-9,0.000000135 0.055627892 0.138969521 0.166883841 0.055427443 0.110955053 0.111055547 0.166783607 0.055327209 0.055528005 0.111155762 0.166683372 0.000000135 0.055427443 0.083241461 0.166583138 0.111055301 0.166582755 0.166582947 0.166583138 0.000000135 0.055327140 0.055327332 0.166482904
6,back-loaded,33,2,49,0.491499,insufficient,false,0.383824,0.998003,0.000000,false,false,synthetic-album-0|synthetic-album-11|synthetic-album-12|synthetic-album-2|synthetic-album-3|synthetic-album-4|synthetic-album-6|synthetic-album-7|synthetic-album-8|synthetic-album-9,0.000000134 0.111021693 0.222043630 0.222545014 0.000200688 0.111222436 0.111322925 0.222444783 0.000100457 0.000100646 0.111322803 0.222344551 0.000000134 0.110921583 0.110921772 0.110921961 0.000000134 0.110921394 0.110921583 0.110921961 0.000000134 0.110721139 0.110721328 0.110821729
6,back-loaded,34,2,49,0.491501,insufficient,false,0.383824,0.998003,0.000000,false,false,synthetic-album-0|synthetic-album-10|synthetic-album-11|synthetic-album-2|synthetic-album-3|synthetic-album-4|synthetic-album-6|synthetic-album-7|synthetic-album-8|synthetic-album-9,0.000000132 0.000200724 0.111289362 0.166883830 0.055694665 0.111289132 0.166482714 0.166783601 0.055594436 0.055694732 0.111088904 0.166683372 0.000200493 0.055694665 0.111188837 0.166583142 0.000000132 0.000000319 0.055093605 0.166583142 0.166382143 0.166382330 0.166382517 0.166482913
6,back-loaded,35,2,49,0.492892,insufficient,false,0.383799,0.997804,0.000000,false,true,synthetic-album-0|synthetic-album-1|synthetic-album-11|synthetic-album-2|synthetic-album-3|synthetic-album-4|synthetic-album-6|synthetic-album-7|synthetic-album-8|synthetic-album-9,0.000000131 0.041696144 0.124987519 0.166883824 0.041695851 0.104139432 0.124987292 0.166783598 0.041595624 0.083191345 0.124887359 0.166683371 0.000000131 0.041695851 0.083191214 0.166583145 0.104239671 0.145835392 0.166582960 0.166583145 0.000000131 0.041595558 0.041595743 0.166482918
6,back-loaded,36,2,50,0.499240,insufficient,false,0.383792,0.997803,0.000000,false,true,synthetic-album-0|synthetic-album-1|synthetic-album-11|synthetic-album-2|synthetic-album-3|synthetic-album-4|synthetic-album-6|synthetic-album-7|synthetic-album-8|synthetic-album-9,0.000000129 0.041646052 0.125037607 0.166883819 0.041846116 0.104214566 0.125037382 0.166783595 0.041745892 0.083291525 0.124937449 0.166683371 0.000200483 0.041846116 0.083491748 0.166583147 0.104014244 0.145559878 0.166282405 0.166583147 0.000000129 0.041545473 0.062368420 0.166482923
6,back-loaded,37,2,50,0.501790,insufficient,false,0.381384,0.997803,0.000000,false,true,synthetic-album-0|synthetic-album-1|synthetic-album-11|synthetic-album-2|synthetic-album-3|synthetic-album-4|synthetic-album-6|synthetic-album-7|synthetic-album-8|synthetic-album-9,0.000000128 0.041721171 0.125062647 0.166883814 0.041821072 0.104151965 0.124962263 0.166783592 0.041720851 0.083341608 0.124962489 0.166683370 0.000200478 0.041821072 0.083441667 0.166583149 0.104051808 0.145572404 0.166282415 0.166583149 0.020810373 0.062330682 0.062330863 0.166482927
6,back-loaded,38,2,51,0.509095,insufficient,false,0.380884,0.996307,0.000000,false,true,synthetic-album-0|synthetic-album-1|synthetic-album-11|synthetic-album-2|synthetic-album-3|synthetic-album-4|synthetic-album-6|synthetic-album-7|synthetic-album-8|synthetic-album-9,0.000000127 0.055494284 0.129653684 0.166883809 0.037230031 0.092724367 0.111189149 0.166783589 0.037129812 0.055594589 0.129553528 0.166683370 0.018464633 0.055494191 0.092523749 0.166583151 0.092624212 0.148018086 0.148018265 0.166583151 0.000000127 0.000000306 0.073758466 0.166482931
6,back-loaded,39,2,51,0.513837,insufficient,false,0.380884,0.996306,0.000000,false,false,synthetic-album-0|synthetic-album-10|synthetic-album-11|synthetic-album-2|synthetic-album-3|synthetic-album-4|synthetic-album-6|synthetic-album-7|synthetic-album-8|synthetic-album-9,0.000000125 0.121105711 0.181708701 0.212260788 0.030351651 0.090854247 0.090954705 0.212160571 0.030251434 0.121106129 0.181608547 0.212060353 0.000000125 0.030351651 0.060502835 0.121206169 0.000000125 0.060402263 0.060402441 0.121206169 0.000000125 0.030251371 0.121005575 0.121105951
6,back-loaded,40,2,52,0.519073,insufficient,false,0.380853,0.996305,0.000000,false,true,synthetic-album-0|synthetic-album-1|synthetic-album-11|synthetic-album-2|synthetic-album-3|synthetic-album-4|synthetic-album-6|synthetic-album-7|synthetic-album-8|synthetic-album-9,0.000000124 0.041696076 0.124987550 0.166883841 0.041695923 0.104139497 0.124987396 0.166783626 0.041595708 0.083191382 0.124887335 0.166683348 0.000000187 0.041695923 0.083191382 0.166583133 0.104039282 0.145634956 0.166382578 0.166583133 0.000000124 0.041595583 0.062343388 0.166482918
6,back-loaded,41,2,53,0.532393,insufficient,false,0.380834,0.996306,0.000000,false,true,synthetic-album-0|synthetic-album-1|synthetic-album-11|synthetic-album-2|synthetic-album-3|synthetic-album-4|synthetic-album-6|synthetic-album-7|synthetic-album-8|synthetic-album-9,0.086790945 0.101389625 0.130487056 0.188481254 0.086790834 0.101389687 0.130386843 0.188381041 0.086690621 0.101189025 0.173681975 0.188280828 0.072292255 0.086790834 0.101289412 0.144985697 0.058094617 0.072593022 0.072593196 0.144985697 0.000000123 0.014398426 0.086690621 0.144885484
6,back-loaded,42,2,55,0.551865,insufficient,false,0.371793,0.996105,0.000000,false,true,synthetic-album-0|synthetic-album-1|synthetic-album-11|synthetic-album-2|synthetic-album-3|synthetic-album-4|synthetic-album-6|synthetic-album-7|synthetic-album-8|synthetic-album-9,0.000000122 0.033176291 0.066753621 0.166883790 0.033376624 0.066552965 0.066653410 0.166783579 0.033276413 0.033276585 0.133406927 0.166683368 0.066252329 0.066553217 0.099729386 0.166583158 0.067154516 0.100230413 0.100230585 0.166583158 0.000000122 0.000200737 0.099228187 0.166482947
6,back-loaded,43,2,55,0.552323,insufficient,false,0.370523,0.996105,0.000000,false,true,synthetic-album-0|synthetic-album-1|synthetic-album-11|synthetic-album-2|synthetic-album-3|synthetic-album-4|synthetic-album-6|synthetic-album-7|synthetic-album-8|synthetic-album-9,0.083291442 0.116728343 0.150065035 0.166883786 0.033136120 0.066673291 0.099909714 0.166783577 0.016718453 0.050055084 0.149964887 0.166683368 0.066472873 0.083091085 0.099709296 0.166583159 0.066573143 0.099909775 0.100010044 0.166583159 0.083291454 0.099809395 0.099809566 0.166482950
6,back-loaded,44,2,60,0.598357,insufficient,false,0.329613,0.995705,0.000000,false,true,synthetic-album-0|synthetic-album-1|synthetic-album-11|synthetic-album-2|synthetic-album-3|synthetic-album-4|synthetic-album-6|synthetic-album-7|synthetic-album-8|synthetic-album-9,0.000000120 0.058334316 0.108349230 0.191741012 0.025057606 0.066653399 0.108249023 0.166683486 0.024957399 0.083191328 0.083291764 0.166583279 0.000000120 0.025057606 0.049914766 0.158364143 0.058434323 0.058434492 0.099929848 0.158364143 0.074771986 0.099729205 0.099729374 0.158263936
6,back-loaded,45,2,60,0.599941,insufficient,false,0.329602,0.995705,0.000000,false,true,synthetic-album-0|synthetic-album-1|synthetic-album-11|synthetic-album-2|synthetic-album-3|synthetic-album-4|synthetic-album-6|synthetic-album-7|synthetic-album-8|synthetic-album-9,0.070370141 0.098498301 0.126826823 0.197297595 0.070269936 0.098498360 0.126726617 0.197197390 0.070169730 0.098197625 0.168567794 0.182782187 0.056155807 0.070269936 0.084384064 0.140941011 0.042342246 0.042342414 0.070470406 0.140941011 0.000000118 0.000000286 0.000000454 0.140840806
6,back-loaded,46,2,60,0.600273,insufficient,false,0.329207,0.995605,0.000000,false,true,synthetic-album-0|synthetic-album-1|synthetic-album-11|synthetic-album-2|synthetic-album-3|synthetic-album-4|synthetic-album-6|synthetic-album-7|synthetic-album-8|synthetic-album-9,0.072254000 0.096271927 0.120490212 0.192844839 0.072153797 0.096271986 0.120390009 0.192744635 0.072053593 0.095971257 0.168225285 0.180384559 0.072254226 0.084313237 0.096372249 0.144708723 0.048336336 0.048336502 0.072354263 0.144708723 0.000000117 0.000000284 0.096171949 0.144608520
6,back-loaded,47,2,60,0.600972,insufficient,false,0.329207,0.995605,0.000000,false,true,synthetic-album-0|synthetic-album-1|synthetic-album-11|synthetic-album-2|synthetic-album-3|synthetic-album-4|synthetic-album-6|synthetic-album-7|synthetic-album-8|synthetic-album-9,0.085202105 0.131557633 0.178113516 0.201541849 0.054164707 0.100620495 0.147076118 0.201441647 0.023328045 0.069583312 0.154785444 0.178113516 0.000200435 0.023428246 0.046656058 0.139667730 0.038946838 0.038947002 0.085302365 0.139667730 0.100520128 0.100520293 0.100520458 0.139567528
6,back-loaded,48,2,60,0.604512,insufficient,false,0.328465,0.995605,0.000000,false,true,synthetic-album-0|synthetic-album-1|synthetic-album-11|synthetic-album-2|synthetic-album-3|synthetic-album-4|synthetic-album-6|synthetic-album-7|synthetic-album-8|synthetic-album-9,0.000000115 0.070395751 0.098614095 0.225446724 0.014159316 0.070395810 0.098513895 0.197128180 0.014059116 0.014059279 0.070295610 0.197027980 0.000000115 0.014159316 0.028118201 0.126832438 0.000200326 0.056336398 0.056336561 0.126832438 0.000000115 0.000000279 0.070295636 0.126732238
6,back-loaded,49,2,60,0.604940,insufficient,false,0.328365,0.995206,0.000000,false,true,synthetic-album-0|synthetic-album-1|synthetic-album-11|synthetic-album-2|synthetic-album-3|synthetic-album-4|synthetic-album-6|synthetic-album-7|synthetic-album-8|synthetic-album-9,0.092895016 0.139292466 0.185890267 0.209439795 0.046397246 0.092894953 0.139392497 0.185990553 0.023248845 0.069546039 0.162441082 0.185890354 0.000000115 0.023349043 0.046497659 0.139593166 0.046597822 0.046597984 0.092995272 0.139593166 0.000000115 0.000000276 0.092794916 0.139492967
6,back-loaded,50,2,61,0.606473,insufficient,false,0.328365,0.995206,0.000000,false,true,synthetic-album-0|synthetic-album-1|synthetic-album-11|synthetic-album-2|synthetic-album-3|synthetic-album-4|synthetic-album-6|synthetic-album-7|synthetic-album-8|synthetic-album-9,0.029343738 0.132147480 0.161591820 0.176665026 0.044216493 0.073560419 0.073660833 0.176564829 0.014772528 0.117476016 0.146819781 0.161792733 0.000000114 0.014872725 0.029344200 0.161692536 0.058788379 0.088031890 0.088032051 0.161692536 0.000000114 0.014772471 0.029343738 0.161592339
6,back-loaded,51,2,61,0.606473,insufficient,false,0.328365,0.995206,0.000000,false,true,synthetic-album-0|synthetic-album-1|synthetic-album-11|synthetic-album-2|synthetic-album-3|synthetic-album-4|synthetic-album-6|synthetic-album-7|synthetic-album-8|synthetic-album-9,0.023525790 0.070577581 0.117729469 0.176894975 0.047051662 0.070577638 0.117629274 0.164781317 0.035138513 0.082090053 0.105615869 0.164681122 0.023225360 0.035238708 0.070276996 0.164580927 0.070477500 0.093903064 0.093903223 0.164580927 0.000000113 0.011913209 0.070477468 0.164480732
6,back-loaded,52,2,70,0.702570,insufficient,false,0.230103,0.829323,0.000000,false,true,synthetic-album-0|synthetic-album-1|synthetic-album-11|synthetic-album-2|synthetic-album-3|synthetic-album-4|synthetic-album-6|synthetic-album-7|synthetic-album-8|synthetic-album-9,0.034475871 0.051864106 0.120715542 0.189867659 0.034475871 0.086139504 0.120615349 0.189767465 0.034375664 0.051663648 0.086139546 0.155191413 0.000000112 0.034475858 0.068751298 0.155091219 0.051563508 0.068851492 0.103126890 0.155091219 0.000000112 0.000000270 0.051763994 0.154991025
6,back-loaded,53,2,70,0.704190,insufficient,false,0.228644,0.829126,0.000000,false,true,synthetic-album-0|synthetic-album-1|synthetic-album-11|synthetic-album-2|synthetic-album-3|synthetic-album-4|synthetic-album-6|synthetic-album-7|synthetic-album-8|synthetic-album-9,0.071263830 0.071364235 0.166416092 0.214393027 0.071163638 0.107046104 0.166315900 0.214292835 0.023788027 0.023788184 0.095052040 0.142928727 0.000000111 0.023888219 0.047576025 0.142828535 0.035682052 0.035682209 0.071364078 0.142828535 0.035682056 0.059469916 0.106946069 0.142728342
6,back-loaded,54,2,71,0.710722,insufficient,false,0.224469,0.828926,0.000000,false,true,synthetic-album-0|synthetic-album-1|synthetic-album-11|synthetic-album-2|synthetic-album-3|synthetic-album-4|synthetic-album-6|synthetic-album-7|synthetic-album-8|synthetic-album-9,0.053647898 0.053748300 0.139625296 0.204484212 0.053547707 0.096586580 0.139525106 0.193373781 0.032228943 0.032229099 0.085877023 0.150635692 0.000000110 0.032329134 0.064457857 0.150535502 0.053848546 0.053848702 0.096686982 0.150535502 0.000100065 0.000100220 0.000100376 0.150435311
6,back-loaded,55,2,71,0.711135,insufficient,false,0.224463,0.828926,-0.000000,false,true,synthetic-album-0|synthetic-album-1|synthetic-album-11|synthetic-album-2|synthetic-album-3|synthetic-album-4|synthetic-album-6|synthetic-album-7|synthetic-album-8|synthetic-album-9,0.068033611 0.079489596 0.170234562 0.227413882 0.079389406 0.090744992 0.170134373 0.181690602 0.022711356 0.034067097 0.102100733 0.147824068 0.011556204 0.022811545 0.045422683 0.147723879 0.056878513 0.056878668 0.068133855 0.147723879 0.000000109 0.011155207 0.011155361 0.147623689
6,back-loaded,56,2,71,0.712534,insufficient,false,0.222984,0.828926,0.000000,false,true,synthetic-album-0|synthetic-album-1|synthetic-album-11|synthetic-album-2|synthetic-album-3|synthetic-album-4|synthetic-album-6|synthetic-album-7|synthetic-album-8|synthetic-album-9,0.041741806 0.055555554 0.125024991 0.208508690 0.041641618 0.083283211 0.124924803 0.180480387 0.041441133 0.055154639 0.083182968 0.152852919 0.000000109 0.041541458 0.069369303 0.152752731 0.055655797 0.069369303 0.097096959 0.152752731 0.083283266 0.096896375 0.096896529 0.152652543
6,back-loaded,57,2,71,0.714758,insufficient,false,0.217493,0.828522,0.000000,false,true,synthetic-album-0|synthetic-album-1|synthetic-album-11|synthetic-album-2|synthetic-album-3|synthetic-album-4|synthetic-album-6|synthetic-album-7|synthetic-album-8|synthetic-album-9,0.066496375 0.099844648 0.166390975 0.233388424 0.066396188 0.099844702 0.166290789 0.233238079 0.033248057 0.066496089 0.099794385 0.133443561 0.000000108 0.033348381 0.033348533 0.133343374 0.000050238 0.033248292 0.033398511 0.133343374 0.000150479 0.033298117 0.033298270 0.133243188
6,back-loaded,58,2,71,0.714954,insufficient,false,0.217371,0.828522,0.000000,false,true,synthetic-album-0|synthetic-album-1|synthetic-album-11|synthetic-album-2|synthetic-album-3|synthetic-album-4|synthetic-album-6|synthetic-album-7|synthetic-album-8|synthetic-album-9,0.017568347 0.052705314 0.105210283 0.210721366 0.035136938 0.052705368 0.105110098 0.158016023 0.035036753 0.070073481 0.087541722 0.157915838 0.017668748 0.035136938 0.070073478 0.157815653 0.052605237 0.069973238 0.070073427 0.157815653 0.070073528 0.087441479 0.105010017 0.157715467
6,back-loaded,59,2,72,0.715096,insufficient,false,0.215671,0.828522,0.000000,false,true,synthetic-album-0|synthetic-album-1|synthetic-album-11|synthetic-album-2|synthetic-album-3|synthetic-album-4|synthetic-album-6|synthetic-album-7|synthetic-album-8|synthetic-album-9,0.023983621 0.071449951 0.119116690 0.214450262 0.023883502 0.071450004 0.119016506 0.214350078 0.023783318 0.023983728 0.071450058 0.142900099 0.000000106 0.023883502 0.047566608 0.142799915 0.000100278 0.047466371 0.047566542 0.142799915 0.047666899 0.047667049 0.047767071 0.142699731
6,back-loaded,60,2,72,0.715189,insufficient,false,0.215671,0.828522,0.000000,false,true,synthetic-album-0|synthetic-album-1|synthetic-album-11|synthetic-album-2|synthetic-album-3|synthetic-album-4|synthetic-album-6|synthetic-album-7|synthetic-album-8|synthetic-album-9,0.055383076 0.083274917 0.138758074 0.222333571 0.055383076 0.097120668 0.138657891 0.222233388 0.027691527 0.041637515 0.069529355 0.138958443 0.000000106 0.027791710 0.055383027 0.138858260 0.013845776 0.041637381 0.055483132 0.138858260 0.055483316 0.069328918 0.069329067 0.138758077
6,back-loaded,61,2,72,0.716643,insufficient,false,0.215662,0.828522,0.000000,false,true,synthetic-album-0|synthetic-album-1|synthetic-album-11|synthetic-album-2|synthetic-album-3|synthetic-album-4|synthetic-album-6|synthetic-album-7|synthetic-album-8|synthetic-album-9,0.076514343 0.076915231 0.178967833 0.231046745 0.025638441 0.051377144 0.128091931 0.154131486 0.025538259 0.025838913 0.102353281 0.154031304 0.025538058 0.025638441 0.051076491 0.153630215 0.050976108 0.050976257 0.076614577 0.153630215 0.051176778 0.051176926 0.051177074 0.153530034
6,back-loaded,62,2,72,0.719028,insufficient,false,0.214748,0.828389,0.000000,false,true,synthetic-album-0|synthetic-album-1|synthetic-album-11|synthetic-album-2|synthetic-album-3|synthetic-album-4|synthetic-album-6|synthetic-album-7|synthetic-album-8|synthetic-album-9,0.045823701 0.068785657 0.126140554 0.229920675 0.045723521 0.080417111 0.126040374 0.161034809 0.034493149 0.057354872 0.080216645 0.160934629 0.011731606 0.034593329 0.068986270 0.149403356 0.068885890 0.068886037 0.080517491 0.149403356 0.069086555 0.069086702 0.080317077 0.149303176
6,back-loaded,63,2,72,0.719028,insufficient,false,0.214748,0.828389,0.000000,false,true,synthetic-album-0|synthetic-album-1|synthetic-album-11|synthetic-album-2|synthetic-album-3|synthetic-album-4|synthetic-album-6|synthetic-album-7|synthetic-album-8|synthetic-album-9,0.014671844 0.029343820 0.088232377 0.191336928 0.058787661 0.073459930 0.088132198 0.161892901 0.044015903 0.044116427 0.058788403 0.161792722 0.029544338 0.044116082 0.088031778 0.161692543 0.073359803 0.087931547 0.087931693 0.161692543 0.088132062 0.088132208 0.088132354 0.161592364
6,back-loaded,64,2,72,0.721766,insufficient,false,0.212360,0.828188,0.000000,false,true,synthetic-album-0|synthetic-album-1|synthetic-album-11|synthetic-album-2|synthetic-album-3|synthetic-album-4|synthetic-album-6|synthetic-album-7|synthetic-album-8|synthetic-album-9,0.036929366 0.055594499 0.111122221 0.222311273 0.037062974 0.073992419 0.111022043 0.166616569 0.036962796 0.037063316 0.074092649 0.166516391 0.018498071 0.037062974 0.073925564 0.148218648 0.055694728 0.073825334 0.092523944 0.148218648 0.074025845 0.074025991 0.074026136 0.148118470
6,back-loaded,65,2,72,0.721965,insufficient,false,0.210555,0.828188,0.000000,false,true,synthetic-album-0|synthetic-album-1|synthetic-album-11|synthetic-album-2|synthetic-album-3|synthetic-album-4|synthetic-album-6|synthetic-album-7|synthetic-album-8|synthetic-album-9,0.039199883 0.059000271 0.117699984 0.216201074 0.039099706 0.078299668 0.117599807 0.157100599 0.038999530 0.058699689 0.078399897 0.157000422 0.019399547 0.039099706 0.077999032 0.156599361 0.077898659 0.077898803 0.077898948 0.156599361 0.078099311 0.078500176 0.078500321 0.156499184
6,back-loaded,66,2,72,0.722477,insufficient,false,0.210555,0.828188,0.000000,false,true,synthetic-album-0|synthetic-album-1|synthetic-album-11|synthetic-album-2|synthetic-album-3|synthetic-album-4|synthetic-album-6|synthetic-album-7|synthetic-album-8|synthetic-album-9,0.018116601 0.036233226 0.089380689 0.197078092 0.018016425 0.053848870 0.089280513 0.160744663 0.017916250 0.035932648 0.054049273 0.160644487 0.053648519 0.071363950 0.089179996 0.160544311 0.071063371 0.089079770 0.106795589 0.160544311 0.089280274 0.089280418 0.089280561 0.160444136
6,back-loaded,67,2,73,0.728959,insufficient,false,0.206951,0.805915,0.000000,false,true,synthetic-album-0|synthetic-album-1|synthetic-album-11|synthetic-album-2|synthetic-album-3|synthetic-album-4|synthetic-album-6|synthetic-album-7|synthetic-album-8|synthetic-album-9,0.020167688 0.060502781 0.110921755 0.222244438 0.040134666 0.070586569 0.110821580 0.161641455 0.030351701 0.070586569 0.070686937 0.161541280 0.010384627 0.030451876 0.060703375 0.151557667 0.060603007 0.060603149 0.090954684 0.151557667 0.070787119 0.090754141 0.090754284 0.151457493
6,back-loaded,68,2,74,0.736238,insufficient,false,0.201806,0.805915,0.000000,false,true,synthetic-album-0|synthetic-album-1|synthetic-album-11|synthetic-album-2|synthetic-album-3|synthetic-album-4|synthetic-album-6|synthetic-album-7|synthetic-album-8|synthetic-album-9,0.031221989 0.062543836 0.124887375 0.219154124 0.031221723 0.062543887 0.124787202 0.156510087 0.031121550 0.062142899 0.093565186 0.156409913 0.000000100 0.031221723 0.062243073 0.156008683 0.062142707 0.062142849 0.093364646 0.156008683 0.062343347 0.062343489 0.093264473 0.155908510
6,back-loaded,69,2,74,0.740105,insufficient,false,0.199042,0.800497,0.000000,false,true,synthetic-album-0|synthetic-album-1|synthetic-album-11|synthetic-album-2|synthetic-album-3|synthetic-album-4|synthetic-album-6|synthetic-album-7|synthetic-album-8|synthetic-album-9,0.021139148 0.042378496 0.095025914 0.207433815 0.031608442 0.066673314 0.094925741 0.164955120 0.031508270 0.035165070 0.073786566 0.164854947 0.010469318 0.031608442 0.063016513 0.154285430 0.056103847 0.062916290 0.091068495 0.154285430 0.087411745 0.090968182 0.090968323 0.154185258
6,back-loaded,70,2,74,0.741882,insufficient,false,0.197409,0.800497,0.000000,false,true,synthetic-album-0|synthetic-album-1|synthetic-album-11|synthetic-album-2|synthetic-album-3|synthetic-album-4|synthetic-album-6|synthetic-album-7|synthetic-album-8|synthetic-album-9,0.021605534 0.043311265 0.096974506 0.205002533 0.032157878 0.064516176 0.096874334 0.161591070 0.032057707 0.053663217 0.075268774 0.161089869 0.010552368 0.032157878 0.064115387 0.160989698 0.064015026 0.064015166 0.096273102 0.160989698 0.085720757 0.085720897 0.086221908 0.150337132
6,back-loaded,71,2,76,0.757258,high,false,0.182569,0.800439,0.000000,false,true,synthetic-album-0|synthetic-album-1|synthetic-album-11|synthetic-album-2|synthetic-album-3|synthetic-album-4|synthetic-album-6|synthetic-album-7|synthetic-album-8|synthetic-album-9,0.003329579 0.064587241 0.096880874 0.229284691 0.029064225 0.064487021 0.096680434 0.164597253 0.028964055 0.090121497 0.093451099 0.164497083 0.025734670 0.029064225 0.057928084 0.151579599 0.051569587 0.054798969 0.086892162 0.151579599 0.067716452 0.070945787 0.086791991 0.138461775
6,back-loaded,72,2,76,0.763185,high,false,0.178011,0.800371,0.000000,false,true,synthetic-album-0|synthetic-album-1|synthetic-album-11|synthetic-album-2|synthetic-album-3|synthetic-album-4|synthetic-album-6|synthetic-album-7|synthetic-album-8|synthetic-album-9,0.008522028 0.067074399 0.100862134 0.235211463 0.033386744 0.067074399 0.100761916 0.168036868 0.025265707 0.033787850 0.092239911 0.167936698 0.016843872 0.025365877 0.050531388 0.142971714 0.042109464 0.042109602 0.075696900 0.142971714 0.067174806 0.075596592 0.075596730 0.142871544
6,back-loaded,73,2,76,0.763274,high,false,0.176462,0.793967,0.000000,false,true,synthetic-album-0|synthetic-album-1|synthetic-album-11|synthetic-album-2|synthetic-album-3|synthetic-album-4|synthetic-album-6|synthetic-album-7|synthetic-album-8|synthetic-album-9,0.010389648 0.069397159 0.104095751 0.232801005 0.031268749 0.062537523 0.097135898 0.163303651 0.031168580 0.090075873 0.093605909 0.163203483 0.027738759 0.058907316 0.058907454 0.152713775 0.052047864 0.055477682 0.083216421 0.152713775 0.041658426 0.069497380 0.083116253 0.135264311
6,back-loaded,74,2,76,0.764742,high,false,0.175594,0.793885,0.000000,false,true,synthetic-album-0|synthetic-album-1|synthetic-album-11|synthetic-album-2|synthetic-album-3|synthetic-album-4|synthetic-album-6|synthetic-album-7|synthetic-album-8|synthetic-album-9,0.046337248 0.099979816 0.146216962 0.261709393 0.030624257 0.053843023 0.099979953 0.161629384 0.023118573 0.061649505 0.069355719 0.161529216 0.015312189 0.038430739 0.061449118 0.161429048 0.053742904 0.061348902 0.061349039 0.161429048 0.000000097 0.023018431 0.038430813 0.092273911
6,back-loaded,75,2,77,0.766327,high,false,0.174304,0.793885,0.000000,false,true,synthetic-album-0|synthetic-album-1|synthetic-album-11|synthetic-album-2|synthetic-album-3|synthetic-album-4|synthetic-album-6|synthetic-album-7|synthetic-album-8|synthetic-album-9,0.000000096 0.065404599 0.093449589 0.233774116 0.037259561 0.065404647 0.093349422 0.168269325 0.028044894 0.084134545 0.093349300 0.168168900 0.028044820 0.055989459 0.055989595 0.149539302 0.046774840 0.055889380 0.074819711 0.149539302 0.065204214 0.074719408 0.074719544 0.130709054
6,back-loaded,76,2,77,0.766407,high,false,0.174290,0.793885,0.000000,false,true,synthetic-album-0|synthetic-album-1|synthetic-album-11|synthetic-album-2|synthetic-album-3|synthetic-album-4|synthetic-album-6|synthetic-album-7|synthetic-album-8|synthetic-album-9,0.000000096 0.041598623 0.112409512 0.213234191 0.011785043 0.053183260 0.094581478 0.171535377 0.011684877 0.041498409 0.053183309 0.153907774 0.000000096 0.029713292 0.041297978 0.153807608 0.035555705 0.035555840 0.076853708 0.153807608 0.041398240 0.071011222 0.071111557 0.153707442
6,back-loaded,77,2,77,0.766416,high,false,0.174109,0.793885,0.000000,false,true,synthetic-album-0|synthetic-album-1|synthetic-album-11|synthetic-album-2|synthetic-album-3|synthetic-album-4|synthetic-album-6|synthetic-album-7|synthetic-album-8|synthetic-album-9,0.030337200 0.061175396 0.117127597 0.229733434 0.030637793 0.066298413 0.086890633 0.168457848 0.030537628 0.061275612 0.086690207 0.168357683 0.005223243 0.030637793 0.061075231 0.147965841 0.045906618 0.060975018 0.081467025 0.147965841 0.056052388 0.081366726 0.081366860 0.137519352
6,back-loaded,78,2,77,0.766447,high,false,0.174109,0.793885,0.000000,false,true,synthetic-album-0|synthetic-album-1|synthetic-album-11|synthetic-album-2|synthetic-album-3|synthetic-album-4|synthetic-album-6|synthetic-album-7|synthetic-album-8|synthetic-album-9,0.032450551 0.052321664 0.150074024 0.235347132 0.019670712 0.058811687 0.110932950 0.182925278 0.019570548 0.039341449 0.071792023 0.156964919 0.000000095 0.019670712 0.039141070 0.156864755 0.032851375 0.032851509 0.071892139 0.156864755 0.052121285 0.071691691 0.071791975 0.111033162
6,back-loaded,79,2,77,0.766454,high,false,0.174109,0.793885,0.000000,false,true,synthetic-album-0|synthetic-album-1|synthetic-album-11|synthetic-album-2|synthetic-album-3|synthetic-album-4|synthetic-album-6|synthetic-album-7|synthetic-album-8|synthetic-album-9,0.076846096 0.115319150 0.192265326 0.295027183 0.038272720 0.051230613 0.102260826 0.179607844 0.000100321 0.038473165 0.051230746 0.153892392 0.038072279 0.038272655 0.038272788 0.153792229 0.025515208 0.038172578 0.038372890 0.153792229 0.000000094 0.000000227 0.038272727 0.063888123
6,back-loaded,80,2,77,0.766454,high,false,0.174109,0.793885,0.000000,false,true,synthetic-album-0|synthetic-album-1|synthetic-album-11|synthetic-album-2|synthetic-album-3|synthetic-album-4|synthetic-album-6|synthetic-album-7|synthetic-album-8|synthetic-album-9,0.021274814 0.043050608 0.134169953 0.225890463 0.021575398 0.064425610 0.102157531 0.182739667 0.021475236 0.043150821 0.064425657 0.156045957 0.021375023 0.021575398 0.042950446 0.155945795 0.037731947 0.042850237 0.080481949 0.155945795 0.042850234 0.042950399 0.064425610 0.123432323
6,back-loaded,81,2,77,0.767076,high,false,0.173568,0.793845,0.000000,false,true,synthetic-album-0|synthetic-album-1|synthetic-album-11|synthetic-album-2|synthetic-album-3|synthetic-album-4|synthetic-album-6|synthetic-album-7|synthetic-album-8|synthetic-album-9,0.000200392 0.054848024 0.102827541 0.226260704 0.027373942 0.054848071 0.102727380 0.171312494 0.027273781 0.061616442 0.075253298 0.171212332 0.006868554 0.034242475 0.054747863 0.157475221 0.041111007 0.054647655 0.068484927 0.157475221 0.013737086 0.041010799 0.041010930 0.116264028
6,back-loaded,82,2,77,0.767148,high,false,0.173346,0.793845,0.000000,false,true,synthetic-album-0|synthetic-album-1|synthetic-album-11|synthetic-album-2|synthetic-album-3|synthetic-album-4|synthetic-album-6|synthetic-album-7|synthetic-album-8|synthetic-album-9,0.005566813 0.066302213 0.104869922 0.237774970 0.033101056 0.066302213 0.094036744 0.171372572 0.033000896 0.093636089 0.099202924 0.171272411 0.016600446 0.049701396 0.049701527 0.149104843 0.044134693 0.049601320 0.077235643 0.149104843 0.027534137 0.060534880 0.077135482 0.121370360
6,back-loaded,83,2,77,0.767795,high,true,0.172715,0.793845,0.000000,false,true,synthetic-album-0|synthetic-album-1|synthetic-album-11|synthetic-album-2|synthetic-album-3|synthetic-album-4|synthetic-album-6|synthetic-album-7|synthetic-album-8|synthetic-album-9,0.012302602 0.073114460 0.109771862 0.244049011 0.036507115 0.073014254 0.097619592 0.170834367 0.036406955 0.085116645 0.097369076 0.170734207 0.012202573 0.048609506 0.048759769 0.146329235 0.048609329 0.048609459 0.073114591 0.146329235 0.024404947 0.060711674 0.073014431 0.121723944
6,back-loaded,84,2,77,0.767795,high,true,0.172715,0.793845,-0.000000,false,true,synthetic-album-0|synthetic-album-1|synthetic-album-11|synthetic-album-2|synthetic-album-3|synthetic-album-4|synthetic-album-6|synthetic-album-7|synthetic-album-8|synthetic-album-9,0.006619225 0.066793549 0.113428853 0.256844665 0.019957881 0.069902808 0.113328694 0.189950932 0.019857722 0.079931840 0.086551087 0.146725411 0.003009032 0.019957881 0.039715420 0.146625252 0.026677333 0.033196375 0.076522055 0.146625252 0.043225497 0.060074140 0.076421896 0.113228488
6,back-loaded,85,2,77,0.768254,high,true,0.172222,0.793845,0.000000,false,true,synthetic-album-0|synthetic-album-1|synthetic-album-11|synthetic-album-2|synthetic-album-3|synthetic-album-4|synthetic-album-6|synthetic-album-7|synthetic-album-8|synthetic-album-9,0.022975824 0.068977555 0.114929206 0.241546833 0.023025904 0.057439403 0.092053608 0.172469096 0.022925746 0.057539822 0.057640155 0.172368937 0.011488010 0.034513893 0.057339457 0.149393043 0.057239124 0.057239253 0.080315305 0.149393043 0.022975870 0.045901549 0.057489742 0.114829048
6,back-loaded,86,2,77,0.768318,high,true,0.172220,0.793845,0.000000,false,true,synthetic-album-0|synthetic-album-1|synthetic-album-11|synthetic-album-2|synthetic-album-3|synthetic-album-4|synthetic-album-6|synthetic-album-7|synthetic-album-8|synthetic-album-9,0.018260076 0.054713624 0.109093224 0.236613824 0.036219682 0.072606438 0.108993067 0.181800019 0.036119524 0.072472869 0.090732966 0.181699861 0.000000091 0.036219682 0.036453569 0.145446615 0.036353238 0.036353366 0.072639791 0.145446615 0.036186243 0.036319885 0.072439385 0.108993067
6,back-loaded,87,2,77,0.768761,high,true,0.171516,0.793825,0.000000,false,true,synthetic-album-0|synthetic-album-1|synthetic-album-11|synthetic-album-2|synthetic-album-3|synthetic-album-4|synthetic-album-6|synthetic-album-7|synthetic-album-8|synthetic-album-9,0.017614156 0.058413301 0.105184041 0.240025591 0.029256741 0.070156088 0.105083884 0.181512109 0.029156584 0.064384898 0.087469704 0.181411953 0.023184987 0.029256741 0.058313144 0.145983231 0.034727413 0.040698964 0.075526558 0.145983231 0.034727413 0.040698964 0.069855524 0.105083884
6,back-loaded,88,2,77,0.768904,high,true,0.170596,0.793825,0.000000,false,true,synthetic-album-0|synthetic-album-1|synthetic-album-11|synthetic-album-2|synthetic-album-3|synthetic-album-4|synthetic-album-6|synthetic-album-7|synthetic-album-8|synthetic-album-9,0.000100307 0.041725078 0.124975051 0.229337903 0.041324059 0.062337040 0.103861738 0.187512645 0.020812473 0.062337043 0.062437372 0.166700023 0.020712269 0.020912629 0.041624923 0.166599867 0.041524464 0.041524591 0.062437245 0.166599867 0.020812473 0.020812601 0.041625050 0.083249694
6,back-loaded,89,2,77,0.768906,high,true,0.170490,0.793825,0.000000,false,true,synthetic-album-0|synthetic-album-1|synthetic-album-11|synthetic-album-2|synthetic-album-3|synthetic-album-4|synthetic-album-6|synthetic-album-7|synthetic-album-8|synthetic-album-9,0.000200503 0.051482431 0.102664285 0.231069759 0.025540785 0.076722639 0.102564004 0.179487149 0.025440630 0.076622357 0.076722684 0.179386994 0.000100348 0.025841551 0.051182002 0.153745984 0.051081675 0.051081802 0.076822966 0.153745984 0.000300749 0.025641112 0.051382276 0.102564130
6,back-loaded,90,2,77,0.768994,high,true,0.170488,0.793825,0.000000,false,true,synthetic-album-0|synthetic-album-1|synthetic-album-11|synthetic-album-2|synthetic-album-3|synthetic-album-4|synthetic-album-6|synthetic-album-7|synthetic-album-8|synthetic-album-9,0.000100304 0.050045097 0.119176465 0.223224078 0.007814861 0.050045097 0.092275208 0.173078802 0.007714707 0.057559301 0.057659626 0.161607039 0.000000089 0.034715996 0.042330525 0.161506885 0.038573380 0.038573506 0.080703416 0.161506885 0.026901282 0.042029859 0.076645676 0.119076311
7,near-tied,1,2,10,0.104833,insufficient,false,0.916588,1.000000,0.000000,false,false,synthetic-album-0|synthetic-album-11|synthetic-album-12|synthetic-album-2|synthetic-album-3|synthetic-album-4|synthetic-album-6|synthetic-album-7|synthetic-album-8|synthetic-album-9,0.000001000 0.500037552 0.500038967 0.500040381 0.000001000 0.499935820 0.499937234 0.499938649 0.000001000 0.000002414 0.000003828 0.000005243 0.000001000 0.000002414 0.000003828 0.000005243 0.000001000 0.000002414 0.000003828 0.000005243 0.000001000 0.000002414 0.000003828 0.000005243
7,near-tied,2,2,14,0.144512,insufficient,false,0.833263,1.000000,0.000000,false,false,synthetic-album-0|synthetic-album-10|synthetic-album-11|synthetic-album-2|synthetic-album-3|synthetic-album-4|synthetic-album-6|synthetic-album-7|synthetic-album-8|synthetic-album-9,0.000000707 0.000001707 0.000002707 0.333397109 0.000000707 0.333293885 0.333294885 0.333295885 0.000000707 0.333293885 0.333294885 0.333295885 0.000000707 0.000001707 0.000002707 0.000003707 0.000000707 0.000001707 0.000002707 0.000003707 0.000000707 0.000001707 0.000002707 0.000003707
7,near-tied,3,2,19,0.194507,insufficient,false,0.749938,1.000000,0.000000,false,true,synthetic-album-0|synthetic-album-1|synthetic-album-11|synthetic-album-2|synthetic-album-3|synthetic-album-4|synthetic-album-6|synthetic-album-7|synthetic-album-8|synthetic-album-9,0.000000577 0.000001394 0.000002210 0.250074237 0.000000577 0.249971604 0.249972420 0.249973237 0.000000577 0.000001394 0.000002210 0.249973237 0.000000577 0.000001394 0.000002210 0.249973237 0.000000577 0.000001394 0.000002210 0.000003027 0.000000577 0.000001394 0.000002210 0.000003027
7,near-tied,4,2,27,0.271880,insufficient,false,0.666613,1.000000,0.000000,false,true,synthetic-album-0|synthetic-album-1|synthetic-album-11|synthetic-album-2|synthetic-album-3|synthetic-album-4|synthetic-album-6|synthetic-album-7|synthetic-album-8|synthetic-album-9,0.000000500 0.000001207 0.000001914 0.250074339 0.000000500 0.000001207 0.000001914 0.000002621 0.000000500 0.249972059 0.249972766 0.249973473 0.000000500 0.249972059 0.249972766 0.249973473 0.000000500 0.000001207 0.000001914 0.249973473 0.000000500 0.000001207 0.000001914 0.000002621
7,near-tied,5,2,34,0.342666,insufficient,false,0.576344,1.000000,0.000000,false,false,synthetic-album-0|synthetic-album-1|synthetic-album-10|synthetic-album-11|synthetic-album-2|synthetic-album-3|synthetic-album-4|synthetic-album-6|synthetic-album-7|synthetic-album-8,0.000000447 0.000001080 0.000001712 0.200080151 0.000000447 0.000001080 0.000001712 0.000002345 0.000000447 0.199978111 0.199978744 0.199979376 0.000000447 0.199978111 0.199978744 0.199979376 0.000000447 0.000001080 0.000001712 0.199979376 0.000000447 0.199978111 0.199978744 0.199979376
7,near-tied,6,2,37,0.370092,insufficient,false,0.548512,0.999901,0.000000,false,false,synthetic-album-0|synthetic-album-10|synthetic-album-11|synthetic-album-2|synthetic-album-3|synthetic-album-4|synthetic-album-6|synthetic-album-7|synthetic-album-8|synthetic-album-9,0.000000408 0.000000986 0.000001563 0.166767374 0.000000408 0.000000986 0.166666089 0.166666667 0.000000408 0.166564805 0.166565382 0.166565960 0.000000408 0.166665512 0.166666089 0.166666667 0.000000408 0.000000986 0.000001563 0.166666667 0.000000408 0.166665512 0.166666089 0.166666667
7,near-tied,7,2,39,0.389779,insufficient,false,0.520733,0.999900,0.000000,false,false,synthetic-album-0|synthetic-album-1|synthetic-album-10|synthetic-album-11|synthetic-album-3|synthetic-album-4|synthetic-album-6|synthetic-album-7|synthetic-album-8|synthetic-album-9,0.000000378 0.000000912 0.000001447 0.166784097 0.000000378 0.000000912 0.000001447 0.166683442 0.000000378 0.166581719 0.166582253 0.166582788 0.000000378 0.000000912 0.000001447 0.166582788 0.000000378 0.000000912 0.000001447 0.166683442 0.000000378 0.166682373 0.166682908 0.166683442
7,near-tied,8,2,40,0.403754,insufficient,false,0.492955,0.999900,0.000000,false,false,synthetic-album-0|synthetic-album-1|synthetic-album-10|synthetic-album-11|synthetic-album-3|synthetic-album-4|synthetic-album-6|synthetic-album-7|synthetic-album-8|synthetic-album-9,0.000000354 0.000000854 0.000001354 0.166800816 0.000000354 0.000000854 0.000001354 0.166700204 0.000000354 0.166598592 0.166599092 0.166599592 0.000000354 0.000000854 0.000001354 0.166599592 0.000000354 0.166598592 0.166599092 0.166599592 0.000000354 0.000000854 0.166699704 0.166700204
7,near-tied,9,2,41,0.406618,insufficient,false,0.465176,0.999900,0.000000,false,true,synthetic-album-0|synthetic-album-1|synthetic-album-11|synthetic-album-2|synthetic-album-3|synthetic-album-4|synthetic-album-6|synthetic-album-7|synthetic-album-8|synthetic-album-9,0.000000333 0.000000805 0.000001276 0.166817533 0.000000333 0.000000805 0.000001276 0.166716955 0.000000333 0.000000805 0.166615907 0.166616378 0.000000333 0.000000805 0.000001276 0.166616378 0.000000333 0.166615435 0.166615907 0.166616378 0.000000333 0.166615435 0.166615907 0.166616378
7,near-tied,10,2,42,0.422569,insufficient,false,0.451218,0.999702,0.000000,false,true,synthetic-album-0|synthetic-album-1|synthetic-album-11|synthetic-album-2|synthetic-album-3|synthetic-album-4|synthetic-album-6|synthetic-album-7|synthetic-album-8|synthetic-album-9,0.000000316 0.000000763 0.000001211 0.166834246 0.000000316 0.000000763 0.000001211 0.166733698 0.000000316 0.000000763 0.166632704 0.166633151 0.000000316 0.166531709 0.166532156 0.166532603 0.000000316 0.166632256 0.166632704 0.166633151 0.000000316 0.000000763 0.000001211 0.166633151
7,near-tied,11,2,44,0.439636,insufficient,false,0.437325,0.999701,0.000000,false,true,synthetic-album-0|synthetic-album-1|synthetic-album-11|synthetic-album-2|synthetic-album-3|synthetic-album-4|synthetic-album-6|synthetic-album-7|synthetic-album-8|synthetic-album-9,0.000000302 0.000000728 0.000001154 0.166850957 0.000000302 0.000000728 0.000001154 0.166750435 0.000000302 0.000000728 0.166649487 0.166649913 0.000000302 0.000000728 0.000001154 0.166549391 0.000000302 0.166548538 0.166548964 0.166549391 0.000000302 0.000000728 0.000001154 0.166649913
7,near-tied,12,2,46,0.456778,insufficient,false,0.423433,0.999701,0.000000,false,true,synthetic-album-0|synthetic-album-1|synthetic-album-11|synthetic-album-2|synthetic-album-3|synthetic-album-4|synthetic-album-6|synthetic-album-7|synthetic-album-8|synthetic-album-9,0.000000289 0.000000697 0.000001105 0.166867667 0.000000289 0.000000697 0.000001105 0.166767167 0.000000289 0.000000697 0.000001105 0.166666667 0.000000289 0.000000697 0.000001105 0.166566167 0.000000289 0.166565350 0.166565758 0.166566167 0.000000289 0.000000697 0.000001105 0.166566167
7,near-tied,13,2,46,0.463623,insufficient,false,0.415002,0.999403,0.000000,false,false,synthetic-album-0|synthetic-album-1|synthetic-album-10|synthetic-album-11|synthetic-album-2|synthetic-album-3|synthetic-album-4|synthetic-album-6|synthetic-album-7|synthetic-album-9,0.000000277 0.000000670 0.000001062 0.166884374 0.000000277 0.000000670 0.000001062 0.166783894 0.000000277 0.000000670 0.000001062 0.166683413 0.000000277 0.000000670 0.000001062 0.166582933 0.166481276 0.166481668 0.166482060 0.166482453 0.000000277 0.000000670 0.166582541 0.166582933
7,near-tied,14,2,47,0.466489,insufficient,false,0.406664,0.999402,0.000000,false,true,synthetic-album-0|synthetic-album-1|synthetic-album-11|synthetic-album-2|synthetic-album-3|synthetic-album-4|synthetic-album-6|synthetic-album-7|synthetic-album-8|synthetic-album-9,0.000000267 0.000000645 0.000001023 0.166901080 0.000000267 0.000000645 0.000001023 0.166800617 0.000000267 0.000000645 0.000001023 0.166700154 0.000000267 0.000000645 0.000001023 0.166599691 0.000000267 0.000000645 0.166498851 0.166499228 0.000000267 0.000000645 0.000001023 0.166499228
7,near-tied,15,2,47,0.471229,insufficient,false,0.400976,0.999004,0.000000,false,false,synthetic-album-0|synthetic-album-1|synthetic-album-10|synthetic-album-11|synthetic-album-3|synthetic-album-4|synthetic-album-6|synthetic-album-7|synthetic-album-8|synthetic-album-9,0.000000258 0.000000623 0.000000988 0.166917785 0.000000258 0.000000623 0.000000988 0.166817337 0.000000258 0.166716160 0.166716525 0.166716890 0.000000258 0.000000623 0.000000988 0.166616443 0.000000258 0.166515266 0.166515631 0.166515996 0.000000258 0.166414818 0.166415183 0.166415549
7,near-tied,16,2,47,0.473470,insufficient,false,0.400963,0.998905,0.000000,false,true,synthetic-album-0|synthetic-album-1|synthetic-album-11|synthetic-album-2|synthetic-album-3|synthetic-album-4|synthetic-album-6|synthetic-album-7|synthetic-album-8|synthetic-album-9,0.000000250 0.000000604 0.000101516 0.166917749 0.000000250 0.000000604 0.000000957 0.166817316 0.000000250 0.000000604 0.000000957 0.166716883 0.000000250 0.000000604 0.000000957 0.166616450 0.000000250 0.000000604 0.166515664 0.166516017 0.000000250 0.000000604 0.166415231 0.166415584
7,near-tied,17,2,47,0.473488,insufficient,false,0.400951,0.998805,0.000000,false,false,synthetic-album-1|synthetic-album-11|synthetic-album-2|synthetic-album-3|synthetic-album-4|synthetic-album-5|synthetic-album-6|synthetic-album-7|synthetic-album-8|synthetic-album-9,0.000000243 0.000101128 0.166917374 0.166917717 0.000000243 0.000000586 0.166716289 0.166817297 0.000000243 0.000000586 0.000000929 0.166716877 0.000000243 0.000000586 0.000000929 0.166616457 0.000000243 0.000000586 0.000000929 0.166516037 0.000000243 0.000000586 0.166415273 0.166415616
7,near-tied,18,2,47,0.473506,insufficient,false,0.400939,0.998705,0.000000,false,false,synthetic-album-1|synthetic-album-11|synthetic-album-2|synthetic-album-3|synthetic-album-4|synthetic-album-5|synthetic-album-6|synthetic-album-7|synthetic-album-8|synthetic-album-9,0.000000236 0.000101096 0.166816827 0.166917687 0.000000236 0.000000569 0.166615773 0.166817279 0.000000236 0.000000569 0.000000902 0.166716871 0.000000236 0.000000569 0.000000902 0.166616463 0.000000236 0.000000569 0.000000902 0.166516054 0.000000236 0.000000569 0.000000902 0.166415646
7,near-tied,19,2,47,0.473536,insufficient,false,0.400926,0.998705,0.000000,false,false,synthetic-album-1|synthetic-album-11|synthetic-album-2|synthetic-album-3|synthetic-album-4|synthetic-album-5|synthetic-album-6|synthetic-album-7|synthetic-album-8|synthetic-album-9,0.000000229 0.000101067 0.166816823 0.166917660 0.000100858 0.000201695 0.166816938 0.166817263 0.000000229 0.000000554 0.000000878 0.166716865 0.000000229 0.000000554 0.000000878 0.166616468 0.000000229 0.000000554 0.000000878 0.166516071 0.000000229 0.166415024 0.166415349 0.166415673
7,near-tied,20,2,47,0.473566,insufficient,false,0.400914,0.998705,0.000000,false,false,synthetic-album-0|synthetic-album-10|synthetic-album-11|synthetic-album-12|synthetic-album-2|synthetic-album-3|synthetic-album-4|synthetic-album-6|synthetic-album-7|synthetic-album-8,0.000000224 0.166716002 0.166816819 0.166917635 0.000000224 0.166716115 0.166716431 0.166817248 0.000000224 0.166615502 0.166615819 0.166716860 0.000000224 0.000000540 0.000000856 0.166616473 0.000000224 0.000000540 0.000000856 0.166516086 0.000000224 0.000000540 0.000000856 0.166415698
7,near-tied,21,2,47,0.474536,insufficient,false,0.400901,0.998705,0.000000,false,false,synthetic-album-10|synthetic-album-11|synthetic-album-12|synthetic-album-2|synthetic-album-3|synthetic-album-4|synthetic-album-6|synthetic-album-7|synthetic-album-8|synthetic-album-9,0.000000218 0.166716018 0.166816815 0.166917612 0.000000218 0.000101015 0.000101323 0.166817234 0.000000438 0.166615750 0.166716547 0.166716856 0.000000218 0.000000527 0.000000835 0.166616478 0.000000218 0.000000527 0.000000835 0.166516100 0.000000218 0.000000527 0.000000835 0.166415722
7,near-tied,22,2,47,0.474554,insufficient,false,0.400889,0.998705,0.000000,false,false,synthetic-album-0|synthetic-album-1|synthetic-album-11|synthetic-album-2|synthetic-album-3|synthetic-album-4|synthetic-album-5|synthetic-album-6|synthetic-album-7|synthetic-album-9,0.000000213 0.000100991 0.166816812 0.166917590 0.000000213 0.000100991 0.166716227 0.166817221 0.000000213 0.000000515 0.166616073 0.166716851 0.000000213 0.000000515 0.000000816 0.166616482 0.000000213 0.166515295 0.166515811 0.166516113 0.000000213 0.000000515 0.000000816 0.166415743
7,near-tied,23,2,48,0.477664,insufficient,false,0.400876,0.998605,0.000000,false,false,synthetic-album-0|synthetic-album-1|synthetic-album-11|synthetic-album-12|synthetic-album-2|synthetic-album-3|synthetic-album-4|synthetic-album-6|synthetic-album-7|synthetic-album-9,0.166615286 0.166716047 0.166816808 0.166917570 0.000000209 0.000100970 0.000101265 0.166817208 0.000000209 0.000000503 0.166616086 0.166716847 0.000000209 0.000000503 0.000000798 0.166616486 0.000000209 0.166515325 0.166515830 0.166516125 0.000000209 0.000000503 0.000000798 0.166415764
7,near-tied,24,2,48,0.477726,insufficient,false,0.400851,0.998605,0.000000,false,true,synthetic-album-0|synthetic-album-1|synthetic-album-11|synthetic-album-2|synthetic-album-3|synthetic-album-4|synthetic-album-6|synthetic-album-7|synthetic-album-8|synthetic-album-9,0.000100558 0.000201303 0.000302048 0.166917653 0.000000204 0.000201406 0.000201694 0.166817300 0.000000204 0.000000493 0.000101341 0.166716946 0.000000204 0.000100949 0.166616098 0.166616387 0.000000204 0.000000596 0.166515745 0.166516033 0.166414814 0.166415103 0.166415391 0.166415680
7,near-tied,25,2,48,0.477741,insufficient,false,0.400842,0.998605,0.000000,false,false,synthetic-album-10|synthetic-album-11|synthetic-album-12|synthetic-album-2|synthetic-album-3|synthetic-album-4|synthetic-album-6|synthetic-album-7|synthetic-album-8|synthetic-album-9,0.000100546 0.166716073 0.166816803 0.166917533 0.166514996 0.166716173 0.166716456 0.166817186 0.000000200 0.166515279 0.166616110 0.166716840 0.000000200 0.000100930 0.000101213 0.166616493 0.000000200 0.000000584 0.000000866 0.166516147 0.166414952 0.166415235 0.166415518 0.166415801
7,near-tied,26,2,48,0.477750,insufficient,false,0.400836,0.998505,0.000000,false,true,synthetic-album-0|synthetic-album-1|synthetic-album-11|synthetic-album-2|synthetic-album-3|synthetic-album-4|synthetic-album-6|synthetic-album-7|synthetic-album-8|synthetic-album-9,0.000100536 0.083458668 0.166816800 0.166917516 0.000100635 0.083458767 0.166716460 0.166817176 0.000000196 0.000000473 0.166616121 0.166716837 0.000000196 0.083257890 0.083258167 0.166616497 0.000000196 0.166515405 0.166515682 0.166516157 0.000000196 0.083157451 0.083157729 0.166415817
7,near-tied,27,2,48,0.478005,insufficient,false,0.400821,0.998405,0.000000,false,true,synthetic-album-0|synthetic-album-1|synthetic-album-11|synthetic-album-2|synthetic-album-3|synthetic-album-4|synthetic-album-6|synthetic-album-7|synthetic-album-8|synthetic-album-9,0.000100526 0.000201228 0.000402361 0.166917500 0.166515059 0.166716192 0.166716464 0.166817167 0.000000192 0.000000465 0.000302125 0.166716833 0.000000192 0.000100895 0.000101167 0.166616500 0.000000192 0.000000465 0.000000737 0.166516167 0.166415017 0.166415289 0.166415561 0.166415833
7,near-tied,28,2,48,0.480412,insufficient,false,0.400807,0.998306,0.000000,false,true,synthetic-album-0|synthetic-album-1|synthetic-album-11|synthetic-album-2|synthetic-album-3|synthetic-album-4|synthetic-album-6|synthetic-album-7|synthetic-album-8|synthetic-album-9,0.000100516 0.083408444 0.166716373 0.166917485 0.000000189 0.083308117 0.166515623 0.166817158 0.000000189 0.083207695 0.166616140 0.166716830 0.000000189 0.083207695 0.083207962 0.166616503 0.000000189 0.000000456 0.000201569 0.166516176 0.000000189 0.000000456 0.000000724 0.166415848
7,near-tied,29,2,48,0.481207,insufficient,false,0.400807,0.998306,0.000000,false,false,synthetic-album-0|synthetic-album-10|synthetic-album-11|synthetic-album-2|synthetic-album-3|synthetic-album-4|synthetic-album-6|synthetic-album-7|synthetic-album-8|synthetic-album-9,0.055505069 0.111110723 0.166716378 0.166917471 0.000000186 0.111110817 0.111111079 0.166817149 0.000000186 0.055505425 0.166616150 0.166716827 0.000000186 0.055505425 0.055505688 0.166616506 0.000000186 0.000000448 0.000000711 0.166516184 0.111010513 0.166415337 0.166415600 0.166415863
7,near-tied,30,2,48,0.482349,insufficient,false,0.400794,0.998304,0.000000,false,true,synthetic-album-0|synthetic-album-1|synthetic-album-11|synthetic-album-2|synthetic-album-3|synthetic-album-4|synthetic-album-6|synthetic-album-7|synthetic-album-8|synthetic-album-9,0.055438138 0.111077260 0.166716383 0.166917457 0.000000183 0.111077352 0.111178019 0.166817141 0.000000183 0.055538897 0.166616158 0.166716825 0.000000183 0.055538897 0.055539155 0.166616509 0.000000183 0.000000441 0.055539155 0.166516192 0.000000183 0.055438488 0.055438747 0.166415876
7,near-tied,31,2,48,0.482395,insufficient,false,0.400758,0.998204,0.000000,false,false,synthetic-album-0|synthetic-album-10|synthetic-album-11|synthetic-album-2|synthetic-album-3|synthetic-album-4|synthetic-album-6|synthetic-album-7|synthetic-album-8|synthetic-album-9,0.000100491 0.083450311 0.166800131 0.167001188 0.000100491 0.083450311 0.166699729 0.166800385 0.000000180 0.083249598 0.166599418 0.166700074 0.000000180 0.083249598 0.083249852 0.166599762 0.000000180 0.000000434 0.000000688 0.166499451 0.000000180 0.083149196 0.166298213 0.166399140
7,near-tied,32,2,48,0.482396,insufficient,false,0.400758,0.998204,0.000000,false,true,synthetic-album-0|synthetic-album-1|synthetic-album-11|synthetic-album-2|synthetic-album-3|synthetic-album-4|synthetic-album-6|synthetic-album-7|synthetic-album-8|synthetic-album-9,0.055505033 0.111110712 0.166716392 0.166917432 0.000100483 0.111110801 0.111211447 0.166817126 0.000000177 0.055505461 0.166616174 0.166716820 0.055605695 0.111110979 0.111111229 0.166616514 0.000000177 0.000000427 0.055505711 0.166516207 0.000000177 0.055405066 0.055405316 0.166415901
7,near-tied,33,2,48,0.482669,insufficient,false,0.400700,0.998003,0.000000,false,false,synthetic-album-0|synthetic-album-10|synthetic-album-11|synthetic-album-2|synthetic-album-3|synthetic-album-4|synthetic-album-6|synthetic-album-7|synthetic-album-8|synthetic-album-9,0.000200896 0.105320965 0.158031766 0.210842956 0.000200896 0.105320965 0.157931376 0.158032012 0.000100594 0.105120274 0.105220910 0.157931710 0.000000174 0.052610586 0.105220997 0.157831409 0.000000174 0.000000420 0.000000666 0.157731107 0.000000174 0.052510196 0.052510443 0.157630806
7,near-tied,34,2,49,0.485534,insufficient,false,0.400612,0.997704,0.000000,false,false,synthetic-album-0|synthetic-album-10|synthetic-album-11|synthetic-album-2|synthetic-album-3|synthetic-album-4|synthetic-album-6|synthetic-album-7|synthetic-album-8|synthetic-album-9,0.000301110 0.083508755 0.166716400 0.166917409 0.000301110 0.083508841 0.083709695 0.166817112 0.000200813 0.083308074 0.166616189 0.166716815 0.083508772 0.166616033 0.166616276 0.166616518 0.000000171 0.000000414 0.000000657 0.166516221 0.000000171 0.083007049 0.083107519 0.166415924
7,near-tied,35,2,49,0.490968,insufficient,false,0.400358,0.996957,0.000000,false,true,synthetic-album-0|synthetic-album-1|synthetic-album-11|synthetic-album-2|synthetic-album-3|synthetic-album-4|synthetic-album-6|synthetic-album-7|synthetic-album-8|synthetic-album-9,0.083357900 0.083659034 0.166716404 0.166917399 0.083458363 0.166615872 0.166716489 0.166817106 0.083257607 0.083257846 0.166616196 0.166716813 0.166415286 0.166616042 0.166616281 0.166616520 0.000000169 0.083258141 0.083258380 0.166516228 0.000000169 0.000100547 0.000100786 0.166415935
7,near-tied,36,2,49,0.492315,insufficient,false,0.400179,0.996457,0.000000,false,true,synthetic-album-0|synthetic-album-1|synthetic-album-11|synthetic-album-2|synthetic-album-3|synthetic-album-4|synthetic-album-6|synthetic-album-7|synthetic-album-8|synthetic-album-9,0.083357906 0.125037157 0.166716407 0.166917388 0.083458363 0.166615883 0.166716491 0.166817100 0.083257618 0.083257853 0.166616203 0.166716811 0.125037173 0.166616051 0.166616287 0.166616522 0.000000167 0.083258143 0.083258379 0.166516234 0.166315101 0.166415474 0.166415709 0.166415945
7,near-tied,37,2,49,0.492546,insufficient,false,0.399991,0.995957,0.000000,false,false,synthetic-album-0|synthetic-album-11|synthetic-album-2|synthetic-album-3|synthetic-album-4|synthetic-album-5|synthetic-album-6|synthetic-album-7|synthetic-album-8|synthetic-album-9,0.033523787 0.100069915 0.166616043 0.166917379 0.033523787 0.100069998 0.133493539 0.166817094 0.033423502 0.066646540 0.166515841 0.166716809 0.100069931 0.166515692 0.166616292 0.166616524 0.000000164 0.000000397 0.033223585 0.166516240 0.133092317 0.133092549 0.166415722 0.166415955
7,near-tied,38,2,49,0.492567,insufficient,false,0.399979,0.995957,0.000000,false,true,synthetic-album-0|synthetic-album-1|synthetic-album-11|synthetic-album-2|synthetic-album-3|synthetic-album-4|synthetic-album-6|synthetic-album-7|synthetic-album-8|synthetic-album-9,0.054124281 0.108048186 0.108299207 0.189385765 0.054124281 0.108048186 0.108198845 0.162323409 0.054024000 0.054024229 0.081236933 0.162223128 0.081086127 0.081236785 0.162122618 0.162122847 0.080885794 0.107998135 0.162022337 0.162022566 0.081036223 0.081086519 0.081136816 0.161922285
7,near-tied,39,2,49,0.493516,insufficient,false,0.399979,0.995957,0.000000,false,true,synthetic-album-0|synthetic-album-1|synthetic-album-11|synthetic-album-2|synthetic-album-3|synthetic-album-4|synthetic-album-6|synthetic-album-7|synthetic-album-8|synthetic-album-9,0.040943174 0.081886466 0.122829758 0.184044133 0.040943174 0.081886466 0.122729400 0.163572334 0.040842896 0.041043612 0.102358039 0.163472056 0.061213950 0.102056884 0.163070543 0.163070770 0.061013622 0.122227690 0.162970266 0.162970492 0.020471762 0.061214338 0.101956914 0.162870215
7,near-tied,40,2,50,0.499697,insufficient,false,0.399967,0.995957,0.000000,false,true,synthetic-album-0|synthetic-album-1|synthetic-album-11|synthetic-album-2|synthetic-album-3|synthetic-album-4|synthetic-album-6|synthetic-album-7|synthetic-album-8|synthetic-album-9,0.032429452 0.080823033 0.129216614 0.193774962 0.032429531 0.096787125 0.129116340 0.161445555 0.032329178 0.064457910 0.096887287 0.161345281 0.000300912 0.048594139 0.112951780 0.161245008 0.064357604 0.096686627 0.128915489 0.161144734 0.064558087 0.064558311 0.096787172 0.161044460
7,near-tied,41,2,52,0.519161,insufficient,false,0.399628,0.995157,0.000000,false,false,synthetic-album-0|synthetic-album-10|synthetic-album-11|synthetic-album-2|synthetic-album-3|synthetic-album-4|synthetic-album-6|synthetic-album-7|synthetic-album-8|synthetic-album-9,0.025238152 0.124987188 0.199899355 0.200200623 0.025238152 0.149924408 0.175062327 0.175162897 0.025137881 0.124786569 0.174861707 0.175062626 0.025238152 0.100049969 0.100150539 0.174962356 0.000100533 0.000100754 0.000100975 0.174862085 0.000000156 0.074711624 0.099749193 0.099749414
7,near-tied,42,2,52,0.519715,insufficient,false,0.399183,0.994011,0.000000,false,true,synthetic-album-0|synthetic-album-1|synthetic-album-11|synthetic-album-2|synthetic-album-3|synthetic-album-4|synthetic-album-6|synthetic-album-7|synthetic-album-8|synthetic-album-9,0.015356617 0.060724394 0.091136820 0.166917335 0.015356694 0.075780167 0.091036553 0.166817068 0.015256349 0.060523781 0.091036631 0.166716800 0.030412546 0.060724627 0.136304452 0.166616533 0.090635717 0.090635935 0.105791976 0.166516266 0.045568742 0.075780478 0.090936519 0.166415999
7,near-tied,43,2,52,0.522298,insufficient,false,0.399183,0.994011,0.000000,false,true,synthetic-album-0|synthetic-album-1|synthetic-album-11|synthetic-album-2|synthetic-album-3|synthetic-album-4|synthetic-album-6|synthetic-album-7|synthetic-album-8|synthetic-album-9,0.096521489 0.128795908 0.193243974 0.193645338 0.032474773 0.096722372 0.129096916 0.161471461 0.032374508 0.064548586 0.161070174 0.161371197 0.096621969 0.096722526 0.096923208 0.161270932 0.000200646 0.000200862 0.032475065 0.161170668 0.128695644 0.128695860 0.160970063 0.161070404
7,near-tied,44,2,54,0.541747,insufficient,false,0.399159,0.994011,0.000000,false,true,synthetic-album-0|synthetic-album-1|synthetic-album-11|synthetic-album-2|synthetic-album-3|synthetic-album-4|synthetic-album-6|synthetic-album-7|synthetic-album-8|synthetic-album-9,0.018395176 0.072678292 0.127362027 0.218234679 0.018395176 0.054684278 0.109267675 0.200140327 0.018294914 0.036389404 0.054784326 0.145556640 0.054483466 0.054584017 0.090872981 0.145456379 0.036288929 0.054583514 0.072778127 0.145356118 0.090872403 0.090872616 0.109067229 0.145255857
7,near-tied,45,2,56,0.557181,insufficient,false,0.385931,0.993532,0.000000,false,true,synthetic-album-0|synthetic-album-1|synthetic-album-11|synthetic-album-2|synthetic-album-3|synthetic-album-4|synthetic-album-6|synthetic-album-7|synthetic-album-8|synthetic-album-9,0.033221879 0.082754009 0.132286133 0.223195252 0.033221954 0.099064219 0.132185875 0.165307531 0.033121621 0.066042821 0.074398488 0.165207273 0.049532165 0.098963961 0.115675223 0.165107015 0.016711227 0.024966561 0.057987883 0.140641594 0.090908873 0.090909084 0.123930406 0.140541335
7,near-tied,46,2,57,0.571434,insufficient,false,0.385929,0.993506,0.000000,false,true,synthetic-album-0|synthetic-album-1|synthetic-album-11|synthetic-album-2|synthetic-album-3|synthetic-album-4|synthetic-album-6|synthetic-album-7|synthetic-album-8|synthetic-album-9,0.041741762 0.104204125 0.166666488 0.187687943 0.041741762 0.104304604 0.145946146 0.187587687 0.041641507 0.104003540 0.166566307 0.187487432 0.041842315 0.104204348 0.125025143 0.187387177 0.000100503 0.041641879 0.083183091 0.187286921 0.000000147 0.021021420 0.062562632 0.062562840
7,near-tied,47,2,57,0.571587,insufficient,false,0.385929,0.993506,0.000000,false,true,synthetic-album-0|synthetic-album-1|synthetic-album-11|synthetic-album-2|synthetic-album-3|synthetic-album-4|synthetic-album-6|synthetic-album-7|synthetic-album-8|synthetic-album-9,0.031406617 0.093618507 0.125125366 0.218844071 0.031406617 0.093718641 0.125025040 0.156431691 0.031306364 0.062412316 0.062713059 0.156331438 0.062211924 0.062712927 0.156230979 0.156231186 0.031206229 0.031406646 0.062612718 0.156130933 0.093718464 0.093718671 0.124924743 0.156030680
7,near-tied,48,2,68,0.683474,insufficient,false,0.264984,0.827707,0.000000,false,true,synthetic-album-0|synthetic-album-1|synthetic-album-11|synthetic-album-2|synthetic-album-3|synthetic-album-4|synthetic-album-6|synthetic-album-7|synthetic-album-8|synthetic-album-9,0.026492557 0.039739132 0.105669367 0.210737322 0.052483957 0.052684807 0.105569117 0.158053036 0.026392307 0.039538559 0.052985153 0.157952786 0.052484030 0.052584557 0.092022623 0.157852536 0.078475153 0.091821424 0.118113442 0.157752286 0.105067717 0.105067921 0.118314292 0.157652036
7,near-tied,49,2,69,0.693290,insufficient,false,0.262736,0.827707,0.000000,false,true,synthetic-album-0|synthetic-album-1|synthetic-album-11|synthetic-album-2|synthetic-album-3|synthetic-album-4|synthetic-album-6|synthetic-album-7|synthetic-album-8|synthetic-album-9,0.060191068 0.097935883 0.135680698 0.195771481 0.060191068 0.127830896 0.135580379 0.195671234 0.060090821 0.067740114 0.120382175 0.180372638 0.045093256 0.082737751 0.142627895 0.180272391 0.000100488 0.022346010 0.082336545 0.180172143 0.022546573 0.060090749 0.067739912 0.067740114
7,near-tied,50,2,74,0.738923,insufficient,false,0.225453,0.331436,0.000000,false,true,synthetic-album-0|synthetic-album-1|synthetic-album-11|synthetic-album-2|synthetic-album-3|synthetic-album-4|synthetic-album-6|synthetic-album-7|synthetic-album-8|synthetic-album-9,0.063633681 0.081822005 0.154574757 0.218208404 0.036526746 0.090940972 0.127367506 0.163794040 0.036426501 0.054514509 0.100160464 0.163693795 0.063483209 0.063583725 0.090941114 0.163593550 0.027357356 0.045445365 0.081771583 0.163493305 0.063633414 0.063633614 0.099959832 0.127216905
7,near-tied,51,2,74,0.739211,insufficient,false,0.225252,0.331436,0.000000,false,true,synthetic-album-0|synthetic-album-1|synthetic-album-11|synthetic-album-2|synthetic-album-3|synthetic-album-4|synthetic-album-6|synthetic-album-7|synthetic-album-8|synthetic-album-9,0.036072086 0.081162312 0.126252539 0.189378853 0.036172456 0.090180420 0.126152296 0.162324714 0.035971843 0.054108244 0.099198471 0.162224472 0.009218715 0.054208628 0.117134316 0.162124229 0.000100478 0.045090391 0.080961955 0.162023987 0.116733205 0.126051983 0.161923546 0.161923744
7,near-tied,52,2,74,0.742463,insufficient,false,0.221041,0.331403,0.000000,false,true,synthetic-album-0|synthetic-album-1|synthetic-album-11|synthetic-album-2|synthetic-album-3|synthetic-album-4|synthetic-album-6|synthetic-album-7|synthetic-album-8|synthetic-album-9,0.062550161 0.109412628 0.156575924 0.219126053 0.031275012 0.078137479 0.125200465 0.156375270 0.031174772 0.046962744 0.093825211 0.156275030 0.000000139 0.046762295 0.109111804 0.156174789 0.000100473 0.046862630 0.077937125 0.156074549 0.109011532 0.124899618 0.155974113 0.155974309
7,near-tied,53,2,76,0.757155,high,false,0.219813,0.330920,0.000000,false,true,synthetic-album-0|synthetic-album-1|synthetic-album-11|synthetic-album-2|synthetic-album-3|synthetic-album-4|synthetic-album-6|synthetic-album-7|synthetic-album-8|synthetic-album-9,0.061199993 0.102100209 0.173449895 0.234649856 0.061200062 0.102100279 0.173349657 0.193950129 0.020600439 0.041000491 0.081900707 0.143000361 0.000000137 0.040800046 0.071650744 0.142900123 0.030449676 0.071249585 0.091749750 0.142799885 0.091849887 0.091850081 0.112350246 0.142699647
7,near-tied,54,2,76,0.759676,high,false,0.219166,0.330895,0.000000,false,true,synthetic-album-0|synthetic-album-1|synthetic-album-11|synthetic-album-2|synthetic-album-3|synthetic-album-4|synthetic-album-6|synthetic-album-7|synthetic-album-8|synthetic-album-9,0.030775767 0.080636062 0.130496356 0.195644280 0.030775767 0.099720488 0.130396052 0.161071615 0.030675531 0.069044993 0.095923760 0.160971380 0.019184767 0.068944758 0.111111154 0.160871144 0.042166364 0.068944826 0.099520085 0.160770908 0.080134815 0.088029321 0.118604581 0.160670673
7,near-tied,55,2,76,0.759692,high,false,0.219166,0.330895,0.000000,false,true,synthetic-album-0|synthetic-album-1|synthetic-album-11|synthetic-album-2|synthetic-album-3|synthetic-album-4|synthetic-album-6|synthetic-album-7|synthetic-album-8|synthetic-album-9,0.035309132 0.079195173 0.158089665 0.228307303 0.035309200 0.079195241 0.157989431 0.158089923 0.017554412 0.043986311 0.087872352 0.157989690 0.000000135 0.009178495 0.079195531 0.157889456 0.034908388 0.078694128 0.078694319 0.157789223 0.078594085 0.087672144 0.105126286 0.139934405
7,near-tied,56,2,76,0.759847,high,false,0.218403,0.330895,0.000000,false,true,synthetic-album-0|synthetic-album-1|synthetic-album-11|synthetic-album-2|synthetic-album-3|synthetic-album-4|synthetic-album-6|synthetic-album-7|synthetic-album-8|synthetic-album-9,0.062531337 0.104319217 0.125363539 0.187894845 0.062531337 0.125062643 0.125263241 0.187794614 0.062431106 0.083274831 0.125062710 0.187493717 0.062230576 0.083174599 0.145505308 0.166449332 0.041487086 0.083174667 0.083174856 0.166349100 0.041687549 0.062531274 0.062631573 0.104018392
7,near-tied,57,2,82,0.816126,high,false,0.171649,0.253287,0.000000,false,true,synthetic-album-0|synthetic-album-1|synthetic-album-11|synthetic-album-2|synthetic-album-3|synthetic-album-4|synthetic-album-6|synthetic-album-7|synthetic-album-8|synthetic-album-9,0.059490961 0.108336202 0.126045909 0.189018732 0.059490961 0.118581028 0.125945613 0.185436606 0.059390732 0.066554913 0.122463850 0.185336377 0.048845272 0.066454683 0.129226913 0.146836325 0.041781325 0.090526269 0.097790559 0.146736095 0.097690329 0.097690516 0.104954806 0.146635866
7,near-tied,58,2,82,0.819995,high,false,0.169297,0.253287,0.000000,false,true,synthetic-album-0|synthetic-album-1|synthetic-album-11|synthetic-album-2|synthetic-album-3|synthetic-album-4|synthetic-album-6|synthetic-album-7|synthetic-album-8|synthetic-album-9,0.034669410 0.069439119 0.138026210 0.207014291 0.034669477 0.103406916 0.137925983 0.172595424 0.034519036 0.068837702 0.103607410 0.172495197 0.068636995 0.068737474 0.137524967 0.172244007 0.034418561 0.069087976 0.103506749 0.137875655 0.069038169 0.069038355 0.103457129 0.137775427
7,near-tied,59,2,82,0.824617,high,false,0.168024,0.240688,0.000000,false,true,synthetic-album-0|synthetic-album-1|synthetic-album-11|synthetic-album-2|synthetic-album-3|synthetic-album-4|synthetic-album-6|synthetic-album-7|synthetic-album-8|synthetic-album-9,0.064090827 0.142570674 0.167421547 0.231512344 0.024850776 0.083911211 0.108661793 0.172752589 0.024750551 0.059160695 0.088941638 0.152932144 0.049100034 0.059060470 0.122950684 0.147701200 0.044169963 0.073850615 0.098500906 0.147600974 0.068920611 0.078780756 0.103431046 0.147500749
7,near-tied,60,2,83,0.827883,high,false,0.165309,0.240688,0.000000,false,true,synthetic-album-0|synthetic-album-1|synthetic-album-11|synthetic-album-2|synthetic-album-3|synthetic-album-4|synthetic-album-6|synthetic-album-7|synthetic-album-8|synthetic-album-9,0.036178275 0.090169974 0.126298200 0.189422276 0.036178340 0.090170039 0.126197977 0.162376282 0.036027907 0.089919317 0.099252272 0.162276059 0.045059865 0.063224204 0.126147702 0.162075351 0.071754914 0.080987579 0.116915228 0.161975128 0.045059995 0.063124045 0.099051694 0.161874904
7,near-tied,61,2,83,0.829795,high,false,0.162148,0.231815,0.000000,false,true,synthetic-album-0|synthetic-album-1|synthetic-album-11|synthetic-album-2|synthetic-album-3|synthetic-album-4|synthetic-album-6|synthetic-album-7|synthetic-album-8|synthetic-album-9,0.085413418 0.114235556 0.171278122 0.256691510 0.057042536 0.085864674 0.142806954 0.171578921 0.028746911 0.057418591 0.114260585 0.171478699 0.057092772 0.057318370 0.114436197 0.171378477 0.028521317 0.057243169 0.085889824 0.114486308 0.057193058 0.057318370 0.085965025 0.114386086
7,near-tied,62,2,84,0.838831,high,false,0.157313,0.231782,0.000000,false,true,synthetic-album-0|synthetic-album-1|synthetic-album-11|synthetic-album-2|synthetic-album-3|synthetic-album-4|synthetic-album-6|synthetic-album-7|synthetic-album-8|synthetic-album-9,0.060618254 0.091027667 0.136541469 0.197159693 0.045513708 0.075923121 0.121336638 0.166750156 0.045413488 0.075722583 0.106131996 0.166649936 0.045313234 0.075622363 0.136040019 0.166549716 0.045513866 0.075822995 0.121136228 0.166449496 0.060618014 0.060618194 0.091027393 0.136441005
7,near-tied,63,2,84,0.838963,high,false,0.157039,0.231782,0.000000,false,true,synthetic-album-0|synthetic-album-1|synthetic-album-11|synthetic-album-2|synthetic-album-3|synthetic-album-4|synthetic-album-6|synthetic-album-7|synthetic-album-8|synthetic-album-9,0.054575566 0.099478872 0.141224873 0.195800409 0.054575566 0.080435199 0.122080918 0.163726638 0.054475348 0.064247859 0.109151165 0.163626419 0.038388289 0.064147641 0.118522613 0.160168332 0.035231047 0.080034072 0.121579510 0.160068114 0.111606499 0.121479113 0.121479291 0.156610087
7,near-tied,64,2,84,0.844578,high,false,0.153927,0.231782,0.000000,false,true,synthetic-album-0|synthetic-album-1|synthetic-album-11|synthetic-album-2|synthetic-album-3|synthetic-album-4|synthetic-album-6|synthetic-album-7|synthetic-album-8|synthetic-album-9,0.032418634 0.096687858 0.129089860 0.193626475 0.032485528 0.096687921 0.128989644 0.161475138 0.032301693 0.096470638 0.096938587 0.161374922 0.064202360 0.096370422 0.160706477 0.161274705 0.064402982 0.064770652 0.096972095 0.161174489 0.032602654 0.064670435 0.096871878 0.161074272
7,near-tied,65,2,84,0.844615,high,true,0.153915,0.231782,0.000000,false,true,synthetic-album-0|synthetic-album-1|synthetic-album-11|synthetic-album-2|synthetic-album-3|synthetic-album-4|synthetic-album-6|synthetic-album-7|synthetic-album-8|synthetic-album-9,0.044690104 0.067085401 0.133402528 0.200053668 0.044690104 0.110806735 0.133302251 0.177992384 0.044589889 0.066751326 0.111341307 0.177892169 0.066383823 0.066651111 0.133101696 0.177691552 0.044322605 0.066617625 0.089012864 0.133235221 0.066650935 0.066651111 0.088912649 0.133135006
7,near-tied,66,2,85,0.851014,veryHigh,true,0.146909,0.219484,0.000000,false,true,synthetic-album-0|synthetic-album-1|synthetic-album-11|synthetic-album-2|synthetic-album-3|synthetic-album-4|synthetic-album-6|synthetic-album-7|synthetic-album-8|synthetic-album-9,0.088732905 0.142012765 0.173259788 0.235553345 0.026940663 0.084526791 0.111367270 0.177967096 0.026840449 0.062393741 0.115673601 0.177866883 0.053279889 0.062293528 0.124386534 0.151226951 0.017826814 0.071006399 0.097746602 0.142012769 0.061992822 0.070906186 0.097646389 0.115372957
7,near-tied,67,2,85,0.851014,veryHigh,true,0.146909,0.219484,0.000000,false,true,synthetic-album-0|synthetic-album-1|synthetic-album-11|synthetic-album-2|synthetic-album-3|synthetic-album-4|synthetic-album-6|synthetic-album-7|synthetic-album-8|synthetic-album-9,0.049107010 0.098113899 0.117877043 0.186546774 0.068669760 0.098113961 0.117776832 0.186446559 0.049006799 0.068769914 0.117776803 0.186346261 0.058687855 0.068669702 0.137138887 0.156801758 0.029444172 0.078350788 0.097913385 0.156701546 0.068369002 0.078250576 0.097813174 0.127157101
7,near-tied,68,2,86,0.861358,veryHigh,true,0.139433,0.200384,0.000000,false,true,synthetic-album-0|synthetic-album-1|synthetic-album-11|synthetic-album-2|synthetic-album-3|synthetic-album-4|synthetic-album-6|synthetic-album-7|synthetic-album-8|synthetic-album-9,0.028072899 0.092640759 0.138961186 0.203829920 0.073892088 0.092640820 0.138860976 0.166833694 0.027972689 0.074092573 0.101965020 0.166733484 0.055343903 0.073992363 0.138660556 0.166533002 0.055444235 0.083216410 0.111088857 0.166432792 0.064768492 0.083316682 0.110988647 0.129637108
7,near-tied,69,2,86,0.861628,veryHigh,true,0.139068,0.200384,0.000000,false,true,synthetic-album-0|synthetic-album-1|synthetic-album-11|synthetic-album-2|synthetic-album-3|synthetic-album-4|synthetic-album-6|synthetic-album-7|synthetic-album-8|synthetic-album-9,0.062553931 0.063175622 0.125508910 0.188062812 0.062553931 0.062934931 0.125167949 0.187441003 0.062232990 0.062754412 0.124887161 0.187340794 0.062373473 0.062654204 0.125007568 0.187240586 0.062012432 0.062533854 0.124666603 0.125067680 0.062373412 0.062553874 0.124566395 0.124847126
7,near-tied,70,2,86,0.861940,veryHigh,true,0.138889,0.200384,0.000000,false,true,synthetic-album-0|synthetic-album-1|synthetic-album-11|synthetic-album-2|synthetic-album-3|synthetic-album-4|synthetic-album-6|synthetic-album-7|synthetic-album-8|synthetic-album-9,0.065822475 0.114092262 0.136133383 0.201955829 0.065822475 0.114092262 0.136033116 0.197467367 0.065722268 0.070310997 0.131644981 0.197367160 0.056845610 0.065822418 0.131444330 0.144709062 0.026328961 0.074498481 0.087763212 0.144608855 0.056945878 0.065822418 0.087663005 0.113891727
7,near-tied,71,2,86,0.864577,veryHigh,true,0.135804,0.200384,0.000000,false,true,synthetic-album-0|synthetic-album-1|synthetic-album-11|synthetic-album-2|synthetic-album-3|synthetic-album-4|synthetic-album-6|synthetic-album-7|synthetic-album-8|synthetic-album-9,0.060062215 0.100070291 0.140178513 0.200240700 0.040108194 0.080116270 0.120124226 0.160232568 0.040007988 0.060162365 0.100170441 0.160132362 0.039907781 0.060062159 0.119923815 0.159931772 0.040007986 0.079915797 0.119823488 0.159831566 0.099468641 0.099468809 0.119723283 0.159631032
7,near-tied,72,2,87,0.869456,veryHigh,true,0.131061,0.200350,0.000000,false,true,synthetic-album-0|synthetic-album-1|synthetic-album-11|synthetic-album-2|synthetic-album-3|synthetic-album-4|synthetic-album-6|synthetic-album-7|synthetic-album-8|synthetic-album-9,0.074892231 0.112488700 0.156334583 0.231226786 0.074892234 0.118637854 0.156234323 0.231126582 0.012699213 0.050195419 0.087691680 0.137686659 0.024997460 0.050095215 0.093840834 0.137586454 0.043745592 0.068743139 0.081342117 0.137486250 0.043645444 0.068642935 0.081241913 0.124887269
7,near-tied,73,2,88,0.877486,veryHigh,true,0.120025,0.165352,0.000000,false,true,synthetic-album-0|synthetic-album-1|synthetic-album-11|synthetic-album-2|synthetic-album-3|synthetic-album-4|synthetic-album-6|synthetic-album-7|synthetic-album-8|synthetic-album-9,0.063831965 0.095747990 0.149074878 0.212906815 0.042621398 0.085242826 0.127764049 0.170285271 0.042521195 0.064032433 0.106453393 0.170185069 0.032016145 0.063831909 0.106553545 0.148974505 0.042621401 0.074437165 0.116858126 0.148874303 0.063831744 0.063831909 0.106252870 0.148774037
7,near-tied,74,3,88,0.877934,veryHigh,true,0.119464,0.165352,0.000000,false,true,synthetic-album-0|synthetic-album-1|synthetic-album-11|synthetic-album-2|synthetic-album-3|synthetic-album-4|synthetic-album-6|synthetic-album-7|synthetic-album-8|synthetic-album-9,0.049349626 0.098498647 0.155855978 0.221421500 0.032933121 0.065866274 0.114915148 0.188688867 0.032832920 0.065866274 0.098498702 0.163963964 0.049149048 0.065766073 0.131131075 0.163863762 0.057156949 0.081881794 0.114614482 0.163763561 0.049049066 0.065565494 0.098298182 0.098298346
7,near-tied,75,3,88,0.879586,veryHigh,true,0.115522,0.161846,0.000000,false,true,synthetic-album-0|synthetic-album-1|synthetic-album-11|synthetic-album-2|synthetic-album-3|synthetic-album-4|synthetic-album-6|synthetic-album-7|synthetic-album-8|synthetic-album-9,0.049838217 0.083130590 0.132968834 0.199353065 0.049838275 0.091403557 0.132868634 0.174333712 0.041465051 0.074657166 0.107949540 0.174233512 0.049537559 0.066384204 0.132567918 0.174133312 0.029155892 0.062348008 0.103712827 0.145278109 0.070320254 0.087066641 0.103612627 0.132668289
7,near-tied,76,3,88,0.880075,veryHigh,true,0.115521,0.161846,0.000000,false,true,synthetic-album-0|synthetic-album-1|synthetic-album-11|synthetic-album-2|synthetic-album-3|synthetic-album-4|synthetic-album-6|synthetic-album-7|synthetic-album-8|synthetic-album-9,0.054791962 0.104701760 0.145348339 0.245268076 0.040646551 0.085674154 0.114365890 0.185894661 0.028691709 0.057283188 0.128711702 0.185794462 0.049909825 0.057182989 0.114165493 0.154711815 0.014345897 0.064155438 0.085874667 0.128310850 0.050010082 0.057182989 0.085774469 0.100020136
7,near-tied,77,3,88,0.880474,veryHigh,true,0.115506,0.161846,0.000000,false,true,synthetic-album-0|synthetic-album-1|synthetic-album-11|synthetic-album-2|synthetic-album-3|synthetic-album-4|synthetic-album-6|synthetic-album-7|synthetic-album-8|synthetic-album-9,0.044925195 0.119321656 0.149427779 0.209138751 0.059610741 0.119321713 0.149327582 0.208938292 0.029972364 0.059877978 0.089783591 0.149394308 0.029771912 0.059777780 0.119288243 0.149294111 0.044591075 0.059777838 0.089649974 0.149193913 0.059543909 0.059710945 0.089549777 0.134040624
7,near-tied,78,3,88,0.880647,veryHigh,true,0.115228,0.161846,0.000000,false,true,synthetic-album-0|synthetic-album-1|synthetic-album-11|synthetic-album-2|synthetic-album-3|synthetic-album-4|synthetic-album-6|synthetic-album-7|synthetic-album-8|synthetic-album-9,0.068156780 0.109141034 0.168206854 0.236363607 0.049974907 0.099949845 0.131743120 0.218081535 0.049874711 0.077147463 0.118131718 0.186188218 0.036163266 0.077047267 0.095529846 0.145404527 0.013811729 0.054695730 0.086388751 0.113962056 0.058915550 0.086288395 0.086288555 0.100000057
7,near-tied,79,3,88,0.883510,veryHigh,true,0.111270,0.153001,0.000000,false,true,synthetic-album-0|synthetic-album-1|synthetic-album-11|synthetic-album-2|synthetic-album-3|synthetic-album-4|synthetic-album-6|synthetic-album-7|synthetic-album-8|synthetic-album-9,0.070314749 0.117191403 0.164168102 0.218890883 0.062468782 0.117191505 0.156221884 0.218790688 0.046876527 0.054822948 0.117291501 0.171914029 0.038829851 0.054722754 0.109245031 0.156121479 0.046676277 0.070314954 0.109245081 0.140629882 0.046676134 0.054722754 0.093652880 0.093653039
7,near-tied,80,3,89,0.886249,veryHigh,true,0.109959,0.152928,0.000000,false,true,synthetic-album-0|synthetic-album-1|synthetic-album-11|synthetic-album-2|synthetic-album-3|synthetic-album-4|synthetic-album-6|synthetic-album-7|synthetic-album-8|synthetic-album-9,0.064181232 0.127941366 0.179334428 0.243515634 0.051172514 0.089777483 0.128282255 0.166867153 0.038504745 0.064301554 0.102786201 0.166766959 0.025696641 0.064201360 0.102665940 0.153738230 0.025756692 0.064141090 0.102545611 0.141010138 0.051092395 0.064080982 0.102445418 0.128101886
7,near-tied,81,3,89,0.886938,veryHigh,true,0.109008,0.152928,0.000000,false,true,synthetic-album-0|synthetic-album-1|synthetic-album-11|synthetic-album-2|synthetic-album-3|synthetic-album-4|synthetic-album-6|synthetic-album-7|synthetic-album-8|synthetic-album-9,0.072114011 0.112455848 0.156731595 0.228845580 0.044275721 0.100553779 0.128793056 0.200907094 0.028239251 0.056378280 0.100453485 0.148663184 0.036006922 0.056278087 0.104387493 0.148562992 0.051842839 0.068280349 0.096419378 0.136560671 0.052043392 0.068180156 0.096319185 0.136460479
7,near-tied,82,3,90,0.895346,veryHigh,true,0.099704,0.130091,0.000000,false,true,synthetic-album-0|synthetic-album-1|synthetic-album-11|synthetic-album-2|synthetic-album-3|synthetic-album-4|synthetic-album-6|synthetic-album-7|synthetic-album-8|synthetic-album-9,0.048269012 0.104027804 0.147627076 0.221340379 0.072465047 0.110046064 0.147526885 0.219991903 0.037480795 0.072264539 0.111294345 0.159987035 0.055758819 0.067795376 0.116387818 0.159886843 0.021075269 0.060004828 0.097385402 0.120533581 0.062401220 0.074337530 0.097285211 0.118260259
7,near-tied,83,3,90,0.898069,veryHigh,true,0.098024,0.130091,0.000000,false,true,synthetic-album-0|synthetic-album-1|synthetic-album-11|synthetic-album-2|synthetic-album-3|synthetic-album-4|synthetic-album-6|synthetic-album-7|synthetic-album-8|synthetic-album-9,0.049141157 0.112418145 0.150782008 0.198736799 0.038363838 0.103913266 0.139904443 0.189045626 0.033618420 0.069509352 0.118550289 0.166404834 0.042908715 0.069409162 0.117163461 0.155427079 0.046567931 0.074154526 0.095709114 0.148309027 0.059617746 0.062090723 0.095608923 0.142076634
7,near-tied,84,3,90,0.899574,veryHigh,true,0.096496,0.130091,0.000000,false,true,synthetic-album-0|synthetic-album-1|synthetic-album-11|synthetic-album-2|synthetic-album-3|synthetic-album-4|synthetic-album-6|synthetic-album-7|synthetic-album-8|synthetic-album-9,0.073342918 0.105047665 0.147187026 0.214439616 0.067252620 0.105047720 0.140846168 0.214339427 0.029457464 0.061061968 0.115632688 0.161865696 0.039942196 0.060961779 0.107094543 0.149133659 0.037795075 0.063108793 0.092466039 0.130160895 0.056567402 0.063008604 0.092365850 0.130060706
7,near-tied,85,3,91,0.907906,veryHigh,true,0.090058,0.127056,0.000000,false,true,synthetic-album-0|synthetic-album-1|synthetic-album-11|synthetic-album-2|synthetic-album-3|synthetic-album-4|synthetic-album-6|synthetic-album-7|synthetic-album-8|synthetic-album-9,0.070968241 0.102715906 0.159039087 0.230007302 0.052636830 0.105273689 0.134764307 0.176542631 0.052536642 0.081927018 0.123605099 0.172555633 0.044035449 0.071068541 0.119918832 0.172455445 0.056122766 0.068510714 0.097901090 0.144293854 0.022117901 0.049050750 0.055395087 0.104145135
7,near-tied,86,3,91,0.910565,veryHigh,true,0.087955,0.127041,0.000000,false,true,synthetic-album-0|synthetic-album-1|synthetic-album-11|synthetic-album-2|synthetic-album-3|synthetic-album-4|synthetic-album-6|synthetic-album-7|synthetic-album-8|synthetic-album-9,0.070910141 0.106936617 0.161547692 0.215015984 0.053468321 0.106936671 0.144005631 0.214915797 0.053368134 0.068724931 0.124378491 0.166319129 0.046311192 0.068624745 0.110465142 0.163833248 0.028127500 0.064053735 0.083881301 0.128107444 0.034783436 0.052425837 0.083781114 0.111808398
7,near-tied,87,3,91,0.910942,veryHigh,true,0.087646,0.127041,0.000000,false,true,synthetic-album-0|synthetic-album-1|synthetic-album-11|synthetic-album-2|synthetic-album-3|synthetic-album-4|synthetic-album-6|synthetic-album-7|synthetic-album-8|synthetic-album-9,0.054415337 0.108530015 0.152149200 0.206564562 0.054415391 0.108830757 0.141386456 0.206464377 0.054315152 0.076141418 0.108830757 0.163079058 0.054047913 0.076041232 0.119459927 0.162978872 0.032722700 0.065311799 0.097767258 0.130623574 0.043418733 0.065311812 0.097667073 0.130289558
7,near-tied,88,3,91,0.911104,veryHigh,true,0.087430,0.125851,0.000000,false,true,synthetic-album-0|synthetic-album-1|synthetic-album-11|synthetic-album-2|synthetic-album-3|synthetic-album-4|synthetic-album-6|synthetic-album-7|synthetic-album-8|synthetic-album-9,0.052921020 0.112873302 0.148187378 0.225896956 0.052670402 0.096712797 0.131926635 0.200757566 0.040999264 0.066088563 0.118809081 0.164297789 0.033617170 0.065988378 0.111376848 0.146590686 0.038156683 0.055863840 0.090977439 0.133523279 0.055513034 0.061498960 0.090877254 0.128933724
7,near-tied,89,3,91,0.911278,veryHigh,true,0.087347,0.125851,0.000000,false,true,synthetic-album-0|synthetic-album-1|synthetic-album-11|synthetic-album-2|synthetic-album-3|synthetic-album-4|synthetic-album-6|synthetic-album-7|synthetic-album-8|synthetic-album-9,0.052183961 0.095712338 0.139240715 0.191524885 0.035023138 0.078551516 0.121979656 0.174163642 0.034922955 0.078250858 0.113073548 0.165257480 0.034722534 0.078150674 0.130234370 0.165157296 0.043377985 0.078100438 0.104367888 0.156351220 0.060689197 0.069444961 0.104267704 0.147545477
7,near-tied,90,3,91,0.911329,veryHigh,true,0.087107,0.125851,0.000000,false,true,synthetic-album-0|synthetic-album-1|synthetic-album-11|synthetic-album-2|synthetic-album-3|synthetic-album-4|synthetic-album-6|synthetic-album-7|synthetic-album-8|synthetic-album-9,0.045904360 0.104326887 0.150231325 0.214368559 0.045904360 0.096478001 0.142282203 0.196035475 0.045804178 0.075165741 0.110041647 0.162205079 0.055142630 0.075065559 0.127128755 0.159569727 0.028516553 0.063292223 0.104326887 0.135178113 0.038700044 0.058522738 0.104226704 0.132643047
8,noisy,1,2,11,0.111905,insufficient,false,0.833334,1.000000,0.000000,false,false,synthetic-album-0|synthetic-album-10|synthetic-album-11|synthetic-album-2|synthetic-album-3|synthetic-album-4|synthetic-album-6|synthetic-album-7|synthetic-album-8|synthetic-album-9,0.000000366 0.000000884 0.000001401 0.499996162 0.000000366 0.499995127 0.499995644 0.499996162 0.000000366 0.000000884 0.000001401 0.000001919 0.000000366 0.000000884 0.000001401 0.000001919 0.000000366 0.000000884 0.000001401 0.000001919 0.000000366 0.000000884 0.000001401 0.000001919
8,noisy,2,2,20,0.200000,insufficient,false,0.666667,1.000000,0.000000,false,true,synthetic-album-0|synthetic-album-1|synthetic-album-11|synthetic-album-2|synthetic-album-3|synthetic-album-4|synthetic-album-6|synthetic-album-7|synthetic-album-8|synthetic-album-9,0.000000205 0.000000495 0.333331969 0.333332259 0.000000205 0.000000495 0.000000785 0.333332259 0.000000205 0.000000495 0.000000785 0.333332259 0.000000205 0.000000495 0.000000785 0.000001075 0.000000205 0.000000495 0.000000785 0.000001075 0.000000205 0.000000495 0.000000785 0.000001075
8,noisy,3,2,32,0.320238,insufficient,false,0.500000,1.000000,0.000000,false,true,synthetic-album-0|synthetic-album-1|synthetic-album-11|synthetic-album-2|synthetic-album-3|synthetic-album-4|synthetic-album-6|synthetic-album-7|synthetic-album-8|synthetic-album-9,0.000000144 0.000000348 0.000000553 0.249999622 0.000000144 0.000000348 0.000000553 0.249999622 0.000000144 0.000000348 0.000000553 0.249999622 0.000000144 0.000000348 0.000000553 0.249999622 0.000000144 0.000000348 0.000000553 0.000000757 0.000000144 0.000000348 0.000000553 0.000000757
8,noisy,4,2,54,0.541904,insufficient,false,0.333334,1.000000,0.000000,true,true,synthetic-album-0|synthetic-album-1|synthetic-album-11|synthetic-album-2|synthetic-album-3|synthetic-album-4|synthetic-album-6|synthetic-album-7|synthetic-album-8|synthetic-album-9,0.000000112 0.000000270 0.000000429 0.199999883 0.000000112 0.000000270 0.199999724 0.199999883 0.000000112 0.000000270 0.000000429 0.199999883 0.000000112 0.000000270 0.199999724 0.199999883 0.000000112 0.199999566 0.199999724 0.199999883 0.000000112 0.000000270 0.000000429 0.000000587
8,noisy,5,2,72,0.718906,insufficient,false,0.159706,0.200001,0.000000,true,true,synthetic-album-0|synthetic-album-1|synthetic-album-11|synthetic-album-2|synthetic-album-3|synthetic-album-4|synthetic-album-6|synthetic-album-7|synthetic-album-8|synthetic-album-9,0.000000109 0.000000263 0.000000418 0.166683365 0.000000109 0.000000263 0.166683211 0.166683365 0.000000109 0.000000263 0.000000418 0.166683365 0.000000109 0.000000263 0.166683211 0.166683365 0.000000109 0.000000263 0.166683211 0.166683365 0.000000109 0.166582867 0.166583022 0.166583176
8,noisy,6,2,72,0.718906,insufficient,false,0.159706,0.200001,0.000000,false,true,synthetic-album-0|synthetic-album-1|synthetic-album-11|synthetic-album-2|synthetic-album-3|synthetic-album-4|synthetic-album-6|synthetic-album-7|synthetic-album-8|synthetic-album-9,0.000000090 0.000000217 0.000000345 0.166683359 0.000000090 0.000000217 0.166683232 0.166683359 0.000000090 0.000000217 0.000000345 0.166683359 0.000000090 0.000000217 0.166683232 0.166683359 0.000000090 0.000000217 0.166683232 0.166683359 0.000000090 0.166582949 0.166583076 0.166583203
8,noisy,7,2,72,0.718887,insufficient,false,0.159725,0.200021,0.000100,true,true,synthetic-album-0|synthetic-album-1|synthetic-album-11|synthetic-album-2|synthetic-album-3|synthetic-album-4|synthetic-album-6|synthetic-album-7|synthetic-album-8|synthetic-album-9,0.000000077 0.000000185 0.000000294 0.166683355 0.000000077 0.000000185 0.166683247 0.166683355 0.000000077 0.000000185 0.166683247 0.166683355 0.000000077 0.166683139 0.166683247 0.166683355 0.000000077 0.000000185 0.166683247 0.166683355 0.000000077 0.166583006 0.166583114 0.166583223
8,noisy,8,2,72,0.718888,insufficient,false,0.159725,0.200020,0.000100,false,true,synthetic-album-0|synthetic-album-1|synthetic-album-11|synthetic-album-2|synthetic-album-3|synthetic-album-4|synthetic-album-6|synthetic-album-7|synthetic-album-8|synthetic-album-9,0.000000067 0.000000161 0.000000256 0.166683353 0.000000067 0.000000161 0.166683258 0.166683353 0.000000067 0.000000161 0.166683258 0.166683353 0.000000067 0.000000161 0.166683258 0.166683353 0.000000067 0.000000161 0.166683258 0.166683353 0.000000067 0.166583048 0.166583142 0.166583237
8,noisy,9,2,76,0.756313,high,false,0.125035,0.166700,0.000200,false,false,synthetic-album-0|synthetic-album-1|synthetic-album-10|synthetic-album-11|synthetic-album-2|synthetic-album-3|synthetic-album-4|synthetic-album-6|synthetic-album-7|synthetic-album-8,0.000000054 0.000000130 0.000000206 0.166683349 0.000000054 0.166683197 0.166683273 0.166683349 0.000000054 0.166683197 0.166683273 0.166683349 0.000000054 0.000000130 0.166683273 0.166683349 0.000000054 0.166683197 0.166683273 0.166683349 0.000000054 0.166583104 0.166583180 0.166583256
8,noisy,10,2,76,0.756330,high,false,0.125018,0.166684,0.000200,false,false,synthetic-album-0|synthetic-album-1|synthetic-album-10|synthetic-album-11|synthetic-album-2|synthetic-album-3|synthetic-album-4|synthetic-album-6|synthetic-album-7|synthetic-album-8,0.000000049 0.000000118 0.000000187 0.166683347 0.000000049 0.166683209 0.166683278 0.166683347 0.000000049 0.166683209 0.166683278 0.166683347 0.000000049 0.000000118 0.166683278 0.166683347 0.000000049 0.166683209 0.166683278 0.166683347 0.000000049 0.166583125 0.166583194 0.166583263
8,noisy,11,2,76,0.756330,high,false,0.125018,0.166684,0.000200,false,false,synthetic-album-0|synthetic-album-1|synthetic-album-10|synthetic-album-11|synthetic-album-2|synthetic-album-3|synthetic-album-4|synthetic-album-6|synthetic-album-7|synthetic-album-8,0.000000045 0.000000108 0.000000171 0.166683346 0.000000045 0.166683220 0.166683283 0.166683346 0.000000045 0.166683220 0.166683283 0.166683346 0.000000045 0.000000108 0.166683283 0.166683346 0.000000045 0.166683220 0.166683283 0.166683346 0.000000045 0.166583142 0.166583206 0.166583269
8,noisy,12,2,76,0.756349,high,false,0.125000,0.166667,0.000200,false,false,synthetic-album-0|synthetic-album-1|synthetic-album-10|synthetic-album-11|synthetic-album-2|synthetic-album-3|synthetic-album-4|synthetic-album-6|synthetic-album-7|synthetic-album-8,0.000000041 0.000000100 0.000000158 0.166666667 0.000000041 0.166666550 0.166666608 0.166666667 0.000000041 0.166666550 0.166666608 0.166666667 0.000000041 0.000000100 0.166666608 0.166666667 0.000000041 0.166666550 0.166666608 0.166666667 0.000000041 0.166666550 0.166666608 0.166666667
8,noisy,13,2,76,0.756349,high,false,0.125000,0.166667,0.000300,true,false,synthetic-album-0|synthetic-album-1|synthetic-album-10|synthetic-album-11|synthetic-album-2|synthetic-album-3|synthetic-album-4|synthetic-album-6|synthetic-album-7|synthetic-album-8,0.000000038 0.000000092 0.000000147 0.166666667 0.000000038 0.166666558 0.166666613 0.166666667 0.000000038 0.166666558 0.166666613 0.166666667 0.000000038 0.000000092 0.166666613 0.166666667 0.000000038 0.166666558 0.166666613 0.166666667 0.000000038 0.166666558 0.166666613 0.166666667
8,noisy,14,2,76,0.756349,high,false,0.125000,0.166667,0.000300,false,false,synthetic-album-0|synthetic-album-1|synthetic-album-10|synthetic-album-11|synthetic-album-2|synthetic-album-3|synthetic-album-4|synthetic-album-6|synthetic-album-7|synthetic-album-8,0.000000036 0.000000086 0.000000137 0.166666667 0.000000036 0.166666566 0.166666616 0.166666667 0.000000036 0.166666566 0.166666616 0.166666667 0.000000036 0.000000086 0.166666616 0.166666667 0.000000036 0.166666566 0.166666616 0.166666667 0.000000036 0.166666566 0.166666616 0.166666667
8,noisy,15,2,76,0.756349,high,false,0.125000,0.166667,0.000300,true,false,synthetic-album-0|synthetic-album-1|synthetic-album-10|synthetic-album-11|synthetic-album-2|synthetic-album-3|synthetic-album-4|synthetic-album-6|synthetic-album-7|synthetic-album-8,0.000000033 0.000000081 0.000000128 0.166666667 0.000000033 0.166666572 0.166666619 0.166666667 0.000000033 0.166666572 0.166666619 0.166666667 0.000000033 0.000000081 0.166666619 0.166666667 0.000000033 0.166666572 0.166666619 0.166666667 0.000000033 0.166666572 0.166666619 0.166666667
8,noisy,16,2,76,0.758730,high,false,0.125000,0.166667,0.000300,false,false,synthetic-album-0|synthetic-album-1|synthetic-album-10|synthetic-album-11|synthetic-album-2|synthetic-album-3|synthetic-album-4|synthetic-album-6|synthetic-album-7|synthetic-album-8,0.000000031 0.000000075 0.166666623 0.166666667 0.000000031 0.000000075 0.166666623 0.166666667 0.000000031 0.166666579 0.166666623 0.166666667 0.000000031 0.000000075 0.166666623 0.166666667 0.000000031 0.166666579 0.166666623 0.166666667 0.000000031 0.166666579 0.166666623 0.166666667
8,noisy,17,2,76,0.758730,high,false,0.125000,0.166667,0.000300,false,false,synthetic-album-0|synthetic-album-1|synthetic-album-10|synthetic-album-11|synthetic-album-2|synthetic-album-3|synthetic-album-4|synthetic-album-6|synthetic-album-7|synthetic-album-8,0.000000029 0.000000070 0.166666626 0.166666667 0.000000029 0.000000070 0.166666626 0.166666667 0.000000029 0.166666585 0.166666626 0.166666667 0.000000029 0.000000070 0.166666626 0.166666667 0.000000029 0.166666585 0.166666626 0.166666667 0.000000029 0.166666585 0.166666626 0.166666667
8,noisy,18,2,76,0.758730,high,false,0.125000,0.166667,0.000300,false,false,synthetic-album-0|synthetic-album-1|synthetic-album-10|synthetic-album-11|synthetic-album-2|synthetic-album-3|synthetic-album-4|synthetic-album-6|synthetic-album-7|synthetic-album-8,0.000000027 0.000000065 0.166666628 0.166666667 0.000000027 0.000000065 0.166666628 0.166666667 0.000000027 0.166666590 0.166666628 0.166666667 0.000000027 0.000000065 0.166666628 0.166666667 0.000000027 0.166666590 0.166666628 0.166666667 0.000000027 0.166666590 0.166666628 0.166666667
8,noisy,19,2,76,0.758730,high,false,0.125000,0.166667,0.000300,false,false,synthetic-album-0|synthetic-album-1|synthetic-album-10|synthetic-album-11|synthetic-album-3|synthetic-album-4|synthetic-album-6|synthetic-album-7|synthetic-album-8|synthetic-album-9,0.000000025 0.000000061 0.000000097 0.166666667 0.000000025 0.000000061 0.000000097 0.166666667 0.000000025 0.166666595 0.166666631 0.166666667 0.166666559 0.166666595 0.166666631 0.166666667 0.000000025 0.166666595 0.166666631 0.166666667 0.000000025 0.166666595 0.166666631 0.166666667
8,noisy,20,2,76,0.758730,high,false,0.125000,0.166667,0.000300,false,false,synthetic-album-0|synthetic-album-1|synthetic-album-10|synthetic-album-11|synthetic-album-2|synthetic-album-3|synthetic-album-4|synthetic-album-6|synthetic-album-7|synthetic-album-8,0.000000024 0.000000058 0.166666633 0.166666667 0.000000024 0.000000058 0.166666633 0.166666667 0.000000024 0.166666599 0.166666633 0.166666667 0.000000024 0.000000058 0.166666633 0.166666667 0.000000024 0.166666599 0.166666633 0.166666667 0.000000024 0.166666599 0.166666633 0.166666667
8,noisy,21,2,76,0.758730,high,false,0.125000,0.166667,0.000300,true,false,synthetic-album-0|synthetic-album-1|synthetic-album-10|synthetic-album-11|synthetic-album-2|synthetic-album-3|synthetic-album-4|synthetic-album-6|synthetic-album-7|synthetic-album-8,0.000000023 0.000000055 0.166666635 0.166666667 0.000000023 0.000000055 0.166666635 0.166666667 0.000000023 0.166666602 0.166666635 0.166666667 0.000000023 0.000000055 0.166666635 0.166666667 0.000000023 0.166666602 0.166666635 0.166666667 0.000000023 0.166666602 0.166666635 0.166666667
8,noisy,22,2,76,0.758730,high,false,0.125000,0.166667,0.000300,false,false,synthetic-album-0|synthetic-album-1|synthetic-album-10|synthetic-album-11|synthetic-album-2|synthetic-album-3|synthetic-album-4|synthetic-album-6|synthetic-album-7|synthetic-album-8,0.000000022 0.000000052 0.166666636 0.166666667 0.000000022 0.000000052 0.166666636 0.166666667 0.000000022 0.166666606 0.166666636 0.166666667 0.000000022 0.000000052 0.166666636 0.166666667 0.000000022 0.000000052 0.166666636 0.166666667 0.000000022 0.166666606 0.166666636 0.166666667
8,noisy,23,2,76,0.761111,high,false,0.125000,0.166667,0.000300,false,false,synthetic-album-0|synthetic-album-1|synthetic-album-10|synthetic-album-11|synthetic-album-2|synthetic-album-3|synthetic-album-4|synthetic-album-6|synthetic-album-7|synthetic-album-8,0.000000021 0.000000050 0.166666638 0.166666667 0.000000021 0.000000050 0.166666638 0.166666667 0.000000021 0.166666609 0.166666638 0.166666667 0.000000021 0.000000050 0.166666638 0.166666667 0.000000021 0.000000050 0.166666638 0.166666667 0.000000021 0.166666609 0.166666638 0.166666667
8,noisy,24,2,76,0.762698,high,false,0.125000,0.166667,0.000300,false,false,synthetic-album-0|synthetic-album-1|synthetic-album-10|synthetic-album-11|synthetic-album-2|synthetic-album-3|synthetic-album-4|synthetic-album-6|synthetic-album-7|synthetic-album-8,0.000000020 0.166666611 0.166666639 0.166666667 0.000000020 0.166666611 0.166666639 0.166666667 0.000000020 0.166666611 0.166666639 0.166666667 0.000000020 0.166666611 0.166666639 0.166666667 0.000000020 0.166666611 0.166666639 0.166666667 0.000000020 0.166666611 0.166666639 0.166666667
8,noisy,25,2,76,0.762698,high,false,0.125000,0.166667,0.000300,false,false,synthetic-album-0|synthetic-album-1|synthetic-album-10|synthetic-album-11|synthetic-album-2|synthetic-album-3|synthetic-album-4|synthetic-album-6|synthetic-album-7|synthetic-album-8,0.000000019 0.000000045 0.166666640 0.166666667 0.000000019 0.000000045 0.166666640 0.166666667 0.000000019 0.166666614 0.166666640 0.166666667 0.000000019 0.000000045 0.166666640 0.166666667 0.000000019 0.000000045 0.166666640 0.166666667 0.000000019 0.166666614 0.166666640 0.166666667
8,noisy,26,2,76,0.762698,high,false,0.125000,0.166667,0.000300,false,true,synthetic-album-0|synthetic-album-1|synthetic-album-11|synthetic-album-2|synthetic-album-3|synthetic-album-4|synthetic-album-6|synthetic-album-7|synthetic-album-8|synthetic-album-9,0.000000018 0.166666616 0.166666641 0.166666667 0.000000018 0.166666616 0.166666641 0.166666667 0.000000018 0.000000043 0.000000069 0.166666667 0.000000018 0.166666616 0.166666641 0.166666667 0.000000018 0.166666616 0.166666641 0.166666667 0.000000018 0.166666616 0.166666641 0.166666667
8,noisy,27,2,76,0.763492,high,false,0.125000,0.166667,0.000300,false,true,synthetic-album-0|synthetic-album-1|synthetic-album-11|synthetic-album-2|synthetic-album-3|synthetic-album-4|synthetic-album-6|synthetic-album-7|synthetic-album-8|synthetic-album-9,0.000000017 0.000000042 0.166666642 0.166666667 0.000000017 0.000000042 0.166666642 0.166666667 0.000000017 0.000000042 0.166666642 0.166666667 0.000000017 0.000000042 0.166666642 0.166666667 0.000000017 0.000000042 0.166666642 0.166666667 0.000000017 0.000000042 0.166666642 0.166666667
8,noisy,28,2,77,0.765079,high,false,0.125000,0.166667,0.000300,false,false,synthetic-album-0|synthetic-album-1|synthetic-album-10|synthetic-album-11|synthetic-album-2|synthetic-album-3|synthetic-album-4|synthetic-album-6|synthetic-album-7|synthetic-album-8,0.000000017 0.166666620 0.166666643 0.166666667 0.000000017 0.166666620 0.166666643 0.166666667 0.000000017 0.166666620 0.166666643 0.166666667 0.000000017 0.166666620 0.166666643 0.166666667 0.000000017 0.166666620 0.166666643 0.166666667 0.000000017 0.166666620 0.166666643 0.166666667
8,noisy,29,3,79,0.785317,high,false,0.121528,0.166667,0.000300,false,true,synthetic-album-0|synthetic-album-1|synthetic-album-11|synthetic-album-2|synthetic-album-3|synthetic-album-4|synthetic-album-6|synthetic-album-7|synthetic-album-8|synthetic-album-9,0.000000016 0.000000038 0.083333352 0.166666667 0.000000016 0.000000038 0.083333352 0.166666667 0.000000016 0.000000038 0.083333352 0.166666667 0.000000016 0.000000038 0.083333352 0.166666667 0.000000016 0.000000038 0.083333352 0.166666667 0.000000016 0.000000038 0.083333352 0.166666667
8,noisy,30,3,79,0.785317,high,false,0.121528,0.166667,0.000300,false,true,synthetic-album-0|synthetic-album-1|synthetic-album-11|synthetic-album-2|synthetic-album-3|synthetic-album-4|synthetic-album-6|synthetic-album-7|synthetic-album-8|synthetic-album-9,0.000000015 0.000000037 0.083333352 0.166666667 0.000000015 0.000000037 0.083333352 0.166666667 0.000000015 0.000000037 0.083333352 0.166666667 0.000000015 0.000000037 0.083333352 0.166666667 0.000000015 0.000000037 0.083333352 0.166666667 0.000000015 0.000000037 0.083333352 0.166666667
8,noisy,31,3,81,0.808333,high,false,0.118056,0.166667,0.000300,false,true,synthetic-album-0|synthetic-album-1|synthetic-album-11|synthetic-album-2|synthetic-album-3|synthetic-album-4|synthetic-album-6|synthetic-album-7|synthetic-album-8|synthetic-album-9,0.000000015 0.000000035 0.083333351 0.166666667 0.000000015 0.000000035 0.083333351 0.166666667 0.000000015 0.000000035 0.083333351 0.166666667 0.083333310 0.083333330 0.166666646 0.166666667 0.000000015 0.000000035 0.083333351 0.166666667 0.000000015 0.000000035 0.083333351 0.166666667
8,noisy,32,3,83,0.832539,high,false,0.114584,0.166667,0.000300,false,true,synthetic-album-0|synthetic-album-1|synthetic-album-11|synthetic-album-2|synthetic-album-3|synthetic-album-4|synthetic-album-6|synthetic-album-7|synthetic-album-8|synthetic-album-9,0.000000014 0.000000034 0.083333350 0.166666667 0.000000014 0.000000034 0.083333350 0.166666667 0.000000014 0.000000034 0.083333350 0.166666667 0.083333311 0.083333330 0.166666647 0.166666667 0.000000014 0.000000034 0.083333350 0.166666667 0.000000014 0.000000034 0.083333350 0.166666667
8,noisy,33,3,83,0.832539,high,false,0.114584,0.166667,0.000300,false,true,synthetic-album-0|synthetic-album-1|synthetic-album-11|synthetic-album-2|synthetic-album-3|synthetic-album-4|synthetic-album-6|synthetic-album-7|synthetic-album-8|synthetic-album-9,0.000000014 0.000000033 0.083333350 0.166666667 0.000000014 0.000000033 0.083333350 0.166666667 0.000000014 0.000000033 0.083333350 0.166666667 0.000000014 0.000000033 0.083333350 0.166666667 0.000000014 0.000000033 0.083333350 0.166666667 0.000000014 0.000000033 0.083333350 0.166666667
8,noisy,34,3,84,0.841269,high,false,0.114584,0.166667,0.000300,false,true,synthetic-album-0|synthetic-album-1|synthetic-album-11|synthetic-album-2|synthetic-album-3|synthetic-album-4|synthetic-album-6|synthetic-album-7|synthetic-album-8|synthetic-album-9,0.000000013 0.000000031 0.083333349 0.166666667 0.000000013 0.000000031 0.083333349 0.166666667 0.000000013 0.000000031 0.083333349 0.166666667 0.000000013 0.000000031 0.083333349 0.166666667 0.000000013 0.000000031 0.083333349 0.166666667 0.000000013 0.000000031 0.083333349 0.166666667
8,noisy,35,3,86,0.859920,veryHigh,false,0.114584,0.166667,0.000300,false,false,synthetic-album-0|synthetic-album-1|synthetic-album-10|synthetic-album-11|synthetic-album-2|synthetic-album-3|synthetic-album-4|synthetic-album-6|synthetic-album-7|synthetic-album-8,0.000000013 0.166666631 0.166666649 0.166666667 0.000000013 0.166666631 0.166666649 0.166666667 0.000000013 0.166666631 0.166666649 0.166666667 0.000000013 0.166666631 0.166666649 0.166666667 0.000000013 0.166666631 0.166666649 0.166666667 0.000000013 0.166666631 0.166666649 0.166666667
8,noisy,36,3,86,0.859920,veryHigh,false,0.114584,0.166667,0.000300,false,true,synthetic-album-0|synthetic-album-1|synthetic-album-11|synthetic-album-2|synthetic-album-3|synthetic-album-4|synthetic-album-6|synthetic-album-7|synthetic-album-8|synthetic-album-9,0.000000012 0.000000030 0.083333348 0.166666667 0.083333314 0.083333331 0.166666649 0.166666667 0.000000012 0.000000030 0.083333348 0.166666667 0.083333314 0.083333331 0.166666649 0.166666667 0.083333314 0.083333331 0.166666649 0.166666667 0.000000012 0.000000030 0.083333348 0.166666667
8,noisy,37,3,86,0.859920,veryHigh,false,0.114584,0.166667,0.000300,false,true,synthetic-album-0|synthetic-album-1|synthetic-album-11|synthetic-album-2|synthetic-album-3|synthetic-album-4|synthetic-album-6|synthetic-album-7|synthetic-album-8|synthetic-album-9,0.000000012 0.000000029 0.083333348 0.166666667 0.000000012 0.000000029 0.083333348 0.166666667 0.000000012 0.000000029 0.083333348 0.166666667 0.000000012 0.000000029 0.083333348 0.166666667 0.000000012 0.000000029 0.083333348 0.166666667 0.000000012 0.000000029 0.083333348 0.166666667
8,noisy,38,3,89,0.886507,veryHigh,false,0.104167,0.166667,0.000300,false,true,synthetic-album-0|synthetic-album-1|synthetic-album-11|synthetic-album-2|synthetic-album-3|synthetic-album-4|synthetic-album-6|synthetic-album-7|synthetic-album-8|synthetic-album-9,0.000000012 0.000000028 0.083333347 0.166666667 0.000000012 0.000000028 0.083333347 0.166666667 0.000000012 0.000000028 0.083333347 0.166666667 0.000000012 0.000000028 0.083333347 0.166666667 0.000000012 0.000000028 0.083333347 0.166666667 0.000000012 0.000000028 0.083333347 0.166666667
8,noisy,39,3,89,0.886575,veryHigh,false,0.104105,0.166569,0.000300,false,true,synthetic-album-0|synthetic-album-1|synthetic-album-11|synthetic-album-2|synthetic-album-3|synthetic-album-4|synthetic-album-6|synthetic-album-7|synthetic-album-8|synthetic-album-9,0.000100028 0.000100045 0.083383356 0.166666667 0.000100028 0.000100045 0.083383356 0.166666667 0.000100028 0.000100045 0.083383356 0.166666667 0.000100028 0.000100045 0.083383356 0.166666667 0.000100028 0.000100045 0.083383356 0.166666667 0.000100028 0.000100045 0.083383356 0.166666667
8,noisy,40,3,89,0.886643,veryHigh,false,0.104043,0.166470,0.000300,false,true,synthetic-album-0|synthetic-album-1|synthetic-album-11|synthetic-album-2|synthetic-album-3|synthetic-album-4|synthetic-album-6|synthetic-album-7|synthetic-album-8|synthetic-album-9,0.000100028 0.000200059 0.083433363 0.166666667 0.000100028 0.000200059 0.083433363 0.166666667 0.000100028 0.000200059 0.083433363 0.166666667 0.000100028 0.000200059 0.083433363 0.166666667 0.000100028 0.000200059 0.083433363 0.166666667 0.000100028 0.000200059 0.083433363 0.166666667
8,noisy,41,3,89,0.886643,veryHigh,false,0.104043,0.166469,0.000300,false,true,synthetic-album-0|synthetic-album-1|synthetic-album-11|synthetic-album-2|synthetic-album-3|synthetic-album-4|synthetic-album-6|synthetic-album-7|synthetic-album-8|synthetic-album-9,0.000100028 0.000200059 0.083433363 0.166666667 0.000100028 0.000200059 0.083433363 0.166666667 0.000100028 0.000200059 0.083433363 0.166666667 0.000100028 0.000200059 0.083433363 0.166666667 0.000100028 0.000200059 0.083433363 0.166666667 0.000100028 0.000200059 0.083433363 0.166666667
8,noisy,42,3,89,0.886643,veryHigh,false,0.104043,0.166469,0.000300,false,true,synthetic-album-0|synthetic-album-1|synthetic-album-11|synthetic-album-2|synthetic-album-3|synthetic-album-4|synthetic-album-6|synthetic-album-7|synthetic-album-8|synthetic-album-9,0.000100028 0.000200059 0.083433363 0.166666667 0.000100028 0.000200059 0.083433363 0.166666667 0.000100028 0.000200059 0.083433363 0.166666667 0.000100028 0.000200059 0.083433363 0.166666667 0.000100028 0.000200059 0.083433363 0.166666667 0.000100028 0.000200059 0.083433363 0.166666667
8,noisy,43,3,89,0.886643,veryHigh,false,0.104043,0.166469,0.000300,false,true,synthetic-album-0|synthetic-album-1|synthetic-album-11|synthetic-album-2|synthetic-album-3|synthetic-album-4|synthetic-album-6|synthetic-album-7|synthetic-album-8|synthetic-album-9,0.000100028 0.000200059 0.083433363 0.166666667 0.000100028 0.000200059 0.083433363 0.166666667 0.000100028 0.000200059 0.083433363 0.166666667 0.000100028 0.000200059 0.083433363 0.166666667 0.000100028 0.000200059 0.083433363 0.166666667 0.000100028 0.000200059 0.083433363 0.166666667
8,noisy,44,3,89,0.886643,veryHigh,false,0.104043,0.166469,0.000300,false,true,synthetic-album-0|synthetic-album-1|synthetic-album-11|synthetic-album-2|synthetic-album-3|synthetic-album-4|synthetic-album-6|synthetic-album-7|synthetic-album-8|synthetic-album-9,0.000100028 0.000200059 0.083433363 0.166666667 0.000100028 0.000200059 0.083433363 0.166666667 0.000100028 0.000200059 0.083433363 0.166666667 0.000100028 0.000200059 0.083433363 0.166666667 0.000100028 0.000200059 0.083433363 0.166666667 0.000100028 0.000200059 0.083433363 0.166666667
8,noisy,45,3,89,0.886643,veryHigh,false,0.104043,0.166469,0.000300,false,true,synthetic-album-0|synthetic-album-1|synthetic-album-11|synthetic-album-2|synthetic-album-3|synthetic-album-4|synthetic-album-6|synthetic-album-7|synthetic-album-8|synthetic-album-9,0.000100027 0.000200057 0.083433362 0.166666667 0.000100027 0.000200057 0.083433362 0.166666667 0.000100027 0.000200057 0.083433362 0.166666667 0.000100027 0.000200057 0.083433362 0.166666667 0.000100027 0.000200057 0.083433362 0.166666667 0.000100027 0.000200057 0.083433362 0.166666667
8,noisy,46,3,89,0.886643,veryHigh,false,0.104043,0.166469,0.000300,false,true,synthetic-album-0|synthetic-album-1|synthetic-album-11|synthetic-album-2|synthetic-album-3|synthetic-album-4|synthetic-album-6|synthetic-album-7|synthetic-album-8|synthetic-album-9,0.000100027 0.000200055 0.083433361 0.166666667 0.000100027 0.000200055 0.083433361 0.166666667 0.000100027 0.000200055 0.083433361 0.166666667 0.000100027 0.000200055 0.083433361 0.166666667 0.000100027 0.000200055 0.083433361 0.166666667 0.000100027 0.000200055 0.083433361 0.166666667
8,noisy,47,3,89,0.886643,veryHigh,false,0.104043,0.166469,0.000300,false,true,synthetic-album-0|synthetic-album-1|synthetic-album-11|synthetic-album-2|synthetic-album-3|synthetic-album-4|synthetic-album-6|synthetic-album-7|synthetic-album-8|synthetic-album-9,0.000100026 0.000200054 0.083433360 0.166666667 0.000100026 0.000200054 0.083433360 0.166666667 0.000100026 0.000200054 0.083433360 0.166666667 0.000100026 0.000200054 0.083433360 0.166666667 0.000100026 0.000200054 0.083433360 0.166666667 0.000100026 0.000200054 0.083433360 0.166666667
8,noisy,48,3,89,0.886643,veryHigh,true,0.104043,0.166469,0.000300,false,true,synthetic-album-0|synthetic-album-1|synthetic-album-11|synthetic-album-2|synthetic-album-3|synthetic-album-4|synthetic-album-6|synthetic-album-7|synthetic-album-8|synthetic-album-9,0.000100025 0.000200052 0.083433359 0.166666667 0.000100025 0.000200052 0.083433359 0.166666667 0.000100025 0.000200052 0.083433359 0.166666667 0.000100025 0.000200052 0.083433359 0.166666667 0.000100025 0.000200052 0.083433359 0.166666667 0.000100025 0.000200052 0.083433359 0.166666667
8,noisy,49,3,91,0.910398,veryHigh,true,0.062438,0.166568,0.000500,true,true,synthetic-album-0|synthetic-album-1|synthetic-album-11|synthetic-album-2|synthetic-album-3|synthetic-album-4|synthetic-album-6|synthetic-album-7|synthetic-album-8|synthetic-album-9,0.000100024 0.000200050 0.083433358 0.166666667 0.000100024 0.000200050 0.083433358 0.166666667 0.000100024 0.000200050 0.083433358 0.166666667 0.000000010 0.000100036 0.083333344 0.166666667 0.000100024 0.000200050 0.083433358 0.166666667 0.000100024 0.000200050 0.083433358 0.166666667
8,noisy,50,3,91,0.910424,veryHigh,true,0.062426,0.166468,0.000500,false,true,synthetic-album-0|synthetic-album-1|synthetic-album-11|synthetic-album-2|synthetic-album-3|synthetic-album-4|synthetic-album-6|synthetic-album-7|synthetic-album-8|synthetic-album-9,0.000100024 0.000200050 0.083433358 0.166666667 0.000100024 0.000200050 0.083433358 0.166666667 0.000100024 0.000200050 0.083433358 0.166666667 0.000100024 0.000200050 0.083433358 0.166666667 0.000100024 0.000200050 0.083433358 0.166666667 0.000100024 0.000200050 0.083433358 0.166666667
8,noisy,51,4,91,0.910424,veryHigh,true,0.062426,0.166468,0.000500,false,true,synthetic-album-0|synthetic-album-1|synthetic-album-11|synthetic-album-2|synthetic-album-3|synthetic-album-4|synthetic-album-6|synthetic-album-7|synthetic-album-8|synthetic-album-9,0.000100023 0.000200049 0.083433358 0.166666667 0.000100023 0.000200049 0.083433358 0.166666667 0.000100023 0.000200049 0.083433358 0.166666667 0.000100023 0.000200049 0.083433358 0.166666667 0.000100023 0.000200049 0.083433358 0.166666667 0.000100023 0.000200049 0.083433358 0.166666667
8,noisy,52,4,91,0.910424,veryHigh,true,0.062426,0.166468,0.000600,true,true,synthetic-album-0|synthetic-album-1|synthetic-album-11|synthetic-album-2|synthetic-album-3|synthetic-album-4|synthetic-album-6|synthetic-album-7|synthetic-album-8|synthetic-album-9,0.000100023 0.000200047 0.083433357 0.166666667 0.000100023 0.000200047 0.083433357 0.166666667 0.000100023 0.000200047 0.083433357 0.166666667 0.000100023 0.000200047 0.083433357 0.166666667 0.000100023 0.000200047 0.083433357 0.166666667 0.000100023 0.000200047 0.083433357 0.166666667
8,noisy,53,4,100,0.999999,veryHigh,true,0.000001,0.000003,0.000600,false,true,synthetic-album-0|synthetic-album-1|synthetic-album-11|synthetic-album-2|synthetic-album-3|synthetic-album-4|synthetic-album-6|synthetic-album-7|synthetic-album-8|synthetic-album-9,0.000100022 0.000200046 0.083433357 0.166666667 0.000100022 0.000200045 0.083433356 0.166666667 0.000100022 0.000200045 0.083433356 0.166666667 0.000100023 0.000200046 0.083433356 0.166666667 0.000100022 0.000200046 0.083433357 0.166666667 0.000100023 0.000200046 0.083433356 0.166666667
8,noisy,54,4,100,0.999999,veryHigh,true,0.000001,0.000003,0.000600,false,true,synthetic-album-0|synthetic-album-1|synthetic-album-11|synthetic-album-2|synthetic-album-3|synthetic-album-4|synthetic-album-6|synthetic-album-7|synthetic-album-8|synthetic-album-9,0.000100024 0.000200048 0.083433357 0.166666667 0.000100024 0.000200047 0.083433357 0.166666667 0.000100023 0.000200048 0.083433357 0.166666667 0.000100023 0.000200047 0.083433356 0.166666667 0.000100024 0.000200048 0.083433357 0.166666667 0.000100024 0.000200047 0.083433357 0.166666667
8,noisy,55,4,100,0.999999,veryHigh,true,0.000001,0.000003,0.000600,false,true,synthetic-album-0|synthetic-album-1|synthetic-album-11|synthetic-album-2|synthetic-album-3|synthetic-album-4|synthetic-album-6|synthetic-album-7|synthetic-album-8|synthetic-album-9,0.000100022 0.000200044 0.083433356 0.166666667 0.000100022 0.000200044 0.083433356 0.166666667 0.000100022 0.000200044 0.083433356 0.166666667 0.000100022 0.000200044 0.083433356 0.166666667 0.000100022 0.000200044 0.083433356 0.166666667 0.000100022 0.000200044 0.083433356 0.166666667
8,noisy,56,4,100,0.999999,veryHigh,true,0.000001,0.000002,0.000600,false,true,synthetic-album-0|synthetic-album-1|synthetic-album-11|synthetic-album-2|synthetic-album-3|synthetic-album-4|synthetic-album-6|synthetic-album-7|synthetic-album-8|synthetic-album-9,0.000100023 0.000200045 0.083433355 0.166666667 0.000100021 0.000200045 0.083433355 0.166666667 0.000100023 0.000200046 0.083433356 0.166666667 0.000100022 0.000200045 0.083433355 0.166666667 0.000100023 0.000200046 0.083433356 0.166666667 0.000100022 0.000200045 0.083433356 0.166666667
8,noisy,57,4,100,0.999999,veryHigh,true,0.000001,0.000002,0.000600,false,true,synthetic-album-0|synthetic-album-1|synthetic-album-11|synthetic-album-2|synthetic-album-3|synthetic-album-4|synthetic-album-6|synthetic-album-7|synthetic-album-8|synthetic-album-9,0.000100023 0.000200045 0.083433356 0.166666667 0.000100022 0.000200045 0.083433356 0.166666667 0.000100023 0.000200046 0.083433356 0.166666667 0.000100022 0.000200045 0.083433355 0.166666667 0.000100023 0.000200046 0.083433357 0.166666667 0.000100023 0.000200046 0.083433356 0.166666667
8,noisy,58,4,100,0.999999,veryHigh,true,0.000001,0.000003,0.000600,false,true,synthetic-album-0|synthetic-album-1|synthetic-album-11|synthetic-album-2|synthetic-album-3|synthetic-album-4|synthetic-album-6|synthetic-album-7|synthetic-album-8|synthetic-album-9,0.000100023 0.000200046 0.083433356 0.166666667 0.000100023 0.000200046 0.083433356 0.166666667 0.000100023 0.000200046 0.083433356 0.166666667 0.000100023 0.000200046 0.083433356 0.166666667 0.000100023 0.000200046 0.083433356 0.166666667 0.000100023 0.000200046 0.083433356 0.166666667
8,noisy,59,4,100,0.999999,veryHigh,true,0.000001,0.000002,0.000600,false,true,synthetic-album-0|synthetic-album-1|synthetic-album-11|synthetic-album-2|synthetic-album-3|synthetic-album-4|synthetic-album-6|synthetic-album-7|synthetic-album-8|synthetic-album-9,0.000100023 0.000200046 0.083433356 0.166666667 0.000100023 0.000200046 0.083433356 0.166666667 0.000100023 0.000200046 0.083433356 0.166666667 0.000100023 0.000200046 0.083433356 0.166666667 0.000100023 0.000200046 0.083433356 0.166666667 0.000100023 0.000200046 0.083433356 0.166666667
8,noisy,60,4,100,0.999999,veryHigh,true,0.000001,0.000002,0.000600,false,true,synthetic-album-0|synthetic-album-1|synthetic-album-11|synthetic-album-2|synthetic-album-3|synthetic-album-4|synthetic-album-6|synthetic-album-7|synthetic-album-8|synthetic-album-9,0.000100022 0.000200043 0.083433355 0.166666667 0.000100022 0.000200043 0.083433355 0.166666667 0.000100022 0.000200043 0.083433355 0.166666667 0.000100021 0.000200042 0.083433354 0.166666667 0.000100022 0.000200043 0.083433355 0.166666667 0.000100022 0.000200043 0.083433355 0.166666667
8,noisy,61,4,100,0.999999,veryHigh,true,0.000001,0.000002,0.000600,false,true,synthetic-album-0|synthetic-album-1|synthetic-album-11|synthetic-album-2|synthetic-album-3|synthetic-album-4|synthetic-album-6|synthetic-album-7|synthetic-album-8|synthetic-album-9,0.000100022 0.000200044 0.083433355 0.166666667 0.000100022 0.000200043 0.083433355 0.166666667 0.000100022 0.000200044 0.083433355 0.166666667 0.000100021 0.000200043 0.083433354 0.166666667 0.000100022 0.000200044 0.083433355 0.166666667 0.000100022 0.000200043 0.083433355 0.166666667
8,noisy,62,4,100,0.999999,veryHigh,true,0.000001,0.000002,0.000600,false,true,synthetic-album-0|synthetic-album-1|synthetic-album-11|synthetic-album-2|synthetic-album-3|synthetic-album-4|synthetic-album-6|synthetic-album-7|synthetic-album-8|synthetic-album-9,0.000100020 0.000200040 0.083433353 0.166666667 0.000100020 0.000200040 0.083433353 0.166666667 0.000100020 0.000200040 0.083433353 0.166666667 0.000100020 0.000200040 0.083433353 0.166666667 0.000100020 0.000200040 0.083433353 0.166666667 0.000100020 0.000200040 0.083433353 0.166666667
8,noisy,63,4,100,0.999999,veryHigh,true,0.000001,0.000002,0.000600,false,true,synthetic-album-0|synthetic-album-1|synthetic-album-11|synthetic-album-2|synthetic-album-3|synthetic-album-4|synthetic-album-6|synthetic-album-7|synthetic-album-8|synthetic-album-9,0.000100021 0.000200040 0.083433353 0.166666667 0.000100020 0.000200041 0.083433353 0.166666667 0.000100021 0.000200041 0.083433354 0.166666667 0.000100020 0.000200040 0.083433353 0.166666666 0.000100021 0.000200040 0.083433354 0.166666667 0.000100021 0.000200041 0.083433353 0.166666667
8,noisy,64,4,100,0.999999,veryHigh,true,0.000001,0.000002,0.000600,false,true,synthetic-album-0|synthetic-album-1|synthetic-album-11|synthetic-album-2|synthetic-album-3|synthetic-album-4|synthetic-album-6|synthetic-album-7|synthetic-album-8|synthetic-album-9,0.000100020 0.000200040 0.083433353 0.166666667 0.000100020 0.000200040 0.083433353 0.166666667 0.000100020 0.000200040 0.083433353 0.166666667 0.000100020 0.000200040 0.083433353 0.166666667 0.000100020 0.000200040 0.083433353 0.166666667 0.000100020 0.000200040 0.083433353 0.166666667
8,noisy,65,4,100,0.999999,veryHigh,true,0.000001,0.000002,0.000600,false,true,synthetic-album-0|synthetic-album-1|synthetic-album-11|synthetic-album-2|synthetic-album-3|synthetic-album-4|synthetic-album-6|synthetic-album-7|synthetic-album-8|synthetic-album-9,0.000100022 0.000200043 0.083433355 0.166666667 0.000100022 0.000200043 0.083433355 0.166666667 0.000100022 0.000200043 0.083433355 0.166666667 0.000100022 0.000200043 0.083433355 0.166666667 0.000100022 0.000200043 0.083433355 0.166666667 0.000100022 0.000200043 0.083433355 0.166666667
8,noisy,66,4,100,0.999999,veryHigh,true,0.000001,0.000002,0.000600,false,true,synthetic-album-0|synthetic-album-1|synthetic-album-11|synthetic-album-2|synthetic-album-3|synthetic-album-4|synthetic-album-6|synthetic-album-7|synthetic-album-8|synthetic-album-9,0.000100021 0.000200042 0.083433354 0.166666667 0.000100021 0.000200041 0.083433354 0.166666667 0.000100021 0.000200041 0.083433354 0.166666667 0.000100020 0.000200041 0.083433354 0.166666667 0.000100021 0.000200042 0.083433355 0.166666667 0.000100020 0.000200041 0.083433353 0.166666666
8,noisy,67,5,99,0.990475,veryHigh,true,0.000001,0.000002,0.000600,false,true,synthetic-album-0|synthetic-album-1|synthetic-album-11|synthetic-album-2|synthetic-album-3|synthetic-album-4|synthetic-album-6|synthetic-album-7|synthetic-album-8|synthetic-album-9,0.000100020 0.000200040 0.083433353 0.166666667 0.000100020 0.000200040 0.083433353 0.166666667 0.000100020 0.000200040 0.083433353 0.166666667 0.000100020 0.000200039 0.083433353 0.166666667 0.000100021 0.000200040 0.083433353 0.166666667 0.000100020 0.000200040 0.083433353 0.166666667
8,noisy,68,5,100,0.999999,veryHigh,true,0.000001,0.000002,0.000600,false,true,synthetic-album-0|synthetic-album-1|synthetic-album-11|synthetic-album-2|synthetic-album-3|synthetic-album-4|synthetic-album-6|synthetic-album-7|synthetic-album-8|synthetic-album-9,0.000100025 0.000200049 0.083433358 0.166666667 0.000100025 0.000200049 0.083433358 0.166666667 0.000100025 0.000200049 0.083433358 0.166666667 0.000100025 0.000200049 0.083433358 0.166666667 0.000100025 0.000200049 0.083433358 0.166666667 0.000100025 0.000200049 0.083433358 0.166666667
8,noisy,69,5,99,0.990475,veryHigh,true,0.000001,0.000002,0.000600,false,true,synthetic-album-0|synthetic-album-1|synthetic-album-11|synthetic-album-2|synthetic-album-3|synthetic-album-4|synthetic-album-6|synthetic-album-7|synthetic-album-8|synthetic-album-9,0.000100019 0.000200038 0.083433352 0.166666667 0.000100019 0.000200038 0.083433352 0.166666667 0.000100019 0.000200038 0.083433352 0.166666667 0.000100019 0.000200038 0.083433352 0.166666667 0.000100019 0.000200038 0.083433352 0.166666667 0.000100019 0.000200038 0.083433352 0.166666667
8,noisy,70,5,100,0.999999,veryHigh,true,0.000001,0.000002,0.000600,true,true,synthetic-album-0|synthetic-album-1|synthetic-album-11|synthetic-album-2|synthetic-album-3|synthetic-album-4|synthetic-album-6|synthetic-album-7|synthetic-album-8|synthetic-album-9,0.000100023 0.000200047 0.083433357 0.166666667 0.000100023 0.000200047 0.083433357 0.166666667 0.000100023 0.000200047 0.083433357 0.166666667 0.000100023 0.000200047 0.083433357 0.166666667 0.000100023 0.000200047 0.083433357 0.166666667 0.000100023 0.000200047 0.083433357 0.166666667
8,noisy,71,5,99,0.990475,veryHigh,true,0.000001,0.000002,0.000600,false,true,synthetic-album-0|synthetic-album-1|synthetic-album-11|synthetic-album-2|synthetic-album-3|synthetic-album-4|synthetic-album-6|synthetic-album-7|synthetic-album-8|synthetic-album-9,0.000100019 0.000200037 0.083433352 0.166666667 0.000100019 0.000200037 0.083433352 0.166666667 0.000100019 0.000200037 0.083433352 0.166666667 0.000100019 0.000200037 0.083433352 0.166666667 0.000100019 0.000200037 0.083433352 0.166666667 0.000100019 0.000200037 0.083433352 0.166666667
8,noisy,72,5,99,0.990475,veryHigh,true,0.000001,0.000002,0.000600,false,true,synthetic-album-0|synthetic-album-1|synthetic-album-11|synthetic-album-2|synthetic-album-3|synthetic-album-4|synthetic-album-6|synthetic-album-7|synthetic-album-8|synthetic-album-9,0.000100021 0.000200043 0.083433355 0.166666667 0.000100021 0.000200043 0.083433355 0.166666667 0.000100022 0.000200043 0.083433355 0.166666667 0.000100021 0.000200044 0.083433356 0.166666666 0.000100021 0.000200043 0.083433355 0.166666667 0.000100021 0.000200043 0.083433355 0.166666667
8,noisy,73,5,100,1.000000,veryHigh,true,0.000000,0.000001,0.000800,true,true,synthetic-album-0|synthetic-album-1|synthetic-album-11|synthetic-album-2|synthetic-album-3|synthetic-album-4|synthetic-album-6|synthetic-album-7|synthetic-album-8|synthetic-album-9,0.000100017 0.000200034 0.083433351 0.166666667 0.000100017 0.000200034 0.083433351 0.166666667 0.000100017 0.000200034 0.083433351 0.166666667 0.000100017 0.000200034 0.083433351 0.166666667 0.000100017 0.000200034 0.083433351 0.166666667 0.000100017 0.000200034 0.083433351 0.166666667
8,noisy,74,5,99,0.990476,veryHigh,true,0.000000,0.000001,0.001000,true,true,synthetic-album-0|synthetic-album-1|synthetic-album-11|synthetic-album-2|synthetic-album-3|synthetic-album-4|synthetic-album-6|synthetic-album-7|synthetic-album-8|synthetic-album-9,0.000100017 0.000200034 0.083433350 0.166666667 0.000100017 0.000200034 0.083433350 0.166666667 0.000100017 0.000200035 0.083433351 0.166666667 0.000100017 0.000200034 0.083433350 0.166666667 0.000100017 0.000200034 0.083433351 0.166666667 0.000100017 0.000200034 0.083433350 0.166666666
8,noisy,75,5,99,0.990476,veryHigh,true,0.000000,0.000001,0.001400,true,true,synthetic-album-0|synthetic-album-1|synthetic-album-11|synthetic-album-2|synthetic-album-3|synthetic-album-4|synthetic-album-6|synthetic-album-7|synthetic-album-8|synthetic-album-9,0.000100015 0.000200031 0.083433349 0.166666667 0.000100016 0.000200032 0.083433349 0.166666667 0.000100015 0.000200031 0.083433349 0.166666667 0.000100016 0.000200031 0.083433350 0.166666667 0.000100016 0.000200032 0.083433350 0.166666667 0.000100016 0.000200032 0.083433349 0.166666667
8,noisy,76,5,100,1.000000,veryHigh,true,0.000000,0.000001,0.001400,false,true,synthetic-album-0|synthetic-album-1|synthetic-album-11|synthetic-album-2|synthetic-album-3|synthetic-album-4|synthetic-album-6|synthetic-album-7|synthetic-album-8|synthetic-album-9,0.000100016 0.000200032 0.083433349 0.166666667 0.000100016 0.000200033 0.083433349 0.166666667 0.000100017 0.000200033 0.083433350 0.166666667 0.000100016 0.000200033 0.083433350 0.166666667 0.000100016 0.000200033 0.083433350 0.166666666 0.000100016 0.000200032 0.083433349 0.166666667
8,noisy,77,5,100,1.000000,veryHigh,true,0.000000,0.000001,0.001400,false,true,synthetic-album-0|synthetic-album-1|synthetic-album-11|synthetic-album-2|synthetic-album-3|synthetic-album-4|synthetic-album-6|synthetic-album-7|synthetic-album-8|synthetic-album-9,0.000100015 0.000200030 0.083433349 0.166666667 0.000100015 0.000200030 0.083433349 0.166666667 0.000100015 0.000200030 0.083433349 0.166666667 0.000100015 0.000200030 0.083433349 0.166666667 0.000100015 0.000200030 0.083433349 0.166666667 0.000100015 0.000200030 0.083433349 0.166666667
8,noisy,78,6,100,1.000000,veryHigh,true,0.000000,0.000001,0.001400,false,true,synthetic-album-0|synthetic-album-1|synthetic-album-11|synthetic-album-2|synthetic-album-3|synthetic-album-4|synthetic-album-6|synthetic-album-7|synthetic-album-8|synthetic-album-9,0.000100015 0.000200031 0.083433349 0.166666667 0.000100016 0.000200031 0.083433349 0.166666667 0.000100015 0.000200030 0.083433349 0.166666667 0.000100015 0.000200030 0.083433349 0.166666667 0.000100015 0.000200031 0.083433349 0.166666667 0.000100015 0.000200031 0.083433349 0.166666667
8,noisy,79,6,100,1.000000,veryHigh,true,0.000000,0.000001,0.001400,false,true,synthetic-album-0|synthetic-album-1|synthetic-album-11|synthetic-album-2|synthetic-album-3|synthetic-album-4|synthetic-album-6|synthetic-album-7|synthetic-album-8|synthetic-album-9,0.000100015 0.000200031 0.083433349 0.166666667 0.000100015 0.000200031 0.083433349 0.166666667 0.000100016 0.000200031 0.083433349 0.166666667 0.000100015 0.000200031 0.083433349 0.166666667 0.000100016 0.000200031 0.083433349 0.166666667 0.000100015 0.000200031 0.083433349 0.166666667
8,noisy,80,6,100,1.000000,veryHigh,true,0.000000,0.000001,0.001400,false,true,synthetic-album-0|synthetic-album-1|synthetic-album-11|synthetic-album-2|synthetic-album-3|synthetic-album-4|synthetic-album-6|synthetic-album-7|synthetic-album-8|synthetic-album-9,0.000100016 0.000200033 0.083433350 0.166666667 0.000100016 0.000200033 0.083433350 0.166666667 0.000100016 0.000200033 0.083433350 0.166666667 0.000100016 0.000200033 0.083433350 0.166666667 0.000100016 0.000200033 0.083433350 0.166666667 0.000100016 0.000200033 0.083433350 0.166666667
8,noisy,81,6,100,1.000000,veryHigh,true,0.000000,0.000001,0.001400,true,true,synthetic-album-0|synthetic-album-1|synthetic-album-11|synthetic-album-2|synthetic-album-3|synthetic-album-4|synthetic-album-6|synthetic-album-7|synthetic-album-8|synthetic-album-9,0.000100018 0.000200035 0.083433351 0.166666667 0.000100018 0.000200035 0.083433351 0.166666667 0.000100018 0.000200035 0.083433351 0.166666667 0.000100018 0.000200035 0.083433351 0.166666667 0.000100018 0.000200035 0.083433351 0.166666667 0.000100018 0.000200035 0.083433351 0.166666667
8,noisy,82,6,100,1.000000,veryHigh,true,0.000000,0.000001,0.001400,false,true,synthetic-album-0|synthetic-album-1|synthetic-album-11|synthetic-album-2|synthetic-album-3|synthetic-album-4|synthetic-album-6|synthetic-album-7|synthetic-album-8|synthetic-album-9,0.000100015 0.000200030 0.083433349 0.166666667 0.000100015 0.000200030 0.083433349 0.166666667 0.000100015 0.000200030 0.083433349 0.166666667 0.000100015 0.000200030 0.083433349 0.166666667 0.000100015 0.000200030 0.083433349 0.166666667 0.000100015 0.000200030 0.083433349 0.166666667
8,noisy,83,6,100,1.000000,veryHigh,true,0.000000,0.000001,0.001400,false,true,synthetic-album-0|synthetic-album-1|synthetic-album-11|synthetic-album-2|synthetic-album-3|synthetic-album-4|synthetic-album-6|synthetic-album-7|synthetic-album-8|synthetic-album-9,0.000100015 0.000200030 0.083433349 0.166666667 0.000100015 0.000200030 0.083433349 0.166666667 0.000100015 0.000200030 0.083433349 0.166666667 0.000100015 0.000200030 0.083433349 0.166666667 0.000100015 0.000200030 0.083433349 0.166666667 0.000100015 0.000200030 0.083433349 0.166666667
9,short-session-degree2-cap,1,2,11,0.111905,insufficient,false,0.833334,1.000000,0.000000,false,false,synthetic-album-0|synthetic-album-10|synthetic-album-11|synthetic-album-2|synthetic-album-3|synthetic-album-4|synthetic-album-6|synthetic-album-7|synthetic-album-8|synthetic-album-9,0.000000366 0.000000884 0.000001401 0.499996162 0.000000366 0.499995127 0.499995644 0.499996162 0.000000366 0.000000884 0.000001401 0.000001919 0.000000366 0.000000884 0.000001401 0.000001919 0.000000366 0.000000884 0.000001401 0.000001919 0.000000366 0.000000884 0.000001401 0.000001919
9,short-session-degree2-cap,2,2,20,0.200000,insufficient,false,0.666667,1.000000,0.000000,false,true,synthetic-album-0|synthetic-album-1|synthetic-album-11|synthetic-album-2|synthetic-album-3|synthetic-album-4|synthetic-album-6|synthetic-album-7|synthetic-album-8|synthetic-album-9,0.000000205 0.000000495 0.333331969 0.333332259 0.000000205 0.000000495 0.000000785 0.333332259 0.000000205 0.000000495 0.000000785 0.333332259 0.000000205 0.000000495 0.000000785 0.000001075 0.000000205 0.000000495 0.000000785 0.000001075 0.000000205 0.000000495 0.000000785 0.000001075
9,short-session-degree2-cap,3,2,32,0.320238,insufficient,false,0.500000,1.000000,0.000000,false,true,synthetic-album-0|synthetic-album-1|synthetic-album-11|synthetic-album-2|synthetic-album-3|synthetic-album-4|synthetic-album-6|synthetic-album-7|synthetic-album-8|synthetic-album-9,0.000000144 0.000000348 0.000000553 0.249999622 0.000000144 0.000000348 0.000000553 0.249999622 0.000000144 0.000000348 0.000000553 0.249999622 0.000000144 0.000000348 0.000000553 0.249999622 0.000000144 0.000000348 0.000000553 0.000000757 0.000000144 0.000000348 0.000000553 0.000000757
9,short-session-degree2-cap,4,2,54,0.541904,insufficient,false,0.333334,1.000000,0.000000,false,true,synthetic-album-0|synthetic-album-1|synthetic-album-11|synthetic-album-2|synthetic-album-3|synthetic-album-4|synthetic-album-6|synthetic-album-7|synthetic-album-8|synthetic-album-9,0.000000112 0.000000270 0.000000429 0.199999883 0.000000112 0.000000270 0.199999724 0.199999883 0.000000112 0.000000270 0.000000429 0.199999883 0.000000112 0.000000270 0.199999724 0.199999883 0.000000112 0.199999566 0.199999724 0.199999883 0.000000112 0.000000270 0.000000429 0.000000587
9,short-session-degree2-cap,5,2,76,0.756348,high,false,0.125001,0.166667,0.000000,false,true,synthetic-album-0|synthetic-album-1|synthetic-album-11|synthetic-album-2|synthetic-album-3|synthetic-album-4|synthetic-album-6|synthetic-album-7|synthetic-album-8|synthetic-album-9,0.000000092 0.000000222 0.000000351 0.166666667 0.000000092 0.166666407 0.166666537 0.166666667 0.000000092 0.166666407 0.166666537 0.166666667 0.000000092 0.166666407 0.166666537 0.166666667 0.000000092 0.000000222 0.166666537 0.166666667 0.000000092 0.000000222 0.000000351 0.166666667
9,short-session-degree2-cap,6,2,76,0.756349,high,false,0.125001,0.166667,0.000000,false,false,synthetic-album-0|synthetic-album-1|synthetic-album-10|synthetic-album-11|synthetic-album-2|synthetic-album-3|synthetic-album-4|synthetic-album-6|synthetic-album-7|synthetic-album-8,0.000000078 0.000000188 0.000000298 0.166666667 0.000000078 0.166666446 0.166666557 0.166666667 0.000000078 0.166666446 0.166666557 0.166666667 0.000000078 0.166666446 0.166666557 0.166666667 0.000000078 0.000000188 0.166666557 0.166666667 0.000000078 0.166666446 0.166666557 0.166666667
9,short-session-degree2-cap,7,2,76,0.756349,high,false,0.125001,0.166667,0.000000,false,false,synthetic-album-0|synthetic-album-1|synthetic-album-10|synthetic-album-11|synthetic-album-2|synthetic-album-3|synthetic-album-4|synthetic-album-6|synthetic-album-7|synthetic-album-8,0.000000068 0.000000163 0.000000259 0.166666667 0.000000068 0.166666475 0.166666571 0.166666667 0.000000068 0.166666475 0.166666571 0.166666667 0.000000068 0.166666475 0.166666571 0.166666667 0.000000068 0.000000163 0.166666571 0.166666667 0.000000068 0.166666475 0.166666571 0.166666667
9,short-session-degree2-cap,8,2,76,0.756349,high,false,0.125001,0.166667,0.000000,false,false,synthetic-album-0|synthetic-album-1|synthetic-album-10|synthetic-album-11|synthetic-album-2|synthetic-album-3|synthetic-album-4|synthetic-album-6|synthetic-album-7|synthetic-album-8,0.000000060 0.000000145 0.000000229 0.166666667 0.000000060 0.166666497 0.166666582 0.166666667 0.000000060 0.166666497 0.166666582 0.166666667 0.000000060 0.166666497 0.166666582 0.166666667 0.000000060 0.000000145 0.166666582 0.166666667 0.000000060 0.166666497 0.166666582 0.166666667
9,short-session-degree2-cap,9,2,76,0.756349,high,false,0.125000,0.166667,0.000000,false,false,synthetic-album-0|synthetic-album-1|synthetic-album-10|synthetic-album-11|synthetic-album-2|synthetic-album-3|synthetic-album-4|synthetic-album-7|synthetic-album-8|synthetic-album-9,0.000000054 0.000000130 0.000000206 0.166666667 0.000000054 0.000000130 0.166666591 0.166666667 0.000000054 0.166666515 0.166666591 0.166666667 0.000000054 0.166666515 0.166666591 0.166666667 0.000000054 0.166666515 0.166666591 0.166666667 0.000000054 0.000000130 0.166666591 0.166666667
9,short-session-degree2-cap,10,2,76,0.756349,high,false,0.125000,0.166667,0.000000,false,true,synthetic-album-0|synthetic-album-1|synthetic-album-11|synthetic-album-2|synthetic-album-3|synthetic-album-4|synthetic-album-6|synthetic-album-7|synthetic-album-8|synthetic-album-9,0.000000049 0.000000118 0.000000187 0.166666667 0.000000049 0.000000118 0.166666598 0.166666667 0.000000049 0.000000118 0.166666598 0.166666667 0.000000049 0.000000118 0.166666598 0.166666667 0.000000049 0.000000118 0.166666598 0.166666667 0.000000049 0.000000118 0.166666598 0.166666667
9,short-session-degree2-cap,11,2,76,0.756349,high,false,0.125000,0.166667,0.000000,false,true,synthetic-album-0|synthetic-album-1|synthetic-album-11|synthetic-album-2|synthetic-album-3|synthetic-album-4|synthetic-album-6|synthetic-album-7|synthetic-album-8|synthetic-album-9,0.000000045 0.000000108 0.000000171 0.166666667 0.000000045 0.000000108 0.166666603 0.166666667 0.000000045 0.000000108 0.166666603 0.166666667 0.000000045 0.000000108 0.166666603 0.166666667 0.000000045 0.000000108 0.166666603 0.166666667 0.000000045 0.000000108 0.166666603 0.166666667
9,short-session-degree2-cap,12,2,76,0.756349,high,false,0.125000,0.166667,0.000000,false,false,synthetic-album-0|synthetic-album-1|synthetic-album-10|synthetic-album-11|synthetic-album-2|synthetic-album-3|synthetic-album-4|synthetic-album-6|synthetic-album-7|synthetic-album-8,0.000000041 0.000000100 0.166666608 0.166666667 0.000000041 0.000000100 0.000000158 0.166666667 0.000000041 0.166666550 0.166666608 0.166666667 0.000000041 0.000000100 0.166666608 0.166666667 0.000000041 0.000000100 0.166666608 0.166666667 0.000000041 0.000000100 0.166666608 0.166666667
9,short-session-degree2-cap,13,2,76,0.756349,high,false,0.125000,0.166667,0.000000,false,false,synthetic-album-0|synthetic-album-1|synthetic-album-10|synthetic-album-11|synthetic-album-2|synthetic-album-3|synthetic-album-4|synthetic-album-6|synthetic-album-7|synthetic-album-8,0.000000038 0.000000092 0.166666613 0.166666667 0.000000038 0.000000092 0.000000147 0.166666667 0.000000038 0.166666558 0.166666613 0.166666667 0.000000038 0.000000092 0.166666613 0.166666667 0.000000038 0.000000092 0.166666613 0.166666667 0.000000038 0.166666558 0.166666613 0.166666667
9,short-session-degree2-cap,14,2,76,0.756349,high,false,0.125000,0.166667,0.000000,false,false,synthetic-album-0|synthetic-album-1|synthetic-album-10|synthetic-album-11|synthetic-album-3|synthetic-album-4|synthetic-album-6|synthetic-album-7|synthetic-album-8|synthetic-album-9,0.000000036 0.000000086 0.166666616 0.166666667 0.000000036 0.000000086 0.000000137 0.166666667 0.000000036 0.166666566 0.166666616 0.166666667 0.000000036 0.166666566 0.166666616 0.166666667 0.000000036 0.000000086 0.000000137 0.166666667 0.000000036 0.166666566 0.166666616 0.166666667
9,short-session-degree2-cap,15,2,76,0.756349,high,false,0.125000,0.166667,0.000000,false,true,synthetic-album-0|synthetic-album-1|synthetic-album-11|synthetic-album-2|synthetic-album-3|synthetic-album-4|synthetic-album-6|synthetic-album-7|synthetic-album-8|synthetic-album-9,0.000000033 0.000000081 0.000000128 0.166666667 0.000000033 0.000000081 0.000000128 0.166666667 0.000000033 0.000000081 0.000000128 0.166666667 0.000000033 0.000000081 0.000000128 0.166666667 0.000000033 0.166666572 0.166666619 0.166666667 0.000000033 0.000000081 0.166666619 0.166666667
9,short-session-degree2-cap,16,2,76,0.758730,high,false,0.125000,0.166667,0.000000,false,true,synthetic-album-0|synthetic-album-1|synthetic-album-11|synthetic-album-2|synthetic-album-3|synthetic-album-4|synthetic-album-6|synthetic-album-7|synthetic-album-8|synthetic-album-9,0.000000031 0.000000075 0.000000119 0.166666667 0.000000031 0.000000075 0.000000119 0.166666667 0.000000031 0.000000075 0.000000119 0.166666667 0.000000031 0.000000075 0.000000119 0.166666667 0.000000031 0.166666579 0.166666623 0.166666667 0.000000031 0.000000075 0.166666623 0.166666667
9,short-session-degree2-cap,17,2,76,0.758730,high,false,0.125000,0.166667,0.000000,false,true,synthetic-album-0|synthetic-album-1|synthetic-album-11|synthetic-album-2|synthetic-album-3|synthetic-album-4|synthetic-album-6|synthetic-album-7|synthetic-album-8|synthetic-album-9,0.000000029 0.000000070 0.000000111 0.166666667 0.000000029 0.000000070 0.000000111 0.166666667 0.000000029 0.000000070 0.000000111 0.166666667 0.000000029 0.000000070 0.000000111 0.166666667 0.000000029 0.000000070 0.000000111 0.166666667 0.000000029 0.000000070 0.166666626 0.166666667
9,short-session-degree2-cap,18,2,76,0.758730,high,false,0.125000,0.166667,0.000000,false,true,synthetic-album-0|synthetic-album-1|synthetic-album-11|synthetic-album-2|synthetic-album-3|synthetic-album-4|synthetic-album-6|synthetic-album-7|synthetic-album-8|synthetic-album-9,0.000000027 0.000000065 0.000000104 0.166666667 0.000000027 0.000000065 0.000000104 0.166666667 0.000000027 0.000000065 0.000000104 0.166666667 0.000000027 0.000000065 0.000000104 0.166666667 0.000000027 0.166666590 0.166666628 0.166666667 0.000000027 0.000000065 0.166666628 0.166666667
9,short-session-degree2-cap,19,2,76,0.758730,high,false,0.125000,0.166667,0.000000,false,true,synthetic-album-0|synthetic-album-1|synthetic-album-11|synthetic-album-2|synthetic-album-3|synthetic-album-4|synthetic-album-6|synthetic-album-7|synthetic-album-8|synthetic-album-9,0.000000025 0.000000061 0.000000097 0.166666667 0.000000025 0.000000061 0.000000097 0.166666667 0.000000025 0.000000061 0.000000097 0.166666667 0.000000025 0.000000061 0.000000097 0.166666667 0.000000025 0.166666595 0.166666631 0.166666667 0.000000025 0.000000061 0.166666631 0.166666667
9,short-session-degree2-cap,20,2,76,0.763889,high,false,0.125000,0.166667,0.000000,false,true,synthetic-album-0|synthetic-album-1|synthetic-album-11|synthetic-album-2|synthetic-album-3|synthetic-album-4|synthetic-album-6|synthetic-album-7|synthetic-album-8|synthetic-album-9,0.000000024 0.000000058 0.000000092 0.166666667 0.000000024 0.000000058 0.000000092 0.166666667 0.000000024 0.000000058 0.000000092 0.166666667 0.000000024 0.000000058 0.000000092 0.166666667 0.000000024 0.000000058 0.000000092 0.166666667 0.000000024 0.000000058 0.166666633 0.166666667
9,short-session-degree2-cap,21,2,77,0.767857,high,false,0.125000,0.166667,0.000000,false,true,synthetic-album-0|synthetic-album-1|synthetic-album-11|synthetic-album-2|synthetic-album-3|synthetic-album-4|synthetic-album-6|synthetic-album-7|synthetic-album-8|synthetic-album-9,0.000000023 0.000000055 0.000000087 0.166666667 0.000000023 0.000000055 0.000000087 0.166666667 0.000000023 0.000000055 0.000000087 0.166666667 0.000000023 0.000000055 0.000000087 0.166666667 0.000000023 0.166666602 0.166666635 0.166666667 0.000000023 0.000000055 0.166666635 0.166666667
9,short-session-degree2-cap,22,2,77,0.769047,high,false,0.125000,0.166667,0.000000,false,false,synthetic-album-0|synthetic-album-10|synthetic-album-11|synthetic-album-2|synthetic-album-3|synthetic-album-4|synthetic-album-6|synthetic-album-7|synthetic-album-8|synthetic-album-9,0.000000022 0.083333329 0.166666636 0.166666667 0.000000022 0.083333329 0.166666636 0.166666667 0.000000022 0.083333329 0.166666636 0.166666667 0.000000022 0.083333329 0.166666636 0.166666667 0.000000022 0.000000052 0.000000083 0.166666667 0.000000022 0.083333329 0.166666636 0.166666667
9,short-session-degree2-cap,23,2,77,0.769047,high,false,0.125000,0.166667,0.000000,false,false,synthetic-album-0|synthetic-album-10|synthetic-album-11|synthetic-album-2|synthetic-album-3|synthetic-album-4|synthetic-album-6|synthetic-album-7|synthetic-album-8|synthetic-album-9,0.000000021 0.083333329 0.166666638 0.166666667 0.000000021 0.083333329 0.166666638 0.166666667 0.000000021 0.083333329 0.166666638 0.166666667 0.000000021 0.083333329 0.166666638 0.166666667 0.000000021 0.000000050 0.000000079 0.166666667 0.000000021 0.083333329 0.166666638 0.166666667
9,short-session-degree2-cap,24,2,77,0.773016,high,false,0.125000,0.166667,0.000000,false,true,synthetic-album-0|synthetic-album-1|synthetic-album-11|synthetic-album-2|synthetic-album-3|synthetic-album-4|synthetic-album-6|synthetic-album-7|synthetic-album-8|synthetic-album-9,0.000000020 0.000000047 0.000000075 0.166666667 0.000000020 0.000000047 0.000000075 0.166666667 0.000000020 0.000000047 0.166666639 0.166666667 0.000000020 0.000000047 0.000000075 0.166666667 0.000000020 0.000000047 0.000000075 0.166666667 0.000000020 0.000000047 0.000000075 0.166666667
9,short-session-degree2-cap,25,2,77,0.774206,high,false,0.125000,0.166667,0.000000,false,true,synthetic-album-0|synthetic-album-1|synthetic-album-11|synthetic-album-2|synthetic-album-3|synthetic-album-4|synthetic-album-6|synthetic-album-7|synthetic-album-8|synthetic-album-9,0.000000019 0.000000045 0.000000072 0.166666667 0.000000019 0.000000045 0.000000072 0.166666667 0.000000019 0.000000045 0.166666640 0.166666667 0.000000019 0.000000045 0.000000072 0.166666667 0.000000019 0.000000045 0.000000072 0.166666667 0.166666587 0.166666614 0.166666640 0.166666667
9,short-session-degree2-cap,26,2,78,0.776984,high,false,0.125000,0.166667,0.000000,false,true,synthetic-album-0|synthetic-album-1|synthetic-album-11|synthetic-album-2|synthetic-album-3|synthetic-album-4|synthetic-album-6|synthetic-album-7|synthetic-album-8|synthetic-album-9,0.000000018 0.000000043 0.000000069 0.166666667 0.000000018 0.000000043 0.000000069 0.166666667 0.000000018 0.000000043 0.166666641 0.166666667 0.000000018 0.000000043 0.000000069 0.166666667 0.000000018 0.000000043 0.000000069 0.166666667 0.000000018 0.000000043 0.000000069 0.166666667
9,short-session-degree2-cap,27,2,78,0.776984,high,false,0.125000,0.166667,0.000000,false,true,synthetic-album-0|synthetic-album-1|synthetic-album-11|synthetic-album-2|synthetic-album-3|synthetic-album-4|synthetic-album-6|synthetic-album-7|synthetic-album-8|synthetic-album-9,0.000000017 0.000000042 0.000000066 0.166666667 0.000000017 0.000000042 0.000000066 0.166666667 0.000000017 0.000000042 0.166666642 0.166666667 0.000000017 0.000000042 0.000000066 0.166666667 0.000000017 0.000000042 0.000000066 0.166666667 0.166666594 0.166666618 0.166666642 0.166666667
9,short-session-degree2-cap,28,2,78,0.776984,high,false,0.125000,0.166667,0.000000,false,true,synthetic-album-0|synthetic-album-1|synthetic-album-11|synthetic-album-2|synthetic-album-3|synthetic-album-4|synthetic-album-6|synthetic-album-7|synthetic-album-8|synthetic-album-9,0.000000017 0.000000040 0.000000063 0.166666667 0.000000017 0.000000040 0.000000063 0.166666667 0.000000017 0.000000040 0.166666643 0.166666667 0.166666596 0.166666620 0.166666643 0.166666667 0.000000017 0.000000040 0.000000063 0.166666667 0.000000017 0.000000040 0.000000063 0.166666667
9,short-session-degree2-cap,29,2,78,0.776984,high,false,0.125000,0.166667,0.000000,false,true,synthetic-album-0|synthetic-album-1|synthetic-album-11|synthetic-album-2|synthetic-album-3|synthetic-album-4|synthetic-album-6|synthetic-album-7|synthetic-album-8|synthetic-album-9,0.000000016 0.000000039 0.000000061 0.166666667 0.000000016 0.000000039 0.000000061 0.166666667 0.000000016 0.000000039 0.166666644 0.166666667 0.000000016 0.000000039 0.000000061 0.166666667 0.000000016 0.000000039 0.000000061 0.166666667 0.000000016 0.000000039 0.000000061 0.166666667
9,short-session-degree2-cap,30,2,79,0.794841,high,false,0.121528,0.166667,0.000000,false,true,synthetic-album-0|synthetic-album-1|synthetic-album-11|synthetic-album-2|synthetic-album-3|synthetic-album-4|synthetic-album-6|synthetic-album-7|synthetic-album-8|synthetic-album-9,0.000000015 0.000000037 0.000000059 0.166666667 0.000000015 0.000000037 0.000000059 0.166666667 0.000000015 0.000000037 0.166666645 0.166666667 0.000000015 0.000000037 0.000000059 0.166666667 0.000000015 0.000000037 0.000000059 0.166666667 0.000000015 0.000000037 0.000000059 0.166666667
10,dan-approximation,1,2,10,0.104833,insufficient,false,0.916588,1.000000,0.000000,false,false,synthetic-album-0|synthetic-album-11|synthetic-album-12|synthetic-album-2|synthetic-album-3|synthetic-album-4|synthetic-album-6|synthetic-album-7|synthetic-album-8|synthetic-album-9,0.000001000 0.500037552 0.500038967 0.500040381 0.000001000 0.499935820 0.499937234 0.499938649 0.000001000 0.000002414 0.000003828 0.000005243 0.000001000 0.000002414 0.000003828 0.000005243 0.000001000 0.000002414 0.000003828 0.000005243 0.000001000 0.000002414 0.000003828 0.000005243
10,dan-approximation,2,2,14,0.144512,insufficient,false,0.833263,1.000000,0.000000,false,false,synthetic-album-0|synthetic-album-10|synthetic-album-11|synthetic-album-2|synthetic-album-3|synthetic-album-4|synthetic-album-6|synthetic-album-7|synthetic-album-8|synthetic-album-9,0.000000707 0.000001707 0.000002707 0.333397109 0.000000707 0.333293885 0.333294885 0.333295885 0.000000707 0.333293885 0.333294885 0.333295885 0.000000707 0.000001707 0.000002707 0.000003707 0.000000707 0.000001707 0.000002707 0.000003707 0.000000707 0.000001707 0.000002707 0.000003707
10,dan-approximation,3,2,19,0.194507,insufficient,false,0.749938,1.000000,0.000000,false,true,synthetic-album-0|synthetic-album-1|synthetic-album-11|synthetic-album-2|synthetic-album-3|synthetic-album-4|synthetic-album-6|synthetic-album-7|synthetic-album-8|synthetic-album-9,0.000000577 0.000001394 0.000002210 0.250074237 0.000000577 0.249971604 0.249972420 0.249973237 0.000000577 0.000001394 0.000002210 0.249973237 0.000000577 0.000001394 0.000002210 0.249973237 0.000000577 0.000001394 0.000002210 0.000003027 0.000000577 0.000001394 0.000002210 0.000003027
10,dan-approximation,4,2,27,0.271880,insufficient,false,0.666613,1.000000,0.000000,false,true,synthetic-album-0|synthetic-album-1|synthetic-album-11|synthetic-album-2|synthetic-album-3|synthetic-album-4|synthetic-album-6|synthetic-album-7|synthetic-album-8|synthetic-album-9,0.000000500 0.000001207 0.000001914 0.250074339 0.000000500 0.000001207 0.000001914 0.000002621 0.000000500 0.249972059 0.249972766 0.249973473 0.000000500 0.249972059 0.249972766 0.249973473 0.000000500 0.000001207 0.000001914 0.249973473 0.000000500 0.000001207 0.000001914 0.000002621
10,dan-approximation,5,2,34,0.342666,insufficient,false,0.576344,1.000000,0.000000,false,false,synthetic-album-0|synthetic-album-1|synthetic-album-10|synthetic-album-11|synthetic-album-2|synthetic-album-3|synthetic-album-4|synthetic-album-6|synthetic-album-7|synthetic-album-8,0.000000447 0.000001080 0.000001712 0.200080151 0.000000447 0.000001080 0.000001712 0.000002345 0.000000447 0.199978111 0.199978744 0.199979376 0.000000447 0.199978111 0.199978744 0.199979376 0.000000447 0.000001080 0.000001712 0.199979376 0.000000447 0.199978111 0.199978744 0.199979376
10,dan-approximation,6,2,37,0.370092,insufficient,false,0.548512,0.999901,0.000000,false,false,synthetic-album-0|synthetic-album-10|synthetic-album-11|synthetic-album-2|synthetic-album-3|synthetic-album-4|synthetic-album-6|synthetic-album-7|synthetic-album-8|synthetic-album-9,0.000000408 0.000000986 0.000001563 0.166767374 0.000000408 0.000000986 0.166666089 0.166666667 0.000000408 0.166564805 0.166565382 0.166565960 0.000000408 0.166665512 0.166666089 0.166666667 0.000000408 0.000000986 0.000001563 0.166666667 0.000000408 0.166665512 0.166666089 0.166666667
10,dan-approximation,7,2,39,0.389779,insufficient,false,0.520733,0.999900,0.000000,false,false,synthetic-album-0|synthetic-album-1|synthetic-album-10|synthetic-album-11|synthetic-album-3|synthetic-album-4|synthetic-album-6|synthetic-album-7|synthetic-album-8|synthetic-album-9,0.000000378 0.000000912 0.000001447 0.166784097 0.000000378 0.000000912 0.000001447 0.166683442 0.000000378 0.166581719 0.166582253 0.166582788 0.000000378 0.000000912 0.000001447 0.166582788 0.000000378 0.000000912 0.000001447 0.166683442 0.000000378 0.166682373 0.166682908 0.166683442
10,dan-approximation,8,2,40,0.403754,insufficient,false,0.492955,0.999900,0.000000,false,false,synthetic-album-0|synthetic-album-1|synthetic-album-10|synthetic-album-11|synthetic-album-3|synthetic-album-4|synthetic-album-6|synthetic-album-7|synthetic-album-8|synthetic-album-9,0.000000354 0.000000854 0.000001354 0.166800816 0.000000354 0.000000854 0.000001354 0.166700204 0.000000354 0.166598592 0.166599092 0.166599592 0.000000354 0.000000854 0.000001354 0.166599592 0.000000354 0.166598592 0.166599092 0.166599592 0.000000354 0.000000854 0.166699704 0.166700204
10,dan-approximation,9,2,41,0.406618,insufficient,false,0.465176,0.999900,0.000000,false,true,synthetic-album-0|synthetic-album-1|synthetic-album-11|synthetic-album-2|synthetic-album-3|synthetic-album-4|synthetic-album-6|synthetic-album-7|synthetic-album-8|synthetic-album-9,0.000000333 0.000000805 0.000001276 0.166817533 0.000000333 0.000000805 0.000001276 0.166716955 0.000000333 0.000000805 0.166615907 0.166616378 0.000000333 0.000000805 0.000001276 0.166616378 0.000000333 0.166615435 0.166615907 0.166616378 0.000000333 0.166615435 0.166615907 0.166616378
10,dan-approximation,10,2,42,0.422569,insufficient,false,0.451218,0.999702,0.000000,false,true,synthetic-album-0|synthetic-album-1|synthetic-album-11|synthetic-album-2|synthetic-album-3|synthetic-album-4|synthetic-album-6|synthetic-album-7|synthetic-album-8|synthetic-album-9,0.000000316 0.000000763 0.000001211 0.166834246 0.000000316 0.000000763 0.000001211 0.166733698 0.000000316 0.000000763 0.166632704 0.166633151 0.000000316 0.166531709 0.166532156 0.166532603 0.000000316 0.166632256 0.166632704 0.166633151 0.000000316 0.000000763 0.000001211 0.166633151
10,dan-approximation,11,2,44,0.439636,insufficient,false,0.437325,0.999701,0.000000,false,true,synthetic-album-0|synthetic-album-1|synthetic-album-11|synthetic-album-2|synthetic-album-3|synthetic-album-4|synthetic-album-6|synthetic-album-7|synthetic-album-8|synthetic-album-9,0.000000302 0.000000728 0.000001154 0.166850957 0.000000302 0.000000728 0.000001154 0.166750435 0.000000302 0.000000728 0.166649487 0.166649913 0.000000302 0.000000728 0.000001154 0.166549391 0.000000302 0.166548538 0.166548964 0.166549391 0.000000302 0.000000728 0.000001154 0.166649913
10,dan-approximation,12,2,46,0.456778,insufficient,false,0.423433,0.999701,0.000000,false,true,synthetic-album-0|synthetic-album-1|synthetic-album-11|synthetic-album-2|synthetic-album-3|synthetic-album-4|synthetic-album-6|synthetic-album-7|synthetic-album-8|synthetic-album-9,0.000000289 0.000000697 0.000001105 0.166867667 0.000000289 0.000000697 0.000001105 0.166767167 0.000000289 0.000000697 0.000001105 0.166666667 0.000000289 0.000000697 0.000001105 0.166566167 0.000000289 0.166565350 0.166565758 0.166566167 0.000000289 0.000000697 0.000001105 0.166566167
10,dan-approximation,13,2,46,0.463623,insufficient,false,0.415002,0.999403,0.000000,false,false,synthetic-album-0|synthetic-album-1|synthetic-album-10|synthetic-album-11|synthetic-album-2|synthetic-album-3|synthetic-album-4|synthetic-album-6|synthetic-album-7|synthetic-album-9,0.000000277 0.000000670 0.000001062 0.166884374 0.000000277 0.000000670 0.000001062 0.166783894 0.000000277 0.000000670 0.000001062 0.166683413 0.000000277 0.000000670 0.000001062 0.166582933 0.166481276 0.166481668 0.166482060 0.166482453 0.000000277 0.000000670 0.166582541 0.166582933
10,dan-approximation,14,2,47,0.466489,insufficient,false,0.406664,0.999402,0.000000,false,true,synthetic-album-0|synthetic-album-1|synthetic-album-11|synthetic-album-2|synthetic-album-3|synthetic-album-4|synthetic-album-6|synthetic-album-7|synthetic-album-8|synthetic-album-9,0.000000267 0.000000645 0.000001023 0.166901080 0.000000267 0.000000645 0.000001023 0.166800617 0.000000267 0.000000645 0.000001023 0.166700154 0.000000267 0.000000645 0.000001023 0.166599691 0.000000267 0.000000645 0.166498851 0.166499228 0.000000267 0.000000645 0.000001023 0.166499228
10,dan-approximation,15,2,47,0.471229,insufficient,false,0.400976,0.999004,0.000000,false,false,synthetic-album-0|synthetic-album-1|synthetic-album-10|synthetic-album-11|synthetic-album-3|synthetic-album-4|synthetic-album-6|synthetic-album-7|synthetic-album-8|synthetic-album-9,0.000000258 0.000000623 0.000000988 0.166917785 0.000000258 0.000000623 0.000000988 0.166817337 0.000000258 0.166716160 0.166716525 0.166716890 0.000000258 0.000000623 0.000000988 0.166616443 0.000000258 0.166515266 0.166515631 0.166515996 0.000000258 0.166414818 0.166415183 0.166415549
10,dan-approximation,16,2,48,0.476018,insufficient,false,0.400963,0.999004,0.000000,false,false,synthetic-album-0|synthetic-album-10|synthetic-album-11|synthetic-album-2|synthetic-album-3|synthetic-album-4|synthetic-album-6|synthetic-album-7|synthetic-album-8|synthetic-album-9,0.000000250 0.000000604 0.000000957 0.166917749 0.000000250 0.166716050 0.166816963 0.166817316 0.000000250 0.000000604 0.000000957 0.166716883 0.000000250 0.000000604 0.000000957 0.166616450 0.000000250 0.000000604 0.000000957 0.166516017 0.000000250 0.166414877 0.166415231 0.166415584
10,dan-approximation,17,2,48,0.476035,insufficient,false,0.400951,0.998905,0.000000,false,false,synthetic-album-1|synthetic-album-11|synthetic-album-2|synthetic-album-3|synthetic-album-4|synthetic-album-5|synthetic-album-6|synthetic-album-7|synthetic-album-8|synthetic-album-9,0.000000243 0.000101128 0.166816954 0.166917717 0.000000243 0.000000586 0.166816954 0.166817297 0.000000243 0.000000586 0.000000929 0.166716877 0.000000243 0.000000586 0.000000929 0.166616457 0.000000243 0.000000586 0.000000929 0.166516037 0.000000243 0.000000586 0.166415273 0.166415616
10,dan-approximation,18,2,48,0.483716,insufficient,false,0.400939,0.998905,0.000000,false,false,synthetic-album-0|synthetic-album-10|synthetic-album-11|synthetic-album-2|synthetic-album-3|synthetic-album-4|synthetic-album-6|synthetic-album-7|synthetic-album-8|synthetic-album-9,0.000000236 0.083408591 0.083408924 0.166917687 0.000000236 0.083408591 0.083509451 0.166817279 0.000000236 0.000000569 0.000000902 0.166716871 0.000000236 0.000000569 0.000000902 0.166616463 0.000000236 0.000000569 0.000000902 0.166516054 0.000000236 0.166414979 0.166415313 0.166415646
10,dan-approximation,19,2,49,0.492884,insufficient,false,0.400911,0.998805,0.000000,false,false,synthetic-album-0|synthetic-album-1|synthetic-album-12|synthetic-album-2|synthetic-album-3|synthetic-album-4|synthetic-album-6|synthetic-album-7|synthetic-album-8|synthetic-album-9,0.000000229 0.083458840 0.083459165 0.166917660 0.000000229 0.083458840 0.083559678 0.166817263 0.000000229 0.000000554 0.000000878 0.166716865 0.000000229 0.000000554 0.000000878 0.166616468 0.000000229 0.000000554 0.000000878 0.166516071 0.000000229 0.000000554 0.000000878 0.166415673
10,dan-approximation,20,2,50,0.495294,insufficient,false,0.400899,0.998805,0.000000,false,false,synthetic-album-0|synthetic-album-11|synthetic-album-2|synthetic-album-3|synthetic-album-4|synthetic-album-5|synthetic-album-6|synthetic-album-7|synthetic-album-8|synthetic-album-9,0.000000224 0.083458827 0.083459144 0.166917635 0.000000224 0.083458827 0.083559644 0.166817248 0.000000224 0.000000540 0.000000856 0.166716860 0.166515024 0.166615841 0.166616157 0.166616473 0.000000224 0.000000540 0.000000856 0.166516086 0.166414750 0.166415066 0.166415382 0.166415698
10,dan-approximation,21,2,50,0.495312,insufficient,false,0.400887,0.998805,0.000000,false,false,synthetic-album-0|synthetic-album-10|synthetic-album-11|synthetic-album-2|synthetic-album-3|synthetic-album-4|synthetic-album-6|synthetic-album-7|synthetic-album-8|synthetic-album-9,0.000000218 0.083458816 0.083459124 0.166917612 0.000000218 0.083458816 0.083559612 0.166817234 0.000000218 0.166615750 0.166716547 0.166716856 0.166515064 0.166615860 0.166616169 0.166616478 0.000000218 0.000000527 0.000000835 0.166516100 0.000000218 0.000000527 0.000000835 0.166415722
10,dan-approximation,22,2,50,0.495347,insufficient,false,0.400874,0.998803,0.000000,false,false,synthetic-album-0|synthetic-album-11|synthetic-album-2|synthetic-album-3|synthetic-album-4|synthetic-album-5|synthetic-album-6|synthetic-album-7|synthetic-album-8|synthetic-album-9,0.000000213 0.083458804 0.083459106 0.166917590 0.000000213 0.083458804 0.083559583 0.166817221 0.000000213 0.000000515 0.083308498 0.166716851 0.000000213 0.083408674 0.083408975 0.166616482 0.000000213 0.000000515 0.000000816 0.166516113 0.166414839 0.166415140 0.166415442 0.166415743
10,dan-approximation,23,2,50,0.495364,insufficient,false,0.400861,0.998803,0.000000,false,false,synthetic-album-0|synthetic-album-11|synthetic-album-12|synthetic-album-2|synthetic-album-3|synthetic-album-4|synthetic-album-6|synthetic-album-7|synthetic-album-8|synthetic-album-9,0.000000209 0.083458794 0.083459089 0.166917570 0.000000209 0.083458794 0.083559555 0.166817208 0.000000209 0.000100970 0.083408961 0.166716847 0.000000209 0.083408666 0.083408961 0.166616486 0.000000209 0.000000503 0.000000798 0.166516125 0.000000209 0.000000503 0.000000798 0.166415764
10,dan-approximation,24,2,54,0.542655,insufficient,false,0.331487,0.832086,0.000000,false,false,synthetic-album-0|synthetic-album-10|synthetic-album-11|synthetic-album-2|synthetic-album-3|synthetic-album-4|synthetic-album-6|synthetic-album-7|synthetic-album-8|synthetic-album-9,0.000000204 0.083458784 0.083459073 0.166917551 0.000000204 0.083458784 0.083559530 0.166817197 0.000100558 0.000201303 0.083509301 0.166716843 0.000000204 0.083408659 0.083408948 0.166616490 0.000000204 0.000000493 0.000000781 0.166516136 0.166414917 0.166415205 0.166415494 0.166415783
10,dan-approximation,25,2,54,0.542655,insufficient,false,0.331487,0.832086,0.000000,false,false,synthetic-album-0|synthetic-album-10|synthetic-album-11|synthetic-album-2|synthetic-album-3|synthetic-album-4|synthetic-album-6|synthetic-album-7|synthetic-album-8|synthetic-album-9,0.000000138 0.083458639 0.083458834 0.166917265 0.000000138 0.083458639 0.083559143 0.166817026 0.000100378 0.000200882 0.083508989 0.166716786 0.000000138 0.083408554 0.083408749 0.166616547 0.000000138 0.000000334 0.000000529 0.166516308 0.000000138 0.166415677 0.166415873 0.166416068
10,dan-approximation,26,2,54,0.542750,insufficient,false,0.331420,0.831787,0.000000,false,false,synthetic-album-0|synthetic-album-10|synthetic-album-11|synthetic-album-2|synthetic-album-3|synthetic-album-4|synthetic-album-6|synthetic-album-7|synthetic-album-8|synthetic-album-9,0.000000136 0.083458635 0.083458827 0.166917257 0.000000136 0.083458635 0.083559132 0.166817021 0.000100372 0.000200870 0.083458827 0.166716785 0.000000136 0.083358398 0.083458896 0.166616549 0.000000136 0.000000329 0.000000522 0.166516312 0.000000136 0.166415691 0.166415884 0.166416076
10,dan-approximation,27,2,54,0.542815,insufficient,false,0.331391,0.831787,0.000000,false,true,synthetic-album-0|synthetic-album-1|synthetic-album-11|synthetic-album-2|synthetic-album-3|synthetic-album-4|synthetic-album-6|synthetic-album-7|synthetic-album-8|synthetic-album-9,0.083358275 0.166816771 0.166816962 0.166917249 0.000000135 0.083458631 0.083559122 0.166817016 0.083458508 0.166616102 0.166716593 0.166716783 0.000000135 0.000200927 0.166616360 0.166616550 0.000000135 0.083057427 0.083057618 0.166516317 0.000000135 0.000100761 0.000100952 0.166416084
10,dan-approximation,28,2,54,0.543245,insufficient,false,0.331383,0.831787,0.000000,false,true,synthetic-album-0|synthetic-album-1|synthetic-album-11|synthetic-album-2|synthetic-album-3|synthetic-album-4|synthetic-album-6|synthetic-album-7|synthetic-album-8|synthetic-album-9,0.041779451 0.083659069 0.166816891 0.166917110 0.000000102 0.041879721 0.125137772 0.166816933 0.041879628 0.083458560 0.166716611 0.166716755 0.000000102 0.083358382 0.083458756 0.166616578 0.000000102 0.041478805 0.124636627 0.166516401 0.000000102 0.000000247 0.166416078 0.166416223
10,dan-approximation,29,2,55,0.546354,insufficient,false,0.331383,0.831787,0.000000,false,true,synthetic-album-0|synthetic-album-1|synthetic-album-11|synthetic-album-2|synthetic-album-3|synthetic-album-4|synthetic-album-6|synthetic-album-7|synthetic-album-8|synthetic-album-9,0.041779396 0.083658928 0.166816848 0.166917025 0.000000083 0.041879614 0.125137720 0.166816882 0.041879539 0.083458516 0.166716621 0.166716738 0.000000083 0.083358373 0.083458675 0.166616595 0.000000083 0.041478875 0.124636795 0.166516452 0.000000083 0.000000200 0.166416192 0.166416309
10,dan-approximation,30,2,55,0.546376,insufficient,false,0.331371,0.831787,0.000000,false,true,synthetic-album-0|synthetic-album-1|synthetic-album-11|synthetic-album-2|synthetic-album-3|synthetic-album-4|synthetic-album-6|synthetic-album-7|synthetic-album-8|synthetic-album-9,0.050105196 0.100310527 0.200120054 0.200220229 0.000000082 0.050205413 0.150115123 0.200120087 0.050205338 0.100110118 0.200019829 0.200019945 0.000000082 0.100009976 0.100110276 0.199919803 0.000100280 0.000100396 0.099909923 0.099910039 0.000000082 0.000000198 0.099809781 0.099809897
10,dan-approximation,31,2,55,0.546472,insufficient,false,0.331287,0.831587,0.000000,false,true,synthetic-album-0|synthetic-album-1|synthetic-album-11|synthetic-album-2|synthetic-album-3|synthetic-album-4|synthetic-album-6|synthetic-album-7|synthetic-album-8|synthetic-album-9,0.083358298 0.166816730 0.166816845 0.166917019 0.000000081 0.083458513 0.083558811 0.166816878 0.083458439 0.125137635 0.166716622 0.166716737 0.000000081 0.041679251 0.166616481 0.166616596 0.124937211 0.166516225 0.166516340 0.166516455 0.000100163 0.000100278 0.041579266 0.166416314
10,dan-approximation,32,2,55,0.546472,insufficient,false,0.331287,0.831586,0.000000,false,true,synthetic-album-0|synthetic-album-1|synthetic-album-11|synthetic-album-2|synthetic-album-3|synthetic-album-4|synthetic-album-6|synthetic-album-7|synthetic-album-8|synthetic-album-9,0.041779391 0.083658914 0.166816844 0.166917017 0.000000081 0.041879605 0.125137715 0.166816877 0.041879531 0.083458512 0.166716622 0.166716737 0.000000081 0.083358372 0.083458667 0.166616597 0.000100276 0.041579076 0.124737006 0.166516457 0.000100162 0.000100276 0.166416202 0.166416316
10,dan-approximation,33,2,55,0.546479,insufficient,false,0.331282,0.831586,0.000000,false,true,synthetic-album-0|synthetic-album-1|synthetic-album-11|synthetic-album-2|synthetic-album-3|synthetic-album-4|synthetic-album-6|synthetic-album-7|synthetic-album-8|synthetic-album-9,0.000000080 0.041879596 0.125037519 0.166917116 0.000000080 0.041879596 0.125137698 0.166816855 0.000100219 0.041679197 0.124937299 0.166716716 0.000000080 0.083358362 0.083458655 0.166616577 0.000100274 0.000100388 0.083258310 0.166516438 0.000100161 0.041879578 0.166416185 0.166416299
10,dan-approximation,34,2,55,0.547465,insufficient,false,0.331282,0.831586,0.000000,false,true,synthetic-album-0|synthetic-album-1|synthetic-album-11|synthetic-album-2|synthetic-album-3|synthetic-album-4|synthetic-album-6|synthetic-album-7|synthetic-album-8|synthetic-album-9,0.000000080 0.071578819 0.095438413 0.166917012 0.000000080 0.071478719 0.095538591 0.166816874 0.000100338 0.047719376 0.095338315 0.166716736 0.000000080 0.047719197 0.142757004 0.166616598 0.095037788 0.142556647 0.166416241 0.166516459 0.000100160 0.071478580 0.071478693 0.166416321
10,dan-approximation,35,2,55,0.549032,insufficient,false,0.331180,0.831287,0.000000,false,true,synthetic-album-0|synthetic-album-1|synthetic-album-11|synthetic-album-2|synthetic-album-3|synthetic-album-4|synthetic-album-6|synthetic-album-7|synthetic-album-8|synthetic-album-9,0.000000079 0.071550205 0.095467024 0.166917010 0.000000079 0.071450105 0.095567201 0.166816872 0.000100336 0.047733680 0.095366926 0.166716735 0.000000079 0.047733503 0.142699779 0.166616598 0.095066363 0.142599530 0.166516349 0.166516461 0.000100158 0.071449967 0.071550224 0.166416324
10,dan-approximation,36,2,55,0.550479,insufficient,false,0.331180,0.831287,0.000000,false,true,synthetic-album-0|synthetic-album-1|synthetic-album-11|synthetic-album-2|synthetic-album-3|synthetic-album-4|synthetic-album-6|synthetic-album-7|synthetic-album-8|synthetic-album-9,0.000000079 0.071621743 0.095495637 0.166917007 0.000000079 0.071421488 0.095595813 0.166816871 0.000100334 0.047747986 0.095395541 0.166716735 0.000000079 0.047747809 0.142742704 0.166616599 0.094994876 0.142542352 0.166416247 0.166516462 0.000200301 0.071521496 0.071521607 0.166416326
10,dan-approximation,37,2,55,0.550750,insufficient,false,0.331180,0.831287,0.000000,false,true,synthetic-album-0|synthetic-album-1|synthetic-album-11|synthetic-album-2|synthetic-album-3|synthetic-album-4|synthetic-album-6|synthetic-album-7|synthetic-album-8|synthetic-album-9,0.071435700 0.142971529 0.166816818 0.166917104 0.000000078 0.071535907 0.095481371 0.166816850 0.071535836 0.119126268 0.166716604 0.166716715 0.000000078 0.047690589 0.142771290 0.166616579 0.095080682 0.095080793 0.118926082 0.166516444 0.071435562 0.071435672 0.071435783 0.166416308
10,dan-approximation,38,2,56,0.564206,insufficient,false,0.331134,0.831087,0.000000,false,true,synthetic-album-0|synthetic-album-1|synthetic-album-11|synthetic-album-2|synthetic-album-3|synthetic-album-4|synthetic-album-6|synthetic-album-7|synthetic-album-8|synthetic-album-9,0.000000089 0.074296690 0.111344803 0.166917003 0.000000078 0.055572328 0.111444965 0.166816868 0.055672406 0.074196544 0.111344831 0.166716734 0.000000078 0.037248538 0.129568487 0.166616599 0.092319930 0.110743894 0.147792007 0.166516465 0.018824542 0.074196446 0.074196555 0.166416330
10,dan-approximation,39,2,57,0.569852,insufficient,false,0.331126,0.831087,0.000000,false,true,synthetic-album-0|synthetic-album-1|synthetic-album-11|synthetic-album-2|synthetic-album-3|synthetic-album-4|synthetic-album-6|synthetic-album-7|synthetic-album-8|synthetic-album-9,0.041779293 0.083558677 0.125237784 0.166917001 0.041679160 0.083458549 0.125237829 0.166816867 0.041879544 0.083358409 0.125137689 0.166716734 0.000000077 0.041879530 0.124937492 0.166616600 0.083057944 0.083058053 0.124737161 0.166516466 0.000100185 0.041679229 0.083458543 0.166416332
10,dan-approximation,40,2,67,0.666984,insufficient,false,0.275521,0.440237,0.000000,false,true,synthetic-album-0|synthetic-album-1|synthetic-album-11|synthetic-album-2|synthetic-album-3|synthetic-album-4|synthetic-album-6|synthetic-album-7|synthetic-album-8|synthetic-album-9,0.041804445 0.083608870 0.125313014 0.166917096 0.041604025 0.083408449 0.125212765 0.166816847 0.041904578 0.083408488 0.125212804 0.166716714 0.000000199 0.041904687 0.124912436 0.166616581 0.083007732 0.083007840 0.124711985 0.166516448 0.000100153 0.041604063 0.083508737 0.166416315
10,dan-approximation,41,2,67,0.666984,insufficient,false,0.275521,0.440237,0.000000,false,true,synthetic-album-0|synthetic-album-1|synthetic-album-11|synthetic-album-2|synthetic-album-3|synthetic-album-4|synthetic-album-6|synthetic-album-7|synthetic-album-8|synthetic-album-9,0.000000087 0.071621761 0.095495665 0.166916997 0.035660615 0.071421458 0.131256363 0.166816865 0.035860995 0.083508660 0.131156231 0.166716733 0.000000076 0.047747818 0.142742696 0.166616601 0.094994860 0.106781628 0.130655532 0.166516469 0.035961019 0.071521521 0.071521628 0.166416336
10,dan-approximation,42,2,69,0.687035,insufficient,false,0.260711,0.440137,0.000000,false,true,synthetic-album-0|synthetic-album-1|synthetic-album-11|synthetic-album-2|synthetic-album-3|synthetic-album-4|synthetic-album-6|synthetic-album-7|synthetic-album-8|synthetic-album-9,0.000000087 0.083408411 0.125012390 0.166917084 0.041503747 0.083208003 0.166616220 0.166816846 0.041804407 0.083508649 0.125212798 0.166716714 0.000000076 0.041804394 0.125012604 0.166616583 0.083208193 0.083208300 0.124812279 0.166516452 0.041804256 0.083308172 0.083308280 0.166416320
10,dan-approximation,43,2,69,0.687035,insufficient,false,0.260711,0.440137,-0.000000,false,true,synthetic-album-0|synthetic-album-1|synthetic-album-11|synthetic-album-2|synthetic-album-3|synthetic-album-4|synthetic-album-6|synthetic-album-7|synthetic-album-8|synthetic-album-9,0.000000075 0.069704652 0.097446206 0.166950446 0.013920889 0.069504258 0.111467188 0.166850220 0.055683520 0.083525335 0.111367057 0.166750089 0.000000075 0.027941966 0.138908405 0.166649958 0.110966421 0.138708068 0.166449621 0.166449728 0.000100151 0.055483183 0.055483289 0.166349559
10,dan-approximation,44,2,69,0.692211,insufficient,false,0.255985,0.439988,-0.000000,false,true,synthetic-album-0|synthetic-album-1|synthetic-album-11|synthetic-album-2|synthetic-album-3|synthetic-album-4|synthetic-album-6|synthetic-album-7|synthetic-album-8|synthetic-album-9,0.032367963 0.097103812 0.129371481 0.193906994 0.032167588 0.064535531 0.129271273 0.161438881 0.032468093 0.080869731 0.129271276 0.161338751 0.000000075 0.048501788 0.128970952 0.161238622 0.128870610 0.128870716 0.161138386 0.161138492 0.000100150 0.032167626 0.080569263 0.160938260
10,dan-approximation,45,2,70,0.697117,insufficient,false,0.255877,0.439808,0.000000,false,true,synthetic-album-0|synthetic-album-1|synthetic-album-11|synthetic-album-2|synthetic-album-3|synthetic-album-4|synthetic-album-6|synthetic-album-7|synthetic-album-8|synthetic-album-9,0.000000075 0.066907094 0.100210382 0.166917068 0.000050102 0.066706704 0.100360576 0.166816845 0.066756751 0.100110066 0.133513520 0.166716715 0.000100149 0.033603770 0.133313299 0.166616586 0.099709512 0.132962660 0.166265947 0.166516457 0.000100149 0.033303345 0.066806965 0.166416328
10,dan-approximation,46,2,70,0.698439,insufficient,false,0.255877,0.439808,0.000000,false,true,synthetic-album-0|synthetic-album-1|synthetic-album-11|synthetic-album-2|synthetic-album-3|synthetic-album-4|synthetic-album-6|synthetic-album-7|synthetic-album-8|synthetic-album-9,0.000000074 0.111177826 0.166616480 0.166917066 0.000100167 0.110977438 0.166816739 0.166816844 0.110977419 0.111177790 0.166716610 0.166716715 0.000000074 0.055739134 0.111177932 0.166616587 0.110777359 0.110877564 0.166316219 0.166516458 0.055438607 0.055438712 0.111077697 0.166416330
10,dan-approximation,47,2,76,0.757670,high,false,0.188356,0.284645,0.000000,false,true,synthetic-album-0|synthetic-album-1|synthetic-album-11|synthetic-album-2|synthetic-album-3|synthetic-album-4|synthetic-album-6|synthetic-album-7|synthetic-album-8|synthetic-album-9,0.040040123 0.100300537 0.140240371 0.200300455 0.020019998 0.060060101 0.120320411 0.160160184 0.040140251 0.080280414 0.120320413 0.160060057 0.000100147 0.040240311 0.120020095 0.159959929 0.119919759 0.119919863 0.159859697 0.159859801 0.000100147 0.039839791 0.079979955 0.159659574
10,dan-approximation,48,2,76,0.761608,high,false,0.188356,0.284645,0.000000,false,true,synthetic-album-0|synthetic-album-1|synthetic-album-11|synthetic-album-2|synthetic-album-3|synthetic-album-4|synthetic-album-6|synthetic-album-7|synthetic-album-8|synthetic-album-9,0.043920778 0.123819326 0.123819430 0.203517649 0.026532656 0.079698237 0.106531471 0.159496724 0.053265728 0.106431206 0.106531473 0.159396597 0.035376894 0.070854075 0.159296366 0.159296470 0.070754012 0.123819326 0.123819430 0.159196343 0.000100147 0.052965271 0.123719199 0.159096216
10,dan-approximation,49,2,76,0.761609,high,false,0.187976,0.284645,0.000000,false,true,synthetic-album-0|synthetic-album-1|synthetic-album-11|synthetic-album-2|synthetic-album-3|synthetic-album-4|synthetic-album-6|synthetic-album-7|synthetic-album-8|synthetic-album-9,0.047232857 0.142699782 0.158577532 0.206311079 0.047533135 0.095266616 0.158977973 0.158978076 0.047833627 0.079689357 0.111444924 0.158877950 0.000100146 0.031955876 0.142900073 0.158777824 0.095066464 0.126822031 0.142699782 0.158577598 0.000100146 0.047533172 0.079388902 0.158477472
10,dan-approximation,50,2,76,0.761619,high,false,0.187972,0.284645,0.000000,false,true,synthetic-album-0|synthetic-album-1|synthetic-album-11|synthetic-album-2|synthetic-album-3|synthetic-album-4|synthetic-album-6|synthetic-album-7|synthetic-album-8|synthetic-album-9,0.032367996 0.097103810 0.129371521 0.193907010 0.032167530 0.064535506 0.161438766 0.161438869 0.032468122 0.064585499 0.129271220 0.161338743 0.000150278 0.064936160 0.128970906 0.161238618 0.096452669 0.096452772 0.128720483 0.161138492 0.000100145 0.032167669 0.097003684 0.160938268
10,dan-approximation,51,2,78,0.783668,high,false,0.185480,0.284567,0.000000,false,true,synthetic-album-0|synthetic-album-1|synthetic-album-11|synthetic-album-2|synthetic-album-3|synthetic-album-4|synthetic-album-6|synthetic-album-7|synthetic-album-8|synthetic-album-9,0.055243975 0.111088885 0.166533051 0.222177637 0.000000123 0.055644604 0.166733431 0.166833518 0.055744625 0.055944939 0.166733291 0.166733393 0.000000072 0.110988658 0.111189101 0.166633268 0.055544566 0.055644719 0.111088885 0.166533143 0.000100144 0.000100247 0.110988760 0.111089042
10,dan-approximation,52,2,78,0.783740,high,false,0.185165,0.284567,0.000000,false,true,synthetic-album-0|synthetic-album-1|synthetic-album-11|synthetic-album-2|synthetic-album-3|synthetic-album-4|synthetic-album-6|synthetic-album-7|synthetic-album-8|synthetic-album-9,0.000000072 0.100020034 0.140068028 0.180216340 0.000000072 0.040148328 0.140168280 0.180116124 0.040248400 0.100020037 0.140168191 0.180016000 0.019923955 0.120044078 0.139867881 0.179915875 0.079795687 0.079795788 0.119843783 0.179815751 0.000100144 0.039947952 0.080196267 0.099919910
10,dan-approximation,53,2,78,0.783740,high,false,0.185165,0.284566,0.000000,false,true,synthetic-album-0|synthetic-album-1|synthetic-album-11|synthetic-album-2|synthetic-album-3|synthetic-album-4|synthetic-album-6|synthetic-album-7|synthetic-album-8|synthetic-album-9,0.055263448 0.111127820 0.166541429 0.222205482 0.000050100 0.055664070 0.111478360 0.166841891 0.055714113 0.055914475 0.111428243 0.166741767 0.000000071 0.110927539 0.111228035 0.166641643 0.055614010 0.055714212 0.111127820 0.166541520 0.000100143 0.055413667 0.111027596 0.111027697
10,dan-approximation,54,2,79,0.790396,high,false,0.182136,0.284566,0.000000,false,true,synthetic-album-0|synthetic-album-1|synthetic-album-11|synthetic-album-2|synthetic-album-3|synthetic-album-4|synthetic-album-6|synthetic-album-7|synthetic-album-8|synthetic-album-9,0.049834782 0.116681721 0.150105146 0.216751768 0.016811875 0.066646638 0.166816743 0.166816843 0.049934905 0.116481267 0.150004851 0.166716720 0.000000071 0.066947170 0.133193172 0.166616597 0.083358355 0.099669534 0.133092959 0.166516474 0.000100142 0.016812012 0.050435755 0.116581598
10,dan-approximation,55,2,79,0.790396,high,false,0.182136,0.284566,0.000000,false,true,synthetic-album-0|synthetic-album-1|synthetic-album-11|synthetic-album-2|synthetic-album-3|synthetic-album-4|synthetic-album-6|synthetic-album-7|synthetic-album-8|synthetic-album-9,0.058558470 0.117717857 0.176276059 0.235235128 0.000000071 0.058959086 0.118118462 0.176576516 0.059059157 0.059159416 0.118118375 0.176476394 0.000000071 0.059259615 0.117818069 0.176376271 0.059159555 0.059159655 0.117717857 0.117717957 0.000100142 0.058458160 0.117617634 0.117617734
10,dan-approximation,56,2,79,0.790413,high,false,0.182124,0.284566,0.000000,false,true,synthetic-album-0|synthetic-album-1|synthetic-album-11|synthetic-album-2|synthetic-album-3|synthetic-album-4|synthetic-album-6|synthetic-album-7|synthetic-album-8|synthetic-album-9,0.053542341 0.134907673 0.161929211 0.216072622 0.000000070 0.054143427 0.108487099 0.162430140 0.054243587 0.081365405 0.108487101 0.162330018 0.000000070 0.081465560 0.135208358 0.162229896 0.053742781 0.080764441 0.107785980 0.162129774 0.000100141 0.053943058 0.081164911 0.134807551
10,dan-approximation,57,2,79,0.790831,high,false,0.182124,0.284566,0.000000,false,true,synthetic-album-0|synthetic-album-1|synthetic-album-11|synthetic-album-2|synthetic-album-3|synthetic-album-4|synthetic-album-6|synthetic-album-7|synthetic-album-8|synthetic-album-9,0.055263456 0.111127820 0.166541433 0.222205483 0.000050098 0.055664066 0.166841788 0.166841887 0.055714109 0.055914464 0.111428234 0.166741765 0.000000070 0.110927544 0.111228030 0.166641644 0.055614008 0.055714206 0.111127820 0.166541522 0.000100140 0.055413671 0.111027599 0.111027698
10,dan-approximation,58,2,80,0.795979,high,false,0.179171,0.284480,0.000000,false,true,synthetic-album-0|synthetic-album-1|synthetic-album-11|synthetic-album-2|synthetic-album-3|synthetic-album-4|synthetic-album-6|synthetic-album-7|synthetic-album-8|synthetic-album-9,0.022159852 0.089040212 0.133460073 0.200140120 0.022159949 0.066680064 0.177880030 0.177880128 0.044620255 0.089040311 0.133560328 0.177780008 0.022109938 0.133159771 0.133260026 0.177679887 0.066629990 0.066630088 0.111049949 0.177579766 0.000100140 0.044319820 0.088939992 0.088940091
10,dan-approximation,59,2,80,0.797274,high,true,0.179163,0.284480,0.000000,false,true,synthetic-album-0|synthetic-album-1|synthetic-album-11|synthetic-album-2|synthetic-album-3|synthetic-album-4|synthetic-album-6|synthetic-album-7|synthetic-album-8|synthetic-album-9,0.034227177 0.103432755 0.137910202 0.206915470 0.034327428 0.069005284 0.172588056 0.172588154 0.034777995 0.069355792 0.138110611 0.172488034 0.034377572 0.137810213 0.137910467 0.172387914 0.068855054 0.068955308 0.103432755 0.172287793 0.000100139 0.034477562 0.103332537 0.103332635
10,dan-approximation,60,2,80,0.797558,high,true,0.177874,0.284480,0.000000,false,true,synthetic-album-0|synthetic-album-1|synthetic-album-11|synthetic-album-2|synthetic-album-3|synthetic-album-4|synthetic-album-6|synthetic-album-7|synthetic-album-8|synthetic-album-9,0.041834669 0.112560441 0.140650462 0.211175925 0.028090003 0.070525479 0.155095973 0.169241118 0.042535614 0.056881068 0.127005954 0.169140998 0.028290278 0.140850604 0.140950857 0.169040879 0.070225120 0.084470419 0.112560441 0.168940759 0.000100138 0.042235183 0.112460223 0.112460321
10,dan-approximation,61,2,80,0.803143,high,true,0.177869,0.284480,0.000000,false,true,synthetic-album-0|synthetic-album-1|synthetic-album-11|synthetic-album-2|synthetic-album-3|synthetic-album-4|synthetic-album-6|synthetic-album-7|synthetic-album-8|synthetic-album-9,0.000000069 0.102715584 0.153822982 0.179677215 0.025653844 0.102515224 0.179576911 0.179577009 0.076961517 0.102415196 0.153923051 0.179476889 0.000000069 0.102815739 0.128269373 0.179376770 0.076961517 0.077061769 0.128169166 0.179276651 0.000100138 0.025653976 0.077261985 0.102615465
10,dan-approximation,62,2,83,0.826478,high,true,0.159025,0.248802,0.000000,false,true,synthetic-album-0|synthetic-album-1|synthetic-album-11|synthetic-album-2|synthetic-album-3|synthetic-album-4|synthetic-album-6|synthetic-album-7|synthetic-album-8|synthetic-album-9,0.041345443 0.124837306 0.166583146 0.208329169 0.020872960 0.083291573 0.146411123 0.166883589 0.062518750 0.083191523 0.125337840 0.166783470 0.000000069 0.083592085 0.124937512 0.166683351 0.062518750 0.083091370 0.124837209 0.166583233 0.000100137 0.041545768 0.124737090 0.124737187
10,dan-approximation,63,2,83,0.827049,high,true,0.159019,0.248752,0.000000,false,true,synthetic-album-0|synthetic-album-1|synthetic-album-11|synthetic-album-2|synthetic-album-3|synthetic-album-4|synthetic-album-6|synthetic-album-7|synthetic-album-8|synthetic-album-9,0.000100071 0.091091092 0.136386241 0.182082113 0.045295131 0.090790701 0.181881809 0.181881906 0.045595707 0.090991199 0.136586662 0.181781787 0.000000068 0.091091242 0.136386520 0.181681669 0.090890917 0.090991166 0.136286315 0.181581551 0.000100137 0.045295262 0.090990877 0.090990974
10,dan-approximation,64,2,83,0.827049,high,true,0.159019,0.248752,0.000000,false,true,synthetic-album-0|synthetic-album-1|synthetic-album-11|synthetic-album-2|synthetic-album-3|synthetic-album-4|synthetic-album-6|synthetic-album-7|synthetic-album-8|synthetic-album-9,0.035182018 0.123837951 0.168015704 0.203598298 0.035382209 0.088455645 0.168316048 0.168316144 0.070764680 0.106247025 0.150524930 0.168216026 0.000000068 0.106146908 0.123938155 0.168115908 0.053173572 0.061969103 0.106146856 0.168015791 0.035182052 0.052873148 0.106046738 0.123737834
10,dan-approximation,65,2,83,0.827049,high,true,0.159019,0.248752,0.000000,false,true,synthetic-album-0|synthetic-album-1|synthetic-album-11|synthetic-album-2|synthetic-album-3|synthetic-album-4|synthetic-album-6|synthetic-album-7|synthetic-album-8|synthetic-album-9,0.064415980 0.145161273 0.161090014 0.225906567 0.031857430 0.080344684 0.129032241 0.161390452 0.064516097 0.097074610 0.113103503 0.161290335 0.000000068 0.080845513 0.145261476 0.161190217 0.048587390 0.081045752 0.096974493 0.145161273 0.000100135 0.048286968 0.096573902 0.145061156
10,dan-approximation,66,2,83,0.828080,high,true,0.159019,0.248752,0.000000,false,true,synthetic-album-0|synthetic-album-1|synthetic-album-11|synthetic-album-2|synthetic-album-3|synthetic-album-4|synthetic-album-6|synthetic-album-7|synthetic-album-8|synthetic-album-9,0.027305876 0.108322048 0.135427509 0.216243285 0.053509980 0.080815838 0.188837179 0.188837274 0.027405992 0.081316412 0.135327183 0.162332620 0.000000067 0.108021455 0.135127043 0.162232503 0.054110904 0.054211150 0.081316611 0.162132387 0.000100135 0.027105572 0.081216494 0.108221931
10,dan-approximation,67,2,83,0.828425,high,true,0.158821,0.248752,0.000000,false,true,synthetic-album-0|synthetic-album-1|synthetic-album-11|synthetic-album-2|synthetic-album-3|synthetic-album-4|synthetic-album-6|synthetic-album-7|synthetic-album-8|synthetic-album-9,0.046812598 0.129310430 0.164595096 0.211808263 0.023356199 0.082297548 0.164895435 0.164895530 0.059041483 0.082197499 0.118082982 0.164795414 0.000000067 0.082598050 0.129410632 0.164695298 0.059041483 0.082097349 0.117382015 0.164595181 0.011527966 0.058240398 0.094226031 0.129210314
10,dan-approximation,68,2,83,0.828425,high,true,0.158821,0.248752,0.000000,false,true,synthetic-album-0|synthetic-album-1|synthetic-album-11|synthetic-album-2|synthetic-album-3|synthetic-album-4|synthetic-album-6|synthetic-album-7|synthetic-album-8|synthetic-album-9,0.033209987 0.133139796 0.166449694 0.200160300 0.033309880 0.099729525 0.166850084 0.166850179 0.066519779 0.067120541 0.133540188 0.166750063 0.000000067 0.100030025 0.133340049 0.166649947 0.066519779 0.066620023 0.099929921 0.166549831 0.000100134 0.033310008 0.099829805 0.133039680
10,dan-approximation,69,2,83,0.830374,high,true,0.156058,0.248652,0.000000,false,true,synthetic-album-0|synthetic-album-1|synthetic-album-11|synthetic-album-2|synthetic-album-3|synthetic-album-4|synthetic-album-6|synthetic-album-7|synthetic-album-8|synthetic-album-9,0.054173968 0.127307307 0.163523480 0.218098012 0.018458609 0.072933057 0.145765932 0.163823910 0.054674732 0.072933008 0.127407458 0.163723795 0.000000067 0.090890920 0.127407507 0.163623679 0.054574581 0.072732708 0.108948880 0.163523412 0.017957830 0.054274166 0.108848765 0.127207192
10,dan-approximation,70,2,83,0.830374,high,true,0.156058,0.248653,0.000000,false,true,synthetic-album-0|synthetic-album-1|synthetic-album-11|synthetic-album-2|synthetic-album-3|synthetic-album-4|synthetic-album-6|synthetic-album-7|synthetic-album-8|synthetic-album-9,0.041529029 0.124987509 0.166516398 0.208445989 0.020714416 0.083258199 0.166816733 0.166816827 0.062643915 0.083658667 0.125287846 0.166716712 0.000000066 0.083558694 0.125087708 0.166616597 0.083358284 0.083458527 0.124987415 0.166516482 0.000100133 0.041528998 0.124887300 0.124887394
10,dan-approximation,71,2,83,0.832822,high,true,0.155886,0.248652,0.000000,false,true,synthetic-album-0|synthetic-album-1|synthetic-album-11|synthetic-album-2|synthetic-album-3|synthetic-album-4|synthetic-album-6|synthetic-album-7|synthetic-album-8|synthetic-album-9,0.033299912 0.133299926 0.166499739 0.200200210 0.033133063 0.099799734 0.166733434 0.166800166 0.066766804 0.067033832 0.133533623 0.166700052 0.000000066 0.100133547 0.133400124 0.166599937 0.066766804 0.066933684 0.100133497 0.166499823 0.000100132 0.033266561 0.100033382 0.133199812
10,dan-approximation,72,2,84,0.843221,high,true,0.151650,0.248552,0.000000,false,true,synthetic-album-0|synthetic-album-1|synthetic-album-11|synthetic-album-2|synthetic-album-3|synthetic-album-4|synthetic-album-6|synthetic-album-7|synthetic-album-8|synthetic-album-9,0.042817537 0.128586178 0.157142325 0.214354819 0.000033433 0.057212509 0.143014515 0.171437150 0.057279208 0.085902137 0.128619662 0.171337036 0.000000066 0.085868854 0.128686375 0.157242523 0.071507249 0.100030031 0.128586178 0.157142409 0.014261423 0.056978798 0.099796469 0.128486064
10,dan-approximation,73,2,85,0.851596,veryHigh,true,0.145297,0.248352,0.000000,false,true,synthetic-album-0|synthetic-album-1|synthetic-album-11|synthetic-album-2|synthetic-album-3|synthetic-album-4|synthetic-album-6|synthetic-album-7|synthetic-album-8|synthetic-album-9,0.046890337 0.129374032 0.164566835 0.211857727 0.011797799 0.070485820 0.141572334 0.164867259 0.058788152 0.082283369 0.117976970 0.164767145 0.000000066 0.082583907 0.129474229 0.164667032 0.070786158 0.094181229 0.129374032 0.164566918 0.011697568 0.058487743 0.129273826 0.129273919
10,dan-approximation,74,2,85,0.851596,veryHigh,true,0.145297,0.248352,0.000000,false,true,synthetic-album-0|synthetic-album-1|synthetic-album-11|synthetic-album-2|synthetic-album-3|synthetic-album-4|synthetic-album-6|synthetic-album-7|synthetic-album-8|synthetic-album-9,0.030921869 0.123086213 0.169018094 0.200340515 0.030521204 0.091964068 0.168917915 0.169318516 0.061542995 0.077053978 0.138396696 0.169218403 0.000000065 0.092264556 0.123186409 0.169118290 0.061743402 0.077154240 0.123086120 0.169018177 0.000100131 0.030921838 0.122986007 0.122986100
10,dan-approximation,75,2,85,0.852571,veryHigh,true,0.144784,0.248352,0.000000,false,true,synthetic-album-0|synthetic-album-1|synthetic-album-11|synthetic-album-2|synthetic-album-3|synthetic-album-4|synthetic-album-6|synthetic-album-7|synthetic-album-8|synthetic-album-9,0.022380234 0.127759929 0.150040066 0.222199949 0.022179863 0.072260014 0.150140178 0.166800180 0.050180281 0.077980295 0.127960300 0.166700067 0.000000065 0.105479905 0.144319818 0.166599955 0.050180281 0.077880149 0.100160286 0.150040033 0.000100130 0.038839898 0.088920048 0.127659816
10,dan-approximation,76,2,85,0.853121,veryHigh,true,0.144621,0.248352,0.000000,false,true,synthetic-album-0|synthetic-album-1|synthetic-album-11|synthetic-album-2|synthetic-album-3|synthetic-album-4|synthetic-album-6|synthetic-album-7|synthetic-album-8|synthetic-album-9,0.034429241 0.103688270 0.138067422 0.207025999 0.000150170 0.069058707 0.138167534 0.172496629 0.069008666 0.103538051 0.138017348 0.172396517 0.000000065 0.103437939 0.137917253 0.172296405 0.069008666 0.103437907 0.137817058 0.172196292 0.034329094 0.068708262 0.103287704 0.103588158
10,dan-approximation,77,2,88,0.879765,veryHigh,true,0.111803,0.198003,0.000000,false,true,synthetic-album-0|synthetic-album-1|synthetic-album-11|synthetic-album-2|synthetic-album-3|synthetic-album-4|synthetic-album-6|synthetic-album-7|synthetic-album-8|synthetic-album-9,0.029976022 0.111233532 0.133540301 0.207529054 0.014737641 0.074088883 0.133640413 0.170484549 0.059451370 0.096495843 0.118902756 0.170384437 0.000000065 0.096395731 0.147977557 0.170284325 0.066720079 0.103664408 0.125971176 0.170184214 0.007669286 0.059150968 0.081658025 0.111133420
10,dan-approximation,78,3,88,0.879799,veryHigh,true,0.111803,0.198003,0.000000,false,true,synthetic-album-0|synthetic-album-1|synthetic-album-11|synthetic-album-2|synthetic-album-3|synthetic-album-4|synthetic-album-6|synthetic-album-7|synthetic-album-8|synthetic-album-9,0.031195823 0.124282680 0.136761026 0.204991354 0.000000064 0.068330457 0.136861137 0.167856686 0.068430521 0.124282568 0.136861058 0.167756575 0.000000064 0.093187066 0.155178118 0.167656463 0.068430521 0.105665332 0.118143677 0.167556352 0.018717510 0.049613027 0.062291660 0.124182569
10,dan-approximation,79,3,88,0.879813,veryHigh,true,0.111679,0.198003,-0.000000,false,true,synthetic-album-0|synthetic-album-1|synthetic-album-11|synthetic-album-2|synthetic-album-3|synthetic-album-4|synthetic-album-6|synthetic-album-7|synthetic-album-8|synthetic-album-9,0.029177570 0.114909038 0.143286030 0.200640506 0.028276864 0.057454604 0.171362718 0.171362809 0.029277868 0.114308706 0.143085839 0.171262698 0.000099884 0.085931496 0.142785594 0.171162586 0.113507985 0.114208589 0.142585581 0.170762474 0.000800609 0.028977468 0.114808836 0.114808927
10,dan-approximation,80,3,88,0.879813,veryHigh,true,0.111679,0.198003,0.000000,false,true,synthetic-album-0|synthetic-album-1|synthetic-album-11|synthetic-album-2|synthetic-album-3|synthetic-album-4|synthetic-album-6|synthetic-album-7|synthetic-album-8|synthetic-album-9,0.046690530 0.130873801 0.158768001 0.215057072 0.000000064 0.065386884 0.168266324 0.168266414 0.065486948 0.102979568 0.130973911 0.168166304 0.000000064 0.084283478 0.140171992 0.168066193 0.074785123 0.112177600 0.140071800 0.149670328 0.027994157 0.065186550 0.093281036 0.130773690
10,dan-approximation,81,3,88,0.882622,veryHigh,true,0.110034,0.198003,-0.000000,false,true,synthetic-album-0|synthetic-album-1|synthetic-album-11|synthetic-album-2|synthetic-album-3|synthetic-album-4|synthetic-album-6|synthetic-album-7|synthetic-album-8|synthetic-album-9,0.022690190 0.109446498 0.130935337 0.196703360 0.021388711 0.086556039 0.152223998 0.173913042 0.065267455 0.108945944 0.130835272 0.173812932 0.021588964 0.108945968 0.152223983 0.173712822 0.065467707 0.109046054 0.130534892 0.173612712 0.000100127 0.043077788 0.065067258 0.108245132
10,dan-approximation,82,3,88,0.883041,veryHigh,true,0.109992,0.198003,0.000000,false,true,synthetic-album-0|synthetic-album-1|synthetic-album-11|synthetic-album-2|synthetic-album-3|synthetic-album-4|synthetic-album-6|synthetic-album-7|synthetic-album-8|synthetic-album-9,0.069327275 0.139555815 0.162664942 0.232392753 0.000250285 0.069827939 0.162840147 0.162965352 0.069953085 0.116421612 0.162865152 0.162865242 0.000000063 0.092937143 0.139656006 0.162765132 0.069677780 0.116046165 0.139155292 0.139555815 0.046218180 0.046218270 0.139055182 0.139455705
10,dan-approximation,83,3,88,0.883165,veryHigh,true,0.109992,0.198003,0.000000,false,true,synthetic-album-0|synthetic-album-1|synthetic-album-11|synthetic-album-2|synthetic-album-3|synthetic-album-4|synthetic-album-6|synthetic-album-7|synthetic-album-8|synthetic-album-9,0.046307372 0.129740839 0.148203727 0.222255551 0.018362762 0.074151950 0.166666671 0.175848052 0.055889315 0.111177842 0.148303894 0.175747943 0.000000063 0.092614916 0.129841029 0.148303917 0.064770322 0.101996481 0.120459369 0.148203807 0.027844516 0.055288565 0.092514759 0.129640730
10,dan-approximation,84,3,88,0.883884,veryHigh,true,0.109666,0.198003,0.000000,false,true,synthetic-album-0|synthetic-album-1|synthetic-album-11|synthetic-album-2|synthetic-album-3|synthetic-album-4|synthetic-album-6|synthetic-album-7|synthetic-album-8|synthetic-album-9,0.055483211 0.138908322 0.152929314 0.222333432 0.013920867 0.069504244 0.166650007 0.166750096 0.055683504 0.097245889 0.152729126 0.166649987 0.000000063 0.083525315 0.152528885 0.166549877 0.069504265 0.110966509 0.124987502 0.138908396 0.041462250 0.055383111 0.124887392 0.138808212
10,dan-approximation,85,3,88,0.884263,veryHigh,true,0.109313,0.198003,0.000000,false,true,synthetic-album-0|synthetic-album-1|synthetic-album-11|synthetic-album-2|synthetic-album-3|synthetic-album-4|synthetic-album-6|synthetic-album-7|synthetic-album-8|synthetic-album-9,0.056613761 0.144153378 0.159666310 0.221617982 0.015412806 0.072026550 0.164904006 0.164904095 0.056713870 0.092977581 0.149491185 0.159966701 0.000100157 0.118765748 0.144353661 0.159866592 0.066989103 0.103152674 0.118665605 0.149591361 0.041100861 0.051576377 0.118565497 0.144053269
10,dan-approximation,86,3,88,0.884650,veryHigh,true,0.109312,0.198003,0.000000,false,true,synthetic-album-0|synthetic-album-1|synthetic-album-11|synthetic-album-2|synthetic-album-3|synthetic-album-4|synthetic-album-6|synthetic-album-7|synthetic-album-8|synthetic-album-9,0.049458319 0.128811978 0.148575278 0.227628547 0.019663176 0.079153394 0.168238538 0.178070103 0.059590343 0.118579916 0.148575347 0.177969994 0.000000063 0.098916772 0.128912165 0.148675466 0.059590343 0.099217121 0.118980421 0.148575358 0.020063712 0.049458360 0.118880313 0.119080532
10,dan-approximation,87,3,88,0.884875,veryHigh,true,0.109240,0.198003,0.000000,false,true,synthetic-album-0|synthetic-album-1|synthetic-album-11|synthetic-album-2|synthetic-album-3|synthetic-album-4|synthetic-album-6|synthetic-album-7|synthetic-album-8|synthetic-album-9,0.053632968 0.138395704 0.152572891 0.223158440 0.014077062 0.070685674 0.161099276 0.169425348 0.056708737 0.099140162 0.147022199 0.163974734 0.000000062 0.084862938 0.149697439 0.163874626 0.067810216 0.110141501 0.124318688 0.141271256 0.039455813 0.056408348 0.124218580 0.138295596
10,dan-approximation,88,3,89,0.885162,veryHigh,true,0.109017,0.198003,0.000000,false,true,synthetic-album-0|synthetic-album-1|synthetic-album-11|synthetic-album-2|synthetic-album-3|synthetic-album-4|synthetic-album-6|synthetic-album-7|synthetic-album-8|synthetic-album-9,0.041691680 0.129174187 0.149969964 0.216656693 0.020695654 0.083183124 0.174864801 0.174864888 0.062587595 0.091781801 0.154169132 0.162667670 0.012497474 0.100080119 0.141771785 0.162567563 0.099679591 0.108378409 0.129174187 0.154169107 0.020895934 0.029394472 0.091881942 0.129074079
10,dan-approximation,89,3,89,0.885311,veryHigh,true,0.108960,0.198003,0.000000,false,true,synthetic-album-0|synthetic-album-1|synthetic-album-11|synthetic-album-2|synthetic-album-3|synthetic-album-4|synthetic-album-6|synthetic-album-7|synthetic-album-8|synthetic-album-9,0.039601705 0.116340752 0.140088391 0.208633463 0.010591597 0.076538784 0.163869440 0.168931634 0.066047312 0.108246860 0.132094638 0.168831527 0.005195698 0.097588548 0.144983780 0.168731420 0.084165514 0.115940319 0.139687958 0.168631312 0.018685432 0.055422321 0.116240557 0.116240644
10,dan-approximation,90,3,89,0.885715,veryHigh,true,0.108499,0.198003,0.000000,false,true,synthetic-album-0|synthetic-album-1|synthetic-album-11|synthetic-album-2|synthetic-album-3|synthetic-album-4|synthetic-album-6|synthetic-album-7|synthetic-album-8|synthetic-album-9,0.042138901 0.126750297 0.140985662 0.211344970 0.014001732 0.070459431 0.169055882 0.169105945 0.056557822 0.098696574 0.155054135 0.169005838 0.000000062 0.084711595 0.154670366 0.168905731 0.070642984 0.112514844 0.126750210 0.154987325 0.042055398 0.056007102 0.126650103 0.126650190
