session,n,degree,accuracy,tier,fired,last_change_answer_index,avg_coverage_width,max_coverage_width,total_slack,top10,point_vec
A70,1,2,0.050063,insufficient,false,0,0.916588292,1.000000000,0.000000000,28d4eb6e-90da-46f4-a0f0-3d3343a49ba3|29fd11cd-a3cf-4ead-a1d7-311dd6b8e0cf|2af5876e-26eb-4fdf-910f-dc48657c5959|2cb7d5e6-de25-45f7-9e35-f64c8fd41321|315c9dd2-fbc9-4c8c-bc7c-a4a37614dc84|422f34a7-7ed9-4d62-a5df-8da3ca6e25e3|74f55ca7-59df-45e6-9b98-ddd52bd27669|8107a1c4-56f7-481c-87ad-c3025320316e|9867b457-c406-4955-8576-b692a26555f0|e44ffad1-8763-48b6-819d-5d2c6df576c6,0.000001000 0.499935820 0.499937234 0.499938649 0.000001000 0.500037552 0.500038967 0.500040381 0.000001000 0.000002414 0.000003828 0.000005243 0.000001000 0.000002414 0.000003828 0.000005243 0.000001000 0.000002414 0.000003828 0.000005243 0.000001000 0.000002414 0.000003828 0.000005243
A70,2,2,0.106407,insufficient,false,0,0.777713208,1.000000000,0.000000000,28d4eb6e-90da-46f4-a0f0-3d3343a49ba3|29fd11cd-a3cf-4ead-a1d7-311dd6b8e0cf|2af5876e-26eb-4fdf-910f-dc48657c5959|2cb7d5e6-de25-45f7-9e35-f64c8fd41321|315c9dd2-fbc9-4c8c-bc7c-a4a37614dc84|422f34a7-7ed9-4d62-a5df-8da3ca6e25e3|74f55ca7-59df-45e6-9b98-ddd52bd27669|8107a1c4-56f7-481c-87ad-c3025320316e|9867b457-c406-4955-8576-b692a26555f0|e44ffad1-8763-48b6-819d-5d2c6df576c6,0.000000318 0.333297251 0.333297701 0.333298150 0.000000318 0.333397802 0.333398251 0.333398701 0.000000318 0.000000767 0.000001217 0.333298150 0.000000318 0.000000767 0.000001217 0.000001666 0.000000318 0.000000767 0.000001217 0.000001666 0.000000318 0.000000767 0.000001217 0.000001666
A70,3,2,0.192287,insufficient,false,0,0.652568417,0.999802000,0.000000000,28d4eb6e-90da-46f4-a0f0-3d3343a49ba3|29fd11cd-a3cf-4ead-a1d7-311dd6b8e0cf|2af5876e-26eb-4fdf-910f-dc48657c5959|315c9dd2-fbc9-4c8c-bc7c-a4a37614dc84|422f34a7-7ed9-4d62-a5df-8da3ca6e25e3|74f55ca7-59df-45e6-9b98-ddd52bd27669|8107a1c4-56f7-481c-87ad-c3025320316e|9867b457-c406-4955-8576-b692a26555f0|e44ffad1-8763-48b6-819d-5d2c6df576c6|f53bda1f-a118-4ee7-be66-69a82b211914,0.000000289 0.000000697 0.000001105 0.249999243 0.000000289 0.000000697 0.000001105 0.250099743 0.000000289 0.000000697 0.000001105 0.249999243 0.000000289 0.249897927 0.249898335 0.249898743 0.000000289 0.000000697 0.000001105 0.000001513 0.000000289 0.000000697 0.000001105 0.000001513
A70,4,2,0.342586,insufficient,false,0,0.491485092,0.999703000,0.000000000,28d4eb6e-90da-46f4-a0f0-3d3343a49ba3|29fd11cd-a3cf-4ead-a1d7-311dd6b8e0cf|2af5876e-26eb-4fdf-910f-dc48657c5959|2cb7d5e6-de25-45f7-9e35-f64c8fd41321|315c9dd2-fbc9-4c8c-bc7c-a4a37614dc84|422f34a7-7ed9-4d62-a5df-8da3ca6e25e3|74f55ca7-59df-45e6-9b98-ddd52bd27669|8107a1c4-56f7-481c-87ad-c3025320316e|9867b457-c406-4955-8576-b692a26555f0|e44ffad1-8763-48b6-819d-5d2c6df576c6,0.000000183 0.199999290 0.199999549 0.199999808 0.000000183 0.200099607 0.200099866 0.200100125 0.000000183 0.000000442 0.000000701 0.199999808 0.000000183 0.000000442 0.000000701 0.199899491 0.000000183 0.199999290 0.199999549 0.199999808 0.000000183 0.000000442 0.000000701 0.000000959
A70,5,2,0.433812,insufficient,false,0,0.351276642,0.999701500,0.000000000,28d4eb6e-90da-46f4-a0f0-3d3343a49ba3|29fd11cd-a3cf-4ead-a1d7-311dd6b8e0cf|2af5876e-26eb-4fdf-910f-dc48657c5959|2cb7d5e6-de25-45f7-9e35-f64c8fd41321|315c9dd2-fbc9-4c8c-bc7c-a4a37614dc84|422f34a7-7ed9-4d62-a5df-8da3ca6e25e3|74f55ca7-59df-45e6-9b98-ddd52bd27669|8107a1c4-56f7-481c-87ad-c3025320316e|9867b457-c406-4955-8576-b692a26555f0|e44ffad1-8763-48b6-819d-5d2c6df576c6,0.000000175 0.166682888 0.166683136 0.166683384 0.000000175 0.000000424 0.166783440 0.166783688 0.000000175 0.000000424 0.000000672 0.166683384 0.000000175 0.000000424 0.000000672 0.166583080 0.000000175 0.000000424 0.000000672 0.166683384 0.000000175 0.000000424 0.000000672 0.166583080
A70,6,2,0.433812,insufficient,false,0,0.351276583,0.999701500,0.000000000,28d4eb6e-90da-46f4-a0f0-3d3343a49ba3|29fd11cd-a3cf-4ead-a1d7-311dd6b8e0cf|2af5876e-26eb-4fdf-910f-dc48657c5959|315c9dd2-fbc9-4c8c-bc7c-a4a37614dc84|422f34a7-7ed9-4d62-a5df-8da3ca6e25e3|74f55ca7-59df-45e6-9b98-ddd52bd27669|8107a1c4-56f7-481c-87ad-c3025320316e|9867b457-c406-4955-8576-b692a26555f0|e44ffad1-8763-48b6-819d-5d2c6df576c6|f53bda1f-a118-4ee7-be66-69a82b211914,0.000000169 0.000000408 0.000000647 0.166683382 0.000000169 0.000000408 0.000000647 0.166783675 0.000000169 0.000000408 0.000000647 0.166683382 0.166582372 0.166582611 0.166582850 0.166583089 0.000000169 0.000000408 0.000000647 0.166683382 0.166582372 0.166582611 0.166582850 0.166583089
A70,7,2,0.433812,insufficient,false,0,0.351276583,0.999701500,0.000000000,28d4eb6e-90da-46f4-a0f0-3d3343a49ba3|29fd11cd-a3cf-4ead-a1d7-311dd6b8e0cf|2af5876e-26eb-4fdf-910f-dc48657c5959|315c9dd2-fbc9-4c8c-bc7c-a4a37614dc84|422f34a7-7ed9-4d62-a5df-8da3ca6e25e3|74f55ca7-59df-45e6-9b98-ddd52bd27669|8107a1c4-56f7-481c-87ad-c3025320316e|9867b457-c406-4955-8576-b692a26555f0|e44ffad1-8763-48b6-819d-5d2c6df576c6|f53bda1f-a118-4ee7-be66-69a82b211914,0.000000164 0.000000395 0.000000627 0.166683381 0.000000164 0.000000395 0.000000627 0.166783664 0.000000164 0.000000395 0.000000627 0.166683381 0.166582403 0.166582634 0.166582866 0.166583097 0.000000164 0.000000395 0.000000627 0.166683381 0.166582403 0.166582634 0.166582866 0.166583097
A70,8,2,0.675576,insufficient,false,0,0.205530576,0.250075750,0.000100000,28d4eb6e-90da-46f4-a0f0-3d3343a49ba3|29fd11cd-a3cf-4ead-a1d7-311dd6b8e0cf|2af5876e-26eb-4fdf-910f-dc48657c5959|315c9dd2-fbc9-4c8c-bc7c-a4a37614dc84|422f34a7-7ed9-4d62-a5df-8da3ca6e25e3|74f55ca7-59df-45e6-9b98-ddd52bd27669|8107a1c4-56f7-481c-87ad-c3025320316e|9867b457-c406-4955-8576-b692a26555f0|e44ffad1-8763-48b6-819d-5d2c6df576c6|f53bda1f-a118-4ee7-be66-69a82b211914,0.000000102 0.000000247 0.000000392 0.166683363 0.000000102 0.000000247 0.000000392 0.166783540 0.000000102 0.000000247 0.000000392 0.166683363 0.000000102 0.000000247 0.000000392 0.166583185 0.000000102 0.000000247 0.000000392 0.166683363 0.000000102 0.000000247 0.000000392 0.166583185
A70,9,2,0.722787,insufficient,false,0,0.159788908,0.200140800,0.000400000,28d4eb6e-90da-46f4-a0f0-3d3343a49ba3|29fd11cd-a3cf-4ead-a1d7-311dd6b8e0cf|2af5876e-26eb-4fdf-910f-dc48657c5959|315c9dd2-fbc9-4c8c-bc7c-a4a37614dc84|422f34a7-7ed9-4d62-a5df-8da3ca6e25e3|74f55ca7-59df-45e6-9b98-ddd52bd27669|8107a1c4-56f7-481c-87ad-c3025320316e|9867b457-c406-4955-8576-b692a26555f0|e44ffad1-8763-48b6-819d-5d2c6df576c6|f53bda1f-a118-4ee7-be66-69a82b211914,0.000000066 0.000000160 0.000000253 0.166616609 0.000000066 0.000000160 0.000000253 0.166716724 0.000000066 0.000000160 0.000000253 0.166616609 0.000000066 0.000000160 0.000000253 0.166516495 0.000000066 0.000000160 0.000000253 0.166716724 0.000000066 0.000000160 0.000000253 0.166816838
A70,10,2,0.722791,insufficient,false,0,0.159785401,0.200140800,0.000400000,28d4eb6e-90da-46f4-a0f0-3d3343a49ba3|29fd11cd-a3cf-4ead-a1d7-311dd6b8e0cf|2af5876e-26eb-4fdf-910f-dc48657c5959|315c9dd2-fbc9-4c8c-bc7c-a4a37614dc84|422f34a7-7ed9-4d62-a5df-8da3ca6e25e3|74f55ca7-59df-45e6-9b98-ddd52bd27669|8107a1c4-56f7-481c-87ad-c3025320316e|9867b457-c406-4955-8576-b692a26555f0|e44ffad1-8763-48b6-819d-5d2c6df576c6|f53bda1f-a118-4ee7-be66-69a82b211914,0.000000065 0.000000158 0.000000250 0.166666667 0.000000065 0.000000158 0.000000250 0.166766780 0.000000065 0.000000158 0.000000250 0.166666667 0.000000065 0.000000158 0.000000250 0.166566553 0.000000065 0.000000158 0.000000250 0.166766780 0.000000065 0.000000158 0.000000250 0.166566553
A70,11,2,0.722821,insufficient,false,0,0.159762387,0.200120800,0.000400000,28d4eb6e-90da-46f4-a0f0-3d3343a49ba3|29fd11cd-a3cf-4ead-a1d7-311dd6b8e0cf|2af5876e-26eb-4fdf-910f-dc48657c5959|315c9dd2-fbc9-4c8c-bc7c-a4a37614dc84|422f34a7-7ed9-4d62-a5df-8da3ca6e25e3|74f55ca7-59df-45e6-9b98-ddd52bd27669|8107a1c4-56f7-481c-87ad-c3025320316e|9867b457-c406-4955-8576-b692a26555f0|e44ffad1-8763-48b6-819d-5d2c6df576c6|f53bda1f-a118-4ee7-be66-69a82b211914,0.000000065 0.000000156 0.000000248 0.166733408 0.000000065 0.000000156 0.000000248 0.166733408 0.000000065 0.000000156 0.000000248 0.166633296 0.000000065 0.000000156 0.000000248 0.166533184 0.000000065 0.000000156 0.000000248 0.166733408 0.000000065 0.000000156 0.000000248 0.166633296
A70,12,2,0.722866,insufficient,false,0,0.159714650,0.200060600,0.000400000,28d4eb6e-90da-46f4-a0f0-3d3343a49ba3|29fd11cd-a3cf-4ead-a1d7-311dd6b8e0cf|2af5876e-26eb-4fdf-910f-dc48657c5959|2cb7d5e6-de25-45f7-9e35-f64c8fd41321|315c9dd2-fbc9-4c8c-bc7c-a4a37614dc84|422f34a7-7ed9-4d62-a5df-8da3ca6e25e3|74f55ca7-59df-45e6-9b98-ddd52bd27669|8107a1c4-56f7-481c-87ad-c3025320316e|e44ffad1-8763-48b6-819d-5d2c6df576c6|f53bda1f-a118-4ee7-be66-69a82b211914,0.000000058 0.000000139 0.000000221 0.166733400 0.000000058 0.000000139 0.000000221 0.166733400 0.000000058 0.000000139 0.000000221 0.166633300 0.000000058 0.000000139 0.000000221 0.166533200 0.000000058 0.000000139 0.000000221 0.166733400 0.000000058 0.000000139 0.000000221 0.166633300
A70,13,2,0.722866,insufficient,false,0,0.159714650,0.200060600,0.000400000,28d4eb6e-90da-46f4-a0f0-3d3343a49ba3|29fd11cd-a3cf-4ead-a1d7-311dd6b8e0cf|2af5876e-26eb-4fdf-910f-dc48657c5959|315c9dd2-fbc9-4c8c-bc7c-a4a37614dc84|422f34a7-7ed9-4d62-a5df-8da3ca6e25e3|53197803-17b8-41a3-8ba5-de1932edfb99|74f55ca7-59df-45e6-9b98-ddd52bd27669|8107a1c4-56f7-481c-87ad-c3025320316e|9867b457-c406-4955-8576-b692a26555f0|e44ffad1-8763-48b6-819d-5d2c6df576c6,0.000000057 0.000000138 0.000000219 0.166733399 0.000000057 0.000000138 0.000000219 0.166733399 0.000000057 0.000000138 0.000000219 0.166633300 0.000000057 0.000000138 0.166533120 0.166533201 0.000000057 0.000000138 0.000000219 0.166733399 0.000000057 0.000000138 0.000000219 0.166633300
A70,14,2,0.722866,insufficient,false,0,0.159714587,0.200060600,0.000400000,28d4eb6e-90da-46f4-a0f0-3d3343a49ba3|29fd11cd-a3cf-4ead-a1d7-311dd6b8e0cf|2af5876e-26eb-4fdf-910f-dc48657c5959|315c9dd2-fbc9-4c8c-bc7c-a4a37614dc84|422f34a7-7ed9-4d62-a5df-8da3ca6e25e3|74f55ca7-59df-45e6-9b98-ddd52bd27669|8107a1c4-56f7-481c-87ad-c3025320316e|9867b457-c406-4955-8576-b692a26555f0|e44ffad1-8763-48b6-819d-5d2c6df576c6|f53bda1f-a118-4ee7-be66-69a82b211914,0.000000057 0.000000137 0.000000218 0.166733399 0.000000057 0.000000137 0.000000218 0.166733399 0.000000057 0.000000137 0.000000218 0.166633301 0.166532961 0.166533041 0.166533122 0.166533202 0.000000057 0.000000137 0.000000218 0.166733399 0.000000057 0.000000137 0.000000218 0.166633301
A70,15,2,0.722814,insufficient,false,0,0.159765638,0.200120400,0.000600000,28d4eb6e-90da-46f4-a0f0-3d3343a49ba3|29fd11cd-a3cf-4ead-a1d7-311dd6b8e0cf|2af5876e-26eb-4fdf-910f-dc48657c5959|2cb7d5e6-de25-45f7-9e35-f64c8fd41321|422f34a7-7ed9-4d62-a5df-8da3ca6e25e3|74f55ca7-59df-45e6-9b98-ddd52bd27669|8107a1c4-56f7-481c-87ad-c3025320316e|9867b457-c406-4955-8576-b692a26555f0|e44ffad1-8763-48b6-819d-5d2c6df576c6|f53bda1f-a118-4ee7-be66-69a82b211914,0.000000047 0.000000114 0.166616559 0.166616626 0.000000047 0.000000114 0.000000181 0.166716708 0.000000047 0.166616492 0.166616559 0.166616626 0.000000047 0.000000114 0.166516477 0.166516544 0.000000047 0.166716574 0.166716641 0.166716708 0.000000047 0.166816656 0.166816723 0.166816789
A70,16,2,0.723798,insufficient,false,0,0.159753229,0.200120400,0.000600000,28d4eb6e-90da-46f4-a0f0-3d3343a49ba3|29fd11cd-a3cf-4ead-a1d7-311dd6b8e0cf|2af5876e-26eb-4fdf-910f-dc48657c5959|2cb7d5e6-de25-45f7-9e35-f64c8fd41321|315c9dd2-fbc9-4c8c-bc7c-a4a37614dc84|422f34a7-7ed9-4d62-a5df-8da3ca6e25e3|74f55ca7-59df-45e6-9b98-ddd52bd27669|8107a1c4-56f7-481c-87ad-c3025320316e|e44ffad1-8763-48b6-819d-5d2c6df576c6|f53bda1f-a118-4ee7-be66-69a82b211914,0.000000047 0.000000113 0.166699961 0.166700027 0.000000047 0.000000113 0.000100284 0.166700027 0.000000047 0.166599813 0.166599880 0.166599946 0.000000047 0.000000113 0.000000180 0.166499865 0.000000047 0.166699894 0.166699961 0.166700027 0.000000047 0.166799976 0.166800042 0.166800108
A70,17,2,0.723817,insufficient,false,0,0.159744963,0.200120400,0.000600000,28d4eb6e-90da-46f4-a0f0-3d3343a49ba3|29fd11cd-a3cf-4ead-a1d7-311dd6b8e0cf|2af5876e-26eb-4fdf-910f-dc48657c5959|2cb7d5e6-de25-45f7-9e35-f64c8fd41321|315c9dd2-fbc9-4c8c-bc7c-a4a37614dc84|422f34a7-7ed9-4d62-a5df-8da3ca6e25e3|8107a1c4-56f7-481c-87ad-c3025320316e|9867b457-c406-4955-8576-b692a26555f0|e44ffad1-8763-48b6-819d-5d2c6df576c6|f53bda1f-a118-4ee7-be66-69a82b211914,0.000000047 0.000000113 0.000000179 0.166683347 0.000000047 0.000000113 0.000100283 0.166683347 0.000000047 0.000000113 0.000000179 0.166683347 0.166583068 0.166583134 0.166583200 0.166583266 0.000000047 0.166583111 0.166583177 0.166683347 0.000000047 0.166683215 0.166683281 0.166683347
A70,18,2,0.723854,insufficient,false,0,0.159728321,0.200060267,0.000600000,28d4eb6e-90da-46f4-a0f0-3d3343a49ba3|29fd11cd-a3cf-4ead-a1d7-311dd6b8e0cf|2af5876e-26eb-4fdf-910f-dc48657c5959|315c9dd2-fbc9-4c8c-bc7c-a4a37614dc84|422f34a7-7ed9-4d62-a5df-8da3ca6e25e3|74f55ca7-59df-45e6-9b98-ddd52bd27669|8107a1c4-56f7-481c-87ad-c3025320316e|9867b457-c406-4955-8576-b692a26555f0|e44ffad1-8763-48b6-819d-5d2c6df576c6|f53bda1f-a118-4ee7-be66-69a82b211914,0.000000042 0.000000101 0.000000161 0.166683345 0.000000042 0.166483039 0.166683286 0.166683345 0.000000042 0.000000101 0.000000161 0.166683345 0.000000042 0.000000101 0.000000161 0.166583273 0.000000042 0.000000101 0.000000161 0.166683345 0.166583073 0.166583133 0.166683286 0.166683345
A70,19,2,0.723872,insufficient,false,0,0.159715921,0.200060267,0.000600000,28d4eb6e-90da-46f4-a0f0-3d3343a49ba3|29fd11cd-a3cf-4ead-a1d7-311dd6b8e0cf|2af5876e-26eb-4fdf-910f-dc48657c5959|315c9dd2-fbc9-4c8c-bc7c-a4a37614dc84|422f34a7-7ed9-4d62-a5df-8da3ca6e25e3|74f55ca7-59df-45e6-9b98-ddd52bd27669|8107a1c4-56f7-481c-87ad-c3025320316e|9867b457-c406-4955-8576-b692a26555f0|e44ffad1-8763-48b6-819d-5d2c6df576c6|f53bda1f-a118-4ee7-be66-69a82b211914,0.000000042 0.000000101 0.000000160 0.166666667 0.000000042 0.000000101 0.166666608 0.166666667 0.000100135 0.000100194 0.166666608 0.166666667 0.000000042 0.000000101 0.000000160 0.166566594 0.000000042 0.000000101 0.166466421 0.166666667 0.000200208 0.000200267 0.166766680 0.166766739
A70,20,2,0.723890,insufficient,false,0,0.159703521,0.200060267,0.000600000,28d4eb6e-90da-46f4-a0f0-3d3343a49ba3|29fd11cd-a3cf-4ead-a1d7-311dd6b8e0cf|2af5876e-26eb-4fdf-910f-dc48657c5959|315c9dd2-fbc9-4c8c-bc7c-a4a37614dc84|422f34a7-7ed9-4d62-a5df-8da3ca6e25e3|74f55ca7-59df-45e6-9b98-ddd52bd27669|8107a1c4-56f7-481c-87ad-c3025320316e|9867b457-c406-4955-8576-b692a26555f0|e44ffad1-8763-48b6-819d-5d2c6df576c6|f53bda1f-a118-4ee7-be66-69a82b211914,0.000000042 0.000000100 0.166666608 0.166666667 0.166466304 0.166466363 0.166666608 0.166666667 0.000000042 0.000000100 0.000100252 0.166666667 0.000000063 0.166566477 0.166566536 0.166566595 0.000000042 0.000000100 0.000000159 0.166666667 0.000000042 0.000000100 0.000100252 0.166766739
A70,21,2,0.737098,insufficient,false,0,0.159682771,0.200060267,0.000600000,28d4eb6e-90da-46f4-a0f0-3d3343a49ba3|29fd11cd-a3cf-4ead-a1d7-311dd6b8e0cf|2af5876e-26eb-4fdf-910f-dc48657c5959|315c9dd2-fbc9-4c8c-bc7c-a4a37614dc84|422f34a7-7ed9-4d62-a5df-8da3ca6e25e3|74f55ca7-59df-45e6-9b98-ddd52bd27669|8107a1c4-56f7-481c-87ad-c3025320316e|9867b457-c406-4955-8576-b692a26555f0|e44ffad1-8763-48b6-819d-5d2c6df576c6|f53bda1f-a118-4ee7-be66-69a82b211914,0.000000041 0.000000100 0.166666612 0.166666670 0.000000041 0.000100193 0.166666612 0.166666670 0.000000041 0.000000100 0.166466426 0.166666670 0.000000041 0.166566460 0.166566519 0.166566578 0.000000041 0.000000100 0.166366334 0.166666670 0.000300298 0.000300357 0.166766683 0.166766742
A70,22,2,0.737119,insufficient,false,0,0.159670313,0.200060267,0.000600000,28d4eb6e-90da-46f4-a0f0-3d3343a49ba3|29fd11cd-a3cf-4ead-a1d7-311dd6b8e0cf|2af5876e-26eb-4fdf-910f-dc48657c5959|2cb7d5e6-de25-45f7-9e35-f64c8fd41321|315c9dd2-fbc9-4c8c-bc7c-a4a37614dc84|422f34a7-7ed9-4d62-a5df-8da3ca6e25e3|74f55ca7-59df-45e6-9b98-ddd52bd27669|8107a1c4-56f7-481c-87ad-c3025320316e|e44ffad1-8763-48b6-819d-5d2c6df576c6|f53bda1f-a118-4ee7-be66-69a82b211914,0.000000041 0.000100192 0.166733323 0.166733381 0.000000041 0.000100192 0.166733323 0.166733381 0.000000041 0.000100213 0.166633251 0.166633310 0.000000083 0.166533121 0.166533180 0.166533238 0.000000041 0.000100213 0.166533159 0.166733381 0.000000041 0.000100213 0.166633251 0.166633310
A70,23,2,0.738728,insufficient,false,0,0.159657813,0.200060267,0.000600000,28d4eb6e-90da-46f4-a0f0-3d3343a49ba3|29fd11cd-a3cf-4ead-a1d7-311dd6b8e0cf|2af5876e-26eb-4fdf-910f-dc48657c5959|2cb7d5e6-de25-45f7-9e35-f64c8fd41321|315c9dd2-fbc9-4c8c-bc7c-a4a37614dc84|422f34a7-7ed9-4d62-a5df-8da3ca6e25e3|74f55ca7-59df-45e6-9b98-ddd52bd27669|8107a1c4-56f7-481c-87ad-c3025320316e|9867b457-c406-4955-8576-b692a26555f0|e44ffad1-8763-48b6-819d-5d2c6df576c6,0.000000041 0.000200283 0.000300433 0.166700024 0.000000041 0.000100191 0.166699966 0.166700024 0.000000041 0.000000099 0.000100249 0.166599953 0.000000041 0.000000099 0.166499823 0.166499881 0.000000041 0.000000099 0.000000157 0.166700024 0.000300296 0.000300354 0.166800037 0.166800095
A70,24,2,0.743417,insufficient,false,0,0.156187653,0.200060267,0.000600000,28d4eb6e-90da-46f4-a0f0-3d3343a49ba3|29fd11cd-a3cf-4ead-a1d7-311dd6b8e0cf|2af5876e-26eb-4fdf-910f-dc48657c5959|2cb7d5e6-de25-45f7-9e35-f64c8fd41321|315c9dd2-fbc9-4c8c-bc7c-a4a37614dc84|422f34a7-7ed9-4d62-a5df-8da3ca6e25e3|74f55ca7-59df-45e6-9b98-ddd52bd27669|8107a1c4-56f7-481c-87ad-c3025320316e|9867b457-c406-4955-8576-b692a26555f0|e44ffad1-8763-48b6-819d-5d2c6df576c6,0.083283221 0.166566460 0.166666609 0.166666667 0.000000041 0.083283279 0.083483520 0.166666667 0.000000041 0.000000099 0.000100248 0.166666667 0.000000041 0.000000099 0.166566538 0.166566596 0.000000041 0.083483441 0.083483499 0.166666667 0.000000041 0.083483441 0.083583591 0.166766737
A70,25,2,0.743900,insufficient,false,0,0.156183507,0.200060267,0.000600000,28d4eb6e-90da-46f4-a0f0-3d3343a49ba3|29fd11cd-a3cf-4ead-a1d7-311dd6b8e0cf|2af5876e-26eb-4fdf-910f-dc48657c5959|2cb7d5e6-de25-45f7-9e35-f64c8fd41321|315c9dd2-fbc9-4c8c-bc7c-a4a37614dc84|422f34a7-7ed9-4d62-a5df-8da3ca6e25e3|8107a1c4-56f7-481c-87ad-c3025320316e|b8a3b8a8-105a-496f-aaff-0fc942460b0b|e44ffad1-8763-48b6-819d-5d2c6df576c6|f53bda1f-a118-4ee7-be66-69a82b211914,0.083299900 0.166599817 0.166699966 0.166700024 0.000000041 0.000100189 0.083500197 0.166700024 0.000000041 0.000000098 0.083199924 0.166599953 0.000000041 0.000000098 0.000000156 0.166499882 0.000000041 0.083400021 0.083400079 0.166700024 0.000100139 0.083500119 0.166800036 0.166800094
A70,26,2,0.752157,high,false,26,0.156171091,0.200060267,0.000600000,28d4eb6e-90da-46f4-a0f0-3d3343a49ba3|29fd11cd-a3cf-4ead-a1d7-311dd6b8e0cf|2af5876e-26eb-4fdf-910f-dc48657c5959|315c9dd2-fbc9-4c8c-bc7c-a4a37614dc84|422f34a7-7ed9-4d62-a5df-8da3ca6e25e3|74f55ca7-59df-45e6-9b98-ddd52bd27669|8107a1c4-56f7-481c-87ad-c3025320316e|9867b457-c406-4955-8576-b692a26555f0|e44ffad1-8763-48b6-819d-5d2c6df576c6|f53bda1f-a118-4ee7-be66-69a82b211914,0.083208170 0.166516426 0.166616574 0.166616632 0.000000041 0.083308297 0.083508536 0.166716702 0.000100111 0.166516426 0.166616574 0.166616632 0.000000041 0.000000098 0.166516504 0.166516561 0.000000041 0.083408360 0.083408418 0.166716702 0.000100138 0.083508458 0.083608606 0.166816772
A70,27,2,0.752159,high,false,27,0.156171091,0.200060267,0.000600000,28d4eb6e-90da-46f4-a0f0-3d3343a49ba3|29fd11cd-a3cf-4ead-a1d7-311dd6b8e0cf|2af5876e-26eb-4fdf-910f-dc48657c5959|2cb7d5e6-de25-45f7-9e35-f64c8fd41321|315c9dd2-fbc9-4c8c-bc7c-a4a37614dc84|422f34a7-7ed9-4d62-a5df-8da3ca6e25e3|74f55ca7-59df-45e6-9b98-ddd52bd27669|8107a1c4-56f7-481c-87ad-c3025320316e|e44ffad1-8763-48b6-819d-5d2c6df576c6|f53bda1f-a118-4ee7-be66-69a82b211914,0.083208170 0.166516427 0.166616575 0.166616632 0.000000040 0.083308297 0.083508535 0.166716702 0.000100110 0.083408408 0.166616575 0.166616632 0.000000040 0.000000098 0.000000155 0.166516562 0.000000040 0.000000098 0.000000155 0.166716702 0.083508400 0.083508458 0.083608605 0.166816772
A70,28,2,0.752180,high,false,27,0.156158716,0.199961267,0.000600000,28d4eb6e-90da-46f4-a0f0-3d3343a49ba3|29fd11cd-a3cf-4ead-a1d7-311dd6b8e0cf|2af5876e-26eb-4fdf-910f-dc48657c5959|2cb7d5e6-de25-45f7-9e35-f64c8fd41321|315c9dd2-fbc9-4c8c-bc7c-a4a37614dc84|422f34a7-7ed9-4d62-a5df-8da3ca6e25e3|74f55ca7-59df-45e6-9b98-ddd52bd27669|8107a1c4-56f7-481c-87ad-c3025320316e|e44ffad1-8763-48b6-819d-5d2c6df576c6|f53bda1f-a118-4ee7-be66-69a82b211914,0.000000040 0.083291619 0.083391766 0.166683345 0.000000040 0.000100187 0.083491856 0.166683345 0.000100110 0.166583141 0.166683288 0.166683345 0.000000040 0.000000097 0.000000154 0.166583275 0.000100137 0.083391709 0.083391766 0.166683345 0.083291569 0.166583141 0.166683288 0.166683345
A70,29,2,0.766069,high,false,27,0.152623402,0.199862000,0.000600000,28d4eb6e-90da-46f4-a0f0-3d3343a49ba3|29fd11cd-a3cf-4ead-a1d7-311dd6b8e0cf|2af5876e-26eb-4fdf-910f-dc48657c5959|2cb7d5e6-de25-45f7-9e35-f64c8fd41321|315c9dd2-fbc9-4c8c-bc7c-a4a37614dc84|422f34a7-7ed9-4d62-a5df-8da3ca6e25e3|74f55ca7-59df-45e6-9b98-ddd52bd27669|8107a1c4-56f7-481c-87ad-c3025320316e|e44ffad1-8763-48b6-819d-5d2c6df576c6|f53bda1f-a118-4ee7-be66-69a82b211914,0.000000040 0.083308298 0.083408444 0.166616632 0.000000040 0.083208208 0.083508534 0.166716701 0.000100110 0.083408407 0.166616575 0.166616632 0.166516392 0.166516449 0.166516506 0.166516563 0.083208158 0.083208215 0.083308361 0.166716701 0.083508400 0.083508457 0.083708693 0.166816771
A70,30,2,0.767338,high,false,27,0.152623381,0.199862000,0.000600000,28d4eb6e-90da-46f4-a0f0-3d3343a49ba3|29fd11cd-a3cf-4ead-a1d7-311dd6b8e0cf|2af5876e-26eb-4fdf-910f-dc48657c5959|2cb7d5e6-de25-45f7-9e35-f64c8fd41321|315c9dd2-fbc9-4c8c-bc7c-a4a37614dc84|422f34a7-7ed9-4d62-a5df-8da3ca6e25e3|74f55ca7-59df-45e6-9b98-ddd52bd27669|8107a1c4-56f7-481c-87ad-c3025320316e|e44ffad1-8763-48b6-819d-5d2c6df576c6|f53bda1f-a118-4ee7-be66-69a82b211914,0.000000040 0.083258257 0.083458485 0.166616632 0.000000040 0.083258249 0.083558574 0.166716701 0.000100109 0.083458448 0.166616576 0.166616632 0.166516393 0.166516450 0.166516506 0.166516563 0.083258200 0.083358339 0.083458485 0.166716701 0.083358276 0.083458415 0.083658650 0.166816770
A70,31,2,0.767669,high,false,27,0.152623339,0.199862000,0.000600000,28d4eb6e-90da-46f4-a0f0-3d3343a49ba3|29fd11cd-a3cf-4ead-a1d7-311dd6b8e0cf|2af5876e-26eb-4fdf-910f-dc48657c5959|2cb7d5e6-de25-45f7-9e35-f64c8fd41321|315c9dd2-fbc9-4c8c-bc7c-a4a37614dc84|422f34a7-7ed9-4d62-a5df-8da3ca6e25e3|74f55ca7-59df-45e6-9b98-ddd52bd27669|8107a1c4-56f7-481c-87ad-c3025320316e|e44ffad1-8763-48b6-819d-5d2c6df576c6|f53bda1f-a118-4ee7-be66-69a82b211914,0.083208186 0.166516431 0.166616576 0.166616632 0.000000067 0.083208222 0.083508546 0.166716701 0.000100136 0.083408420 0.166616576 0.166616632 0.166516394 0.166516451 0.166516507 0.166516563 0.083208146 0.083208202 0.083308348 0.166716701 0.083508413 0.083508469 0.083708704 0.166816770
A70,32,2,0.767690,high,false,32,0.152610889,0.199862000,0.000600000,28d4eb6e-90da-46f4-a0f0-3d3343a49ba3|29fd11cd-a3cf-4ead-a1d7-311dd6b8e0cf|2af5876e-26eb-4fdf-910f-dc48657c5959|315c9dd2-fbc9-4c8c-bc7c-a4a37614dc84|422f34a7-7ed9-4d62-a5df-8da3ca6e25e3|74f55ca7-59df-45e6-9b98-ddd52bd27669|8107a1c4-56f7-481c-87ad-c3025320316e|9867b457-c406-4955-8576-b692a26555f0|e44ffad1-8763-48b6-819d-5d2c6df576c6|f53bda1f-a118-4ee7-be66-69a82b211914,0.000000040 0.000300362 0.000400507 0.166666667 0.166166055 0.166266200 0.166666611 0.166666667 0.166466321 0.166466377 0.166666611 0.166666667 0.000000040 0.000000096 0.166566542 0.166566598 0.000100135 0.000100192 0.000200336 0.166666667 0.166566390 0.166566446 0.166766679 0.166766735
A70,33,3,0.767690,high,false,32,0.152610889,0.199862000,0.000600000,28d4eb6e-90da-46f4-a0f0-3d3343a49ba3|29fd11cd-a3cf-4ead-a1d7-311dd6b8e0cf|2af5876e-26eb-4fdf-910f-dc48657c5959|315c9dd2-fbc9-4c8c-bc7c-a4a37614dc84|422f34a7-7ed9-4d62-a5df-8da3ca6e25e3|74f55ca7-59df-45e6-9b98-ddd52bd27669|8107a1c4-56f7-481c-87ad-c3025320316e|9867b457-c406-4955-8576-b692a26555f0|e44ffad1-8763-48b6-819d-5d2c6df576c6|f53bda1f-a118-4ee7-be66-69a82b211914,0.090717968 0.091018289 0.181836297 0.181936441 0.090517791 0.181435887 0.181736208 0.181936441 0.090617860 0.181636084 0.181836317 0.181836373 0.000000040 0.090517820 0.090517876 0.090517932 0.090918087 0.090918143 0.091018287 0.181936441 0.090818076 0.090818132 0.091018365 0.181836373
A70,34,3,0.767707,high,false,34,0.152598382,0.199862000,0.000600000,28d4eb6e-90da-46f4-a0f0-3d3343a49ba3|29fd11cd-a3cf-4ead-a1d7-311dd6b8e0cf|2af5876e-26eb-4fdf-910f-dc48657c5959|2cb7d5e6-de25-45f7-9e35-f64c8fd41321|315c9dd2-fbc9-4c8c-bc7c-a4a37614dc84|422f34a7-7ed9-4d62-a5df-8da3ca6e25e3|74f55ca7-59df-45e6-9b98-ddd52bd27669|8107a1c4-56f7-481c-87ad-c3025320316e|e44ffad1-8763-48b6-819d-5d2c6df576c6|f53bda1f-a118-4ee7-be66-69a82b211914,0.000000057 0.090863600 0.090963744 0.181827269 0.000000039 0.000100183 0.091063814 0.181827269 0.000100134 0.091063758 0.181827213 0.181827269 0.000000039 0.000000095 0.000000151 0.090763588 0.000100134 0.000100190 0.090763557 0.181827269 0.091063683 0.091063739 0.181927281 0.181927337
A70,35,3,0.769007,high,false,35,0.152540247,0.199842000,0.000600000,28d4eb6e-90da-46f4-a0f0-3d3343a49ba3|29fd11cd-a3cf-4ead-a1d7-311dd6b8e0cf|2af5876e-26eb-4fdf-910f-dc48657c5959|315c9dd2-fbc9-4c8c-bc7c-a4a37614dc84|422f34a7-7ed9-4d62-a5df-8da3ca6e25e3|74f55ca7-59df-45e6-9b98-ddd52bd27669|8107a1c4-56f7-481c-87ad-c3025320316e|9867b457-c406-4955-8576-b692a26555f0|e44ffad1-8763-48b6-819d-5d2c6df576c6|f53bda1f-a118-4ee7-be66-69a82b211914,0.000000039 0.000300358 0.000400501 0.166750073 0.166049356 0.166249587 0.166549906 0.166750073 0.166149424 0.166449719 0.166649950 0.166650005 0.000000039 0.000000095 0.000000150 0.166249634 0.000100134 0.000100190 0.000200333 0.166750073 0.166649799 0.166649855 0.166850086 0.166850141
A70,36,3,0.769920,high,false,35,0.152515247,0.199681500,0.000600000,28d4eb6e-90da-46f4-a0f0-3d3343a49ba3|29fd11cd-a3cf-4ead-a1d7-311dd6b8e0cf|2af5876e-26eb-4fdf-910f-dc48657c5959|315c9dd2-fbc9-4c8c-bc7c-a4a37614dc84|422f34a7-7ed9-4d62-a5df-8da3ca6e25e3|74f55ca7-59df-45e6-9b98-ddd52bd27669|8107a1c4-56f7-481c-87ad-c3025320316e|9867b457-c406-4955-8576-b692a26555f0|e44ffad1-8763-48b6-819d-5d2c6df576c6|f53bda1f-a118-4ee7-be66-69a82b211914,0.055360921 0.111022114 0.166483114 0.166683345 0.000000066 0.055561154 0.111222346 0.166683345 0.000100134 0.111122184 0.166683289 0.166683345 0.000000039 0.000000094 0.166483134 0.166583277 0.111022041 0.111022096 0.166483114 0.166683345 0.055661184 0.055661239 0.111222344 0.166683345
A70,37,3,0.771508,high,false,35,0.152515218,0.199681500,0.000600000,28d4eb6e-90da-46f4-a0f0-3d3343a49ba3|29fd11cd-a3cf-4ead-a1d7-311dd6b8e0cf|2af5876e-26eb-4fdf-910f-dc48657c5959|315c9dd2-fbc9-4c8c-bc7c-a4a37614dc84|422f34a7-7ed9-4d62-a5df-8da3ca6e25e3|74f55ca7-59df-45e6-9b98-ddd52bd27669|8107a1c4-56f7-481c-87ad-c3025320316e|9867b457-c406-4955-8576-b692a26555f0|e44ffad1-8763-48b6-819d-5d2c6df576c6|f53bda1f-a118-4ee7-be66-69a82b211914,0.000000039 0.071307073 0.119011873 0.166616633 0.047604724 0.119011781 0.166716645 0.166716700 0.047704791 0.119011800 0.142914304 0.166616633 0.071407124 0.119011838 0.119011893 0.166516565 0.071407048 0.119011761 0.142814177 0.166716700 0.024002581 0.071607295 0.095509798 0.166816768
A70,38,3,0.772141,high,false,38,0.152515218,0.199681500,0.000600000,28d4eb6e-90da-46f4-a0f0-3d3343a49ba3|29fd11cd-a3cf-4ead-a1d7-311dd6b8e0cf|2af5876e-26eb-4fdf-910f-dc48657c5959|2cb7d5e6-de25-45f7-9e35-f64c8fd41321|315c9dd2-fbc9-4c8c-bc7c-a4a37614dc84|422f34a7-7ed9-4d62-a5df-8da3ca6e25e3|74f55ca7-59df-45e6-9b98-ddd52bd27669|8107a1c4-56f7-481c-87ad-c3025320316e|e44ffad1-8763-48b6-819d-5d2c6df576c6|f53bda1f-a118-4ee7-be66-69a82b211914,0.000000039 0.083274951 0.083475168 0.166649993 0.000000039 0.000200256 0.083575255 0.166750055 0.000100133 0.000500511 0.083675336 0.166649988 0.083475072 0.083475127 0.083475182 0.166549921 0.083575132 0.083675262 0.166750000 0.166750055 0.083274903 0.083375033 0.166549858 0.166649988
A70,39,3,0.774062,high,false,39,0.152512714,0.199681500,0.000600000,28d4eb6e-90da-46f4-a0f0-3d3343a49ba3|29fd11cd-a3cf-4ead-a1d7-311dd6b8e0cf|2af5876e-26eb-4fdf-910f-dc48657c5959|315c9dd2-fbc9-4c8c-bc7c-a4a37614dc84|422f34a7-7ed9-4d62-a5df-8da3ca6e25e3|74f55ca7-59df-45e6-9b98-ddd52bd27669|8107a1c4-56f7-481c-87ad-c3025320316e|9867b457-c406-4955-8576-b692a26555f0|e44ffad1-8763-48b6-819d-5d2c6df576c6|f53bda1f-a118-4ee7-be66-69a82b211914,0.000000039 0.055550043 0.111150036 0.166649989 0.055499917 0.111149945 0.166750001 0.166750056 0.055599984 0.111200016 0.166649934 0.166649989 0.055600001 0.111099908 0.111150056 0.166549922 0.055650019 0.055800205 0.111150036 0.166649989 0.055600010 0.055750197 0.111200115 0.166750056
A70,40,3,0.776277,high,false,39,0.152512714,0.199681500,0.000600000,28d4eb6e-90da-46f4-a0f0-3d3343a49ba3|29fd11cd-a3cf-4ead-a1d7-311dd6b8e0cf|2af5876e-26eb-4fdf-910f-dc48657c5959|315c9dd2-fbc9-4c8c-bc7c-a4a37614dc84|422f34a7-7ed9-4d62-a5df-8da3ca6e25e3|74f55ca7-59df-45e6-9b98-ddd52bd27669|8107a1c4-56f7-481c-87ad-c3025320316e|9867b457-c406-4955-8576-b692a26555f0|e44ffad1-8763-48b6-819d-5d2c6df576c6|f53bda1f-a118-4ee7-be66-69a82b211914,0.000000039 0.083199869 0.083300010 0.166700031 0.000100079 0.000400386 0.083600287 0.166700031 0.000300288 0.000600649 0.083700393 0.166599964 0.000000039 0.000000093 0.083500188 0.166499846 0.000300298 0.000300352 0.083300010 0.166700031 0.083500078 0.083500133 0.166599877 0.166800098
A70,41,3,0.785456,high,false,39,0.152512686,0.199681500,0.000600000,28d4eb6e-90da-46f4-a0f0-3d3343a49ba3|29fd11cd-a3cf-4ead-a1d7-311dd6b8e0cf|2af5876e-26eb-4fdf-910f-dc48657c5959|315c9dd2-fbc9-4c8c-bc7c-a4a37614dc84|422f34a7-7ed9-4d62-a5df-8da3ca6e25e3|74f55ca7-59df-45e6-9b98-ddd52bd27669|8107a1c4-56f7-481c-87ad-c3025320316e|9867b457-c406-4955-8576-b692a26555f0|e44ffad1-8763-48b6-819d-5d2c6df576c6|f53bda1f-a118-4ee7-be66-69a82b211914,0.000100123 0.055633418 0.111266812 0.166700022 0.000000039 0.055633434 0.111266813 0.166700022 0.055933654 0.055933708 0.111366917 0.166599956 0.055633402 0.111166710 0.111166764 0.166499889 0.111266777 0.111366845 0.166699968 0.166700022 0.055733502 0.055833571 0.111266779 0.166800089
A70,42,3,0.788313,high,false,39,0.152504346,0.199681500,0.000600000,28d4eb6e-90da-46f4-a0f0-3d3343a49ba3|29fd11cd-a3cf-4ead-a1d7-311dd6b8e0cf|2af5876e-26eb-4fdf-910f-dc48657c5959|315c9dd2-fbc9-4c8c-bc7c-a4a37614dc84|422f34a7-7ed9-4d62-a5df-8da3ca6e25e3|74f55ca7-59df-45e6-9b98-ddd52bd27669|8107a1c4-56f7-481c-87ad-c3025320316e|9867b457-c406-4955-8576-b692a26555f0|e44ffad1-8763-48b6-819d-5d2c6df576c6|f53bda1f-a118-4ee7-be66-69a82b211914,0.000000038 0.110988704 0.166483002 0.166683344 0.000000038 0.055594476 0.166683290 0.166683344 0.000100131 0.111088673 0.166683173 0.166683344 0.055494306 0.055494361 0.166483021 0.166583278 0.055794663 0.111188875 0.166683290 0.166683344 0.055694577 0.111088790 0.166683290 0.166683344
A70,43,3,0.788351,high,false,39,0.152461884,0.199661700,0.000600000,28d4eb6e-90da-46f4-a0f0-3d3343a49ba3|29fd11cd-a3cf-4ead-a1d7-311dd6b8e0cf|2af5876e-26eb-4fdf-910f-dc48657c5959|315c9dd2-fbc9-4c8c-bc7c-a4a37614dc84|422f34a7-7ed9-4d62-a5df-8da3ca6e25e3|74f55ca7-59df-45e6-9b98-ddd52bd27669|8107a1c4-56f7-481c-87ad-c3025320316e|9867b457-c406-4955-8576-b692a26555f0|e44ffad1-8763-48b6-819d-5d2c6df576c6|f53bda1f-a118-4ee7-be66-69a82b211914,0.000100056 0.041662512 0.083425066 0.166649989 0.000000038 0.083525146 0.125387834 0.166750055 0.083925366 0.083925420 0.125387790 0.166649989 0.041762562 0.083425031 0.083425085 0.166549923 0.083525097 0.083825314 0.125187599 0.166649989 0.041562446 0.041862664 0.083325033 0.166750055
A70,44,3,0.796206,high,false,39,0.148996300,0.199661700,0.000600000,28d4eb6e-90da-46f4-a0f0-3d3343a49ba3|29fd11cd-a3cf-4ead-a1d7-311dd6b8e0cf|2af5876e-26eb-4fdf-910f-dc48657c5959|315c9dd2-fbc9-4c8c-bc7c-a4a37614dc84|422f34a7-7ed9-4d62-a5df-8da3ca6e25e3|74f55ca7-59df-45e6-9b98-ddd52bd27669|8107a1c4-56f7-481c-87ad-c3025320316e|9867b457-c406-4955-8576-b692a26555f0|e44ffad1-8763-48b6-819d-5d2c6df576c6|f53bda1f-a118-4ee7-be66-69a82b211914,0.000000038 0.066733436 0.099999987 0.166733385 0.000000038 0.033466807 0.100100073 0.166733385 0.033366710 0.100100091 0.133466791 0.166633319 0.000200226 0.033366692 0.099899892 0.166533205 0.033566908 0.066733373 0.099999987 0.166733385 0.066633323 0.099799789 0.133266636 0.166633319
A70,45,3,0.823464,high,false,39,0.145522431,0.199661700,0.000600000,28d4eb6e-90da-46f4-a0f0-3d3343a49ba3|29fd11cd-a3cf-4ead-a1d7-311dd6b8e0cf|2af5876e-26eb-4fdf-910f-dc48657c5959|315c9dd2-fbc9-4c8c-bc7c-a4a37614dc84|422f34a7-7ed9-4d62-a5df-8da3ca6e25e3|74f55ca7-59df-45e6-9b98-ddd52bd27669|8107a1c4-56f7-481c-87ad-c3025320316e|9867b457-c406-4955-8576-b692a26555f0|e44ffad1-8763-48b6-819d-5d2c6df576c6|f53bda1f-a118-4ee7-be66-69a82b211914,0.027535887 0.083108109 0.110944226 0.166616636 0.000000036 0.027936283 0.111244556 0.166716698 0.000300341 0.056072625 0.111544766 0.166616636 0.027836125 0.027836175 0.110944244 0.166516574 0.027936237 0.055672275 0.111044336 0.166716698 0.055672275 0.083408312 0.166316366 0.166816759
A70,46,3,0.824032,high,false,39,0.145521736,0.199661700,0.000600000,28d4eb6e-90da-46f4-a0f0-3d3343a49ba3|29fd11cd-a3cf-4ead-a1d7-311dd6b8e0cf|2af5876e-26eb-4fdf-910f-dc48657c5959|315c9dd2-fbc9-4c8c-bc7c-a4a37614dc84|422f34a7-7ed9-4d62-a5df-8da3ca6e25e3|74f55ca7-59df-45e6-9b98-ddd52bd27669|8107a1c4-56f7-481c-87ad-c3025320316e|9867b457-c406-4955-8576-b692a26555f0|e44ffad1-8763-48b6-819d-5d2c6df576c6|f53bda1f-a118-4ee7-be66-69a82b211914,0.000000036 0.073996243 0.092570366 0.166666667 0.036948045 0.074096290 0.129718593 0.166766728 0.092770443 0.092770493 0.129818660 0.166666667 0.018574131 0.037048174 0.092570383 0.166566605 0.037148236 0.055622279 0.092570366 0.166666667 0.055622279 0.074096322 0.129618546 0.166666667
A70,47,4,0.827535,high,false,39,0.144475289,0.199661700,0.000600000,28d4eb6e-90da-46f4-a0f0-3d3343a49ba3|29fd11cd-a3cf-4ead-a1d7-311dd6b8e0cf|2af5876e-26eb-4fdf-910f-dc48657c5959|315c9dd2-fbc9-4c8c-bc7c-a4a37614dc84|422f34a7-7ed9-4d62-a5df-8da3ca6e25e3|74f55ca7-59df-45e6-9b98-ddd52bd27669|8107a1c4-56f7-481c-87ad-c3025320316e|9867b457-c406-4955-8576-b692a26555f0|e44ffad1-8763-48b6-819d-5d2c6df576c6|f53bda1f-a118-4ee7-be66-69a82b211914,0.000000036 0.083325020 0.118978534 0.166649990 0.023735662 0.083224906 0.142814240 0.166750051 0.023835723 0.107260830 0.154832206 0.166649990 0.035653521 0.059389174 0.118978552 0.166549928 0.059589374 0.071507237 0.118978534 0.166750051 0.071507237 0.083425100 0.130996476 0.166649990
A70,48,4,0.827722,high,false,39,0.144475289,0.199661700,0.000600000,28d4eb6e-90da-46f4-a0f0-3d3343a49ba3|29fd11cd-a3cf-4ead-a1d7-311dd6b8e0cf|2af5876e-26eb-4fdf-910f-dc48657c5959|315c9dd2-fbc9-4c8c-bc7c-a4a37614dc84|422f34a7-7ed9-4d62-a5df-8da3ca6e25e3|74f55ca7-59df-45e6-9b98-ddd52bd27669|8107a1c4-56f7-481c-87ad-c3025320316e|9867b457-c406-4955-8576-b692a26555f0|e44ffad1-8763-48b6-819d-5d2c6df576c6|f53bda1f-a118-4ee7-be66-69a82b211914,0.038969487 0.105377693 0.124962494 0.171785883 0.019484732 0.058654334 0.105577818 0.171885944 0.019584793 0.123174127 0.156278161 0.171785883 0.019584809 0.039069532 0.124962459 0.140670340 0.078239183 0.091958539 0.107566340 0.171885944 0.091958539 0.105677895 0.140670375 0.171986006
A70,49,4,0.828438,high,false,39,0.144468656,0.199661700,0.000600000,28d4eb6e-90da-46f4-a0f0-3d3343a49ba3|29fd11cd-a3cf-4ead-a1d7-311dd6b8e0cf|2af5876e-26eb-4fdf-910f-dc48657c5959|315c9dd2-fbc9-4c8c-bc7c-a4a37614dc84|422f34a7-7ed9-4d62-a5df-8da3ca6e25e3|74f55ca7-59df-45e6-9b98-ddd52bd27669|8107a1c4-56f7-481c-87ad-c3025320316e|9867b457-c406-4955-8576-b692a26555f0|e44ffad1-8763-48b6-819d-5d2c6df576c6|f53bda1f-a118-4ee7-be66-69a82b211914,0.000000035 0.047590477 0.090351880 0.166616636 0.047590452 0.090551961 0.161987693 0.166716697 0.047690513 0.109568163 0.157058525 0.166616636 0.000000035 0.042661360 0.090351898 0.166516575 0.042961500 0.066806777 0.100009973 0.166716697 0.066806777 0.090652054 0.123955329 0.166816759
A70,50,4,0.830095,high,false,39,0.144468656,0.199661700,0.000600000,28d4eb6e-90da-46f4-a0f0-3d3343a49ba3|29fd11cd-a3cf-4ead-a1d7-311dd6b8e0cf|2af5876e-26eb-4fdf-910f-dc48657c5959|315c9dd2-fbc9-4c8c-bc7c-a4a37614dc84|422f34a7-7ed9-4d62-a5df-8da3ca6e25e3|74f55ca7-59df-45e6-9b98-ddd52bd27669|8107a1c4-56f7-481c-87ad-c3025320316e|9867b457-c406-4955-8576-b692a26555f0|e44ffad1-8763-48b6-819d-5d2c6df576c6|f53bda1f-a118-4ee7-be66-69a82b211914,0.000000035 0.030036068 0.086670700 0.166666674 0.040047990 0.086770719 0.136830781 0.166766735 0.113469415 0.113469465 0.143405419 0.166666674 0.000000035 0.046622659 0.086670673 0.166566568 0.046722721 0.066746736 0.090108070 0.166666674 0.066746736 0.086770751 0.120044024 0.166666674
A70,51,4,0.830095,high,true,39,0.144466572,0.199611700,0.000600000,28d4eb6e-90da-46f4-a0f0-3d3343a49ba3|29fd11cd-a3cf-4ead-a1d7-311dd6b8e0cf|2af5876e-26eb-4fdf-910f-dc48657c5959|315c9dd2-fbc9-4c8c-bc7c-a4a37614dc84|422f34a7-7ed9-4d62-a5df-8da3ca6e25e3|74f55ca7-59df-45e6-9b98-ddd52bd27669|8107a1c4-56f7-481c-87ad-c3025320316e|9867b457-c406-4955-8576-b692a26555f0|e44ffad1-8763-48b6-819d-5d2c6df576c6|f53bda1f-a118-4ee7-be66-69a82b211914,0.014444834 0.087369324 0.113610137 0.169140848 0.000000035 0.052481659 0.099265416 0.169140848 0.034987792 0.129679570 0.166191839 0.169040787 0.026240820 0.052381554 0.104763131 0.154495883 0.067026551 0.077197947 0.106387768 0.169140848 0.077197947 0.087369342 0.116659242 0.169040787
A70,52,4,0.844786,high,true,39,0.141165397,0.199611700,0.000600000,28d4eb6e-90da-46f4-a0f0-3d3343a49ba3|29fd11cd-a3cf-4ead-a1d7-311dd6b8e0cf|2af5876e-26eb-4fdf-910f-dc48657c5959|315c9dd2-fbc9-4c8c-bc7c-a4a37614dc84|422f34a7-7ed9-4d62-a5df-8da3ca6e25e3|74f55ca7-59df-45e6-9b98-ddd52bd27669|8107a1c4-56f7-481c-87ad-c3025320316e|9867b457-c406-4955-8576-b692a26555f0|e44ffad1-8763-48b6-819d-5d2c6df576c6|f53bda1f-a118-4ee7-be66-69a82b211914,0.049787329 0.075006227 0.100075025 0.174931203 0.049637239 0.099724812 0.149912444 0.175031263 0.049987549 0.125043796 0.150162616 0.174931203 0.049987454 0.049987504 0.099924925 0.125143865 0.050087565 0.075056284 0.099974971 0.174931203 0.075056284 0.100025004 0.125043769 0.175031263
A70,53,4,0.844786,high,true,39,0.141165397,0.199611700,0.000600000,28d4eb6e-90da-46f4-a0f0-3d3343a49ba3|29fd11cd-a3cf-4ead-a1d7-311dd6b8e0cf|2af5876e-26eb-4fdf-910f-dc48657c5959|315c9dd2-fbc9-4c8c-bc7c-a4a37614dc84|422f34a7-7ed9-4d62-a5df-8da3ca6e25e3|74f55ca7-59df-45e6-9b98-ddd52bd27669|8107a1c4-56f7-481c-87ad-c3025320316e|9867b457-c406-4955-8576-b692a26555f0|e44ffad1-8763-48b6-819d-5d2c6df576c6|f53bda1f-a118-4ee7-be66-69a82b211914,0.000000035 0.064927863 0.094212985 0.166649997 0.000000035 0.061073323 0.119643582 0.166750058 0.043251962 0.136113346 0.165398468 0.166649997 0.053364037 0.053364086 0.114337253 0.166549893 0.053464147 0.082649191 0.084000798 0.166750058 0.082649191 0.111834235 0.113285920 0.166649997
A70,54,4,0.851980,veryHigh,true,39,0.141064283,0.199551900,0.000600000,28d4eb6e-90da-46f4-a0f0-3d3343a49ba3|29fd11cd-a3cf-4ead-a1d7-311dd6b8e0cf|2af5876e-26eb-4fdf-910f-dc48657c5959|315c9dd2-fbc9-4c8c-bc7c-a4a37614dc84|422f34a7-7ed9-4d62-a5df-8da3ca6e25e3|74f55ca7-59df-45e6-9b98-ddd52bd27669|8107a1c4-56f7-481c-87ad-c3025320316e|9867b457-c406-4955-8576-b692a26555f0|e44ffad1-8763-48b6-819d-5d2c6df576c6|f53bda1f-a118-4ee7-be66-69a82b211914,0.051092162 0.076938444 0.102684663 0.179322979 0.050791997 0.102184382 0.153676824 0.179423035 0.051292364 0.128230806 0.153977016 0.179322979 0.025946293 0.025946338 0.077138558 0.102984882 0.051392377 0.077038524 0.102484559 0.179423035 0.077038524 0.102684671 0.128230777 0.179523090
A70,55,4,0.852115,veryHigh,true,39,0.141064028,0.199551900,0.000600000,28d4eb6e-90da-46f4-a0f0-3d3343a49ba3|29fd11cd-a3cf-4ead-a1d7-311dd6b8e0cf|2af5876e-26eb-4fdf-910f-dc48657c5959|315c9dd2-fbc9-4c8c-bc7c-a4a37614dc84|422f34a7-7ed9-4d62-a5df-8da3ca6e25e3|74f55ca7-59df-45e6-9b98-ddd52bd27669|8107a1c4-56f7-481c-87ad-c3025320316e|9867b457-c406-4955-8576-b692a26555f0|e44ffad1-8763-48b6-819d-5d2c6df576c6|f53bda1f-a118-4ee7-be66-69a82b211914,0.064897618 0.092653722 0.111524697 0.177482938 0.095075099 0.123031323 0.165776127 0.177482938 0.096736149 0.135898832 0.163554864 0.177382882 0.009085255 0.027856159 0.098557149 0.112585311 0.093154032 0.108142720 0.122070810 0.177482938 0.108142720 0.123131408 0.149726842 0.177582993
A70,56,4,0.852115,veryHigh,true,39,0.141064028,0.199551900,0.000600000,28d4eb6e-90da-46f4-a0f0-3d3343a49ba3|29fd11cd-a3cf-4ead-a1d7-311dd6b8e0cf|2af5876e-26eb-4fdf-910f-dc48657c5959|315c9dd2-fbc9-4c8c-bc7c-a4a37614dc84|422f34a7-7ed9-4d62-a5df-8da3ca6e25e3|74f55ca7-59df-45e6-9b98-ddd52bd27669|8107a1c4-56f7-481c-87ad-c3025320316e|9867b457-c406-4955-8576-b692a26555f0|e44ffad1-8763-48b6-819d-5d2c6df576c6|f53bda1f-a118-4ee7-be66-69a82b211914,0.000000032 0.052478906 0.058265503 0.166616639 0.000000032 0.064152021 0.154943511 0.166716694 0.023446322 0.111244535 0.163623337 0.166616639 0.052578885 0.052578930 0.081911703 0.166516583 0.052879057 0.058565581 0.108251161 0.166716694 0.058565581 0.064252106 0.114037757 0.166816750
A70,57,5,0.882174,veryHigh,true,39,0.120283514,0.199325533,0.000600000,28d4eb6e-90da-46f4-a0f0-3d3343a49ba3|29fd11cd-a3cf-4ead-a1d7-311dd6b8e0cf|2af5876e-26eb-4fdf-910f-dc48657c5959|315c9dd2-fbc9-4c8c-bc7c-a4a37614dc84|422f34a7-7ed9-4d62-a5df-8da3ca6e25e3|74f55ca7-59df-45e6-9b98-ddd52bd27669|8107a1c4-56f7-481c-87ad-c3025320316e|9867b457-c406-4955-8576-b692a26555f0|e44ffad1-8763-48b6-819d-5d2c6df576c6|f53bda1f-a118-4ee7-be66-69a82b211914,0.046314302 0.092928819 0.121329846 0.174369021 0.042351308 0.088965833 0.163881318 0.174369021 0.060364751 0.121029589 0.167544034 0.174268965 0.046514416 0.046514461 0.088865753 0.128355007 0.046614517 0.074915472 0.099853893 0.174369021 0.074915472 0.103216427 0.128254920 0.174268965
A70,58,5,0.882590,veryHigh,true,39,0.117848143,0.199325533,0.000600000,28d4eb6e-90da-46f4-a0f0-3d3343a49ba3|29fd11cd-a3cf-4ead-a1d7-311dd6b8e0cf|2af5876e-26eb-4fdf-910f-dc48657c5959|315c9dd2-fbc9-4c8c-bc7c-a4a37614dc84|422f34a7-7ed9-4d62-a5df-8da3ca6e25e3|74f55ca7-59df-45e6-9b98-ddd52bd27669|8107a1c4-56f7-481c-87ad-c3025320316e|9867b457-c406-4955-8576-b692a26555f0|e44ffad1-8763-48b6-819d-5d2c6df576c6|f53bda1f-a118-4ee7-be66-69a82b211914,0.073773728 0.102594389 0.131348315 0.177990063 0.064596337 0.093617117 0.149369528 0.178090118 0.064696393 0.132936966 0.159935439 0.177990063 0.027031843 0.028920716 0.091594810 0.109849576 0.075796060 0.104449914 0.122604609 0.177990063 0.104449914 0.133103768 0.154802660 0.178090118
A70,59,5,0.883193,veryHigh,true,39,0.116933187,0.199325533,0.000600000,28d4eb6e-90da-46f4-a0f0-3d3343a49ba3|29fd11cd-a3cf-4ead-a1d7-311dd6b8e0cf|2af5876e-26eb-4fdf-910f-dc48657c5959|315c9dd2-fbc9-4c8c-bc7c-a4a37614dc84|422f34a7-7ed9-4d62-a5df-8da3ca6e25e3|74f55ca7-59df-45e6-9b98-ddd52bd27669|8107a1c4-56f7-481c-87ad-c3025320316e|9867b457-c406-4955-8576-b692a26555f0|e44ffad1-8763-48b6-819d-5d2c6df576c6|f53bda1f-a118-4ee7-be66-69a82b211914,0.071287986 0.100314479 0.129174180 0.177725622 0.063675796 0.092702297 0.148899256 0.177825677 0.063775851 0.135364099 0.162701344 0.177725622 0.027270560 0.028926437 0.091013041 0.111171779 0.073177376 0.101937007 0.121995674 0.177825677 0.101937007 0.130696638 0.153633400 0.177725622
A70,60,5,0.883287,veryHigh,true,39,0.116923657,0.199325533,0.000600000,28d4eb6e-90da-46f4-a0f0-3d3343a49ba3|29fd11cd-a3cf-4ead-a1d7-311dd6b8e0cf|2af5876e-26eb-4fdf-910f-dc48657c5959|315c9dd2-fbc9-4c8c-bc7c-a4a37614dc84|422f34a7-7ed9-4d62-a5df-8da3ca6e25e3|74f55ca7-59df-45e6-9b98-ddd52bd27669|8107a1c4-56f7-481c-87ad-c3025320316e|9867b457-c406-4955-8576-b692a26555f0|e44ffad1-8763-48b6-819d-5d2c6df576c6|f53bda1f-a118-4ee7-be66-69a82b211914,0.040785784 0.083711857 0.099514158 0.171203980 0.050987085 0.094013221 0.168963533 0.171304035 0.051087140 0.108595238 0.151421239 0.171203980 0.034765042 0.042926072 0.072290294 0.143880045 0.062608790 0.078311020 0.121036950 0.171203980 0.078311020 0.094013250 0.141839828 0.171203980
A70,61,5,0.883287,veryHigh,true,39,0.116923657,0.199325533,0.000600000,28d4eb6e-90da-46f4-a0f0-3d3343a49ba3|29fd11cd-a3cf-4ead-a1d7-311dd6b8e0cf|2af5876e-26eb-4fdf-910f-dc48657c5959|315c9dd2-fbc9-4c8c-bc7c-a4a37614dc84|422f34a7-7ed9-4d62-a5df-8da3ca6e25e3|74f55ca7-59df-45e6-9b98-ddd52bd27669|8107a1c4-56f7-481c-87ad-c3025320316e|9867b457-c406-4955-8576-b692a26555f0|e44ffad1-8763-48b6-819d-5d2c6df576c6|f53bda1f-a118-4ee7-be66-69a82b211914,0.055423216 0.092211357 0.113711248 0.173963643 0.069128910 0.105917059 0.160057817 0.174063698 0.069228965 0.109864160 0.142505014 0.173963643 0.036688041 0.036688086 0.098322906 0.129981677 0.063217503 0.084617323 0.116176023 0.174063698 0.084617323 0.106017143 0.148816877 0.173963643
A70,62,5,0.890257,veryHigh,true,39,0.111186437,0.199325533,0.000600000,28d4eb6e-90da-46f4-a0f0-3d3343a49ba3|29fd11cd-a3cf-4ead-a1d7-311dd6b8e0cf|2af5876e-26eb-4fdf-910f-dc48657c5959|315c9dd2-fbc9-4c8c-bc7c-a4a37614dc84|422f34a7-7ed9-4d62-a5df-8da3ca6e25e3|74f55ca7-59df-45e6-9b98-ddd52bd27669|8107a1c4-56f7-481c-87ad-c3025320316e|9867b457-c406-4955-8576-b692a26555f0|e44ffad1-8763-48b6-819d-5d2c6df576c6|f53bda1f-a118-4ee7-be66-69a82b211914,0.062506229 0.096553783 0.122039407 0.176841371 0.060190702 0.094238265 0.155586653 0.176941426 0.060290757 0.125012514 0.158959997 0.176841371 0.033947455 0.033947499 0.090007271 0.115593037 0.066937356 0.092322909 0.117808604 0.176941426 0.092322909 0.117708462 0.144251837 0.176841371
A70,63,5,0.895615,veryHigh,true,39,0.109873871,0.199192400,0.000600000,28d4eb6e-90da-46f4-a0f0-3d3343a49ba3|29fd11cd-a3cf-4ead-a1d7-311dd6b8e0cf|2af5876e-26eb-4fdf-910f-dc48657c5959|315c9dd2-fbc9-4c8c-bc7c-a4a37614dc84|422f34a7-7ed9-4d62-a5df-8da3ca6e25e3|74f55ca7-59df-45e6-9b98-ddd52bd27669|8107a1c4-56f7-481c-87ad-c3025320316e|9867b457-c406-4955-8576-b692a26555f0|e44ffad1-8763-48b6-819d-5d2c6df576c6|f53bda1f-a118-4ee7-be66-69a82b211914,0.057509339 0.091239484 0.112532188 0.173123297 0.058436550 0.092166704 0.157899200 0.173123297 0.058536605 0.127255962 0.160886037 0.173023243 0.021724676 0.033630091 0.074092585 0.134583623 0.075783591 0.096976224 0.130506229 0.173123297 0.096976224 0.118168858 0.158562942 0.173023243
A70,64,5,0.895728,veryHigh,true,39,0.109830704,0.199192400,0.000600000,28d4eb6e-90da-46f4-a0f0-3d3343a49ba3|29fd11cd-a3cf-4ead-a1d7-311dd6b8e0cf|2af5876e-26eb-4fdf-910f-dc48657c5959|315c9dd2-fbc9-4c8c-bc7c-a4a37614dc84|422f34a7-7ed9-4d62-a5df-8da3ca6e25e3|74f55ca7-59df-45e6-9b98-ddd52bd27669|8107a1c4-56f7-481c-87ad-c3025320316e|9867b457-c406-4955-8576-b692a26555f0|e44ffad1-8763-48b6-819d-5d2c6df576c6|f53bda1f-a118-4ee7-be66-69a82b211914,0.057509339 0.091239484 0.112532188 0.173123297 0.058436550 0.092166704 0.157899200 0.173123297 0.058536605 0.127255962 0.160886037 0.173023243 0.021724676 0.033630091 0.074092585 0.134583623 0.075783591 0.096976224 0.130506228 0.173123297 0.096976224 0.118168858 0.158562942 0.173023243
A70,65,6,0.905063,veryHigh,true,39,0.100531951,0.198717900,0.000600000,28d4eb6e-90da-46f4-a0f0-3d3343a49ba3|29fd11cd-a3cf-4ead-a1d7-311dd6b8e0cf|2af5876e-26eb-4fdf-910f-dc48657c5959|315c9dd2-fbc9-4c8c-bc7c-a4a37614dc84|422f34a7-7ed9-4d62-a5df-8da3ca6e25e3|74f55ca7-59df-45e6-9b98-ddd52bd27669|8107a1c4-56f7-481c-87ad-c3025320316e|9867b457-c406-4955-8576-b692a26555f0|e44ffad1-8763-48b6-819d-5d2c6df576c6|f53bda1f-a118-4ee7-be66-69a82b211914,0.069416406 0.115223143 0.136151972 0.176146714 0.041713345 0.087720200 0.154355709 0.176246768 0.057080424 0.120072825 0.165779492 0.176146714 0.025428313 0.045906792 0.083370878 0.119066321 0.073765751 0.094594510 0.130189883 0.176146714 0.094594510 0.115423268 0.151118711 0.176246768
A70,66,6,0.905984,veryHigh,true,39,0.097046047,0.198717900,0.000600000,28d4eb6e-90da-46f4-a0f0-3d3343a49ba3|29fd11cd-a3cf-4ead-a1d7-311dd6b8e0cf|2af5876e-26eb-4fdf-910f-dc48657c5959|315c9dd2-fbc9-4c8c-bc7c-a4a37614dc84|422f34a7-7ed9-4d62-a5df-8da3ca6e25e3|74f55ca7-59df-45e6-9b98-ddd52bd27669|8107a1c4-56f7-481c-87ad-c3025320316e|9867b457-c406-4955-8576-b692a26555f0|e44ffad1-8763-48b6-819d-5d2c6df576c6|f53bda1f-a118-4ee7-be66-69a82b211914,0.070248675 0.116061877 0.141268806 0.176350381 0.039854232 0.085667443 0.152986648 0.176350381 0.057802152 0.121563241 0.167076210 0.176250326 0.029508334 0.045713148 0.085367202 0.118448205 0.074149755 0.095855907 0.128836840 0.176350381 0.095855907 0.117562059 0.150643063 0.176250326
A70,67,6,0.907740,veryHigh,true,39,0.094542041,0.198717900,0.000600000,28d4eb6e-90da-46f4-a0f0-3d3343a49ba3|29fd11cd-a3cf-4ead-a1d7-311dd6b8e0cf|2af5876e-26eb-4fdf-910f-dc48657c5959|315c9dd2-fbc9-4c8c-bc7c-a4a37614dc84|422f34a7-7ed9-4d62-a5df-8da3ca6e25e3|74f55ca7-59df-45e6-9b98-ddd52bd27669|8107a1c4-56f7-481c-87ad-c3025320316e|9867b457-c406-4955-8576-b692a26555f0|e44ffad1-8763-48b6-819d-5d2c6df576c6|f53bda1f-a118-4ee7-be66-69a82b211914,0.070092906 0.115605512 0.136904291 0.176327480 0.040814469 0.086427138 0.155603778 0.176427535 0.057815448 0.121835830 0.167248367 0.176327480 0.026071619 0.045512606 0.083311956 0.118262544 0.073308165 0.094506873 0.129357391 0.176327480 0.094506873 0.115705582 0.150905690 0.176327480
A70,68,6,0.918943,veryHigh,true,39,0.086412222,0.197505000,0.000600000,28d4eb6e-90da-46f4-a0f0-3d3343a49ba3|29fd11cd-a3cf-4ead-a1d7-311dd6b8e0cf|2af5876e-26eb-4fdf-910f-dc48657c5959|315c9dd2-fbc9-4c8c-bc7c-a4a37614dc84|422f34a7-7ed9-4d62-a5df-8da3ca6e25e3|74f55ca7-59df-45e6-9b98-ddd52bd27669|8107a1c4-56f7-481c-87ad-c3025320316e|9867b457-c406-4955-8576-b692a26555f0|e44ffad1-8763-48b6-819d-5d2c6df576c6|f53bda1f-a118-4ee7-be66-69a82b211914,0.066875647 0.116173582 0.140722436 0.179547051 0.045795684 0.095293735 0.130349187 0.179547051 0.088456216 0.155098264 0.179547007 0.179547051 0.049397944 0.049397989 0.070244427 0.102164690 0.105867137 0.116373763 0.133884879 0.179547051 0.116373763 0.126880388 0.147726827 0.179647105
A70,69,6,0.920422,veryHigh,true,39,0.084918141,0.197505000,0.000600000,28d4eb6e-90da-46f4-a0f0-3d3343a49ba3|29fd11cd-a3cf-4ead-a1d7-311dd6b8e0cf|2af5876e-26eb-4fdf-910f-dc48657c5959|315c9dd2-fbc9-4c8c-bc7c-a4a37614dc84|422f34a7-7ed9-4d62-a5df-8da3ca6e25e3|74f55ca7-59df-45e6-9b98-ddd52bd27669|8107a1c4-56f7-481c-87ad-c3025320316e|9867b457-c406-4955-8576-b692a26555f0|e44ffad1-8763-48b6-819d-5d2c6df576c6|f53bda1f-a118-4ee7-be66-69a82b211914,0.064286655 0.118333682 0.134813331 0.178462833 0.048773168 0.103020312 0.148552114 0.178462833 0.106111469 0.163199535 0.178462789 0.178462833 0.054147037 0.054147081 0.064036423 0.107585780 0.112601751 0.119650146 0.126898824 0.178462833 0.119650146 0.126698541 0.135013515 0.178562887
A70,70,6,0.920422,veryHigh,true,39,0.084918141,0.197505000,0.000600000,28d4eb6e-90da-46f4-a0f0-3d3343a49ba3|29fd11cd-a3cf-4ead-a1d7-311dd6b8e0cf|2af5876e-26eb-4fdf-910f-dc48657c5959|315c9dd2-fbc9-4c8c-bc7c-a4a37614dc84|422f34a7-7ed9-4d62-a5df-8da3ca6e25e3|74f55ca7-59df-45e6-9b98-ddd52bd27669|8107a1c4-56f7-481c-87ad-c3025320316e|9867b457-c406-4955-8576-b692a26555f0|e44ffad1-8763-48b6-819d-5d2c6df576c6|f53bda1f-a118-4ee7-be66-69a82b211914,0.064679702 0.117934558 0.134590865 0.178605781 0.047823150 0.103824465 0.149062328 0.178605781 0.105086427 0.163372642 0.178605737 0.178605781 0.053254812 0.053254856 0.063056245 0.106971093 0.111941373 0.119457839 0.127174512 0.178605781 0.119457839 0.126974305 0.134791048 0.178605781
B71,1,2,0.050063,insufficient,false,0,0.916588292,1.000000000,0.000000000,28d4eb6e-90da-46f4-a0f0-3d3343a49ba3|29fd11cd-a3cf-4ead-a1d7-311dd6b8e0cf|2af5876e-26eb-4fdf-910f-dc48657c5959|2cb7d5e6-de25-45f7-9e35-f64c8fd41321|315c9dd2-fbc9-4c8c-bc7c-a4a37614dc84|422f34a7-7ed9-4d62-a5df-8da3ca6e25e3|74f55ca7-59df-45e6-9b98-ddd52bd27669|8107a1c4-56f7-481c-87ad-c3025320316e|9867b457-c406-4955-8576-b692a26555f0|e44ffad1-8763-48b6-819d-5d2c6df576c6,0.000001000 0.499935820 0.499937234 0.499938649 0.000001000 0.500037552 0.500038967 0.500040381 0.000001000 0.000002414 0.000003828 0.000005243 0.000001000 0.000002414 0.000003828 0.000005243 0.000001000 0.000002414 0.000003828 0.000005243 0.000001000 0.000002414 0.000003828 0.000005243
B71,2,2,0.104156,insufficient,false,0,0.805352833,0.999901000,0.000000000,28d4eb6e-90da-46f4-a0f0-3d3343a49ba3|29fd11cd-a3cf-4ead-a1d7-311dd6b8e0cf|2af5876e-26eb-4fdf-910f-dc48657c5959|2cb7d5e6-de25-45f7-9e35-f64c8fd41321|315c9dd2-fbc9-4c8c-bc7c-a4a37614dc84|422f34a7-7ed9-4d62-a5df-8da3ca6e25e3|74f55ca7-59df-45e6-9b98-ddd52bd27669|8107a1c4-56f7-481c-87ad-c3025320316e|9867b457-c406-4955-8576-b692a26555f0|e44ffad1-8763-48b6-819d-5d2c6df576c6,0.000000707 0.333327626 0.333328626 0.333329626 0.000000707 0.333428851 0.333429851 0.333430851 0.000000707 0.333226401 0.333227401 0.333228401 0.000000707 0.000001707 0.000002707 0.000003707 0.000000707 0.000001707 0.000002707 0.000003707 0.000000707 0.000001707 0.000002707 0.000003707
B71,3,2,0.184688,insufficient,false,0,0.694274396,0.999900500,0.000000000,28d4eb6e-90da-46f4-a0f0-3d3343a49ba3|29fd11cd-a3cf-4ead-a1d7-311dd6b8e0cf|2af5876e-26eb-4fdf-910f-dc48657c5959|315c9dd2-fbc9-4c8c-bc7c-a4a37614dc84|422f34a7-7ed9-4d62-a5df-8da3ca6e25e3|74f55ca7-59df-45e6-9b98-ddd52bd27669|8107a1c4-56f7-481c-87ad-c3025320316e|9867b457-c406-4955-8576-b692a26555f0|e44ffad1-8763-48b6-819d-5d2c6df576c6|f53bda1f-a118-4ee7-be66-69a82b211914,0.000000577 0.000001394 0.000002210 0.250023737 0.000000577 0.250123104 0.250123920 0.250124737 0.000000577 0.249921104 0.249921920 0.249922737 0.000000577 0.000001394 0.000002210 0.249922737 0.000000577 0.000001394 0.000002210 0.000003027 0.000000577 0.000001394 0.000002210 0.000003027
B71,4,2,0.321754,insufficient,false,0,0.527617604,0.999801000,0.000000000,28d4eb6e-90da-46f4-a0f0-3d3343a49ba3|29fd11cd-a3cf-4ead-a1d7-311dd6b8e0cf|2af5876e-26eb-4fdf-910f-dc48657c5959|315c9dd2-fbc9-4c8c-bc7c-a4a37614dc84|422f34a7-7ed9-4d62-a5df-8da3ca6e25e3|74f55ca7-59df-45e6-9b98-ddd52bd27669|8107a1c4-56f7-481c-87ad-c3025320316e|9867b457-c406-4955-8576-b692a26555f0|e44ffad1-8763-48b6-819d-5d2c6df576c6|f53bda1f-a118-4ee7-be66-69a82b211914,0.000000268 0.000000647 0.000001026 0.200019812 0.000000268 0.200119518 0.200119897 0.200120276 0.000000268 0.000000647 0.000001026 0.199919348 0.000000268 0.199918590 0.199918969 0.199919348 0.000000268 0.000000647 0.000001026 0.200019812 0.000000268 0.000000647 0.000001026 0.000001405
B71,5,2,0.396963,insufficient,false,0,0.395725799,0.999801000,0.000000000,28d4eb6e-90da-46f4-a0f0-3d3343a49ba3|29fd11cd-a3cf-4ead-a1d7-311dd6b8e0cf|2af5876e-26eb-4fdf-910f-dc48657c5959|2cb7d5e6-de25-45f7-9e35-f64c8fd41321|422f34a7-7ed9-4d62-a5df-8da3ca6e25e3|74f55ca7-59df-45e6-9b98-ddd52bd27669|8107a1c4-56f7-481c-87ad-c3025320316e|9867b457-c406-4955-8576-b692a26555f0|e44ffad1-8763-48b6-819d-5d2c6df576c6|f53bda1f-a118-4ee7-be66-69a82b211914,0.000000252 0.000000608 0.000000965 0.166700145 0.000000252 0.000000608 0.000000965 0.166800582 0.000000252 0.166598996 0.166599353 0.166599709 0.000000252 0.166598996 0.166599353 0.166599709 0.000000252 0.000000608 0.000000965 0.166700145 0.000000252 0.166598996 0.166599353 0.166599709
B71,6,2,0.675516,insufficient,false,0,0.205588850,0.250100750,0.000200000,28d4eb6e-90da-46f4-a0f0-3d3343a49ba3|29fd11cd-a3cf-4ead-a1d7-311dd6b8e0cf|2af5876e-26eb-4fdf-910f-dc48657c5959|2cb7d5e6-de25-45f7-9e35-f64c8fd41321|315c9dd2-fbc9-4c8c-bc7c-a4a37614dc84|422f34a7-7ed9-4d62-a5df-8da3ca6e25e3|74f55ca7-59df-45e6-9b98-ddd52bd27669|8107a1c4-56f7-481c-87ad-c3025320316e|e44ffad1-8763-48b6-819d-5d2c6df576c6|f53bda1f-a118-4ee7-be66-69a82b211914,0.000000107 0.000000257 0.000000408 0.166666667 0.000000107 0.000000257 0.000000408 0.166766851 0.000000107 0.000000257 0.000000408 0.166766851 0.000000107 0.000000257 0.000000408 0.166566482 0.000000107 0.000000257 0.000000408 0.166666667 0.000000107 0.000000257 0.000000408 0.166566482
B71,7,2,0.675524,insufficient,false,0,0.205584782,0.250100750,0.000200000,28d4eb6e-90da-46f4-a0f0-3d3343a49ba3|29fd11cd-a3cf-4ead-a1d7-311dd6b8e0cf|2af5876e-26eb-4fdf-910f-dc48657c5959|315c9dd2-fbc9-4c8c-bc7c-a4a37614dc84|422f34a7-7ed9-4d62-a5df-8da3ca6e25e3|74f55ca7-59df-45e6-9b98-ddd52bd27669|8107a1c4-56f7-481c-87ad-c3025320316e|9867b457-c406-4955-8576-b692a26555f0|e44ffad1-8763-48b6-819d-5d2c6df576c6|f53bda1f-a118-4ee7-be66-69a82b211914,0.000000104 0.000000252 0.000000400 0.166666667 0.000000104 0.000000252 0.000000400 0.166766848 0.000000104 0.000000252 0.000000400 0.166766848 0.000000104 0.000000252 0.000000400 0.166566486 0.000000104 0.000000252 0.000000400 0.166666667 0.000000104 0.000000252 0.000000400 0.166566486
B71,8,2,0.675545,insufficient,false,0,0.205553232,0.250100750,0.000200000,28d4eb6e-90da-46f4-a0f0-3d3343a49ba3|29fd11cd-a3cf-4ead-a1d7-311dd6b8e0cf|2af5876e-26eb-4fdf-910f-dc48657c5959|2cb7d5e6-de25-45f7-9e35-f64c8fd41321|315c9dd2-fbc9-4c8c-bc7c-a4a37614dc84|422f34a7-7ed9-4d62-a5df-8da3ca6e25e3|8107a1c4-56f7-481c-87ad-c3025320316e|b8a3b8a8-105a-496f-aaff-0fc942460b0b|e44ffad1-8763-48b6-819d-5d2c6df576c6|f53bda1f-a118-4ee7-be66-69a82b211914,0.000000102 0.000000247 0.000000392 0.166666667 0.000000102 0.000000247 0.000000392 0.166766844 0.000000102 0.000000247 0.000000392 0.166766844 0.000000102 0.000000247 0.000000392 0.166566489 0.000000102 0.000000247 0.000000392 0.166666667 0.000000102 0.000000247 0.166566344 0.166566489
B71,9,2,0.675545,insufficient,false,0,0.205553232,0.250100750,0.000200000,28d4eb6e-90da-46f4-a0f0-3d3343a49ba3|29fd11cd-a3cf-4ead-a1d7-311dd6b8e0cf|2af5876e-26eb-4fdf-910f-dc48657c5959|2cb7d5e6-de25-45f7-9e35-f64c8fd41321|422f34a7-7ed9-4d62-a5df-8da3ca6e25e3|74f55ca7-59df-45e6-9b98-ddd52bd27669|8107a1c4-56f7-481c-87ad-c3025320316e|9867b457-c406-4955-8576-b692a26555f0|e44ffad1-8763-48b6-819d-5d2c6df576c6|f53bda1f-a118-4ee7-be66-69a82b211914,0.000000101 0.000000243 0.000000386 0.166666667 0.000000101 0.000000243 0.000000386 0.166766841 0.000000101 0.166766556 0.166766699 0.166766841 0.000000101 0.166566207 0.166566350 0.166566492 0.000000101 0.000000243 0.000000386 0.166666667 0.166566065 0.166566207 0.166566350 0.166566492
B71,10,2,0.718854,insufficient,false,0,0.159740748,0.200140800,0.000300000,28d4eb6e-90da-46f4-a0f0-3d3343a49ba3|29fd11cd-a3cf-4ead-a1d7-311dd6b8e0cf|2af5876e-26eb-4fdf-910f-dc48657c5959|2cb7d5e6-de25-45f7-9e35-f64c8fd41321|315c9dd2-fbc9-4c8c-bc7c-a4a37614dc84|422f34a7-7ed9-4d62-a5df-8da3ca6e25e3|8107a1c4-56f7-481c-87ad-c3025320316e|b8a3b8a8-105a-496f-aaff-0fc942460b0b|e44ffad1-8763-48b6-819d-5d2c6df576c6|f53bda1f-a118-4ee7-be66-69a82b211914,0.000000085 0.000000204 0.000000324 0.166683358 0.000000085 0.000000204 0.000000324 0.166783504 0.000000085 0.000000204 0.000000324 0.166583211 0.166682999 0.166683119 0.166683238 0.166683358 0.000000085 0.000000204 0.000000324 0.166683358 0.000000085 0.000000204 0.166583092 0.166583211
B71,11,2,0.718854,insufficient,false,0,0.159740666,0.200140800,0.000300000,28d4eb6e-90da-46f4-a0f0-3d3343a49ba3|29fd11cd-a3cf-4ead-a1d7-311dd6b8e0cf|2af5876e-26eb-4fdf-910f-dc48657c5959|2cb7d5e6-de25-45f7-9e35-f64c8fd41321|422f34a7-7ed9-4d62-a5df-8da3ca6e25e3|74f55ca7-59df-45e6-9b98-ddd52bd27669|8107a1c4-56f7-481c-87ad-c3025320316e|9867b457-c406-4955-8576-b692a26555f0|e44ffad1-8763-48b6-819d-5d2c6df576c6|f53bda1f-a118-4ee7-be66-69a82b211914,0.000000083 0.000000202 0.000000320 0.166716739 0.000000083 0.000000202 0.000000320 0.166816884 0.000000083 0.000000202 0.000000320 0.166516450 0.000000083 0.166616358 0.166616476 0.166616594 0.000000083 0.000000202 0.000000320 0.166716739 0.000000083 0.000000202 0.000000320 0.166616594
B71,12,2,0.718879,insufficient,false,0,0.159719825,0.200140800,0.000300000,28d4eb6e-90da-46f4-a0f0-3d3343a49ba3|29fd11cd-a3cf-4ead-a1d7-311dd6b8e0cf|2af5876e-26eb-4fdf-910f-dc48657c5959|315c9dd2-fbc9-4c8c-bc7c-a4a37614dc84|422f34a7-7ed9-4d62-a5df-8da3ca6e25e3|74f55ca7-59df-45e6-9b98-ddd52bd27669|8107a1c4-56f7-481c-87ad-c3025320316e|9867b457-c406-4955-8576-b692a26555f0|e44ffad1-8763-48b6-819d-5d2c6df576c6|f53bda1f-a118-4ee7-be66-69a82b211914,0.000000082 0.000000199 0.000000316 0.166700048 0.000000082 0.000000199 0.000000316 0.166800190 0.000000082 0.166599671 0.166599788 0.166599905 0.000000082 0.000000199 0.000000316 0.166700048 0.000000082 0.000000199 0.000000316 0.166700048 0.166499412 0.166499529 0.166499645 0.166499762
B71,13,2,0.718911,insufficient,false,0,0.159688301,0.200100800,0.000400000,28d4eb6e-90da-46f4-a0f0-3d3343a49ba3|29fd11cd-a3cf-4ead-a1d7-311dd6b8e0cf|2af5876e-26eb-4fdf-910f-dc48657c5959|422f34a7-7ed9-4d62-a5df-8da3ca6e25e3|53197803-17b8-41a3-8ba5-de1932edfb99|74f55ca7-59df-45e6-9b98-ddd52bd27669|8107a1c4-56f7-481c-87ad-c3025320316e|9867b457-c406-4955-8576-b692a26555f0|e44ffad1-8763-48b6-819d-5d2c6df576c6|f53bda1f-a118-4ee7-be66-69a82b211914,0.000000071 0.000000172 0.000000274 0.166700041 0.000000071 0.000000172 0.000000274 0.166800165 0.000000071 0.166599715 0.166599816 0.166599918 0.000000071 0.000000172 0.166699940 0.166700041 0.000000071 0.000000172 0.000000274 0.166700041 0.000000071 0.166499592 0.166499693 0.166499794
B71,14,2,0.756299,high,false,14,0.125035517,0.166817500,0.000700000,28d4eb6e-90da-46f4-a0f0-3d3343a49ba3|29fd11cd-a3cf-4ead-a1d7-311dd6b8e0cf|2af5876e-26eb-4fdf-910f-dc48657c5959|2cb7d5e6-de25-45f7-9e35-f64c8fd41321|315c9dd2-fbc9-4c8c-bc7c-a4a37614dc84|422f34a7-7ed9-4d62-a5df-8da3ca6e25e3|8107a1c4-56f7-481c-87ad-c3025320316e|b8a3b8a8-105a-496f-aaff-0fc942460b0b|e44ffad1-8763-48b6-819d-5d2c6df576c6|f53bda1f-a118-4ee7-be66-69a82b211914,0.000000052 0.000000125 0.000000198 0.166683348 0.000000052 0.000000125 0.000000198 0.166783438 0.000000052 0.000000125 0.000000198 0.166583259 0.000000052 0.000000125 0.000000198 0.166683348 0.000000052 0.000000125 0.000000198 0.166683348 0.000000052 0.000000125 0.166583186 0.166583259
B71,15,2,0.756299,high,false,15,0.125035441,0.166817500,0.000700000,28d4eb6e-90da-46f4-a0f0-3d3343a49ba3|29fd11cd-a3cf-4ead-a1d7-311dd6b8e0cf|2af5876e-26eb-4fdf-910f-dc48657c5959|2cb7d5e6-de25-45f7-9e35-f64c8fd41321|315c9dd2-fbc9-4c8c-bc7c-a4a37614dc84|422f34a7-7ed9-4d62-a5df-8da3ca6e25e3|8107a1c4-56f7-481c-87ad-c3025320316e|9867b457-c406-4955-8576-b692a26555f0|e44ffad1-8763-48b6-819d-5d2c6df576c6|f53bda1f-a118-4ee7-be66-69a82b211914,0.000000051 0.000000124 0.000000197 0.166700030 0.000000051 0.000000124 0.000000197 0.166800119 0.000000051 0.000000124 0.000000197 0.166599941 0.000000051 0.000000124 0.000000197 0.166599941 0.000000051 0.000000124 0.000000197 0.166700030 0.000000051 0.166599795 0.166599868 0.166599941
B71,16,2,0.757906,high,false,16,0.125023010,0.166817500,0.000700000,28d4eb6e-90da-46f4-a0f0-3d3343a49ba3|29fd11cd-a3cf-4ead-a1d7-311dd6b8e0cf|2af5876e-26eb-4fdf-910f-dc48657c5959|315c9dd2-fbc9-4c8c-bc7c-a4a37614dc84|422f34a7-7ed9-4d62-a5df-8da3ca6e25e3|53197803-17b8-41a3-8ba5-de1932edfb99|74f55ca7-59df-45e6-9b98-ddd52bd27669|8107a1c4-56f7-481c-87ad-c3025320316e|9867b457-c406-4955-8576-b692a26555f0|e44ffad1-8763-48b6-819d-5d2c6df576c6,0.000000051 0.166599771 0.166699957 0.166700029 0.000000051 0.000000123 0.000000195 0.166800118 0.000000051 0.000000123 0.000000195 0.166599941 0.000000051 0.000000123 0.166699957 0.166700029 0.000000051 0.000000123 0.000000195 0.166700029 0.000000051 0.000000123 0.000000195 0.166499853
B71,17,2,0.757936,high,false,17,0.125010601,0.166718500,0.000700000,28d4eb6e-90da-46f4-a0f0-3d3343a49ba3|29fd11cd-a3cf-4ead-a1d7-311dd6b8e0cf|2af5876e-26eb-4fdf-910f-dc48657c5959|315c9dd2-fbc9-4c8c-bc7c-a4a37614dc84|422f34a7-7ed9-4d62-a5df-8da3ca6e25e3|74f55ca7-59df-45e6-9b98-ddd52bd27669|8107a1c4-56f7-481c-87ad-c3025320316e|9867b457-c406-4955-8576-b692a26555f0|e44ffad1-8763-48b6-819d-5d2c6df576c6|f53bda1f-a118-4ee7-be66-69a82b211914,0.000000051 0.000000122 0.166699958 0.166700029 0.000000051 0.166799974 0.166800045 0.166800117 0.000000051 0.000000122 0.000000194 0.166599941 0.000000051 0.000000122 0.000000194 0.166599941 0.000000076 0.000000148 0.166699958 0.166700029 0.000000051 0.000000122 0.166599870 0.166599941
B71,18,2,0.757969,high,false,17,0.124998208,0.166718500,0.000700000,28d4eb6e-90da-46f4-a0f0-3d3343a49ba3|29fd11cd-a3cf-4ead-a1d7-311dd6b8e0cf|2af5876e-26eb-4fdf-910f-dc48657c5959|315c9dd2-fbc9-4c8c-bc7c-a4a37614dc84|422f34a7-7ed9-4d62-a5df-8da3ca6e25e3|74f55ca7-59df-45e6-9b98-ddd52bd27669|8107a1c4-56f7-481c-87ad-c3025320316e|9867b457-c406-4955-8576-b692a26555f0|e44ffad1-8763-48b6-819d-5d2c6df576c6|f53bda1f-a118-4ee7-be66-69a82b211914,0.000000050 0.000000122 0.166699958 0.166700029 0.000000050 0.166599799 0.166800045 0.166800116 0.000000050 0.000000122 0.000000193 0.166599942 0.000000050 0.166599799 0.166599870 0.166599942 0.000000050 0.000000122 0.166499758 0.166700029 0.000000050 0.000000122 0.166599870 0.166599942
B71,19,2,0.759578,high,false,17,0.124985819,0.166718500,0.000700000,28d4eb6e-90da-46f4-a0f0-3d3343a49ba3|29fd11cd-a3cf-4ead-a1d7-311dd6b8e0cf|2af5876e-26eb-4fdf-910f-dc48657c5959|315c9dd2-fbc9-4c8c-bc7c-a4a37614dc84|422f34a7-7ed9-4d62-a5df-8da3ca6e25e3|74f55ca7-59df-45e6-9b98-ddd52bd27669|8107a1c4-56f7-481c-87ad-c3025320316e|9867b457-c406-4955-8576-b692a26555f0|e44ffad1-8763-48b6-819d-5d2c6df576c6|f53bda1f-a118-4ee7-be66-69a82b211914,0.000000050 0.000000121 0.166699958 0.166700029 0.000000050 0.166599800 0.166800045 0.166800116 0.000000050 0.000000121 0.000100279 0.166599942 0.000000050 0.166599800 0.166599871 0.166599942 0.000000050 0.000200320 0.166699958 0.166700029 0.000000050 0.166599800 0.166599871 0.166599942
B71,20,2,0.759987,high,false,20,0.124977486,0.166718500,0.000700000,28d4eb6e-90da-46f4-a0f0-3d3343a49ba3|29fd11cd-a3cf-4ead-a1d7-311dd6b8e0cf|2af5876e-26eb-4fdf-910f-dc48657c5959|2cb7d5e6-de25-45f7-9e35-f64c8fd41321|315c9dd2-fbc9-4c8c-bc7c-a4a37614dc84|422f34a7-7ed9-4d62-a5df-8da3ca6e25e3|74f55ca7-59df-45e6-9b98-ddd52bd27669|8107a1c4-56f7-481c-87ad-c3025320316e|e44ffad1-8763-48b6-819d-5d2c6df576c6|f53bda1f-a118-4ee7-be66-69a82b211914,0.000000050 0.166616457 0.166716639 0.166716710 0.000000050 0.000100232 0.000100302 0.166816796 0.000000050 0.000000120 0.166516416 0.166616623 0.166516301 0.166616483 0.166616553 0.166616623 0.000000050 0.166616457 0.166616528 0.166716710 0.000000050 0.000000120 0.000000191 0.166516537
B71,21,2,0.760084,high,false,21,0.124931681,0.166618500,0.000700000,28d4eb6e-90da-46f4-a0f0-3d3343a49ba3|29fd11cd-a3cf-4ead-a1d7-311dd6b8e0cf|2af5876e-26eb-4fdf-910f-dc48657c5959|2cb7d5e6-de25-45f7-9e35-f64c8fd41321|315c9dd2-fbc9-4c8c-bc7c-a4a37614dc84|422f34a7-7ed9-4d62-a5df-8da3ca6e25e3|74f55ca7-59df-45e6-9b98-ddd52bd27669|8107a1c4-56f7-481c-87ad-c3025320316e|9867b457-c406-4955-8576-b692a26555f0|e44ffad1-8763-48b6-819d-5d2c6df576c6,0.000000050 0.083299961 0.166699959 0.166700029 0.000000050 0.083500158 0.166800044 0.166800114 0.000000050 0.000000120 0.083099810 0.166599943 0.000000050 0.083500158 0.166599873 0.166599943 0.000000050 0.083199850 0.166599848 0.166700029 0.166599732 0.166599803 0.166599873 0.166599943
B71,22,2,0.760104,high,false,22,0.124915028,0.166618500,0.000700000,28d4eb6e-90da-46f4-a0f0-3d3343a49ba3|29fd11cd-a3cf-4ead-a1d7-311dd6b8e0cf|2af5876e-26eb-4fdf-910f-dc48657c5959|2cb7d5e6-de25-45f7-9e35-f64c8fd41321|315c9dd2-fbc9-4c8c-bc7c-a4a37614dc84|422f34a7-7ed9-4d62-a5df-8da3ca6e25e3|53197803-17b8-41a3-8ba5-de1932edfb99|74f55ca7-59df-45e6-9b98-ddd52bd27669|8107a1c4-56f7-481c-87ad-c3025320316e|e44ffad1-8763-48b6-819d-5d2c6df576c6,0.000000049 0.166482988 0.166583168 0.166683348 0.000000049 0.000200340 0.000200409 0.166783433 0.000000049 0.000000119 0.166282837 0.166583262 0.000000049 0.000200340 0.166683278 0.166683348 0.000000049 0.166382877 0.166483057 0.166683348 0.000000049 0.000000119 0.000000189 0.166583262
B71,23,2,0.760135,high,false,23,0.124898417,0.166617333,0.000700000,28d4eb6e-90da-46f4-a0f0-3d3343a49ba3|29fd11cd-a3cf-4ead-a1d7-311dd6b8e0cf|2af5876e-26eb-4fdf-910f-dc48657c5959|2cb7d5e6-de25-45f7-9e35-f64c8fd41321|315c9dd2-fbc9-4c8c-bc7c-a4a37614dc84|422f34a7-7ed9-4d62-a5df-8da3ca6e25e3|74f55ca7-59df-45e6-9b98-ddd52bd27669|8107a1c4-56f7-481c-87ad-c3025320316e|e44ffad1-8763-48b6-819d-5d2c6df576c6|f53bda1f-a118-4ee7-be66-69a82b211914,0.000000049 0.166482989 0.166583168 0.166683347 0.000100134 0.000300423 0.000300492 0.166783432 0.000000049 0.000000118 0.166282839 0.166583263 0.000000049 0.166683209 0.166683278 0.166683347 0.000000049 0.166382880 0.166483059 0.166683347 0.000000049 0.000000118 0.000000188 0.166583263
B71,24,2,0.760158,high,false,23,0.124886007,0.166617333,0.000700000,28d4eb6e-90da-46f4-a0f0-3d3343a49ba3|29fd11cd-a3cf-4ead-a1d7-311dd6b8e0cf|2af5876e-26eb-4fdf-910f-dc48657c5959|2cb7d5e6-de25-45f7-9e35-f64c8fd41321|315c9dd2-fbc9-4c8c-bc7c-a4a37614dc84|422f34a7-7ed9-4d62-a5df-8da3ca6e25e3|74f55ca7-59df-45e6-9b98-ddd52bd27669|8107a1c4-56f7-481c-87ad-c3025320316e|e44ffad1-8763-48b6-819d-5d2c6df576c6|f53bda1f-a118-4ee7-be66-69a82b211914,0.000000049 0.166482991 0.166583169 0.166683347 0.166583007 0.166783294 0.166783363 0.166783432 0.166482922 0.166482991 0.166483060 0.166583263 0.000000049 0.166683209 0.166683278 0.166683347 0.000000049 0.166382882 0.166483060 0.166683347 0.000000049 0.000000118 0.000100296 0.166583263
B71,25,2,0.760188,high,false,25,0.124869354,0.166617333,0.000700000,28d4eb6e-90da-46f4-a0f0-3d3343a49ba3|29fd11cd-a3cf-4ead-a1d7-311dd6b8e0cf|2af5876e-26eb-4fdf-910f-dc48657c5959|315c9dd2-fbc9-4c8c-bc7c-a4a37614dc84|422f34a7-7ed9-4d62-a5df-8da3ca6e25e3|74f55ca7-59df-45e6-9b98-ddd52bd27669|8107a1c4-56f7-481c-87ad-c3025320316e|9867b457-c406-4955-8576-b692a26555f0|e44ffad1-8763-48b6-819d-5d2c6df576c6|f53bda1f-a118-4ee7-be66-69a82b211914,0.000000049 0.000000117 0.000300512 0.166683347 0.000100133 0.166683185 0.166683254 0.166783431 0.000000049 0.000000117 0.000000186 0.166583263 0.000000049 0.166683210 0.166683279 0.166683347 0.000000049 0.000100226 0.000200403 0.166683347 0.000000049 0.166483017 0.166583195 0.166583263
B71,26,2,0.760206,high,false,26,0.124869313,0.166617333,0.000700000,28d4eb6e-90da-46f4-a0f0-3d3343a49ba3|29fd11cd-a3cf-4ead-a1d7-311dd6b8e0cf|2af5876e-26eb-4fdf-910f-dc48657c5959|2cb7d5e6-de25-45f7-9e35-f64c8fd41321|315c9dd2-fbc9-4c8c-bc7c-a4a37614dc84|422f34a7-7ed9-4d62-a5df-8da3ca6e25e3|74f55ca7-59df-45e6-9b98-ddd52bd27669|8107a1c4-56f7-481c-87ad-c3025320316e|9867b457-c406-4955-8576-b692a26555f0|e44ffad1-8763-48b6-819d-5d2c6df576c6,0.000000048 0.000200333 0.083400126 0.166700028 0.000100132 0.083400034 0.166499719 0.166800112 0.000000048 0.000000117 0.000000185 0.166599944 0.083399990 0.166699891 0.166699960 0.166700028 0.000000048 0.000100225 0.083300018 0.166700028 0.000000048 0.166399616 0.166499792 0.166499860
B71,27,2,0.761024,high,false,27,0.124856837,0.166617333,0.000700000,28d4eb6e-90da-46f4-a0f0-3d3343a49ba3|29fd11cd-a3cf-4ead-a1d7-311dd6b8e0cf|2af5876e-26eb-4fdf-910f-dc48657c5959|2cb7d5e6-de25-45f7-9e35-f64c8fd41321|315c9dd2-fbc9-4c8c-bc7c-a4a37614dc84|422f34a7-7ed9-4d62-a5df-8da3ca6e25e3|74f55ca7-59df-45e6-9b98-ddd52bd27669|8107a1c4-56f7-481c-87ad-c3025320316e|e44ffad1-8763-48b6-819d-5d2c6df576c6|f53bda1f-a118-4ee7-be66-69a82b211914,0.000000048 0.055600077 0.166599852 0.166700028 0.000100131 0.055700161 0.111099974 0.166800111 0.000000048 0.000000116 0.110899784 0.166599944 0.000000048 0.111099931 0.166599876 0.166599944 0.000000048 0.110999823 0.166499745 0.166700028 0.000000048 0.000000116 0.110999891 0.166599944
B71,28,2,0.761880,high,false,27,0.124844378,0.166617333,0.000700000,28d4eb6e-90da-46f4-a0f0-3d3343a49ba3|29fd11cd-a3cf-4ead-a1d7-311dd6b8e0cf|2af5876e-26eb-4fdf-910f-dc48657c5959|2cb7d5e6-de25-45f7-9e35-f64c8fd41321|315c9dd2-fbc9-4c8c-bc7c-a4a37614dc84|422f34a7-7ed9-4d62-a5df-8da3ca6e25e3|74f55ca7-59df-45e6-9b98-ddd52bd27669|8107a1c4-56f7-481c-87ad-c3025320316e|e44ffad1-8763-48b6-819d-5d2c6df576c6|f53bda1f-a118-4ee7-be66-69a82b211914,0.000000048 0.000000116 0.166583172 0.166683347 0.000100131 0.083491800 0.166683255 0.166783430 0.000000048 0.000000116 0.083091464 0.166583264 0.000000048 0.166683212 0.166683279 0.166683347 0.000000048 0.083191503 0.166483065 0.166683347 0.000000048 0.000100223 0.166483089 0.166583264
B71,29,3,0.763462,high,false,27,0.124844378,0.166617333,0.000700000,28d4eb6e-90da-46f4-a0f0-3d3343a49ba3|29fd11cd-a3cf-4ead-a1d7-311dd6b8e0cf|2af5876e-26eb-4fdf-910f-dc48657c5959|2cb7d5e6-de25-45f7-9e35-f64c8fd41321|315c9dd2-fbc9-4c8c-bc7c-a4a37614dc84|422f34a7-7ed9-4d62-a5df-8da3ca6e25e3|74f55ca7-59df-45e6-9b98-ddd52bd27669|8107a1c4-56f7-481c-87ad-c3025320316e|e44ffad1-8763-48b6-819d-5d2c6df576c6|f53bda1f-a118-4ee7-be66-69a82b211914,0.000000048 0.083174836 0.124937442 0.166700028 0.000100130 0.041912779 0.083525215 0.166800110 0.000000048 0.000000115 0.083024754 0.166599945 0.000000048 0.041862760 0.125037548 0.166700028 0.000000048 0.083124793 0.124837335 0.166700028 0.000000048 0.000100222 0.083224967 0.166499862
B71,30,3,0.779717,high,false,30,0.124836066,0.166617333,0.000700000,28d4eb6e-90da-46f4-a0f0-3d3343a49ba3|29fd11cd-a3cf-4ead-a1d7-311dd6b8e0cf|2af5876e-26eb-4fdf-910f-dc48657c5959|2cb7d5e6-de25-45f7-9e35-f64c8fd41321|315c9dd2-fbc9-4c8c-bc7c-a4a37614dc84|422f34a7-7ed9-4d62-a5df-8da3ca6e25e3|74f55ca7-59df-45e6-9b98-ddd52bd27669|8107a1c4-56f7-481c-87ad-c3025320316e|9867b457-c406-4955-8576-b692a26555f0|e44ffad1-8763-48b6-819d-5d2c6df576c6,0.000000047 0.055527743 0.111105555 0.166683347 0.000100130 0.055727985 0.111155627 0.166783429 0.000000047 0.000000115 0.055377661 0.166583265 0.000000047 0.055677965 0.111205661 0.166683347 0.000000047 0.055477700 0.111005449 0.166683347 0.055377637 0.055477810 0.110955463 0.166583265
B71,31,3,0.780513,high,false,31,0.124836066,0.166617333,0.000700000,28d4eb6e-90da-46f4-a0f0-3d3343a49ba3|29fd11cd-a3cf-4ead-a1d7-311dd6b8e0cf|2af5876e-26eb-4fdf-910f-dc48657c5959|2cb7d5e6-de25-45f7-9e35-f64c8fd41321|422f34a7-7ed9-4d62-a5df-8da3ca6e25e3|74f55ca7-59df-45e6-9b98-ddd52bd27669|8107a1c4-56f7-481c-87ad-c3025320316e|b8a3b8a8-105a-496f-aaff-0fc942460b0b|e44ffad1-8763-48b6-819d-5d2c6df576c6|f53bda1f-a118-4ee7-be66-69a82b211914,0.000000047 0.083241568 0.083341740 0.166683347 0.000100129 0.000400485 0.000400552 0.166783429 0.000000047 0.000000114 0.082941345 0.166583265 0.000000047 0.083441779 0.083441846 0.166683347 0.000000047 0.083041384 0.083241635 0.166683347 0.083341583 0.083441756 0.166483093 0.166583265
B71,32,3,0.784081,high,false,32,0.124831878,0.166617333,0.000700000,28d4eb6e-90da-46f4-a0f0-3d3343a49ba3|29fd11cd-a3cf-4ead-a1d7-311dd6b8e0cf|2af5876e-26eb-4fdf-910f-dc48657c5959|2cb7d5e6-de25-45f7-9e35-f64c8fd41321|315c9dd2-fbc9-4c8c-bc7c-a4a37614dc84|422f34a7-7ed9-4d62-a5df-8da3ca6e25e3|74f55ca7-59df-45e6-9b98-ddd52bd27669|8107a1c4-56f7-481c-87ad-c3025320316e|b8a3b8a8-105a-496f-aaff-0fc942460b0b|e44ffad1-8763-48b6-819d-5d2c6df576c6,0.000000047 0.110983107 0.111083322 0.166700027 0.000100129 0.055716877 0.055716944 0.166800109 0.000000047 0.000000114 0.055366535 0.166599946 0.000000047 0.055616796 0.111083345 0.166599946 0.000150137 0.055616663 0.111133306 0.166700027 0.055466593 0.055566764 0.111033291 0.166599946
B71,33,3,0.784878,high,false,33,0.124831858,0.166617333,0.000700000,28d4eb6e-90da-46f4-a0f0-3d3343a49ba3|29fd11cd-a3cf-4ead-a1d7-311dd6b8e0cf|2af5876e-26eb-4fdf-910f-dc48657c5959|2cb7d5e6-de25-45f7-9e35-f64c8fd41321|422f34a7-7ed9-4d62-a5df-8da3ca6e25e3|74f55ca7-59df-45e6-9b98-ddd52bd27669|8107a1c4-56f7-481c-87ad-c3025320316e|b8a3b8a8-105a-496f-aaff-0fc942460b0b|e44ffad1-8763-48b6-819d-5d2c6df576c6|f53bda1f-a118-4ee7-be66-69a82b211914,0.041570753 0.041570820 0.083441840 0.166683347 0.000100128 0.000300404 0.000300470 0.166783428 0.000000047 0.000000113 0.000000179 0.166583266 0.000000047 0.124912384 0.124912450 0.166683347 0.000000047 0.041670858 0.041771029 0.166683347 0.083241483 0.166382923 0.166483095 0.166583266
B71,34,3,0.790638,high,false,34,0.124821451,0.166617333,0.000700000,28d4eb6e-90da-46f4-a0f0-3d3343a49ba3|29fd11cd-a3cf-4ead-a1d7-311dd6b8e0cf|2af5876e-26eb-4fdf-910f-dc48657c5959|2cb7d5e6-de25-45f7-9e35-f64c8fd41321|315c9dd2-fbc9-4c8c-bc7c-a4a37614dc84|422f34a7-7ed9-4d62-a5df-8da3ca6e25e3|74f55ca7-59df-45e6-9b98-ddd52bd27669|8107a1c4-56f7-481c-87ad-c3025320316e|9867b457-c406-4955-8576-b692a26555f0|e44ffad1-8763-48b6-819d-5d2c6df576c6,0.033103127 0.066666633 0.133193158 0.166716707 0.000100128 0.066726757 0.133153178 0.166816788 0.000000047 0.000000113 0.033303398 0.166616626 0.000060101 0.066686731 0.133193181 0.166616626 0.000060063 0.033463452 0.099989977 0.166716707 0.033363429 0.066506601 0.099909991 0.166516545
B71,35,3,0.790638,high,false,34,0.124821451,0.166617333,0.000700000,28d4eb6e-90da-46f4-a0f0-3d3343a49ba3|29fd11cd-a3cf-4ead-a1d7-311dd6b8e0cf|2af5876e-26eb-4fdf-910f-dc48657c5959|2cb7d5e6-de25-45f7-9e35-f64c8fd41321|315c9dd2-fbc9-4c8c-bc7c-a4a37614dc84|422f34a7-7ed9-4d62-a5df-8da3ca6e25e3|74f55ca7-59df-45e6-9b98-ddd52bd27669|8107a1c4-56f7-481c-87ad-c3025320316e|9867b457-c406-4955-8576-b692a26555f0|e44ffad1-8763-48b6-819d-5d2c6df576c6,0.000000047 0.061442113 0.131547289 0.166700027 0.035052591 0.105257871 0.105257937 0.166800107 0.000000047 0.000000112 0.026289553 0.166599946 0.000000047 0.070205326 0.157736630 0.166700027 0.008863232 0.035252777 0.105357952 0.166700027 0.026189449 0.052478913 0.078868458 0.166499866
B71,36,3,0.794599,high,false,36,0.124821451,0.166617333,0.000700000,28d4eb6e-90da-46f4-a0f0-3d3343a49ba3|29fd11cd-a3cf-4ead-a1d7-311dd6b8e0cf|2af5876e-26eb-4fdf-910f-dc48657c5959|315c9dd2-fbc9-4c8c-bc7c-a4a37614dc84|422f34a7-7ed9-4d62-a5df-8da3ca6e25e3|74f55ca7-59df-45e6-9b98-ddd52bd27669|8107a1c4-56f7-481c-87ad-c3025320316e|9867b457-c406-4955-8576-b692a26555f0|e44ffad1-8763-48b6-819d-5d2c6df576c6|f53bda1f-a118-4ee7-be66-69a82b211914,0.041683309 0.041683374 0.104208431 0.166683347 0.020991748 0.062575103 0.062575169 0.166783427 0.020891668 0.062424896 0.083266560 0.166583266 0.041633186 0.104258347 0.145691518 0.166683347 0.000000046 0.020941814 0.062425065 0.166683347 0.062474892 0.104108224 0.125049992 0.166583266
B71,37,3,0.805409,high,false,37,0.124808986,0.166617333,0.000700000,28d4eb6e-90da-46f4-a0f0-3d3343a49ba3|29fd11cd-a3cf-4ead-a1d7-311dd6b8e0cf|2af5876e-26eb-4fdf-910f-dc48657c5959|2cb7d5e6-de25-45f7-9e35-f64c8fd41321|422f34a7-7ed9-4d62-a5df-8da3ca6e25e3|74f55ca7-59df-45e6-9b98-ddd52bd27669|8107a1c4-56f7-481c-87ad-c3025320316e|b8a3b8a8-105a-496f-aaff-0fc942460b0b|e44ffad1-8763-48b6-819d-5d2c6df576c6|f53bda1f-a118-4ee7-be66-69a82b211914,0.000000046 0.095157012 0.095257180 0.166700027 0.000100126 0.000300398 0.000300463 0.166800107 0.000000046 0.047528494 0.047628639 0.166599947 0.000000046 0.142785544 0.142785609 0.166700027 0.071342636 0.095156970 0.095257138 0.166700027 0.000000154 0.047628704 0.166399698 0.166499867
B71,38,3,0.820032,high,false,38,0.119036714,0.166617333,0.000700000,28d4eb6e-90da-46f4-a0f0-3d3343a49ba3|29fd11cd-a3cf-4ead-a1d7-311dd6b8e0cf|2af5876e-26eb-4fdf-910f-dc48657c5959|2cb7d5e6-de25-45f7-9e35-f64c8fd41321|315c9dd2-fbc9-4c8c-bc7c-a4a37614dc84|422f34a7-7ed9-4d62-a5df-8da3ca6e25e3|74f55ca7-59df-45e6-9b98-ddd52bd27669|8107a1c4-56f7-481c-87ad-c3025320316e|e44ffad1-8763-48b6-819d-5d2c6df576c6|f53bda1f-a118-4ee7-be66-69a82b211914,0.047599922 0.047599982 0.118999969 0.166700032 0.000300233 0.047800198 0.095099974 0.166800105 0.000200160 0.024000178 0.047800166 0.166599959 0.023799943 0.095300024 0.118999990 0.166599959 0.000000042 0.023900124 0.071299994 0.166700032 0.047699996 0.071600108 0.142799852 0.166599912
B71,39,3,0.832872,high,false,38,0.115463299,0.166617333,0.000700000,28d4eb6e-90da-46f4-a0f0-3d3343a49ba3|29fd11cd-a3cf-4ead-a1d7-311dd6b8e0cf|2af5876e-26eb-4fdf-910f-dc48657c5959|2cb7d5e6-de25-45f7-9e35-f64c8fd41321|315c9dd2-fbc9-4c8c-bc7c-a4a37614dc84|422f34a7-7ed9-4d62-a5df-8da3ca6e25e3|74f55ca7-59df-45e6-9b98-ddd52bd27669|8107a1c4-56f7-481c-87ad-c3025320316e|e44ffad1-8763-48b6-819d-5d2c6df576c6|f53bda1f-a118-4ee7-be66-69a82b211914,0.068464534 0.078188044 0.117582332 0.166700022 0.010023716 0.049217844 0.049217898 0.166800088 0.009923650 0.039294237 0.068664755 0.166599956 0.039093982 0.078588355 0.117582351 0.166599956 0.000000038 0.048917612 0.049017751 0.166700022 0.068564600 0.098035272 0.127505875 0.166599956
B71,40,3,0.835988,high,false,40,0.115462873,0.166617333,0.000700000,28d4eb6e-90da-46f4-a0f0-3d3343a49ba3|29fd11cd-a3cf-4ead-a1d7-311dd6b8e0cf|2af5876e-26eb-4fdf-910f-dc48657c5959|2cb7d5e6-de25-45f7-9e35-f64c8fd41321|315c9dd2-fbc9-4c8c-bc7c-a4a37614dc84|422f34a7-7ed9-4d62-a5df-8da3ca6e25e3|74f55ca7-59df-45e6-9b98-ddd52bd27669|8107a1c4-56f7-481c-87ad-c3025320316e|9867b457-c406-4955-8576-b692a26555f0|e44ffad1-8763-48b6-819d-5d2c6df576c6,0.000000038 0.056791967 0.113884120 0.166700022 0.000100104 0.070221103 0.100555076 0.166800088 0.000000038 0.030634205 0.048039372 0.166599956 0.000000038 0.057192276 0.122636761 0.166700022 0.000000038 0.039486885 0.069920944 0.166700022 0.052715817 0.083450070 0.100955321 0.166499890
B71,41,3,0.871645,veryHigh,false,41,0.100971041,0.166509250,0.000700000,28d4eb6e-90da-46f4-a0f0-3d3343a49ba3|29fd11cd-a3cf-4ead-a1d7-311dd6b8e0cf|2af5876e-26eb-4fdf-910f-dc48657c5959|315c9dd2-fbc9-4c8c-bc7c-a4a37614dc84|422f34a7-7ed9-4d62-a5df-8da3ca6e25e3|74f55ca7-59df-45e6-9b98-ddd52bd27669|8107a1c4-56f7-481c-87ad-c3025320316e|9867b457-c406-4955-8576-b692a26555f0|e44ffad1-8763-48b6-819d-5d2c6df576c6|f53bda1f-a118-4ee7-be66-69a82b211914,0.036938803 0.073927662 0.111116709 0.166700022 0.000100103 0.074378019 0.074378072 0.166800087 0.000000038 0.037038922 0.055483316 0.166599956 0.018344300 0.055633431 0.129561088 0.166700022 0.018694577 0.055583353 0.092772400 0.166700022 0.036788689 0.073927670 0.092472149 0.166499891
B71,42,3,0.874154,veryHigh,false,41,0.100479516,0.166509250,0.000700000,28d4eb6e-90da-46f4-a0f0-3d3343a49ba3|29fd11cd-a3cf-4ead-a1d7-311dd6b8e0cf|2af5876e-26eb-4fdf-910f-dc48657c5959|315c9dd2-fbc9-4c8c-bc7c-a4a37614dc84|422f34a7-7ed9-4d62-a5df-8da3ca6e25e3|74f55ca7-59df-45e6-9b98-ddd52bd27669|8107a1c4-56f7-481c-87ad-c3025320316e|9867b457-c406-4955-8576-b692a26555f0|e44ffad1-8763-48b6-819d-5d2c6df576c6|f53bda1f-a118-4ee7-be66-69a82b211914,0.039942945 0.066629961 0.126656992 0.166700022 0.000100103 0.086814093 0.140012988 0.166800087 0.000000038 0.026712070 0.053273973 0.166599956 0.006527888 0.066655004 0.126657011 0.166599956 0.006853158 0.040168142 0.093467120 0.166700022 0.033189891 0.079835877 0.106497865 0.166599956
B71,43,3,0.922667,veryHigh,false,43,0.063962117,0.165302500,0.000700000,28d4eb6e-90da-46f4-a0f0-3d3343a49ba3|29fd11cd-a3cf-4ead-a1d7-311dd6b8e0cf|2af5876e-26eb-4fdf-910f-dc48657c5959|2cb7d5e6-de25-45f7-9e35-f64c8fd41321|315c9dd2-fbc9-4c8c-bc7c-a4a37614dc84|422f34a7-7ed9-4d62-a5df-8da3ca6e25e3|74f55ca7-59df-45e6-9b98-ddd52bd27669|8107a1c4-56f7-481c-87ad-c3025320316e|9867b457-c406-4955-8576-b692a26555f0|e44ffad1-8763-48b6-819d-5d2c6df576c6,0.000000038 0.070605237 0.095594405 0.166700022 0.000100103 0.061922385 0.086811469 0.166800087 0.000000038 0.006322384 0.037433723 0.166599957 0.024989152 0.068144686 0.132827891 0.166599957 0.012844862 0.049577949 0.074567117 0.166700022 0.058260774 0.070605245 0.101816667 0.166599957
B71,44,3,0.924836,veryHigh,false,44,0.062949242,0.165302500,0.000700000,28d4eb6e-90da-46f4-a0f0-3d3343a49ba3|29fd11cd-a3cf-4ead-a1d7-311dd6b8e0cf|2af5876e-26eb-4fdf-910f-dc48657c5959|315c9dd2-fbc9-4c8c-bc7c-a4a37614dc84|422f34a7-7ed9-4d62-a5df-8da3ca6e25e3|74f55ca7-59df-45e6-9b98-ddd52bd27669|8107a1c4-56f7-481c-87ad-c3025320316e|9867b457-c406-4955-8576-b692a26555f0|e44ffad1-8763-48b6-819d-5d2c6df576c6|f53bda1f-a118-4ee7-be66-69a82b211914,0.037012939 0.069655707 0.118277977 0.166700022 0.000100102 0.077795531 0.124332733 0.166800087 0.000000037 0.017764243 0.044852576 0.166599957 0.009524289 0.058246643 0.125817335 0.166700022 0.011809408 0.042667457 0.089304744 0.166700022 0.036512591 0.071640699 0.098829116 0.166499892
B71,45,3,0.924932,veryHigh,false,45,0.062854695,0.165302500,0.000700000,28d4eb6e-90da-46f4-a0f0-3d3343a49ba3|29fd11cd-a3cf-4ead-a1d7-311dd6b8e0cf|2af5876e-26eb-4fdf-910f-dc48657c5959|2cb7d5e6-de25-45f7-9e35-f64c8fd41321|315c9dd2-fbc9-4c8c-bc7c-a4a37614dc84|422f34a7-7ed9-4d62-a5df-8da3ca6e25e3|74f55ca7-59df-45e6-9b98-ddd52bd27669|8107a1c4-56f7-481c-87ad-c3025320316e|9867b457-c406-4955-8576-b692a26555f0|e44ffad1-8763-48b6-819d-5d2c6df576c6,0.000000037 0.081501597 0.095151995 0.166683344 0.000300223 0.061861454 0.075411769 0.166783409 0.000200158 0.006490276 0.038140868 0.166583279 0.026230434 0.068921431 0.133192692 0.166683344 0.013650308 0.049951089 0.075311632 0.166683344 0.057881060 0.069791459 0.101542135 0.166583279
B71,46,3,0.926785,veryHigh,false,46,0.062189321,0.164005500,0.000700000,28d4eb6e-90da-46f4-a0f0-3d3343a49ba3|29fd11cd-a3cf-4ead-a1d7-311dd6b8e0cf|2af5876e-26eb-4fdf-910f-dc48657c5959|315c9dd2-fbc9-4c8c-bc7c-a4a37614dc84|422f34a7-7ed9-4d62-a5df-8da3ca6e25e3|74f55ca7-59df-45e6-9b98-ddd52bd27669|8107a1c4-56f7-481c-87ad-c3025320316e|9867b457-c406-4955-8576-b692a26555f0|e44ffad1-8763-48b6-819d-5d2c6df576c6|f53bda1f-a118-4ee7-be66-69a82b211914,0.031045481 0.061540485 0.118417134 0.166716699 0.000300223 0.074881380 0.114453863 0.166816764 0.000200158 0.022168173 0.044186253 0.166616634 0.000250225 0.057226957 0.122780705 0.166616634 0.004713869 0.039622488 0.079295055 0.166716699 0.043485650 0.078744575 0.100862739 0.166516570
B71,47,3,0.928784,veryHigh,false,46,0.061107304,0.164005500,0.000700000,28d4eb6e-90da-46f4-a0f0-3d3343a49ba3|29fd11cd-a3cf-4ead-a1d7-311dd6b8e0cf|2af5876e-26eb-4fdf-910f-dc48657c5959|315c9dd2-fbc9-4c8c-bc7c-a4a37614dc84|422f34a7-7ed9-4d62-a5df-8da3ca6e25e3|74f55ca7-59df-45e6-9b98-ddd52bd27669|8107a1c4-56f7-481c-87ad-c3025320316e|9867b457-c406-4955-8576-b692a26555f0|e44ffad1-8763-48b6-819d-5d2c6df576c6|f53bda1f-a118-4ee7-be66-69a82b211914,0.028859702 0.062812035 0.115138721 0.166700021 0.013181660 0.082251955 0.132747670 0.166800086 0.000200158 0.027228930 0.047234130 0.166599957 0.007889025 0.066373860 0.133413017 0.166700021 0.011550954 0.042906919 0.093502716 0.166700021 0.039910300 0.079255371 0.099360653 0.166499893
B71,48,3,0.941169,veryHigh,false,46,0.048997081,0.123753250,0.000700000,28d4eb6e-90da-46f4-a0f0-3d3343a49ba3|29fd11cd-a3cf-4ead-a1d7-311dd6b8e0cf|2af5876e-26eb-4fdf-910f-dc48657c5959|315c9dd2-fbc9-4c8c-bc7c-a4a37614dc84|422f34a7-7ed9-4d62-a5df-8da3ca6e25e3|74f55ca7-59df-45e6-9b98-ddd52bd27669|8107a1c4-56f7-481c-87ad-c3025320316e|9867b457-c406-4955-8576-b692a26555f0|e44ffad1-8763-48b6-819d-5d2c6df576c6|f53bda1f-a118-4ee7-be66-69a82b211914,0.043199653 0.065012135 0.118304127 0.166687515 0.005108680 0.075229548 0.120132118 0.166787574 0.005008622 0.023390315 0.048358418 0.166587456 0.013272916 0.066664984 0.123362772 0.166687515 0.010142355 0.040144108 0.085146754 0.166687515 0.038216018 0.073301489 0.098369668 0.166562424
B71,49,3,0.943630,veryHigh,false,46,0.047463632,0.123753250,0.000700000,28d4eb6e-90da-46f4-a0f0-3d3343a49ba3|29fd11cd-a3cf-4ead-a1d7-311dd6b8e0cf|2af5876e-26eb-4fdf-910f-dc48657c5959|315c9dd2-fbc9-4c8c-bc7c-a4a37614dc84|422f34a7-7ed9-4d62-a5df-8da3ca6e25e3|74f55ca7-59df-45e6-9b98-ddd52bd27669|8107a1c4-56f7-481c-87ad-c3025320316e|9867b457-c406-4955-8576-b692a26555f0|e44ffad1-8763-48b6-819d-5d2c6df576c6|f53bda1f-a118-4ee7-be66-69a82b211914,0.032089225 0.060056054 0.114458700 0.166700020 0.002361403 0.076816096 0.113327961 0.166800078 0.002261344 0.025605371 0.046688019 0.166599961 0.008845284 0.063348006 0.128857315 0.166599961 0.010176130 0.039073481 0.086792109 0.166700020 0.042065206 0.079807852 0.100990576 0.166599961
B71,50,4,0.946029,veryHigh,false,46,0.045689745,0.108755333,0.000700000,28d4eb6e-90da-46f4-a0f0-3d3343a49ba3|29fd11cd-a3cf-4ead-a1d7-311dd6b8e0cf|2af5876e-26eb-4fdf-910f-dc48657c5959|315c9dd2-fbc9-4c8c-bc7c-a4a37614dc84|422f34a7-7ed9-4d62-a5df-8da3ca6e25e3|74f55ca7-59df-45e6-9b98-ddd52bd27669|8107a1c4-56f7-481c-87ad-c3025320316e|9867b457-c406-4955-8576-b692a26555f0|e44ffad1-8763-48b6-819d-5d2c6df576c6|f53bda1f-a118-4ee7-be66-69a82b211914,0.019311799 0.073844206 0.111366907 0.166700020 0.000300202 0.074444687 0.084551108 0.166800078 0.000200143 0.027816646 0.055533236 0.166599961 0.009205537 0.064838904 0.129377581 0.166700020 0.018410972 0.046227692 0.092555483 0.166700020 0.036822099 0.065039124 0.092855789 0.166499902
B71,51,4,0.960492,veryHigh,false,46,0.034365527,0.080456517,0.000700000,28d4eb6e-90da-46f4-a0f0-3d3343a49ba3|29fd11cd-a3cf-4ead-a1d7-311dd6b8e0cf|2af5876e-26eb-4fdf-910f-dc48657c5959|315c9dd2-fbc9-4c8c-bc7c-a4a37614dc84|422f34a7-7ed9-4d62-a5df-8da3ca6e25e3|74f55ca7-59df-45e6-9b98-ddd52bd27669|8107a1c4-56f7-481c-87ad-c3025320316e|9867b457-c406-4955-8576-b692a26555f0|e44ffad1-8763-48b6-819d-5d2c6df576c6|f53bda1f-a118-4ee7-be66-69a82b211914,0.045173241 0.066058350 0.121590742 0.166713923 0.003736578 0.076600961 0.121607399 0.166813981 0.003636519 0.024421556 0.048726348 0.166613864 0.007006191 0.062638658 0.121590759 0.166613864 0.010642721 0.041853633 0.086960147 0.166713923 0.034630612 0.076250681 0.100655548 0.166530445
B71,52,4,0.960718,veryHigh,false,46,0.034220515,0.080456517,0.000700000,28d4eb6e-90da-46f4-a0f0-3d3343a49ba3|29fd11cd-a3cf-4ead-a1d7-311dd6b8e0cf|2af5876e-26eb-4fdf-910f-dc48657c5959|315c9dd2-fbc9-4c8c-bc7c-a4a37614dc84|422f34a7-7ed9-4d62-a5df-8da3ca6e25e3|74f55ca7-59df-45e6-9b98-ddd52bd27669|8107a1c4-56f7-481c-87ad-c3025320316e|9867b457-c406-4955-8576-b692a26555f0|e44ffad1-8763-48b6-819d-5d2c6df576c6|f53bda1f-a118-4ee7-be66-69a82b211914,0.037961000 0.068281481 0.119798700 0.166683343 0.006336593 0.074197240 0.116149167 0.166783401 0.006236535 0.020413836 0.046984708 0.166583285 0.014618705 0.066977663 0.126897598 0.166683343 0.011710867 0.043655988 0.085707990 0.166683343 0.041189608 0.071730891 0.098401838 0.166583285
B71,53,4,0.964578,veryHigh,false,46,0.031339604,0.080077317,0.000700000,28d4eb6e-90da-46f4-a0f0-3d3343a49ba3|29fd11cd-a3cf-4ead-a1d7-311dd6b8e0cf|2af5876e-26eb-4fdf-910f-dc48657c5959|315c9dd2-fbc9-4c8c-bc7c-a4a37614dc84|422f34a7-7ed9-4d62-a5df-8da3ca6e25e3|74f55ca7-59df-45e6-9b98-ddd52bd27669|8107a1c4-56f7-481c-87ad-c3025320316e|9867b457-c406-4955-8576-b692a26555f0|e44ffad1-8763-48b6-819d-5d2c6df576c6|f53bda1f-a118-4ee7-be66-69a82b211914,0.039625397 0.067486375 0.118176341 0.166700019 0.008631583 0.077717986 0.116543451 0.166800078 0.004632528 0.022495731 0.047390623 0.166599961 0.012364134 0.066286785 0.125841448 0.166700019 0.011264638 0.042691558 0.088682449 0.166700019 0.037158999 0.072185457 0.097180425 0.166499903
B71,54,4,0.966059,veryHigh,false,46,0.030238410,0.074990297,0.001050000,28d4eb6e-90da-46f4-a0f0-3d3343a49ba3|29fd11cd-a3cf-4ead-a1d7-311dd6b8e0cf|2af5876e-26eb-4fdf-910f-dc48657c5959|315c9dd2-fbc9-4c8c-bc7c-a4a37614dc84|422f34a7-7ed9-4d62-a5df-8da3ca6e25e3|74f55ca7-59df-45e6-9b98-ddd52bd27669|8107a1c4-56f7-481c-87ad-c3025320316e|9867b457-c406-4955-8576-b692a26555f0|e44ffad1-8763-48b6-819d-5d2c6df576c6|f53bda1f-a118-4ee7-be66-69a82b211914,0.032051250 0.064102506 0.111979360 0.166766710 0.009765466 0.076088148 0.123864946 0.166866753 0.009665422 0.027711115 0.050197019 0.166566623 0.017110691 0.072632928 0.130025040 0.166666667 0.015090702 0.042901823 0.090778677 0.166666667 0.039496574 0.072582879 0.095168838 0.166466580
B71,55,4,0.988394,veryHigh,false,46,0.010658851,0.024775847,0.001050000,28d4eb6e-90da-46f4-a0f0-3d3343a49ba3|29fd11cd-a3cf-4ead-a1d7-311dd6b8e0cf|2af5876e-26eb-4fdf-910f-dc48657c5959|315c9dd2-fbc9-4c8c-bc7c-a4a37614dc84|422f34a7-7ed9-4d62-a5df-8da3ca6e25e3|74f55ca7-59df-45e6-9b98-ddd52bd27669|8107a1c4-56f7-481c-87ad-c3025320316e|9867b457-c406-4955-8576-b692a26555f0|e44ffad1-8763-48b6-819d-5d2c6df576c6|f53bda1f-a118-4ee7-be66-69a82b211914,0.033112892 0.063394239 0.112290650 0.166700014 0.011766311 0.078387295 0.124702353 0.166800058 0.011666268 0.031672088 0.052968576 0.166599971 0.016779042 0.074315113 0.132396500 0.166700014 0.016333824 0.042197807 0.094420989 0.166700014 0.037975510 0.074165021 0.095561565 0.166499928
B71,56,4,0.989220,veryHigh,false,46,0.009989502,0.022168766,0.001050000,28d4eb6e-90da-46f4-a0f0-3d3343a49ba3|29fd11cd-a3cf-4ead-a1d7-311dd6b8e0cf|2af5876e-26eb-4fdf-910f-dc48657c5959|315c9dd2-fbc9-4c8c-bc7c-a4a37614dc84|422f34a7-7ed9-4d62-a5df-8da3ca6e25e3|74f55ca7-59df-45e6-9b98-ddd52bd27669|8107a1c4-56f7-481c-87ad-c3025320316e|9867b457-c406-4955-8576-b692a26555f0|e44ffad1-8763-48b6-819d-5d2c6df576c6|f53bda1f-a118-4ee7-be66-69a82b211914,0.034163696 0.061774765 0.115721260 0.166766710 0.010929362 0.075855369 0.123399388 0.166866753 0.010829318 0.027711115 0.050895357 0.166566624 0.018507367 0.074029604 0.132603044 0.166666667 0.015556260 0.043367381 0.091011456 0.166666667 0.041591588 0.073979555 0.097263852 0.166466580
B71,57,4,0.999947,veryHigh,false,46,0.000052569,0.000125947,0.003450735,28d4eb6e-90da-46f4-a0f0-3d3343a49ba3|29fd11cd-a3cf-4ead-a1d7-311dd6b8e0cf|2af5876e-26eb-4fdf-910f-dc48657c5959|315c9dd2-fbc9-4c8c-bc7c-a4a37614dc84|422f34a7-7ed9-4d62-a5df-8da3ca6e25e3|74f55ca7-59df-45e6-9b98-ddd52bd27669|8107a1c4-56f7-481c-87ad-c3025320316e|9867b457-c406-4955-8576-b692a26555f0|e44ffad1-8763-48b6-819d-5d2c6df576c6|f53bda1f-a118-4ee7-be66-69a82b211914,0.036961093 0.068370452 0.112983918 0.166750036 0.015054585 0.071321448 0.110283119 0.166850080 0.014954541 0.031859583 0.054066254 0.166549949 0.014904523 0.078623651 0.129988990 0.166649993 0.024707476 0.056567022 0.095628749 0.166750036 0.037011174 0.076172882 0.098479610 0.166449905
B71,58,4,0.999948,veryHigh,true,46,0.000051685,0.000124621,0.004220192,28d4eb6e-90da-46f4-a0f0-3d3343a49ba3|29fd11cd-a3cf-4ead-a1d7-311dd6b8e0cf|2af5876e-26eb-4fdf-910f-dc48657c5959|315c9dd2-fbc9-4c8c-bc7c-a4a37614dc84|422f34a7-7ed9-4d62-a5df-8da3ca6e25e3|74f55ca7-59df-45e6-9b98-ddd52bd27669|8107a1c4-56f7-481c-87ad-c3025320316e|9867b457-c406-4955-8576-b692a26555f0|e44ffad1-8763-48b6-819d-5d2c6df576c6|f53bda1f-a118-4ee7-be66-69a82b211914,0.035422163 0.070294115 0.115677044 0.166750036 0.013130922 0.074014573 0.118747229 0.166850079 0.013030878 0.028781724 0.051373127 0.166549949 0.019521310 0.077084721 0.131527919 0.166649993 0.019321223 0.048102910 0.092935623 0.166750036 0.042012693 0.073864488 0.096555947 0.166449906
B71,59,4,0.999948,veryHigh,true,46,0.000051660,0.000124621,0.004220192,28d4eb6e-90da-46f4-a0f0-3d3343a49ba3|29fd11cd-a3cf-4ead-a1d7-311dd6b8e0cf|2af5876e-26eb-4fdf-910f-dc48657c5959|315c9dd2-fbc9-4c8c-bc7c-a4a37614dc84|422f34a7-7ed9-4d62-a5df-8da3ca6e25e3|74f55ca7-59df-45e6-9b98-ddd52bd27669|8107a1c4-56f7-481c-87ad-c3025320316e|9867b457-c406-4955-8576-b692a26555f0|e44ffad1-8763-48b6-819d-5d2c6df576c6|f53bda1f-a118-4ee7-be66-69a82b211914,0.035422163 0.070294115 0.115677043 0.166750036 0.013130921 0.074014572 0.118747229 0.166850079 0.013030878 0.028781724 0.051373127 0.166549950 0.019521310 0.077084721 0.131527919 0.166649993 0.019321223 0.048102910 0.092935622 0.166750036 0.042012693 0.073864487 0.096555947 0.166449906
B71,60,4,0.999948,veryHigh,true,46,0.000051660,0.000124621,0.004220192,28d4eb6e-90da-46f4-a0f0-3d3343a49ba3|29fd11cd-a3cf-4ead-a1d7-311dd6b8e0cf|2af5876e-26eb-4fdf-910f-dc48657c5959|315c9dd2-fbc9-4c8c-bc7c-a4a37614dc84|422f34a7-7ed9-4d62-a5df-8da3ca6e25e3|74f55ca7-59df-45e6-9b98-ddd52bd27669|8107a1c4-56f7-481c-87ad-c3025320316e|9867b457-c406-4955-8576-b692a26555f0|e44ffad1-8763-48b6-819d-5d2c6df576c6|f53bda1f-a118-4ee7-be66-69a82b211914,0.035422163 0.070294115 0.115677043 0.166750036 0.013130921 0.074014572 0.118747228 0.166850079 0.013030878 0.028781724 0.051373127 0.166549950 0.019521309 0.077084721 0.131527919 0.166649993 0.019321223 0.048102910 0.092935622 0.166750036 0.042012692 0.073864487 0.096555946 0.166449906
B71,61,4,0.999948,veryHigh,true,46,0.000051660,0.000124621,0.004220192,28d4eb6e-90da-46f4-a0f0-3d3343a49ba3|29fd11cd-a3cf-4ead-a1d7-311dd6b8e0cf|2af5876e-26eb-4fdf-910f-dc48657c5959|315c9dd2-fbc9-4c8c-bc7c-a4a37614dc84|422f34a7-7ed9-4d62-a5df-8da3ca6e25e3|74f55ca7-59df-45e6-9b98-ddd52bd27669|8107a1c4-56f7-481c-87ad-c3025320316e|9867b457-c406-4955-8576-b692a26555f0|e44ffad1-8763-48b6-819d-5d2c6df576c6|f53bda1f-a118-4ee7-be66-69a82b211914,0.035422163 0.070294115 0.115677043 0.166750036 0.013130921 0.074014572 0.118747228 0.166850079 0.013030878 0.028781724 0.051373127 0.166549950 0.019521309 0.077084720 0.131527919 0.166649993 0.019321223 0.048102910 0.092935622 0.166750036 0.042012692 0.073864487 0.096555946 0.166449907
B71,62,4,0.999948,veryHigh,true,46,0.000051660,0.000124621,0.004220192,28d4eb6e-90da-46f4-a0f0-3d3343a49ba3|29fd11cd-a3cf-4ead-a1d7-311dd6b8e0cf|2af5876e-26eb-4fdf-910f-dc48657c5959|315c9dd2-fbc9-4c8c-bc7c-a4a37614dc84|422f34a7-7ed9-4d62-a5df-8da3ca6e25e3|74f55ca7-59df-45e6-9b98-ddd52bd27669|8107a1c4-56f7-481c-87ad-c3025320316e|9867b457-c406-4955-8576-b692a26555f0|e44ffad1-8763-48b6-819d-5d2c6df576c6|f53bda1f-a118-4ee7-be66-69a82b211914,0.035422163 0.070294115 0.115677043 0.166750036 0.013130921 0.074014572 0.118747228 0.166850079 0.013030878 0.028781724 0.051373127 0.166549950 0.019521309 0.077084720 0.131527919 0.166649993 0.019321223 0.048102910 0.092935622 0.166750036 0.042012692 0.073864487 0.096555946 0.166449907
B71,63,4,0.999955,veryHigh,true,46,0.000054644,0.000149600,0.004457398,28d4eb6e-90da-46f4-a0f0-3d3343a49ba3|29fd11cd-a3cf-4ead-a1d7-311dd6b8e0cf|2af5876e-26eb-4fdf-910f-dc48657c5959|315c9dd2-fbc9-4c8c-bc7c-a4a37614dc84|422f34a7-7ed9-4d62-a5df-8da3ca6e25e3|74f55ca7-59df-45e6-9b98-ddd52bd27669|8107a1c4-56f7-481c-87ad-c3025320316e|9867b457-c406-4955-8576-b692a26555f0|e44ffad1-8763-48b6-819d-5d2c6df576c6|f53bda1f-a118-4ee7-be66-69a82b211914,0.035673959 0.069884978 0.116231142 0.166866210 0.013598145 0.074539627 0.119322791 0.166966253 0.013498102 0.028559226 0.051632248 0.166666125 0.020247143 0.077365560 0.132089344 0.166766168 0.019084330 0.047643520 0.092526739 0.166866210 0.042523098 0.073908180 0.097081257 0.165869034
B71,64,4,0.999980,veryHigh,true,46,0.000023648,0.000062414,0.005759806,28d4eb6e-90da-46f4-a0f0-3d3343a49ba3|29fd11cd-a3cf-4ead-a1d7-311dd6b8e0cf|2af5876e-26eb-4fdf-910f-dc48657c5959|315c9dd2-fbc9-4c8c-bc7c-a4a37614dc84|422f34a7-7ed9-4d62-a5df-8da3ca6e25e3|74f55ca7-59df-45e6-9b98-ddd52bd27669|8107a1c4-56f7-481c-87ad-c3025320316e|9867b457-c406-4955-8576-b692a26555f0|e44ffad1-8763-48b6-819d-5d2c6df576c6|f53bda1f-a118-4ee7-be66-69a82b211914,0.034638628 0.069277261 0.115395401 0.166993332 0.015819391 0.075997057 0.122015142 0.167093375 0.015719349 0.030398835 0.053357845 0.166793248 0.021819128 0.079516826 0.134014531 0.166893290 0.020159261 0.047458124 0.094296367 0.166993332 0.043218336 0.074757031 0.097816096 0.165233423
B71,65,4,0.999962,veryHigh,true,46,0.000030457,0.000072360,0.009010823,28d4eb6e-90da-46f4-a0f0-3d3343a49ba3|29fd11cd-a3cf-4ead-a1d7-311dd6b8e0cf|2af5876e-26eb-4fdf-910f-dc48657c5959|315c9dd2-fbc9-4c8c-bc7c-a4a37614dc84|422f34a7-7ed9-4d62-a5df-8da3ca6e25e3|74f55ca7-59df-45e6-9b98-ddd52bd27669|8107a1c4-56f7-481c-87ad-c3025320316e|9867b457-c406-4955-8576-b692a26555f0|e44ffad1-8763-48b6-819d-5d2c6df576c6|f53bda1f-a118-4ee7-be66-69a82b211914,0.039781429 0.071342834 0.118807693 0.166700012 0.015958047 0.071633857 0.111169720 0.166800050 0.015858010 0.031706926 0.055384802 0.166599975 0.016021666 0.079426426 0.134702071 0.166700012 0.024041646 0.055739479 0.095375391 0.166700012 0.039599525 0.071315505 0.095357163 0.166499938
B71,66,4,0.999980,veryHigh,true,46,0.000016609,0.000040853,0.009010823,28d4eb6e-90da-46f4-a0f0-3d3343a49ba3|29fd11cd-a3cf-4ead-a1d7-311dd6b8e0cf|2af5876e-26eb-4fdf-910f-dc48657c5959|315c9dd2-fbc9-4c8c-bc7c-a4a37614dc84|422f34a7-7ed9-4d62-a5df-8da3ca6e25e3|74f55ca7-59df-45e6-9b98-ddd52bd27669|8107a1c4-56f7-481c-87ad-c3025320316e|9867b457-c406-4955-8576-b692a26555f0|e44ffad1-8763-48b6-819d-5d2c6df576c6|f53bda1f-a118-4ee7-be66-69a82b211914,0.039781429 0.071342834 0.118807693 0.166700012 0.015958047 0.071633857 0.111169720 0.166800050 0.015858010 0.031706926 0.055384802 0.166599975 0.016021666 0.079426426 0.134702071 0.166700012 0.024041646 0.055739479 0.095375391 0.166700012 0.039599525 0.071315505 0.095357163 0.166499938
B71,67,4,0.999980,veryHigh,true,46,0.000018827,0.000048860,0.009109751,28d4eb6e-90da-46f4-a0f0-3d3343a49ba3|29fd11cd-a3cf-4ead-a1d7-311dd6b8e0cf|2af5876e-26eb-4fdf-910f-dc48657c5959|315c9dd2-fbc9-4c8c-bc7c-a4a37614dc84|422f34a7-7ed9-4d62-a5df-8da3ca6e25e3|74f55ca7-59df-45e6-9b98-ddd52bd27669|8107a1c4-56f7-481c-87ad-c3025320316e|9867b457-c406-4955-8576-b692a26555f0|e44ffad1-8763-48b6-819d-5d2c6df576c6|f53bda1f-a118-4ee7-be66-69a82b211914,0.039791614 0.071440119 0.118898542 0.166700011 0.015962415 0.071649759 0.111174669 0.166800045 0.015862381 0.031724734 0.055506343 0.166599978 0.015881421 0.079359436 0.134822845 0.166700011 0.023972174 0.055725455 0.095321832 0.166700011 0.039563014 0.071259117 0.095259878 0.166499944
B71,68,4,0.999980,veryHigh,true,46,0.000018827,0.000048860,0.009109751,28d4eb6e-90da-46f4-a0f0-3d3343a49ba3|29fd11cd-a3cf-4ead-a1d7-311dd6b8e0cf|2af5876e-26eb-4fdf-910f-dc48657c5959|315c9dd2-fbc9-4c8c-bc7c-a4a37614dc84|422f34a7-7ed9-4d62-a5df-8da3ca6e25e3|74f55ca7-59df-45e6-9b98-ddd52bd27669|8107a1c4-56f7-481c-87ad-c3025320316e|9867b457-c406-4955-8576-b692a26555f0|e44ffad1-8763-48b6-819d-5d2c6df576c6|f53bda1f-a118-4ee7-be66-69a82b211914,0.039791614 0.071440119 0.118898542 0.166700011 0.015962415 0.071649759 0.111174669 0.166800045 0.015862381 0.031724734 0.055506343 0.166599978 0.015881421 0.079359436 0.134822845 0.166700011 0.023972174 0.055725455 0.095321832 0.166700011 0.039563014 0.071259117 0.095259878 0.166499944
B71,69,4,0.999980,veryHigh,true,46,0.000018827,0.000048860,0.009109751,28d4eb6e-90da-46f4-a0f0-3d3343a49ba3|29fd11cd-a3cf-4ead-a1d7-311dd6b8e0cf|2af5876e-26eb-4fdf-910f-dc48657c5959|315c9dd2-fbc9-4c8c-bc7c-a4a37614dc84|422f34a7-7ed9-4d62-a5df-8da3ca6e25e3|74f55ca7-59df-45e6-9b98-ddd52bd27669|8107a1c4-56f7-481c-87ad-c3025320316e|9867b457-c406-4955-8576-b692a26555f0|e44ffad1-8763-48b6-819d-5d2c6df576c6|f53bda1f-a118-4ee7-be66-69a82b211914,0.039791614 0.071440119 0.118898542 0.166700011 0.015962415 0.071649759 0.111174669 0.166800045 0.015862381 0.031724734 0.055506343 0.166599978 0.015881421 0.079359436 0.134822846 0.166700011 0.023972173 0.055725455 0.095321832 0.166700011 0.039563014 0.071259117 0.095259878 0.166499944
B71,70,4,0.999980,veryHigh,true,46,0.000018827,0.000048860,0.009109751,28d4eb6e-90da-46f4-a0f0-3d3343a49ba3|29fd11cd-a3cf-4ead-a1d7-311dd6b8e0cf|2af5876e-26eb-4fdf-910f-dc48657c5959|315c9dd2-fbc9-4c8c-bc7c-a4a37614dc84|422f34a7-7ed9-4d62-a5df-8da3ca6e25e3|74f55ca7-59df-45e6-9b98-ddd52bd27669|8107a1c4-56f7-481c-87ad-c3025320316e|9867b457-c406-4955-8576-b692a26555f0|e44ffad1-8763-48b6-819d-5d2c6df576c6|f53bda1f-a118-4ee7-be66-69a82b211914,0.039791614 0.071440119 0.118898542 0.166700011 0.015962415 0.071649759 0.111174669 0.166800044 0.015862381 0.031724734 0.055506343 0.166599978 0.015881421 0.079359436 0.134822846 0.166700011 0.023972173 0.055725455 0.095321832 0.166700011 0.039563014 0.071259117 0.095259878 0.166499944
B71,71,4,0.999977,veryHigh,true,46,0.000021321,0.000062045,0.025125641,28d4eb6e-90da-46f4-a0f0-3d3343a49ba3|29fd11cd-a3cf-4ead-a1d7-311dd6b8e0cf|2af5876e-26eb-4fdf-910f-dc48657c5959|315c9dd2-fbc9-4c8c-bc7c-a4a37614dc84|422f34a7-7ed9-4d62-a5df-8da3ca6e25e3|74f55ca7-59df-45e6-9b98-ddd52bd27669|8107a1c4-56f7-481c-87ad-c3025320316e|9867b457-c406-4955-8576-b692a26555f0|e44ffad1-8763-48b6-819d-5d2c6df576c6|f53bda1f-a118-4ee7-be66-69a82b211914,0.024248901 0.071330692 0.118912770 0.166725665 0.023317723 0.071353797 0.118420259 0.166825697 0.023548629 0.047174195 0.070853612 0.166587152 0.023879528 0.094902440 0.142168955 0.166687183 0.024248894 0.048097612 0.095264115 0.166687183 0.047458930 0.071184537 0.095394960 0.166487120
