trace,round,degree,criterion,level,width,touched_at_degree
#1 uniform,1,2,0,2,0.500000500,0
#1 uniform,1,2,0,3,0.500000500,0
#1 uniform,1,2,0,4,0.500000500,0
#1 uniform,1,2,0,5,0.500000500,1
#1 uniform,1,2,1,2,0.500000500,0
#1 uniform,1,2,1,3,0.500000500,0
#1 uniform,1,2,1,4,0.500000500,0
#1 uniform,1,2,1,5,0.500000500,1
#1 uniform,1,2,2,2,1.000000000,0
#1 uniform,1,2,2,3,1.000000000,0
#1 uniform,1,2,2,4,1.000000000,0
#1 uniform,1,2,2,5,1.000000000,0
#1 uniform,1,2,3,2,1.000000000,0
#1 uniform,1,2,3,3,1.000000000,0
#1 uniform,1,2,3,4,1.000000000,0
#1 uniform,1,2,3,5,1.000000000,0
#1 uniform,1,2,4,2,1.000000000,0
#1 uniform,1,2,4,3,1.000000000,0
#1 uniform,1,2,4,4,1.000000000,0
#1 uniform,1,2,4,5,1.000000000,0
#1 uniform,1,2,5,2,1.000000000,0
#1 uniform,1,2,5,3,1.000000000,0
#1 uniform,1,2,5,4,1.000000000,0
#1 uniform,1,2,5,5,1.000000000,0
#1 uniform,2,2,0,2,0.333333667,0
#1 uniform,2,2,0,3,0.333333667,0
#1 uniform,2,2,0,4,0.333333667,0
#1 uniform,2,2,0,5,0.333333667,1
#1 uniform,2,2,1,2,0.333334000,0
#1 uniform,2,2,1,3,0.333334000,0
#1 uniform,2,2,1,4,0.333334000,0
#1 uniform,2,2,1,5,0.333334000,1
#1 uniform,2,2,2,2,0.333334000,0
#1 uniform,2,2,2,3,0.333334000,0
#1 uniform,2,2,2,4,0.333334000,0
#1 uniform,2,2,2,5,0.333334000,1
#1 uniform,2,2,3,2,1.000000000,0
#1 uniform,2,2,3,3,1.000000000,0
#1 uniform,2,2,3,4,1.000000000,0
#1 uniform,2,2,3,5,1.000000000,0
#1 uniform,2,2,4,2,1.000000000,0
#1 uniform,2,2,4,3,1.000000000,0
#1 uniform,2,2,4,4,1.000000000,0
#1 uniform,2,2,4,5,1.000000000,0
#1 uniform,2,2,5,2,1.000000000,0
#1 uniform,2,2,5,3,1.000000000,0
#1 uniform,2,2,5,4,1.000000000,0
#1 uniform,2,2,5,5,1.000000000,0
#1 uniform,3,2,0,2,0.250000250,0
#1 uniform,3,2,0,3,0.250000250,0
#1 uniform,3,2,0,4,0.250000250,0
#1 uniform,3,2,0,5,0.250000250,1
#1 uniform,3,2,1,2,0.250000750,0
#1 uniform,3,2,1,3,0.250000750,0
#1 uniform,3,2,1,4,0.250000750,0
#1 uniform,3,2,1,5,0.250000750,1
#1 uniform,3,2,2,2,0.250000750,0
#1 uniform,3,2,2,3,0.250000750,0
#1 uniform,3,2,2,4,0.250000750,0
#1 uniform,3,2,2,5,0.250000750,1
#1 uniform,3,2,3,2,0.250000750,0
#1 uniform,3,2,3,3,0.250000750,0
#1 uniform,3,2,3,4,0.250000750,0
#1 uniform,3,2,3,5,0.250000750,1
#1 uniform,3,2,4,2,1.000000000,0
#1 uniform,3,2,4,3,1.000000000,0
#1 uniform,3,2,4,4,1.000000000,0
#1 uniform,3,2,4,5,1.000000000,0
#1 uniform,3,2,5,2,1.000000000,0
#1 uniform,3,2,5,3,1.000000000,0
#1 uniform,3,2,5,4,1.000000000,0
#1 uniform,3,2,5,5,1.000000000,0
#1 uniform,4,2,0,2,0.200000200,0
#1 uniform,4,2,0,3,0.200000200,0
#1 uniform,4,2,0,4,0.200000200,0
#1 uniform,4,2,0,5,0.200000200,1
#1 uniform,4,2,1,2,0.200000800,0
#1 uniform,4,2,1,3,0.200000800,0
#1 uniform,4,2,1,4,0.200000800,0
#1 uniform,4,2,1,5,0.200000800,1
#1 uniform,4,2,2,2,0.200000800,0
#1 uniform,4,2,2,3,0.200000800,0
#1 uniform,4,2,2,4,0.200000800,0
#1 uniform,4,2,2,5,0.200000800,1
#1 uniform,4,2,3,2,0.200000800,0
#1 uniform,4,2,3,3,0.200000800,0
#1 uniform,4,2,3,4,0.200000800,0
#1 uniform,4,2,3,5,0.200000800,1
#1 uniform,4,2,4,2,0.200000800,0
#1 uniform,4,2,4,3,0.200000800,0
#1 uniform,4,2,4,4,0.200000800,0
#1 uniform,4,2,4,5,0.200000800,1
#1 uniform,4,2,5,2,1.000000000,0
#1 uniform,4,2,5,3,1.000000000,0
#1 uniform,4,2,5,4,1.000000000,0
#1 uniform,4,2,5,5,1.000000000,0
#1 uniform,5,2,0,2,0.166666833,0
#1 uniform,5,2,0,3,0.166666833,0
#1 uniform,5,2,0,4,0.166666833,0
#1 uniform,5,2,0,5,0.000000333,1
#1 uniform,5,2,1,2,0.166667500,0
#1 uniform,5,2,1,3,0.166667500,0
#1 uniform,5,2,1,4,0.166667500,0
#1 uniform,5,2,1,5,0.000001667,1
#1 uniform,5,2,2,2,0.166667500,0
#1 uniform,5,2,2,3,0.166667500,0
#1 uniform,5,2,2,4,0.166667500,0
#1 uniform,5,2,2,5,0.000001667,1
#1 uniform,5,2,3,2,0.166667500,0
#1 uniform,5,2,3,3,0.166667500,0
#1 uniform,5,2,3,4,0.166667500,0
#1 uniform,5,2,3,5,0.000001667,1
#1 uniform,5,2,4,2,0.166667500,0
#1 uniform,5,2,4,3,0.166667500,0
#1 uniform,5,2,4,4,0.166667500,0
#1 uniform,5,2,4,5,0.000001667,1
#1 uniform,5,2,5,2,0.166667500,0
#1 uniform,5,2,5,3,0.166667500,0
#1 uniform,5,2,5,4,0.166667500,0
#1 uniform,5,2,5,5,0.000001667,1
#1 uniform,6,2,0,2,0.166666833,0
#1 uniform,6,2,0,3,0.166666833,0
#1 uniform,6,2,0,4,0.166666833,0
#1 uniform,6,2,0,5,0.000000333,1
#1 uniform,6,2,1,2,0.166667083,0
#1 uniform,6,2,1,3,0.166667083,0
#1 uniform,6,2,1,4,0.166667083,0
#1 uniform,6,2,1,5,0.000000833,1
#1 uniform,6,2,2,2,0.166667083,0
#1 uniform,6,2,2,3,0.166667083,0
#1 uniform,6,2,2,4,0.166667083,0
#1 uniform,6,2,2,5,0.000000833,1
#1 uniform,6,2,3,2,0.166667500,0
#1 uniform,6,2,3,3,0.166667500,0
#1 uniform,6,2,3,4,0.166667500,0
#1 uniform,6,2,3,5,0.000001667,1
#1 uniform,6,2,4,2,0.166667500,0
#1 uniform,6,2,4,3,0.166667500,0
#1 uniform,6,2,4,4,0.166667500,0
#1 uniform,6,2,4,5,0.000001667,1
#1 uniform,6,2,5,2,0.166667500,0
#1 uniform,6,2,5,3,0.166667500,0
#1 uniform,6,2,5,4,0.166667500,0
#1 uniform,6,2,5,5,0.000001667,1
#1 uniform,7,2,0,2,0.166666833,0
#1 uniform,7,2,0,3,0.166666833,0
#1 uniform,7,2,0,4,0.166666833,0
#1 uniform,7,2,0,5,0.000000333,1
#1 uniform,7,2,1,2,0.166666944,0
#1 uniform,7,2,1,3,0.166666944,0
#1 uniform,7,2,1,4,0.166666944,0
#1 uniform,7,2,1,5,0.000000556,1
#1 uniform,7,2,2,2,0.166667083,0
#1 uniform,7,2,2,3,0.166667083,0
#1 uniform,7,2,2,4,0.166667083,0
#1 uniform,7,2,2,5,0.000000833,1
#1 uniform,7,2,3,2,0.166667083,0
#1 uniform,7,2,3,3,0.166667083,0
#1 uniform,7,2,3,4,0.166667083,0
#1 uniform,7,2,3,5,0.000000833,1
#1 uniform,7,2,4,2,0.166667500,0
#1 uniform,7,2,4,3,0.166667500,0
#1 uniform,7,2,4,4,0.166667500,0
#1 uniform,7,2,4,5,0.000001667,1
#1 uniform,7,2,5,2,0.166667500,0
#1 uniform,7,2,5,3,0.166667500,0
#1 uniform,7,2,5,4,0.166667500,0
#1 uniform,7,2,5,5,0.000001667,1
#1 uniform,8,2,0,2,0.166666833,0
#1 uniform,8,2,0,3,0.166666833,0
#1 uniform,8,2,0,4,0.166666833,0
#1 uniform,8,2,0,5,0.000000333,1
#1 uniform,8,2,1,2,0.166666875,0
#1 uniform,8,2,1,3,0.166666875,0
#1 uniform,8,2,1,4,0.166666875,0
#1 uniform,8,2,1,5,0.000000417,1
#1 uniform,8,2,2,2,0.166667083,0
#1 uniform,8,2,2,3,0.166667083,0
#1 uniform,8,2,2,4,0.166667083,0
#1 uniform,8,2,2,5,0.000000833,1
#1 uniform,8,2,3,2,0.166667083,0
#1 uniform,8,2,3,3,0.166667083,0
#1 uniform,8,2,3,4,0.166667083,0
#1 uniform,8,2,3,5,0.000000833,1
#1 uniform,8,2,4,2,0.166667083,0
#1 uniform,8,2,4,3,0.166667083,0
#1 uniform,8,2,4,4,0.166667083,0
#1 uniform,8,2,4,5,0.000000833,1
#1 uniform,8,2,5,2,0.166667500,0
#1 uniform,8,2,5,3,0.166667500,0
#1 uniform,8,2,5,4,0.166667500,0
#1 uniform,8,2,5,5,0.000001667,1
#1 uniform,9,2,0,2,0.166666833,0
#1 uniform,9,2,0,3,0.166666833,0
#1 uniform,9,2,0,4,0.166666833,0
#1 uniform,9,2,0,5,0.000000333,1
#1 uniform,9,2,1,2,0.166666833,0
#1 uniform,9,2,1,3,0.166666833,0
#1 uniform,9,2,1,4,0.166666833,0
#1 uniform,9,2,1,5,0.000000333,1
#1 uniform,9,2,2,2,0.166667083,0
#1 uniform,9,2,2,3,0.166667083,0
#1 uniform,9,2,2,4,0.166667083,0
#1 uniform,9,2,2,5,0.000000833,1
#1 uniform,9,2,3,2,0.166667083,0
#1 uniform,9,2,3,3,0.166667083,0
#1 uniform,9,2,3,4,0.166667083,0
#1 uniform,9,2,3,5,0.000000833,1
#1 uniform,9,2,4,2,0.166667083,0
#1 uniform,9,2,4,3,0.166667083,0
#1 uniform,9,2,4,4,0.166667083,0
#1 uniform,9,2,4,5,0.000000833,1
#1 uniform,9,2,5,2,0.166667083,0
#1 uniform,9,2,5,3,0.166667083,0
#1 uniform,9,2,5,4,0.166667083,0
#1 uniform,9,2,5,5,0.000000833,1
#1 uniform,10,2,0,2,0.166666833,0
#1 uniform,10,2,0,3,0.166666833,0
#1 uniform,10,2,0,4,0.166666833,0
#1 uniform,10,2,0,5,0.000000333,1
#1 uniform,10,2,1,2,0.166666833,0
#1 uniform,10,2,1,3,0.166666833,0
#1 uniform,10,2,1,4,0.166666833,0
#1 uniform,10,2,1,5,0.000000333,1
#1 uniform,10,2,2,2,0.166666944,0
#1 uniform,10,2,2,3,0.166666944,0
#1 uniform,10,2,2,4,0.166666944,0
#1 uniform,10,2,2,5,0.000000556,1
#1 uniform,10,2,3,2,0.166666944,0
#1 uniform,10,2,3,3,0.166666944,0
#1 uniform,10,2,3,4,0.166666944,0
#1 uniform,10,2,3,5,0.000000556,1
#1 uniform,10,2,4,2,0.166667083,0
#1 uniform,10,2,4,3,0.166667083,0
#1 uniform,10,2,4,4,0.166667083,0
#1 uniform,10,2,4,5,0.000000833,1
#1 uniform,10,2,5,2,0.166667083,0
#1 uniform,10,2,5,3,0.166667083,0
#1 uniform,10,2,5,4,0.166667083,0
#1 uniform,10,2,5,5,0.000000833,1
#1 uniform,11,2,0,2,0.166666833,0
#1 uniform,11,2,0,3,0.166666833,0
#1 uniform,11,2,0,4,0.166666833,0
#1 uniform,11,2,0,5,0.000000333,1
#1 uniform,11,2,1,2,0.166666833,0
#1 uniform,11,2,1,3,0.166666833,0
#1 uniform,11,2,1,4,0.166666833,0
#1 uniform,11,2,1,5,0.000000333,1
#1 uniform,11,2,2,2,0.166666875,0
#1 uniform,11,2,2,3,0.166666875,0
#1 uniform,11,2,2,4,0.166666875,0
#1 uniform,11,2,2,5,0.000000417,1
#1 uniform,11,2,3,2,0.166666944,0
#1 uniform,11,2,3,3,0.166666944,0
#1 uniform,11,2,3,4,0.166666944,0
#1 uniform,11,2,3,5,0.000000556,1
#1 uniform,11,2,4,2,0.166666944,0
#1 uniform,11,2,4,3,0.166666944,0
#1 uniform,11,2,4,4,0.166666944,0
#1 uniform,11,2,4,5,0.000000556,1
#1 uniform,11,2,5,2,0.166667083,0
#1 uniform,11,2,5,3,0.166667083,0
#1 uniform,11,2,5,4,0.166667083,0
#1 uniform,11,2,5,5,0.000000833,1
#1 uniform,12,2,0,2,0.166666833,0
#1 uniform,12,2,0,3,0.166666833,0
#1 uniform,12,2,0,4,0.166666833,0
#1 uniform,12,2,0,5,0.000000333,1
#1 uniform,12,2,1,2,0.166666833,0
#1 uniform,12,2,1,3,0.166666833,0
#1 uniform,12,2,1,4,0.166666833,0
#1 uniform,12,2,1,5,0.000000333,1
#1 uniform,12,2,2,2,0.166666833,0
#1 uniform,12,2,2,3,0.166666833,0
#1 uniform,12,2,2,4,0.166666833,0
#1 uniform,12,2,2,5,0.000000333,1
#1 uniform,12,2,3,2,0.166666944,0
#1 uniform,12,2,3,3,0.166666944,0
#1 uniform,12,2,3,4,0.166666944,0
#1 uniform,12,2,3,5,0.000000556,1
#1 uniform,12,2,4,2,0.166666944,0
#1 uniform,12,2,4,3,0.166666944,0
#1 uniform,12,2,4,4,0.166666944,0
#1 uniform,12,2,4,5,0.000000556,1
#1 uniform,12,2,5,2,0.166666944,0
#1 uniform,12,2,5,3,0.166666944,0
#1 uniform,12,2,5,4,0.166666944,0
#1 uniform,12,2,5,5,0.000000556,1
#1 uniform,13,2,0,2,0.166666833,0
#1 uniform,13,2,0,3,0.166666833,0
#1 uniform,13,2,0,4,0.166666833,0
#1 uniform,13,2,0,5,0.000000333,1
#1 uniform,13,2,1,2,0.166666833,0
#1 uniform,13,2,1,3,0.166666833,0
#1 uniform,13,2,1,4,0.166666833,0
#1 uniform,13,2,1,5,0.000000333,1
#1 uniform,13,2,2,2,0.166666833,0
#1 uniform,13,2,2,3,0.166666833,0
#1 uniform,13,2,2,4,0.166666833,0
#1 uniform,13,2,2,5,0.000000333,1
#1 uniform,13,2,3,2,0.166666875,0
#1 uniform,13,2,3,3,0.166666875,0
#1 uniform,13,2,3,4,0.166666875,0
#1 uniform,13,2,3,5,0.000000417,1
#1 uniform,13,2,4,2,0.166666875,0
#1 uniform,13,2,4,3,0.166666875,0
#1 uniform,13,2,4,4,0.166666875,0
#1 uniform,13,2,4,5,0.000000417,1
#1 uniform,13,2,5,2,0.166666944,0
#1 uniform,13,2,5,3,0.166666944,0
#1 uniform,13,2,5,4,0.166666944,0
#1 uniform,13,2,5,5,0.000000556,1
#1 uniform,14,2,0,2,0.166666833,0
#1 uniform,14,2,0,3,0.166666833,0
#1 uniform,14,2,0,4,0.166666833,0
#1 uniform,14,2,0,5,0.000000333,1
#1 uniform,14,2,1,2,0.166666833,0
#1 uniform,14,2,1,3,0.166666833,0
#1 uniform,14,2,1,4,0.166666833,0
#1 uniform,14,2,1,5,0.000000333,1
#1 uniform,14,2,2,2,0.166666833,0
#1 uniform,14,2,2,3,0.166666833,0
#1 uniform,14,2,2,4,0.166666833,0
#1 uniform,14,2,2,5,0.000000333,1
#1 uniform,14,2,3,2,0.166666833,0
#1 uniform,14,2,3,3,0.166666833,0
#1 uniform,14,2,3,4,0.166666833,0
#1 uniform,14,2,3,5,0.000000333,1
#1 uniform,14,2,4,2,0.166666875,0
#1 uniform,14,2,4,3,0.166666875,0
#1 uniform,14,2,4,4,0.166666875,0
#1 uniform,14,2,4,5,0.000000417,1
#1 uniform,14,2,5,2,0.166666875,0
#1 uniform,14,2,5,3,0.166666875,0
#1 uniform,14,2,5,4,0.166666875,0
#1 uniform,14,2,5,5,0.000000417,1
#1 uniform,15,2,0,2,0.166666833,0
#1 uniform,15,2,0,3,0.166666833,0
#1 uniform,15,2,0,4,0.166666833,0
#1 uniform,15,2,0,5,0.000000333,1
#1 uniform,15,2,1,2,0.166666833,0
#1 uniform,15,2,1,3,0.166666833,0
#1 uniform,15,2,1,4,0.166666833,0
#1 uniform,15,2,1,5,0.000000333,1
#1 uniform,15,2,2,2,0.166666833,0
#1 uniform,15,2,2,3,0.166666833,0
#1 uniform,15,2,2,4,0.166666833,0
#1 uniform,15,2,2,5,0.000000333,1
#1 uniform,15,2,3,2,0.166666833,0
#1 uniform,15,2,3,3,0.166666833,0
#1 uniform,15,2,3,4,0.166666833,0
#1 uniform,15,2,3,5,0.000000333,1
#1 uniform,15,2,4,2,0.166666833,0
#1 uniform,15,2,4,3,0.166666833,0
#1 uniform,15,2,4,4,0.166666833,0
#1 uniform,15,2,4,5,0.000000333,1
#1 uniform,15,2,5,2,0.166666833,0
#1 uniform,15,2,5,3,0.166666833,0
#1 uniform,15,2,5,4,0.166666833,0
#1 uniform,15,2,5,5,0.000000333,1
#1 uniform,16,2,0,2,0.166666833,0
#1 uniform,16,2,0,3,0.166666833,1
#1 uniform,16,2,0,4,0.166666833,1
#1 uniform,16,2,0,5,0.000000333,1
#1 uniform,16,2,1,2,0.166666833,0
#1 uniform,16,2,1,3,0.166666833,1
#1 uniform,16,2,1,4,0.166666833,1
#1 uniform,16,2,1,5,0.000000333,1
#1 uniform,16,2,2,2,0.166666833,0
#1 uniform,16,2,2,3,0.166666833,0
#1 uniform,16,2,2,4,0.166666833,0
#1 uniform,16,2,2,5,0.000000333,1
#1 uniform,16,2,3,2,0.166666833,0
#1 uniform,16,2,3,3,0.166666833,0
#1 uniform,16,2,3,4,0.166666833,0
#1 uniform,16,2,3,5,0.000000333,1
#1 uniform,16,2,4,2,0.166666833,0
#1 uniform,16,2,4,3,0.166666833,0
#1 uniform,16,2,4,4,0.166666833,0
#1 uniform,16,2,4,5,0.000000333,1
#1 uniform,16,2,5,2,0.166666833,0
#1 uniform,16,2,5,3,0.166666833,0
#1 uniform,16,2,5,4,0.166666833,0
#1 uniform,16,2,5,5,0.000000333,1
#1 uniform,17,2,0,2,0.166666833,1
#1 uniform,17,2,0,3,0.166666833,1
#1 uniform,17,2,0,4,0.166666833,1
#1 uniform,17,2,0,5,0.000000333,1
#1 uniform,17,2,1,2,0.166666833,1
#1 uniform,17,2,1,3,0.166666833,1
#1 uniform,17,2,1,4,0.166666833,1
#1 uniform,17,2,1,5,0.000000333,1
#1 uniform,17,2,2,2,0.166666833,0
#1 uniform,17,2,2,3,0.166666833,0
#1 uniform,17,2,2,4,0.166666833,0
#1 uniform,17,2,2,5,0.000000333,1
#1 uniform,17,2,3,2,0.166666833,0
#1 uniform,17,2,3,3,0.166666833,0
#1 uniform,17,2,3,4,0.166666833,0
#1 uniform,17,2,3,5,0.000000333,1
#1 uniform,17,2,4,2,0.166666833,0
#1 uniform,17,2,4,3,0.166666833,0
#1 uniform,17,2,4,4,0.166666833,0
#1 uniform,17,2,4,5,0.000000333,1
#1 uniform,17,2,5,2,0.166666833,0
#1 uniform,17,2,5,3,0.166666833,0
#1 uniform,17,2,5,4,0.166666833,0
#1 uniform,17,2,5,5,0.000000333,1
#1 uniform,18,2,0,2,0.166666833,1
#1 uniform,18,2,0,3,0.166666833,1
#1 uniform,18,2,0,4,0.166666833,1
#1 uniform,18,2,0,5,0.000000333,1
#1 uniform,18,2,1,2,0.166666833,1
#1 uniform,18,2,1,3,0.166666833,1
#1 uniform,18,2,1,4,0.166666833,1
#1 uniform,18,2,1,5,0.000000333,1
#1 uniform,18,2,2,2,0.166666833,1
#1 uniform,18,2,2,3,0.166666833,1
#1 uniform,18,2,2,4,0.166666833,0
#1 uniform,18,2,2,5,0.000000333,1
#1 uniform,18,2,3,2,0.166666833,0
#1 uniform,18,2,3,3,0.166666833,0
#1 uniform,18,2,3,4,0.166666833,0
#1 uniform,18,2,3,5,0.000000333,1
#1 uniform,18,2,4,2,0.166666833,0
#1 uniform,18,2,4,3,0.166666833,0
#1 uniform,18,2,4,4,0.166666833,0
#1 uniform,18,2,4,5,0.000000333,1
#1 uniform,18,2,5,2,0.166666833,0
#1 uniform,18,2,5,3,0.166666833,0
#1 uniform,18,2,5,4,0.166666833,0
#1 uniform,18,2,5,5,0.000000333,1
#1 uniform,19,2,0,2,0.166666833,1
#1 uniform,19,2,0,3,0.166666833,1
#1 uniform,19,2,0,4,0.166666833,1
#1 uniform,19,2,0,5,0.000000333,1
#1 uniform,19,2,1,2,0.166666833,1
#1 uniform,19,2,1,3,0.166666833,1
#1 uniform,19,2,1,4,0.166666833,1
#1 uniform,19,2,1,5,0.000000333,1
#1 uniform,19,2,2,2,0.166666833,1
#1 uniform,19,2,2,3,0.166666833,1
#1 uniform,19,2,2,4,0.166666833,0
#1 uniform,19,2,2,5,0.000000333,1
#1 uniform,19,2,3,2,0.166666833,1
#1 uniform,19,2,3,3,0.166666833,1
#1 uniform,19,2,3,4,0.166666833,0
#1 uniform,19,2,3,5,0.000000333,1
#1 uniform,19,2,4,2,0.166666833,0
#1 uniform,19,2,4,3,0.166666833,0
#1 uniform,19,2,4,4,0.166666833,0
#1 uniform,19,2,4,5,0.000000333,1
#1 uniform,19,2,5,2,0.166666833,0
#1 uniform,19,2,5,3,0.166666833,0
#1 uniform,19,2,5,4,0.166666833,0
#1 uniform,19,2,5,5,0.000000333,1
#1 uniform,20,2,0,2,0.166666833,1
#1 uniform,20,2,0,3,0.166666833,1
#1 uniform,20,2,0,4,0.166666833,1
#1 uniform,20,2,0,5,0.000000333,1
#1 uniform,20,2,1,2,0.166666833,1
#1 uniform,20,2,1,3,0.166666833,1
#1 uniform,20,2,1,4,0.166666833,1
#1 uniform,20,2,1,5,0.000000333,1
#1 uniform,20,2,2,2,0.166666833,1
#1 uniform,20,2,2,3,0.166666833,1
#1 uniform,20,2,2,4,0.166666833,0
#1 uniform,20,2,2,5,0.000000333,1
#1 uniform,20,2,3,2,0.166666833,1
#1 uniform,20,2,3,3,0.166666833,1
#1 uniform,20,2,3,4,0.166666833,1
#1 uniform,20,2,3,5,0.000000333,1
#1 uniform,20,2,4,2,0.166666833,0
#1 uniform,20,2,4,3,0.166666833,0
#1 uniform,20,2,4,4,0.166666833,0
#1 uniform,20,2,4,5,0.000000333,1
#1 uniform,20,2,5,2,0.166666833,0
#1 uniform,20,2,5,3,0.166666833,0
#1 uniform,20,2,5,4,0.166666833,0
#1 uniform,20,2,5,5,0.000000333,1
#1 uniform,21,2,0,2,0.166666833,1
#1 uniform,21,2,0,3,0.166666833,1
#1 uniform,21,2,0,4,0.166666833,1
#1 uniform,21,2,0,5,0.000000333,1
#1 uniform,21,2,1,2,0.166666833,1
#1 uniform,21,2,1,3,0.166666833,1
#1 uniform,21,2,1,4,0.166666833,1
#1 uniform,21,2,1,5,0.000000333,1
#1 uniform,21,2,2,2,0.166666833,1
#1 uniform,21,2,2,3,0.166666833,1
#1 uniform,21,2,2,4,0.166666833,0
#1 uniform,21,2,2,5,0.000000333,1
#1 uniform,21,2,3,2,0.166666833,1
#1 uniform,21,2,3,3,0.166666833,1
#1 uniform,21,2,3,4,0.166666833,1
#1 uniform,21,2,3,5,0.000000333,1
#1 uniform,21,2,4,2,0.166666833,0
#1 uniform,21,2,4,3,0.166666833,0
#1 uniform,21,2,4,4,0.166666833,0
#1 uniform,21,2,4,5,0.000000333,1
#1 uniform,21,2,5,2,0.166666833,0
#1 uniform,21,2,5,3,0.166666833,0
#1 uniform,21,2,5,4,0.166666833,0
#1 uniform,21,2,5,5,0.000000333,1
#1 uniform,22,2,0,2,0.166666833,1
#1 uniform,22,2,0,3,0.166666833,1
#1 uniform,22,2,0,4,0.166666833,1
#1 uniform,22,2,0,5,0.000000333,1
#1 uniform,22,2,1,2,0.166666833,1
#1 uniform,22,2,1,3,0.166666833,1
#1 uniform,22,2,1,4,0.166666833,1
#1 uniform,22,2,1,5,0.000000333,1
#1 uniform,22,2,2,2,0.166666833,1
#1 uniform,22,2,2,3,0.166666833,1
#1 uniform,22,2,2,4,0.166666833,0
#1 uniform,22,2,2,5,0.000000333,1
#1 uniform,22,2,3,2,0.166666833,1
#1 uniform,22,2,3,3,0.166666833,1
#1 uniform,22,2,3,4,0.166666833,1
#1 uniform,22,2,3,5,0.000000333,1
#1 uniform,22,2,4,2,0.166666833,0
#1 uniform,22,2,4,3,0.166666833,0
#1 uniform,22,2,4,4,0.166666833,0
#1 uniform,22,2,4,5,0.000000333,1
#1 uniform,22,2,5,2,0.166666833,1
#1 uniform,22,2,5,3,0.166666833,1
#1 uniform,22,2,5,4,0.166666833,0
#1 uniform,22,2,5,5,0.000000333,1
#1 uniform,23,2,0,2,0.166666833,1
#1 uniform,23,2,0,3,0.166666833,1
#1 uniform,23,2,0,4,0.166666833,1
#1 uniform,23,2,0,5,0.000000333,1
#1 uniform,23,2,1,2,0.166666833,1
#1 uniform,23,2,1,3,0.166666833,1
#1 uniform,23,2,1,4,0.166666833,1
#1 uniform,23,2,1,5,0.000000333,1
#1 uniform,23,2,2,2,0.166666833,1
#1 uniform,23,2,2,3,0.166666833,1
#1 uniform,23,2,2,4,0.166666833,0
#1 uniform,23,2,2,5,0.000000333,1
#1 uniform,23,2,3,2,0.166666833,1
#1 uniform,23,2,3,3,0.166666833,1
#1 uniform,23,2,3,4,0.166666833,1
#1 uniform,23,2,3,5,0.000000333,1
#1 uniform,23,2,4,2,0.166666833,0
#1 uniform,23,2,4,3,0.166666833,0
#1 uniform,23,2,4,4,0.166666833,0
#1 uniform,23,2,4,5,0.000000333,1
#1 uniform,23,2,5,2,0.166666833,1
#1 uniform,23,2,5,3,0.166666833,1
#1 uniform,23,2,5,4,0.166666833,0
#1 uniform,23,2,5,5,0.000000333,1
#1 uniform,24,2,0,2,0.166666833,1
#1 uniform,24,2,0,3,0.166666833,1
#1 uniform,24,2,0,4,0.166666833,1
#1 uniform,24,2,0,5,0.000000333,1
#1 uniform,24,2,1,2,0.166666833,1
#1 uniform,24,2,1,3,0.166666833,1
#1 uniform,24,2,1,4,0.166666833,1
#1 uniform,24,2,1,5,0.000000333,1
#1 uniform,24,2,2,2,0.166666833,1
#1 uniform,24,2,2,3,0.166666833,1
#1 uniform,24,2,2,4,0.166666833,0
#1 uniform,24,2,2,5,0.000000333,1
#1 uniform,24,2,3,2,0.166666833,1
#1 uniform,24,2,3,3,0.166666833,1
#1 uniform,24,2,3,4,0.166666833,1
#1 uniform,24,2,3,5,0.000000333,1
#1 uniform,24,2,4,2,0.166666833,0
#1 uniform,24,2,4,3,0.166666833,0
#1 uniform,24,2,4,4,0.166666833,0
#1 uniform,24,2,4,5,0.000000333,1
#1 uniform,24,2,5,2,0.166666833,1
#1 uniform,24,2,5,3,0.166666833,1
#1 uniform,24,2,5,4,0.166666833,1
#1 uniform,24,2,5,5,0.000000333,1
#1 uniform,25,2,0,2,0.166666833,1
#1 uniform,25,2,0,3,0.166666833,1
#1 uniform,25,2,0,4,0.166666833,1
#1 uniform,25,2,0,5,0.000000333,1
#1 uniform,25,2,1,2,0.166666833,1
#1 uniform,25,2,1,3,0.166666833,1
#1 uniform,25,2,1,4,0.166666833,1
#1 uniform,25,2,1,5,0.000000333,1
#1 uniform,25,2,2,2,0.166666833,1
#1 uniform,25,2,2,3,0.166666833,1
#1 uniform,25,2,2,4,0.166666833,0
#1 uniform,25,2,2,5,0.000000333,1
#1 uniform,25,2,3,2,0.166666833,1
#1 uniform,25,2,3,3,0.166666833,1
#1 uniform,25,2,3,4,0.166666833,1
#1 uniform,25,2,3,5,0.000000333,1
#1 uniform,25,2,4,2,0.166666833,1
#1 uniform,25,2,4,3,0.166666833,1
#1 uniform,25,2,4,4,0.166666833,0
#1 uniform,25,2,4,5,0.000000333,1
#1 uniform,25,2,5,2,0.166666833,1
#1 uniform,25,2,5,3,0.166666833,1
#1 uniform,25,2,5,4,0.166666833,1
#1 uniform,25,2,5,5,0.000000333,1
#1 uniform,26,2,0,2,0.166666833,1
#1 uniform,26,2,0,3,0.166666833,1
#1 uniform,26,2,0,4,0.166666833,1
#1 uniform,26,2,0,5,0.000000333,1
#1 uniform,26,2,1,2,0.166666833,1
#1 uniform,26,2,1,3,0.166666833,1
#1 uniform,26,2,1,4,0.166666833,1
#1 uniform,26,2,1,5,0.000000333,1
#1 uniform,26,2,2,2,0.166666833,1
#1 uniform,26,2,2,3,0.166666833,1
#1 uniform,26,2,2,4,0.166666833,0
#1 uniform,26,2,2,5,0.000000333,1
#1 uniform,26,2,3,2,0.166666833,1
#1 uniform,26,2,3,3,0.166666833,1
#1 uniform,26,2,3,4,0.166666833,1
#1 uniform,26,2,3,5,0.000000333,1
#1 uniform,26,2,4,2,0.166666833,1
#1 uniform,26,2,4,3,0.166666833,1
#1 uniform,26,2,4,4,0.166666833,1
#1 uniform,26,2,4,5,0.000000333,1
#1 uniform,26,2,5,2,0.166666833,1
#1 uniform,26,2,5,3,0.166666833,1
#1 uniform,26,2,5,4,0.166666833,1
#1 uniform,26,2,5,5,0.000000333,1
#1 uniform,27,2,0,2,0.166666833,1
#1 uniform,27,2,0,3,0.166666833,1
#1 uniform,27,2,0,4,0.166666833,1
#1 uniform,27,2,0,5,0.000000333,1
#1 uniform,27,2,1,2,0.166666833,1
#1 uniform,27,2,1,3,0.166666833,1
#1 uniform,27,2,1,4,0.166666833,1
#1 uniform,27,2,1,5,0.000000333,1
#1 uniform,27,2,2,2,0.166666833,1
#1 uniform,27,2,2,3,0.166666833,1
#1 uniform,27,2,2,4,0.166666833,0
#1 uniform,27,2,2,5,0.000000333,1
#1 uniform,27,2,3,2,0.166666833,1
#1 uniform,27,2,3,3,0.166666833,1
#1 uniform,27,2,3,4,0.166666833,1
#1 uniform,27,2,3,5,0.000000333,1
#1 uniform,27,2,4,2,0.166666833,1
#1 uniform,27,2,4,3,0.166666833,1
#1 uniform,27,2,4,4,0.166666833,1
#1 uniform,27,2,4,5,0.000000333,1
#1 uniform,27,2,5,2,0.166666833,1
#1 uniform,27,2,5,3,0.166666833,1
#1 uniform,27,2,5,4,0.166666833,1
#1 uniform,27,2,5,5,0.000000333,1
#1 uniform,28,2,0,2,0.166666833,1
#1 uniform,28,2,0,3,0.166666833,1
#1 uniform,28,2,0,4,0.166666833,1
#1 uniform,28,2,0,5,0.000000333,1
#1 uniform,28,2,1,2,0.166666833,1
#1 uniform,28,2,1,3,0.166666833,1
#1 uniform,28,2,1,4,0.166666833,1
#1 uniform,28,2,1,5,0.000000333,1
#1 uniform,28,2,2,2,0.166666833,1
#1 uniform,28,2,2,3,0.166666833,1
#1 uniform,28,2,2,4,0.166666833,0
#1 uniform,28,2,2,5,0.000000333,1
#1 uniform,28,2,3,2,0.166666833,1
#1 uniform,28,2,3,3,0.166666833,1
#1 uniform,28,2,3,4,0.166666833,1
#1 uniform,28,2,3,5,0.000000333,1
#1 uniform,28,2,4,2,0.166666833,1
#1 uniform,28,2,4,3,0.166666833,1
#1 uniform,28,2,4,4,0.166666833,1
#1 uniform,28,2,4,5,0.000000333,1
#1 uniform,28,2,5,2,0.166666833,1
#1 uniform,28,2,5,3,0.166666833,1
#1 uniform,28,2,5,4,0.166666833,1
#1 uniform,28,2,5,5,0.000000333,1
#1 uniform,29,2,0,2,0.166666833,1
#1 uniform,29,2,0,3,0.166666833,1
#1 uniform,29,2,0,4,0.166666833,1
#1 uniform,29,2,0,5,0.000000333,1
#1 uniform,29,2,1,2,0.166666833,1
#1 uniform,29,2,1,3,0.166666833,1
#1 uniform,29,2,1,4,0.166666833,1
#1 uniform,29,2,1,5,0.000000333,1
#1 uniform,29,2,2,2,0.166666833,1
#1 uniform,29,2,2,3,0.166666833,1
#1 uniform,29,2,2,4,0.166666833,0
#1 uniform,29,2,2,5,0.000000333,1
#1 uniform,29,2,3,2,0.166666833,1
#1 uniform,29,2,3,3,0.166666833,1
#1 uniform,29,2,3,4,0.166666833,1
#1 uniform,29,2,3,5,0.000000333,1
#1 uniform,29,2,4,2,0.166666833,1
#1 uniform,29,2,4,3,0.166666833,1
#1 uniform,29,2,4,4,0.166666833,1
#1 uniform,29,2,4,5,0.000000333,1
#1 uniform,29,2,5,2,0.166666833,1
#1 uniform,29,2,5,3,0.166666833,1
#1 uniform,29,2,5,4,0.166666833,1
#1 uniform,29,2,5,5,0.000000333,1
#1 uniform,30,2,0,2,0.166666833,1
#1 uniform,30,2,0,3,0.166666833,1
#1 uniform,30,2,0,4,0.166666833,1
#1 uniform,30,2,0,5,0.000000333,1
#1 uniform,30,2,1,2,0.166666833,1
#1 uniform,30,2,1,3,0.166666833,1
#1 uniform,30,2,1,4,0.166666833,1
#1 uniform,30,2,1,5,0.000000333,1
#1 uniform,30,2,2,2,0.166666833,1
#1 uniform,30,2,2,3,0.166666833,1
#1 uniform,30,2,2,4,0.083334000,1
#1 uniform,30,2,2,5,0.000000333,1
#1 uniform,30,2,3,2,0.166666833,1
#1 uniform,30,2,3,3,0.166666833,1
#1 uniform,30,2,3,4,0.166666833,1
#1 uniform,30,2,3,5,0.000000333,1
#1 uniform,30,2,4,2,0.166666833,1
#1 uniform,30,2,4,3,0.166666833,1
#1 uniform,30,2,4,4,0.166666833,1
#1 uniform,30,2,4,5,0.000000333,1
#1 uniform,30,2,5,2,0.166666833,1
#1 uniform,30,2,5,3,0.166666833,1
#1 uniform,30,2,5,4,0.166666833,1
#1 uniform,30,2,5,5,0.000000333,1
#1 uniform,31,3,0,2,0.166666833,0
#1 uniform,31,3,0,3,0.166666833,0
#1 uniform,31,3,0,4,0.166666833,0
#1 uniform,31,3,0,5,0.000000333,0
#1 uniform,31,3,1,2,0.166666833,0
#1 uniform,31,3,1,3,0.166666833,1
#1 uniform,31,3,1,4,0.166666833,1
#1 uniform,31,3,1,5,0.000000333,0
#1 uniform,31,3,2,2,0.166666833,1
#1 uniform,31,3,2,3,0.166666833,0
#1 uniform,31,3,2,4,0.083334000,1
#1 uniform,31,3,2,5,0.000000333,0
#1 uniform,31,3,3,2,0.166666833,0
#1 uniform,31,3,3,3,0.166666833,0
#1 uniform,31,3,3,4,0.166666833,1
#1 uniform,31,3,3,5,0.000000333,1
#1 uniform,31,3,4,2,0.166666833,0
#1 uniform,31,3,4,3,0.166666833,0
#1 uniform,31,3,4,4,0.166666833,0
#1 uniform,31,3,4,5,0.000000333,0
#1 uniform,31,3,5,2,0.166666833,0
#1 uniform,31,3,5,3,0.166666833,0
#1 uniform,31,3,5,4,0.166666833,0
#1 uniform,31,3,5,5,0.000000333,0
#1 uniform,32,3,0,2,0.166666833,0
#1 uniform,32,3,0,3,0.166666833,0
#1 uniform,32,3,0,4,0.166666833,0
#1 uniform,32,3,0,5,0.000000333,0
#1 uniform,32,3,1,2,0.166666833,1
#1 uniform,32,3,1,3,0.166666833,1
#1 uniform,32,3,1,4,0.166666833,1
#1 uniform,32,3,1,5,0.000000333,1
#1 uniform,32,3,2,2,0.166666833,1
#1 uniform,32,3,2,3,0.166666833,0
#1 uniform,32,3,2,4,0.083334000,1
#1 uniform,32,3,2,5,0.000000333,0
#1 uniform,32,3,3,2,0.166666833,0
#1 uniform,32,3,3,3,0.166666833,0
#1 uniform,32,3,3,4,0.166666833,1
#1 uniform,32,3,3,5,0.000000333,1
#1 uniform,32,3,4,2,0.166666833,0
#1 uniform,32,3,4,3,0.166666833,0
#1 uniform,32,3,4,4,0.166666833,0
#1 uniform,32,3,4,5,0.000000333,0
#1 uniform,32,3,5,2,0.166666833,0
#1 uniform,32,3,5,3,0.166666833,1
#1 uniform,32,3,5,4,0.166666833,1
#1 uniform,32,3,5,5,0.000000333,0
#1 uniform,33,3,0,2,0.166666833,0
#1 uniform,33,3,0,3,0.166666833,0
#1 uniform,33,3,0,4,0.166666833,0
#1 uniform,33,3,0,5,0.000000333,0
#1 uniform,33,3,1,2,0.166666833,1
#1 uniform,33,3,1,3,0.166666833,1
#1 uniform,33,3,1,4,0.166666833,1
#1 uniform,33,3,1,5,0.000000333,1
#1 uniform,33,3,2,2,0.166666833,1
#1 uniform,33,3,2,3,0.166666833,0
#1 uniform,33,3,2,4,0.083333750,1
#1 uniform,33,3,2,5,0.000000333,1
#1 uniform,33,3,3,2,0.166666833,1
#1 uniform,33,3,3,3,0.166666833,1
#1 uniform,33,3,3,4,0.166666833,1
#1 uniform,33,3,3,5,0.000000333,1
#1 uniform,33,3,4,2,0.166666833,0
#1 uniform,33,3,4,3,0.166666833,0
#1 uniform,33,3,4,4,0.166666833,0
#1 uniform,33,3,4,5,0.000000333,0
#1 uniform,33,3,5,2,0.166666833,1
#1 uniform,33,3,5,3,0.166666833,1
#1 uniform,33,3,5,4,0.166666833,1
#1 uniform,33,3,5,5,0.000000333,0
#1 uniform,34,3,0,2,0.166666833,0
#1 uniform,34,3,0,3,0.166666833,0
#1 uniform,34,3,0,4,0.166666833,0
#1 uniform,34,3,0,5,0.000000333,0
#1 uniform,34,3,1,2,0.166666833,1
#1 uniform,34,3,1,3,0.166666833,1
#1 uniform,34,3,1,4,0.166666833,1
#1 uniform,34,3,1,5,0.000000333,1
#1 uniform,34,3,2,2,0.166666833,1
#1 uniform,34,3,2,3,0.166666833,1
#1 uniform,34,3,2,4,0.083333750,1
#1 uniform,34,3,2,5,0.000000333,1
#1 uniform,34,3,3,2,0.166666833,1
#1 uniform,34,3,3,3,0.166666833,1
#1 uniform,34,3,3,4,0.166666833,1
#1 uniform,34,3,3,5,0.000000333,1
#1 uniform,34,3,4,2,0.166666833,0
#1 uniform,34,3,4,3,0.166666833,0
#1 uniform,34,3,4,4,0.166666833,1
#1 uniform,34,3,4,5,0.000000333,1
#1 uniform,34,3,5,2,0.166666833,1
#1 uniform,34,3,5,3,0.166666833,1
#1 uniform,34,3,5,4,0.166666833,1
#1 uniform,34,3,5,5,0.000000333,1
#1 uniform,35,3,0,2,0.166666833,0
#1 uniform,35,3,0,3,0.166666833,0
#1 uniform,35,3,0,4,0.166666833,0
#1 uniform,35,3,0,5,0.000000333,0
#1 uniform,35,3,1,2,0.166666833,1
#1 uniform,35,3,1,3,0.166666833,1
#1 uniform,35,3,1,4,0.166666833,1
#1 uniform,35,3,1,5,0.000000333,1
#1 uniform,35,3,2,2,0.166666833,1
#1 uniform,35,3,2,3,0.166666833,1
#1 uniform,35,3,2,4,0.083333750,1
#1 uniform,35,3,2,5,0.000000333,1
#1 uniform,35,3,3,2,0.166666833,1
#1 uniform,35,3,3,3,0.166666833,1
#1 uniform,35,3,3,4,0.166666833,1
#1 uniform,35,3,3,5,0.000000333,1
#1 uniform,35,3,4,2,0.166666833,0
#1 uniform,35,3,4,3,0.166666833,1
#1 uniform,35,3,4,4,0.166666833,1
#1 uniform,35,3,4,5,0.000000333,1
#1 uniform,35,3,5,2,0.166666833,1
#1 uniform,35,3,5,3,0.166666833,1
#1 uniform,35,3,5,4,0.166666833,1
#1 uniform,35,3,5,5,0.000000333,1
#1 uniform,36,3,0,2,0.166666833,0
#1 uniform,36,3,0,3,0.166666833,0
#1 uniform,36,3,0,4,0.166666833,0
#1 uniform,36,3,0,5,0.000000333,0
#1 uniform,36,3,1,2,0.166666833,1
#1 uniform,36,3,1,3,0.166666833,1
#1 uniform,36,3,1,4,0.166666833,1
#1 uniform,36,3,1,5,0.000000333,1
#1 uniform,36,3,2,2,0.166666833,1
#1 uniform,36,3,2,3,0.166666833,1
#1 uniform,36,3,2,4,0.083333750,1
#1 uniform,36,3,2,5,0.000000333,1
#1 uniform,36,3,3,2,0.166666833,1
#1 uniform,36,3,3,3,0.166666833,1
#1 uniform,36,3,3,4,0.166666833,1
#1 uniform,36,3,3,5,0.000000333,1
#1 uniform,36,3,4,2,0.166666833,1
#1 uniform,36,3,4,3,0.166666833,1
#1 uniform,36,3,4,4,0.166666833,1
#1 uniform,36,3,4,5,0.000000333,1
#1 uniform,36,3,5,2,0.166666833,1
#1 uniform,36,3,5,3,0.166666833,1
#1 uniform,36,3,5,4,0.166666833,1
#1 uniform,36,3,5,5,0.000000333,1
#1 uniform,37,3,0,2,0.166666833,0
#1 uniform,37,3,0,3,0.166666833,0
#1 uniform,37,3,0,4,0.166666833,0
#1 uniform,37,3,0,5,0.000000333,0
#1 uniform,37,3,1,2,0.166666833,1
#1 uniform,37,3,1,3,0.166666833,1
#1 uniform,37,3,1,4,0.166666833,1
#1 uniform,37,3,1,5,0.000000333,1
#1 uniform,37,3,2,2,0.166666833,1
#1 uniform,37,3,2,3,0.166666833,1
#1 uniform,37,3,2,4,0.083333750,1
#1 uniform,37,3,2,5,0.000000333,1
#1 uniform,37,3,3,2,0.166666806,1
#1 uniform,37,3,3,3,0.166666806,1
#1 uniform,37,3,3,4,0.166666806,1
#1 uniform,37,3,3,5,0.000000278,1
#1 uniform,37,3,4,2,0.166666806,1
#1 uniform,37,3,4,3,0.166666806,1
#1 uniform,37,3,4,4,0.166666806,1
#1 uniform,37,3,4,5,0.000000278,1
#1 uniform,37,3,5,2,0.166666833,1
#1 uniform,37,3,5,3,0.166666833,1
#1 uniform,37,3,5,4,0.166666833,1
#1 uniform,37,3,5,5,0.000000333,1
#1 uniform,38,3,0,2,0.166666806,0
#1 uniform,38,3,0,3,0.166666806,1
#1 uniform,38,3,0,4,0.166666806,0
#1 uniform,38,3,0,5,0.000000333,0
#1 uniform,38,3,1,2,0.166666806,1
#1 uniform,38,3,1,3,0.166666806,1
#1 uniform,38,3,1,4,0.166666806,1
#1 uniform,38,3,1,5,0.000000333,1
#1 uniform,38,3,2,2,0.166666833,1
#1 uniform,38,3,2,3,0.166666833,1
#1 uniform,38,3,2,4,0.083333750,1
#1 uniform,38,3,2,5,0.000000333,1
#1 uniform,38,3,3,2,0.166666806,1
#1 uniform,38,3,3,3,0.166666806,1
#1 uniform,38,3,3,4,0.166666806,1
#1 uniform,38,3,3,5,0.000000278,1
#1 uniform,38,3,4,2,0.166666806,1
#1 uniform,38,3,4,3,0.166666806,1
#1 uniform,38,3,4,4,0.166666806,1
#1 uniform,38,3,4,5,0.000000278,1
#1 uniform,38,3,5,2,0.166666833,1
#1 uniform,38,3,5,3,0.166666833,1
#1 uniform,38,3,5,4,0.166666833,1
#1 uniform,38,3,5,5,0.000000333,1
#1 uniform,39,3,0,2,0.166666806,1
#1 uniform,39,3,0,3,0.166666806,1
#1 uniform,39,3,0,4,0.166666806,0
#1 uniform,39,3,0,5,0.000000333,0
#1 uniform,39,3,1,2,0.166666806,1
#1 uniform,39,3,1,3,0.166666806,1
#1 uniform,39,3,1,4,0.166666806,1
#1 uniform,39,3,1,5,0.000000333,1
#1 uniform,39,3,2,2,0.166666833,1
#1 uniform,39,3,2,3,0.166666833,1
#1 uniform,39,3,2,4,0.083333667,1
#1 uniform,39,3,2,5,0.000000333,1
#1 uniform,39,3,3,2,0.166666806,1
#1 uniform,39,3,3,3,0.166666806,1
#1 uniform,39,3,3,4,0.166666806,1
#1 uniform,39,3,3,5,0.000000278,1
#1 uniform,39,3,4,2,0.166666806,1
#1 uniform,39,3,4,3,0.166666806,1
#1 uniform,39,3,4,4,0.166666806,1
#1 uniform,39,3,4,5,0.000000278,1
#1 uniform,39,3,5,2,0.166666833,1
#1 uniform,39,3,5,3,0.166666833,1
#1 uniform,39,3,5,4,0.166666833,1
#1 uniform,39,3,5,5,0.000000333,1
#1 uniform,40,3,0,2,0.166666806,1
#1 uniform,40,3,0,3,0.166666806,1
#1 uniform,40,3,0,4,0.166666806,1
#1 uniform,40,3,0,5,0.000000333,0
#1 uniform,40,3,1,2,0.166666806,1
#1 uniform,40,3,1,3,0.166666806,1
#1 uniform,40,3,1,4,0.166666806,1
#1 uniform,40,3,1,5,0.000000333,1
#1 uniform,40,3,2,2,0.166666833,1
#1 uniform,40,3,2,3,0.166666833,1
#1 uniform,40,3,2,4,0.083333625,1
#1 uniform,40,3,2,5,0.000000333,1
#1 uniform,40,3,3,2,0.166666806,1
#1 uniform,40,3,3,3,0.166666806,1
#1 uniform,40,3,3,4,0.166666806,1
#1 uniform,40,3,3,5,0.000000278,1
#1 uniform,40,3,4,2,0.166666806,1
#1 uniform,40,3,4,3,0.166666806,1
#1 uniform,40,3,4,4,0.166666806,1
#1 uniform,40,3,4,5,0.000000278,1
#1 uniform,40,3,5,2,0.166666833,1
#1 uniform,40,3,5,3,0.166666833,1
#1 uniform,40,3,5,4,0.166666833,1
#1 uniform,40,3,5,5,0.000000333,1
#1 uniform,41,3,0,2,0.083334333,1
#1 uniform,41,3,0,3,0.000002000,1
#1 uniform,41,3,0,4,0.083334472,1
#1 uniform,41,3,0,5,0.000000333,0
#1 uniform,41,3,1,2,0.083333833,1
#1 uniform,41,3,1,3,0.000001000,1
#1 uniform,41,3,1,4,0.083333972,1
#1 uniform,41,3,1,5,0.000000333,1
#1 uniform,41,3,2,2,0.083333833,1
#1 uniform,41,3,2,3,0.000001000,1
#1 uniform,41,3,2,4,0.083333625,1
#1 uniform,41,3,2,5,0.000000333,1
#1 uniform,41,3,3,2,0.083333833,1
#1 uniform,41,3,3,3,0.000001000,1
#1 uniform,41,3,3,4,0.083333972,1
#1 uniform,41,3,3,5,0.000000278,1
#1 uniform,41,3,4,2,0.083333833,1
#1 uniform,41,3,4,3,0.000001000,1
#1 uniform,41,3,4,4,0.083333972,1
#1 uniform,41,3,4,5,0.000000278,1
#1 uniform,41,3,5,2,0.083333833,1
#1 uniform,41,3,5,3,0.000001000,1
#1 uniform,41,3,5,4,0.083334000,1
#1 uniform,41,3,5,5,0.000000333,1
#1 uniform,42,3,0,2,0.083334333,1
#1 uniform,42,3,0,3,0.000002000,1
#1 uniform,42,3,0,4,0.083334472,1
#1 uniform,42,3,0,5,0.000000333,0
#1 uniform,42,3,1,2,0.083333583,1
#1 uniform,42,3,1,3,0.000001000,1
#1 uniform,42,3,1,4,0.083333722,1
#1 uniform,42,3,1,5,0.000000333,1
#1 uniform,42,3,2,2,0.083333583,1
#1 uniform,42,3,2,3,0.000000500,1
#1 uniform,42,3,2,4,0.083333597,1
#1 uniform,42,3,2,5,0.000000278,1
#1 uniform,42,3,3,2,0.083333833,1
#1 uniform,42,3,3,3,0.000001000,1
#1 uniform,42,3,3,4,0.083333972,1
#1 uniform,42,3,3,5,0.000000278,1
#1 uniform,42,3,4,2,0.083333583,1
#1 uniform,42,3,4,3,0.000000500,1
#1 uniform,42,3,4,4,0.083333702,1
#1 uniform,42,3,4,5,0.000000238,1
#1 uniform,42,3,5,2,0.083333667,1
#1 uniform,42,3,5,3,0.000001000,1
#1 uniform,42,3,5,4,0.083333833,1
#1 uniform,42,3,5,5,0.000000333,1
#1 uniform,43,3,0,2,0.083334333,1
#1 uniform,43,3,0,3,0.000002000,1
#1 uniform,43,3,0,4,0.083334472,1
#1 uniform,43,3,0,5,0.000000333,0
#1 uniform,43,3,1,2,0.083333583,1
#1 uniform,43,3,1,3,0.000000667,1
#1 uniform,43,3,1,4,0.083333722,1
#1 uniform,43,3,1,5,0.000000333,1
#1 uniform,43,3,2,2,0.083333583,1
#1 uniform,43,3,2,3,0.000000500,1
#1 uniform,43,3,2,4,0.083333597,1
#1 uniform,43,3,2,5,0.000000278,1
#1 uniform,43,3,3,2,0.083333833,1
#1 uniform,43,3,3,3,0.000001000,1
#1 uniform,43,3,3,4,0.083333972,1
#1 uniform,43,3,3,5,0.000000278,1
#1 uniform,43,3,4,2,0.083333583,1
#1 uniform,43,3,4,3,0.000000500,1
#1 uniform,43,3,4,4,0.083333702,1
#1 uniform,43,3,4,5,0.000000238,1
#1 uniform,43,3,5,2,0.083333667,1
#1 uniform,43,3,5,3,0.000000667,1
#1 uniform,43,3,5,4,0.083333833,1
#1 uniform,43,3,5,5,0.000000333,1
#1 uniform,44,3,0,2,0.083334333,1
#1 uniform,44,3,0,3,0.000002000,1
#1 uniform,44,3,0,4,0.083334472,1
#1 uniform,44,3,0,5,0.000000333,0
#1 uniform,44,3,1,2,0.083333583,1
#1 uniform,44,3,1,3,0.000000667,1
#1 uniform,44,3,1,4,0.083333722,1
#1 uniform,44,3,1,5,0.000000333,1
#1 uniform,44,3,2,2,0.083333500,1
#1 uniform,44,3,2,3,0.000000333,1
#1 uniform,44,3,2,4,0.083333597,1
#1 uniform,44,3,2,5,0.000000278,1
#1 uniform,44,3,3,2,0.083333833,1
#1 uniform,44,3,3,3,0.000001000,1
#1 uniform,44,3,3,4,0.083333972,1
#1 uniform,44,3,3,5,0.000000278,1
#1 uniform,44,3,4,2,0.083333533,1
#1 uniform,44,3,4,3,0.000000500,1
#1 uniform,44,3,4,4,0.083333637,1
#1 uniform,44,3,4,5,0.000000238,1
#1 uniform,44,3,5,2,0.083333667,1
#1 uniform,44,3,5,3,0.000000667,1
#1 uniform,44,3,5,4,0.083333833,1
#1 uniform,44,3,5,5,0.000000333,1
#1 uniform,45,3,0,2,0.083334333,1
#1 uniform,45,3,0,3,0.000002000,1
#1 uniform,45,3,0,4,0.083334472,1
#1 uniform,45,3,0,5,0.000000333,0
#1 uniform,45,3,1,2,0.083333583,1
#1 uniform,45,3,1,3,0.000000667,1
#1 uniform,45,3,1,4,0.083333722,1
#1 uniform,45,3,1,5,0.000000333,1
#1 uniform,45,3,2,2,0.083333500,1
#1 uniform,45,3,2,3,0.000000333,1
#1 uniform,45,3,2,4,0.083333577,1
#1 uniform,45,3,2,5,0.000000238,1
#1 uniform,45,3,3,2,0.083333833,1
#1 uniform,45,3,3,3,0.000001000,1
#1 uniform,45,3,3,4,0.083333972,1
#1 uniform,45,3,3,5,0.000000278,1
#1 uniform,45,3,4,2,0.083333500,1
#1 uniform,45,3,4,3,0.000000500,1
#1 uniform,45,3,4,4,0.083333637,1
#1 uniform,45,3,4,5,0.000000238,1
#1 uniform,45,3,5,2,0.083333667,1
#1 uniform,45,3,5,3,0.000000667,1
#1 uniform,45,3,5,4,0.083333833,1
#1 uniform,45,3,5,5,0.000000333,1
#1 uniform,46,3,0,2,0.083334333,1
#1 uniform,46,3,0,3,0.000002000,1
#1 uniform,46,3,0,4,0.083334472,1
#1 uniform,46,3,0,5,0.000000333,0
#1 uniform,46,3,1,2,0.083333583,1
#1 uniform,46,3,1,3,0.000000667,1
#1 uniform,46,3,1,4,0.083333722,1
#1 uniform,46,3,1,5,0.000000333,1
#1 uniform,46,3,2,2,0.083333500,1
#1 uniform,46,3,2,3,0.000000333,1
#1 uniform,46,3,2,4,0.083333552,1
#1 uniform,46,3,2,5,0.000000238,1
#1 uniform,46,3,3,2,0.083333833,1
#1 uniform,46,3,3,3,0.000001000,1
#1 uniform,46,3,3,4,0.083333972,1
#1 uniform,46,3,3,5,0.000000278,1
#1 uniform,46,3,4,2,0.083333500,1
#1 uniform,46,3,4,3,0.000000455,1
#1 uniform,46,3,4,4,0.083333604,1
#1 uniform,46,3,4,5,0.000000238,1
#1 uniform,46,3,5,2,0.083333583,1
#1 uniform,46,3,5,3,0.000000667,1
#1 uniform,46,3,5,4,0.083333722,1
#1 uniform,46,3,5,5,0.000000278,1
#1 uniform,47,3,0,2,0.083334333,1
#1 uniform,47,3,0,3,0.000002000,1
#1 uniform,47,3,0,4,0.083334472,1
#1 uniform,47,3,0,5,0.000000333,0
#1 uniform,47,3,1,2,0.083333533,1
#1 uniform,47,3,1,3,0.000000500,1
#1 uniform,47,3,1,4,0.083333652,1
#1 uniform,47,3,1,5,0.000000278,1
#1 uniform,47,3,2,2,0.083333500,1
#1 uniform,47,3,2,3,0.000000333,1
#1 uniform,47,3,2,4,0.083333536,1
#1 uniform,47,3,2,5,0.000000238,1
#1 uniform,47,3,3,2,0.083333833,1
#1 uniform,47,3,3,3,0.000001000,1
#1 uniform,47,3,3,4,0.083333972,1
#1 uniform,47,3,3,5,0.000000278,1
#1 uniform,47,3,4,2,0.083333500,1
#1 uniform,47,3,4,3,0.000000438,1
#1 uniform,47,3,4,4,0.083333604,1
#1 uniform,47,3,4,5,0.000000227,1
#1 uniform,47,3,5,2,0.083333583,1
#1 uniform,47,3,5,3,0.000000500,1
#1 uniform,47,3,5,4,0.083333722,1
#1 uniform,47,3,5,5,0.000000278,1
#1 uniform,48,3,0,2,0.083334333,1
#1 uniform,48,3,0,3,0.000002000,1
#1 uniform,48,3,0,4,0.083334472,1
#1 uniform,48,3,0,5,0.000000333,0
#1 uniform,48,3,1,2,0.083333500,1
#1 uniform,48,3,1,3,0.000000400,1
#1 uniform,48,3,1,4,0.083333604,1
#1 uniform,48,3,1,5,0.000000238,1
#1 uniform,48,3,2,2,0.083333464,1
#1 uniform,48,3,2,3,0.000000267,1
#1 uniform,48,3,2,4,0.083333529,1
#1 uniform,48,3,2,5,0.000000238,1
#1 uniform,48,3,3,2,0.083333833,1
#1 uniform,48,3,3,3,0.000001000,1
#1 uniform,48,3,3,4,0.083333972,1
#1 uniform,48,3,3,5,0.000000278,1
#1 uniform,48,3,4,2,0.083333476,1
#1 uniform,48,3,4,3,0.000000357,1
#1 uniform,48,3,4,4,0.083333580,1
#1 uniform,48,3,4,5,0.000000208,1
#1 uniform,48,3,5,2,0.083333583,1
#1 uniform,48,3,5,3,0.000000500,1
#1 uniform,48,3,5,4,0.083333722,1
#1 uniform,48,3,5,5,0.000000278,1
#1 uniform,49,3,0,2,0.083334333,1
#1 uniform,49,3,0,3,0.000002000,1
#1 uniform,49,3,0,4,0.083334472,1
#1 uniform,49,3,0,5,0.000000333,0
#1 uniform,49,3,1,2,0.083333500,1
#1 uniform,49,3,1,3,0.000000400,1
#1 uniform,49,3,1,4,0.083333604,1
#1 uniform,49,3,1,5,0.000000238,1
#1 uniform,49,3,2,2,0.083333464,1
#1 uniform,49,3,2,3,0.000000262,1
#1 uniform,49,3,2,4,0.083333529,1
#1 uniform,49,3,2,5,0.000000238,1
#1 uniform,49,3,3,2,0.083333833,1
#1 uniform,49,3,3,3,0.000001000,1
#1 uniform,49,3,3,4,0.083333952,1
#1 uniform,49,3,3,5,0.000000238,1
#1 uniform,49,3,4,2,0.083333458,1
#1 uniform,49,3,4,3,0.000000357,1
#1 uniform,49,3,4,4,0.083333551,1
#1 uniform,49,3,4,5,0.000000200,1
#1 uniform,49,3,5,2,0.083333533,1
#1 uniform,49,3,5,3,0.000000421,1
#1 uniform,49,3,5,4,0.083333652,1
#1 uniform,49,3,5,5,0.000000238,1
#1 uniform,50,3,0,2,0.083334333,1
#1 uniform,50,3,0,3,0.000002000,1
#1 uniform,50,3,0,4,0.083334472,1
#1 uniform,50,3,0,5,0.000000333,0
#1 uniform,50,3,1,2,0.083333500,1
#1 uniform,50,3,1,3,0.000000389,1
#1 uniform,50,3,1,4,0.083333604,1
#1 uniform,50,3,1,5,0.000000238,1
#1 uniform,50,3,2,2,0.083333464,1
#1 uniform,50,3,2,3,0.000000262,1
#1 uniform,50,3,2,4,0.083333529,1
#1 uniform,50,3,2,5,0.000000238,1
#1 uniform,50,3,3,2,0.083333667,1
#1 uniform,50,3,3,3,0.000000667,1
#1 uniform,50,3,3,4,0.083333771,1
#1 uniform,50,3,3,5,0.000000238,1
#1 uniform,50,3,4,2,0.083333458,1
#1 uniform,50,3,4,3,0.000000341,1
#1 uniform,50,3,4,4,0.083333551,1
#1 uniform,50,3,4,5,0.000000200,1
#1 uniform,50,3,5,2,0.083333500,1
#1 uniform,50,3,5,3,0.000000385,1
#1 uniform,50,3,5,4,0.083333619,1
#1 uniform,50,3,5,5,0.000000238,1
#1 uniform,51,3,0,2,0.083334333,1
#1 uniform,51,3,0,3,0.000002000,1
#1 uniform,51,3,0,4,0.083334452,1
#1 uniform,51,3,0,5,0.000000278,1
#1 uniform,51,3,1,2,0.083333500,1
#1 uniform,51,3,1,3,0.000000389,1
#1 uniform,51,3,1,4,0.083333604,1
#1 uniform,51,3,1,5,0.000000238,1
#1 uniform,51,3,2,2,0.083333448,1
#1 uniform,51,3,2,3,0.000000250,1
#1 uniform,51,3,2,4,0.083333503,1
#1 uniform,51,3,2,5,0.000000208,1
#1 uniform,51,3,3,2,0.083333667,1
#1 uniform,51,3,3,3,0.000000667,1
#1 uniform,51,3,3,4,0.083333771,1
#1 uniform,51,3,3,5,0.000000238,1
#1 uniform,51,3,4,2,0.083333458,1
#1 uniform,51,3,4,3,0.000000333,1
#1 uniform,51,3,4,4,0.083333551,1
#1 uniform,51,3,4,5,0.000000192,1
#1 uniform,51,3,5,2,0.083333500,1
#1 uniform,51,3,5,3,0.000000364,1
#1 uniform,51,3,5,4,0.083333619,1
#1 uniform,51,3,5,5,0.000000238,1
#1 uniform,52,4,0,2,0.083334333,1
#1 uniform,52,4,0,3,0.000002000,1
#1 uniform,52,4,0,4,0.083334452,0
#1 uniform,52,4,0,5,0.000000278,0
#1 uniform,52,4,1,2,0.083333476,1
#1 uniform,52,4,1,3,0.000000385,0
#1 uniform,52,4,1,4,0.083333569,0
#1 uniform,52,4,1,5,0.000000208,0
#1 uniform,52,4,2,2,0.083333448,0
#1 uniform,52,4,2,3,0.000000250,0
#1 uniform,52,4,2,4,0.083333499,0
#1 uniform,52,4,2,5,0.000000208,0
#1 uniform,52,4,3,2,0.083333583,0
#1 uniform,52,4,3,3,0.000000500,0
#1 uniform,52,4,3,4,0.083333687,1
#1 uniform,52,4,3,5,0.000000208,1
#1 uniform,52,4,4,2,0.083333458,0
#1 uniform,52,4,4,3,0.000000308,0
#1 uniform,52,4,4,4,0.083333551,0
#1 uniform,52,4,4,5,0.000000185,0
#1 uniform,52,4,5,2,0.083333500,0
#1 uniform,52,4,5,3,0.000000333,1
#1 uniform,52,4,5,4,0.083333619,1
#1 uniform,52,4,5,5,0.000000238,0
#1 uniform,53,4,0,2,0.083334333,1
#1 uniform,53,4,0,3,0.000002000,1
#1 uniform,53,4,0,4,0.083334452,0
#1 uniform,53,4,0,5,0.000000278,0
#1 uniform,53,4,1,2,0.083333458,1
#1 uniform,53,4,1,3,0.000000357,0
#1 uniform,53,4,1,4,0.083333542,1
#1 uniform,53,4,1,5,0.000000185,0
#1 uniform,53,4,2,2,0.083333435,1
#1 uniform,53,4,2,3,0.000000222,0
#1 uniform,53,4,2,4,0.083333484,0
#1 uniform,53,4,2,5,0.000000185,0
#1 uniform,53,4,3,2,0.083333583,1
#1 uniform,53,4,3,3,0.000000500,1
#1 uniform,53,4,3,4,0.083333687,1
#1 uniform,53,4,3,5,0.000000208,1
#1 uniform,53,4,4,2,0.083333458,1
#1 uniform,53,4,4,3,0.000000308,1
#1 uniform,53,4,4,4,0.083333551,0
#1 uniform,53,4,4,5,0.000000185,0
#1 uniform,53,4,5,2,0.083333500,0
#1 uniform,53,4,5,3,0.000000333,1
#1 uniform,53,4,5,4,0.083333619,1
#1 uniform,53,4,5,5,0.000000238,0
#1 uniform,54,4,0,2,0.083333833,1
#1 uniform,54,4,0,3,0.000001000,1
#1 uniform,54,4,0,4,0.083333952,1
#1 uniform,54,4,0,5,0.000000238,1
#1 uniform,54,4,1,2,0.083333444,1
#1 uniform,54,4,1,3,0.000000333,0
#1 uniform,54,4,1,4,0.083333528,1
#1 uniform,54,4,1,5,0.000000185,0
#1 uniform,54,4,2,2,0.083333435,1
#1 uniform,54,4,2,3,0.000000222,0
#1 uniform,54,4,2,4,0.083333483,0
#1 uniform,54,4,2,5,0.000000185,0
#1 uniform,54,4,3,2,0.083333583,1
#1 uniform,54,4,3,3,0.000000500,1
#1 uniform,54,4,3,4,0.083333688,1
#1 uniform,54,4,3,5,0.000000208,1
#1 uniform,54,4,4,2,0.083333444,1
#1 uniform,54,4,4,3,0.000000263,1
#1 uniform,54,4,4,4,0.083333528,0
#1 uniform,54,4,4,5,0.000000185,0
#1 uniform,54,4,5,2,0.083333500,0
#1 uniform,54,4,5,3,0.000000333,1
#1 uniform,54,4,5,4,0.083333619,1
#1 uniform,54,4,5,5,0.000000238,0
#1 uniform,55,4,0,2,0.083333833,1
#1 uniform,55,4,0,3,0.000001000,1
#1 uniform,55,4,0,4,0.083333952,1
#1 uniform,55,4,0,5,0.000000238,1
#1 uniform,55,4,1,2,0.083333444,1
#1 uniform,55,4,1,3,0.000000300,0
#1 uniform,55,4,1,4,0.083333528,1
#1 uniform,55,4,1,5,0.000000185,0
#1 uniform,55,4,2,2,0.083333425,1
#1 uniform,55,4,2,3,0.000000209,1
#1 uniform,55,4,2,4,0.083333471,0
#1 uniform,55,4,2,5,0.000000167,0
#1 uniform,55,4,3,2,0.083333533,1
#1 uniform,55,4,3,3,0.000000400,1
#1 uniform,55,4,3,4,0.083333626,1
#1 uniform,55,4,3,5,0.000000208,1
#1 uniform,55,4,4,2,0.083333444,1
#1 uniform,55,4,4,3,0.000000261,1
#1 uniform,55,4,4,4,0.083333528,1
#1 uniform,55,4,4,5,0.000000185,0
#1 uniform,55,4,5,2,0.083333500,0
#1 uniform,55,4,5,3,0.000000333,1
#1 uniform,55,4,5,4,0.083333619,1
#1 uniform,55,4,5,5,0.000000238,0
#1 uniform,56,4,0,2,0.083333667,1
#1 uniform,56,4,0,3,0.000000667,1
#1 uniform,56,4,0,4,0.083333786,1
#1 uniform,56,4,0,5,0.000000238,1
#1 uniform,56,4,1,2,0.083333444,1
#1 uniform,56,4,1,3,0.000000280,1
#1 uniform,56,4,1,4,0.083333520,1
#1 uniform,56,4,1,5,0.000000185,0
#1 uniform,56,4,2,2,0.083333425,1
#1 uniform,56,4,2,3,0.000000200,1
#1 uniform,56,4,2,4,0.083333469,0
#1 uniform,56,4,2,5,0.000000167,1
#1 uniform,56,4,3,2,0.083333500,1
#1 uniform,56,4,3,3,0.000000333,1
#1 uniform,56,4,3,4,0.083333593,1
#1 uniform,56,4,3,5,0.000000185,1
#1 uniform,56,4,4,2,0.083333444,1
#1 uniform,56,4,4,3,0.000000261,1
#1 uniform,56,4,4,4,0.083333528,1
#1 uniform,56,4,4,5,0.000000185,0
#1 uniform,56,4,5,2,0.083333500,0
#1 uniform,56,4,5,3,0.000000333,1
#1 uniform,56,4,5,4,0.083333619,1
#1 uniform,56,4,5,5,0.000000238,0
#1 uniform,57,4,0,2,0.083333583,1
#1 uniform,57,4,0,3,0.000000500,1
#1 uniform,57,4,0,4,0.083333687,1
#1 uniform,57,4,0,5,0.000000208,1
#1 uniform,57,4,1,2,0.083333424,1
#1 uniform,57,4,1,3,0.000000235,1
#1 uniform,57,4,1,4,0.083333494,1
#1 uniform,57,4,1,5,0.000000185,0
#1 uniform,57,4,2,2,0.083333425,1
#1 uniform,57,4,2,3,0.000000200,1
#1 uniform,57,4,2,4,0.083333469,0
#1 uniform,57,4,2,5,0.000000167,1
#1 uniform,57,4,3,2,0.083333476,1
#1 uniform,57,4,3,3,0.000000286,1
#1 uniform,57,4,3,4,0.083333560,1
#1 uniform,57,4,3,5,0.000000185,1
#1 uniform,57,4,4,2,0.083333433,1
#1 uniform,57,4,4,3,0.000000255,1
#1 uniform,57,4,4,4,0.083333509,1
#1 uniform,57,4,4,5,0.000000185,0
#1 uniform,57,4,5,2,0.083333500,0
#1 uniform,57,4,5,3,0.000000333,1
#1 uniform,57,4,5,4,0.083333619,1
#1 uniform,57,4,5,5,0.000000238,0
#1 uniform,58,4,0,2,0.083234583,1
#1 uniform,58,4,0,3,0.000000500,1
#1 uniform,58,4,0,4,0.083234583,1
#1 uniform,58,4,0,5,0.000000208,1
#1 uniform,58,4,1,2,0.083234424,1
#1 uniform,58,4,1,3,0.000000235,1
#1 uniform,58,4,1,4,0.083234424,1
#1 uniform,58,4,1,5,0.000000185,0
#1 uniform,58,4,2,2,0.083234425,1
#1 uniform,58,4,2,3,0.000000200,1
#1 uniform,58,4,2,4,0.083234417,1
#1 uniform,58,4,2,5,0.000000167,1
#1 uniform,58,4,3,2,0.083234476,1
#1 uniform,58,4,3,3,0.000000286,1
#1 uniform,58,4,3,4,0.083234476,1
#1 uniform,58,4,3,5,0.000000185,1
#1 uniform,58,4,4,2,0.083234433,1
#1 uniform,58,4,4,3,0.000000255,1
#1 uniform,58,4,4,4,0.083234433,1
#1 uniform,58,4,4,5,0.000000185,0
#1 uniform,58,4,5,2,0.083234500,0
#1 uniform,58,4,5,3,0.000000333,1
#1 uniform,58,4,5,4,0.083234500,1
#1 uniform,58,4,5,5,0.000000238,0
#1 uniform,59,4,0,2,0.083234583,1
#1 uniform,59,4,0,3,0.000000500,1
#1 uniform,59,4,0,4,0.083234583,1
#1 uniform,59,4,0,5,0.000000208,1
#1 uniform,59,4,1,2,0.083234424,1
#1 uniform,59,4,1,3,0.000000214,1
#1 uniform,59,4,1,4,0.083234424,1
#1 uniform,59,4,1,5,0.000000185,0
#1 uniform,59,4,2,2,0.083234417,1
#1 uniform,59,4,2,3,0.000000182,1
#1 uniform,59,4,2,4,0.083234409,1
#1 uniform,59,4,2,5,0.000000152,1
#1 uniform,59,4,3,2,0.083234476,1
#1 uniform,59,4,3,3,0.000000286,1
#1 uniform,59,4,3,4,0.083234476,1
#1 uniform,59,4,3,5,0.000000185,1
#1 uniform,59,4,4,2,0.083234424,1
#1 uniform,59,4,4,3,0.000000227,1
#1 uniform,59,4,4,4,0.083234424,1
#1 uniform,59,4,4,5,0.000000167,1
#1 uniform,59,4,5,2,0.083234500,0
#1 uniform,59,4,5,3,0.000000333,1
#1 uniform,59,4,5,4,0.083234500,1
#1 uniform,59,4,5,5,0.000000238,0
#1 uniform,60,4,0,2,0.083234533,1
#1 uniform,60,4,0,3,0.000000400,1
#1 uniform,60,4,0,4,0.083234533,1
#1 uniform,60,4,0,5,0.000000208,1
#1 uniform,60,4,1,2,0.083234424,1
#1 uniform,60,4,1,3,0.000000214,1
#1 uniform,60,4,1,4,0.083234424,1
#1 uniform,60,4,1,5,0.000000185,0
#1 uniform,60,4,2,2,0.083234417,1
#1 uniform,60,4,2,3,0.000000182,1
#1 uniform,60,4,2,4,0.083234409,1
#1 uniform,60,4,2,5,0.000000152,1
#1 uniform,60,4,3,2,0.083234476,1
#1 uniform,60,4,3,3,0.000000286,1
#1 uniform,60,4,3,4,0.083234476,1
#1 uniform,60,4,3,5,0.000000185,1
#1 uniform,60,4,4,2,0.083234424,1
#1 uniform,60,4,4,3,0.000000218,1
#1 uniform,60,4,4,4,0.083234424,1
#1 uniform,60,4,4,5,0.000000152,1
#1 uniform,60,4,5,2,0.083234500,0
#1 uniform,60,4,5,3,0.000000333,1
#1 uniform,60,4,5,4,0.083234500,1
#1 uniform,60,4,5,5,0.000000208,1
#1 uniform,61,4,0,2,0.083234500,1
#1 uniform,61,4,0,3,0.000000333,1
#1 uniform,61,4,0,4,0.083234500,1
#1 uniform,61,4,0,5,0.000000185,1
#1 uniform,61,4,1,2,0.083234424,1
#1 uniform,61,4,1,3,0.000000211,1
#1 uniform,61,4,1,4,0.083234424,1
#1 uniform,61,4,1,5,0.000000185,0
#1 uniform,61,4,2,2,0.083234417,1
#1 uniform,61,4,2,3,0.000000182,1
#1 uniform,61,4,2,4,0.083234409,1
#1 uniform,61,4,2,5,0.000000152,1
#1 uniform,61,4,3,2,0.083234458,1
#1 uniform,61,4,3,3,0.000000250,1
#1 uniform,61,4,3,4,0.083234458,1
#1 uniform,61,4,3,5,0.000000185,1
#1 uniform,61,4,4,2,0.083234424,1
#1 uniform,61,4,4,3,0.000000218,1
#1 uniform,61,4,4,4,0.083234424,1
#1 uniform,61,4,4,5,0.000000139,1
#1 uniform,61,4,5,2,0.083234500,1
#1 uniform,61,4,5,3,0.000000333,1
#1 uniform,61,4,5,4,0.083234500,1
#1 uniform,61,4,5,5,0.000000208,1
#1 uniform,62,4,0,2,0.083234000,1
#1 uniform,62,4,0,3,0.000000333,1
#1 uniform,62,4,0,4,0.083234000,1
#1 uniform,62,4,0,5,0.000000185,1
#1 uniform,62,4,1,2,0.083233924,1
#1 uniform,62,4,1,3,0.000000212,1
#1 uniform,62,4,1,4,0.083233924,1
#1 uniform,62,4,1,5,0.000000185,0
#1 uniform,62,4,2,2,0.083233917,1
#1 uniform,62,4,2,3,0.000000182,1
#1 uniform,62,4,2,4,0.083233909,1
#1 uniform,62,4,2,5,0.000000152,1
#1 uniform,62,4,3,2,0.083233958,1
#1 uniform,62,4,3,3,0.000000250,1
#1 uniform,62,4,3,4,0.083233958,1
#1 uniform,62,4,3,5,0.000000185,1
#1 uniform,62,4,4,2,0.083233924,1
#1 uniform,62,4,4,3,0.000000218,1
#1 uniform,62,4,4,4,0.083233924,1
#1 uniform,62,4,4,5,0.000000139,1
#1 uniform,62,4,5,2,0.083234000,1
#1 uniform,62,4,5,3,0.000000333,1
#1 uniform,62,4,5,4,0.083234000,1
#1 uniform,62,4,5,5,0.000000208,1
#1 uniform,63,4,0,2,0.083134833,1
#1 uniform,63,4,0,3,0.000000333,1
#1 uniform,63,4,0,4,0.083134833,1
#1 uniform,63,4,0,5,0.000000185,1
#1 uniform,63,4,1,2,0.083134833,1
#1 uniform,63,4,1,3,0.000000211,1
#1 uniform,63,4,1,4,0.083134833,1
#1 uniform,63,4,1,5,0.000000185,0
#1 uniform,63,4,2,2,0.083134833,1
#1 uniform,63,4,2,3,0.000000182,1
#1 uniform,63,4,2,4,0.083134833,1
#1 uniform,63,4,2,5,0.000000152,1
#1 uniform,63,4,3,2,0.083134833,1
#1 uniform,63,4,3,3,0.000000250,1
#1 uniform,63,4,3,4,0.083134833,1
#1 uniform,63,4,3,5,0.000000185,1
#1 uniform,63,4,4,2,0.083134833,1
#1 uniform,63,4,4,3,0.000000218,1
#1 uniform,63,4,4,4,0.083134833,1
#1 uniform,63,4,4,5,0.000000139,1
#1 uniform,63,4,5,2,0.083134833,1
#1 uniform,63,4,5,3,0.000000333,1
#1 uniform,63,4,5,4,0.083134833,1
#1 uniform,63,4,5,5,0.000000208,1
#1 uniform,64,4,0,2,0.083134833,1
#1 uniform,64,4,0,3,0.000000333,1
#1 uniform,64,4,0,4,0.083134833,1
#1 uniform,64,4,0,5,0.000000185,1
#1 uniform,64,4,1,2,0.083134833,1
#1 uniform,64,4,1,3,0.000000211,1
#1 uniform,64,4,1,4,0.083134833,1
#1 uniform,64,4,1,5,0.000000167,1
#1 uniform,64,4,2,2,0.083134833,1
#1 uniform,64,4,2,3,0.000000182,1
#1 uniform,64,4,2,4,0.083134833,1
#1 uniform,64,4,2,5,0.000000152,1
#1 uniform,64,4,3,2,0.083134833,1
#1 uniform,64,4,3,3,0.000000250,1
#1 uniform,64,4,3,4,0.083134833,1
#1 uniform,64,4,3,5,0.000000185,1
#1 uniform,64,4,4,2,0.083134833,1
#1 uniform,64,4,4,3,0.000000217,1
#1 uniform,64,4,4,4,0.083134833,1
#1 uniform,64,4,4,5,0.000000139,1
#1 uniform,64,4,5,2,0.083134833,1
#1 uniform,64,4,5,3,0.000000333,1
#1 uniform,64,4,5,4,0.083134833,1
#1 uniform,64,4,5,5,0.000000208,1
#1 uniform,65,5,0,2,0.083134833,0
#1 uniform,65,5,0,3,0.000000286,1
#1 uniform,65,5,0,4,0.083134833,0
#1 uniform,65,5,0,5,0.000000185,1
#1 uniform,65,5,1,2,0.083134833,1
#1 uniform,65,5,1,3,0.000000200,0
#1 uniform,65,5,1,4,0.083134833,0
#1 uniform,65,5,1,5,0.000000167,0
#1 uniform,65,5,2,2,0.083134833,0
#1 uniform,65,5,2,3,0.000000182,0
#1 uniform,65,5,2,4,0.083134833,0
#1 uniform,65,5,2,5,0.000000152,0
#1 uniform,65,5,3,2,0.083134833,1
#1 uniform,65,5,3,3,0.000000250,0
#1 uniform,65,5,3,4,0.083134833,1
#1 uniform,65,5,3,5,0.000000185,0
#1 uniform,65,5,4,2,0.083134833,1
#1 uniform,65,5,4,3,0.000000201,0
#1 uniform,65,5,4,4,0.083134833,1
#1 uniform,65,5,4,5,0.000000139,0
#1 uniform,65,5,5,2,0.083134833,1
#1 uniform,65,5,5,3,0.000000333,1
#1 uniform,65,5,5,4,0.083134833,0
#1 uniform,65,5,5,5,0.000000208,0
#1 uniform,66,5,0,2,0.083134833,0
#1 uniform,66,5,0,3,0.000000250,1
#1 uniform,66,5,0,4,0.083134833,0
#1 uniform,66,5,0,5,0.000000185,1
#1 uniform,66,5,1,2,0.083134833,1
#1 uniform,66,5,1,3,0.000000200,0
#1 uniform,66,5,1,4,0.083134833,0
#1 uniform,66,5,1,5,0.000000152,1
#1 uniform,66,5,2,2,0.083134833,0
#1 uniform,66,5,2,3,0.000000182,0
#1 uniform,66,5,2,4,0.083134833,0
#1 uniform,66,5,2,5,0.000000139,1
#1 uniform,66,5,3,2,0.083134833,1
#1 uniform,66,5,3,3,0.000000250,0
#1 uniform,66,5,3,4,0.083134833,1
#1 uniform,66,5,3,5,0.000000167,1
#1 uniform,66,5,4,2,0.083134833,1
#1 uniform,66,5,4,3,0.000000186,1
#1 uniform,66,5,4,4,0.083134833,1
#1 uniform,66,5,4,5,0.000000139,0
#1 uniform,66,5,5,2,0.083134833,1
#1 uniform,66,5,5,3,0.000000333,1
#1 uniform,66,5,5,4,0.083134833,0
#1 uniform,66,5,5,5,0.000000208,0
#1 uniform,67,5,0,2,0.083134333,0
#1 uniform,67,5,0,3,0.000000250,1
#1 uniform,67,5,0,4,0.083134333,1
#1 uniform,67,5,0,5,0.000000185,1
#1 uniform,67,5,1,2,0.083134333,1
#1 uniform,67,5,1,3,0.000000200,0
#1 uniform,67,5,1,4,0.083134333,0
#1 uniform,67,5,1,5,0.000000152,1
#1 uniform,67,5,2,2,0.083134333,1
#1 uniform,67,5,2,3,0.000000182,0
#1 uniform,67,5,2,4,0.083134333,1
#1 uniform,67,5,2,5,0.000000139,1
#1 uniform,67,5,3,2,0.083134333,1
#1 uniform,67,5,3,3,0.000000250,0
#1 uniform,67,5,3,4,0.083134333,1
#1 uniform,67,5,3,5,0.000000167,1
#1 uniform,67,5,4,2,0.083134333,1
#1 uniform,67,5,4,3,0.000000186,1
#1 uniform,67,5,4,4,0.083134333,1
#1 uniform,67,5,4,5,0.000000139,1
#1 uniform,67,5,5,2,0.083134333,1
#1 uniform,67,5,5,3,0.000000333,1
#1 uniform,67,5,5,4,0.083134333,1
#1 uniform,67,5,5,5,0.000000208,0
#1 uniform,68,5,0,2,0.083134167,0
#1 uniform,68,5,0,3,0.000000250,1
#1 uniform,68,5,0,4,0.083134167,1
#1 uniform,68,5,0,5,0.000000185,1
#1 uniform,68,5,1,2,0.083134167,1
#1 uniform,68,5,1,3,0.000000200,1
#1 uniform,68,5,1,4,0.083134167,0
#1 uniform,68,5,1,5,0.000000152,1
#1 uniform,68,5,2,2,0.083134167,1
#1 uniform,68,5,2,3,0.000000182,0
#1 uniform,68,5,2,4,0.083134167,1
#1 uniform,68,5,2,5,0.000000139,1
#1 uniform,68,5,3,2,0.083134167,1
#1 uniform,68,5,3,3,0.000000250,0
#1 uniform,68,5,3,4,0.083134167,1
#1 uniform,68,5,3,5,0.000000167,1
#1 uniform,68,5,4,2,0.083134167,1
#1 uniform,68,5,4,3,0.000000186,1
#1 uniform,68,5,4,4,0.083134167,1
#1 uniform,68,5,4,5,0.000000139,1
#1 uniform,68,5,5,2,0.083134167,1
#1 uniform,68,5,5,3,0.000000333,1
#1 uniform,68,5,5,4,0.083134167,1
#1 uniform,68,5,5,5,0.000000208,0
#1 uniform,69,5,0,2,0.083134167,1
#1 uniform,69,5,0,3,0.000000250,1
#1 uniform,69,5,0,4,0.083134167,1
#1 uniform,69,5,0,5,0.000000185,1
#1 uniform,69,5,1,2,0.083134167,1
#1 uniform,69,5,1,3,0.000000200,1
#1 uniform,69,5,1,4,0.083134167,0
#1 uniform,69,5,1,5,0.000000152,1
#1 uniform,69,5,2,2,0.083134167,1
#1 uniform,69,5,2,3,0.000000182,0
#1 uniform,69,5,2,4,0.083134167,1
#1 uniform,69,5,2,5,0.000000139,1
#1 uniform,69,5,3,2,0.083134167,1
#1 uniform,69,5,3,3,0.000000250,1
#1 uniform,69,5,3,4,0.083134167,1
#1 uniform,69,5,3,5,0.000000167,1
#1 uniform,69,5,4,2,0.083134167,1
#1 uniform,69,5,4,3,0.000000186,1
#1 uniform,69,5,4,4,0.083134167,1
#1 uniform,69,5,4,5,0.000000139,1
#1 uniform,69,5,5,2,0.083134167,1
#1 uniform,69,5,5,3,0.000000333,1
#1 uniform,69,5,5,4,0.083134167,1
#1 uniform,69,5,5,5,0.000000208,0
#1 uniform,70,5,0,2,0.083134083,1
#1 uniform,70,5,0,3,0.000000250,1
#1 uniform,70,5,0,4,0.083134083,1
#1 uniform,70,5,0,5,0.000000185,1
#1 uniform,70,5,1,2,0.083134083,1
#1 uniform,70,5,1,3,0.000000200,1
#1 uniform,70,5,1,4,0.083134083,0
#1 uniform,70,5,1,5,0.000000152,1
#1 uniform,70,5,2,2,0.083134083,1
#1 uniform,70,5,2,3,0.000000182,0
#1 uniform,70,5,2,4,0.083134083,1
#1 uniform,70,5,2,5,0.000000139,1
#1 uniform,70,5,3,2,0.083134083,1
#1 uniform,70,5,3,3,0.000000250,1
#1 uniform,70,5,3,4,0.083134083,1
#1 uniform,70,5,3,5,0.000000167,1
#1 uniform,70,5,4,2,0.083134083,1
#1 uniform,70,5,4,3,0.000000186,1
#1 uniform,70,5,4,4,0.083134083,1
#1 uniform,70,5,4,5,0.000000139,1
#1 uniform,70,5,5,2,0.083134083,1
#1 uniform,70,5,5,3,0.000000333,1
#1 uniform,70,5,5,4,0.083134083,1
#1 uniform,70,5,5,5,0.000000208,0
#1 uniform,71,5,0,2,0.083134033,1
#1 uniform,71,5,0,3,0.000000250,1
#1 uniform,71,5,0,4,0.083134033,1
#1 uniform,71,5,0,5,0.000000185,1
#1 uniform,71,5,1,2,0.083134033,1
#1 uniform,71,5,1,3,0.000000200,1
#1 uniform,71,5,1,4,0.083134033,1
#1 uniform,71,5,1,5,0.000000152,1
#1 uniform,71,5,2,2,0.083134033,1
#1 uniform,71,5,2,3,0.000000182,1
#1 uniform,71,5,2,4,0.083134033,1
#1 uniform,71,5,2,5,0.000000139,1
#1 uniform,71,5,3,2,0.083134033,1
#1 uniform,71,5,3,3,0.000000250,1
#1 uniform,71,5,3,4,0.083134033,1
#1 uniform,71,5,3,5,0.000000167,1
#1 uniform,71,5,4,2,0.083134033,1
#1 uniform,71,5,4,3,0.000000186,1
#1 uniform,71,5,4,4,0.083134033,1
#1 uniform,71,5,4,5,0.000000139,1
#1 uniform,71,5,5,2,0.083134033,1
#1 uniform,71,5,5,3,0.000000333,1
#1 uniform,71,5,5,4,0.083134033,1
#1 uniform,71,5,5,5,0.000000208,0
#1 uniform,72,5,0,2,0.083134000,1
#1 uniform,72,5,0,3,0.000000250,1
#1 uniform,72,5,0,4,0.083134000,1
#1 uniform,72,5,0,5,0.000000185,1
#1 uniform,72,5,1,2,0.083134000,1
#1 uniform,72,5,1,3,0.000000200,1
#1 uniform,72,5,1,4,0.083134000,1
#1 uniform,72,5,1,5,0.000000152,1
#1 uniform,72,5,2,2,0.083134000,1
#1 uniform,72,5,2,3,0.000000182,1
#1 uniform,72,5,2,4,0.083134000,1
#1 uniform,72,5,2,5,0.000000139,1
#1 uniform,72,5,3,2,0.083134000,1
#1 uniform,72,5,3,3,0.000000250,1
#1 uniform,72,5,3,4,0.083134000,1
#1 uniform,72,5,3,5,0.000000167,1
#1 uniform,72,5,4,2,0.083134000,1
#1 uniform,72,5,4,3,0.000000186,1
#1 uniform,72,5,4,4,0.083134000,1
#1 uniform,72,5,4,5,0.000000139,1
#1 uniform,72,5,5,2,0.083134000,1
#1 uniform,72,5,5,3,0.000000333,1
#1 uniform,72,5,5,4,0.083134033,1
#1 uniform,72,5,5,5,0.000000208,0
#1 uniform,73,5,0,2,0.083134000,1
#1 uniform,73,5,0,3,0.000000250,1
#1 uniform,73,5,0,4,0.083134000,1
#1 uniform,73,5,0,5,0.000000185,1
#1 uniform,73,5,1,2,0.083134000,1
#1 uniform,73,5,1,3,0.000000200,1
#1 uniform,73,5,1,4,0.083134000,1
#1 uniform,73,5,1,5,0.000000152,1
#1 uniform,73,5,2,2,0.083134000,1
#1 uniform,73,5,2,3,0.000000182,1
#1 uniform,73,5,2,4,0.083134000,1
#1 uniform,73,5,2,5,0.000000139,1
#1 uniform,73,5,3,2,0.083134000,1
#1 uniform,73,5,3,3,0.000000250,1
#1 uniform,73,5,3,4,0.083134000,1
#1 uniform,73,5,3,5,0.000000167,1
#1 uniform,73,5,4,2,0.083134000,1
#1 uniform,73,5,4,3,0.000000186,1
#1 uniform,73,5,4,4,0.083134000,1
#1 uniform,73,5,4,5,0.000000139,1
#1 uniform,73,5,5,2,0.083134000,1
#1 uniform,73,5,5,3,0.000000333,1
#1 uniform,73,5,5,4,0.083134033,1
#1 uniform,73,5,5,5,0.000000208,1
#1 uniform,74,6,0,2,0.083134000,1
#1 uniform,74,6,0,3,0.000000250,0
#1 uniform,74,6,0,4,0.083134000,1
#1 uniform,74,6,0,5,0.000000185,0
#1 uniform,74,6,1,2,0.083134000,0
#1 uniform,74,6,1,3,0.000000200,0
#1 uniform,74,6,1,4,0.083134000,1
#1 uniform,74,6,1,5,0.000000152,1
#1 uniform,74,6,2,2,0.083134000,0
#1 uniform,74,6,2,3,0.000000182,0
#1 uniform,74,6,2,4,0.083134000,0
#1 uniform,74,6,2,5,0.000000139,1
#1 uniform,74,6,3,2,0.083134000,0
#1 uniform,74,6,3,3,0.000000250,1
#1 uniform,74,6,3,4,0.083134000,1
#1 uniform,74,6,3,5,0.000000167,0
#1 uniform,74,6,4,2,0.083134000,0
#1 uniform,74,6,4,3,0.000000186,1
#1 uniform,74,6,4,4,0.083134000,1
#1 uniform,74,6,4,5,0.000000139,0
#1 uniform,74,6,5,2,0.083134000,0
#1 uniform,74,6,5,3,0.000000333,0
#1 uniform,74,6,5,4,0.083134033,0
#1 uniform,74,6,5,5,0.000000208,1
#1 uniform,75,6,0,2,0.083134000,1
#1 uniform,75,6,0,3,0.000000250,0
#1 uniform,75,6,0,4,0.083134000,1
#1 uniform,75,6,0,5,0.000000185,0
#1 uniform,75,6,1,2,0.083134000,0
#1 uniform,75,6,1,3,0.000000200,1
#1 uniform,75,6,1,4,0.083134000,1
#1 uniform,75,6,1,5,0.000000152,1
#1 uniform,75,6,2,2,0.083134000,0
#1 uniform,75,6,2,3,0.000000182,1
#1 uniform,75,6,2,4,0.083134000,0
#1 uniform,75,6,2,5,0.000000139,1
#1 uniform,75,6,3,2,0.083134000,0
#1 uniform,75,6,3,3,0.000000250,1
#1 uniform,75,6,3,4,0.083134000,1
#1 uniform,75,6,3,5,0.000000167,0
#1 uniform,75,6,4,2,0.083134000,0
#1 uniform,75,6,4,3,0.000000186,1
#1 uniform,75,6,4,4,0.083134000,1
#1 uniform,75,6,4,5,0.000000139,1
#1 uniform,75,6,5,2,0.083134000,0
#1 uniform,75,6,5,3,0.000000333,1
#1 uniform,75,6,5,4,0.083134033,0
#1 uniform,75,6,5,5,0.000000208,1
#1 uniform,76,6,0,2,0.083134000,1
#1 uniform,76,6,0,3,0.000000250,0
#1 uniform,76,6,0,4,0.083134000,1
#1 uniform,76,6,0,5,0.000000185,1
#1 uniform,76,6,1,2,0.083134000,1
#1 uniform,76,6,1,3,0.000000200,1
#1 uniform,76,6,1,4,0.083134000,1
#1 uniform,76,6,1,5,0.000000152,1
#1 uniform,76,6,2,2,0.083134000,1
#1 uniform,76,6,2,3,0.000000182,1
#1 uniform,76,6,2,4,0.083134000,1
#1 uniform,76,6,2,5,0.000000139,1
#1 uniform,76,6,3,2,0.083134000,1
#1 uniform,76,6,3,3,0.000000250,1
#1 uniform,76,6,3,4,0.083134000,1
#1 uniform,76,6,3,5,0.000000167,1
#1 uniform,76,6,4,2,0.083134000,0
#1 uniform,76,6,4,3,0.000000186,1
#1 uniform,76,6,4,4,0.083134000,1
#1 uniform,76,6,4,5,0.000000139,1
#1 uniform,76,6,5,2,0.083134000,1
#1 uniform,76,6,5,3,0.000000333,1
#1 uniform,76,6,5,4,0.083134033,0
#1 uniform,76,6,5,5,0.000000208,1
#1 uniform,77,6,0,2,0.083134000,1
#1 uniform,77,6,0,3,0.000000250,0
#1 uniform,77,6,0,4,0.083134000,1
#1 uniform,77,6,0,5,0.000000185,1
#1 uniform,77,6,1,2,0.083134000,1
#1 uniform,77,6,1,3,0.000000200,1
#1 uniform,77,6,1,4,0.083134000,1
#1 uniform,77,6,1,5,0.000000152,1
#1 uniform,77,6,2,2,0.083134000,1
#1 uniform,77,6,2,3,0.000000182,1
#1 uniform,77,6,2,4,0.083134000,1
#1 uniform,77,6,2,5,0.000000139,1
#1 uniform,77,6,3,2,0.083134000,1
#1 uniform,77,6,3,3,0.000000250,1
#1 uniform,77,6,3,4,0.083134000,1
#1 uniform,77,6,3,5,0.000000167,1
#1 uniform,77,6,4,2,0.083134000,0
#1 uniform,77,6,4,3,0.000000186,1
#1 uniform,77,6,4,4,0.083134000,1
#1 uniform,77,6,4,5,0.000000139,1
#1 uniform,77,6,5,2,0.083134000,1
#1 uniform,77,6,5,3,0.000000333,1
#1 uniform,77,6,5,4,0.083134033,0
#1 uniform,77,6,5,5,0.000000208,1
#1 uniform,78,6,0,2,0.083134000,1
#1 uniform,78,6,0,3,0.000000250,0
#1 uniform,78,6,0,4,0.083134000,1
#1 uniform,78,6,0,5,0.000000185,1
#1 uniform,78,6,1,2,0.083134000,1
#1 uniform,78,6,1,3,0.000000200,1
#1 uniform,78,6,1,4,0.083134000,1
#1 uniform,78,6,1,5,0.000000152,1
#1 uniform,78,6,2,2,0.083134000,1
#1 uniform,78,6,2,3,0.000000182,1
#1 uniform,78,6,2,4,0.083134000,1
#1 uniform,78,6,2,5,0.000000139,1
#1 uniform,78,6,3,2,0.083134000,1
#1 uniform,78,6,3,3,0.000000250,1
#1 uniform,78,6,3,4,0.083134000,1
#1 uniform,78,6,3,5,0.000000167,1
#1 uniform,78,6,4,2,0.083134000,0
#1 uniform,78,6,4,3,0.000000186,1
#1 uniform,78,6,4,4,0.083134000,1
#1 uniform,78,6,4,5,0.000000139,1
#1 uniform,78,6,5,2,0.083134000,1
#1 uniform,78,6,5,3,0.000000333,1
#1 uniform,78,6,5,4,0.083134033,1
#1 uniform,78,6,5,5,0.000000208,1
#1 uniform,79,6,0,2,0.083134000,1
#1 uniform,79,6,0,3,0.000000250,0
#1 uniform,79,6,0,4,0.083134000,1
#1 uniform,79,6,0,5,0.000000185,1
#1 uniform,79,6,1,2,0.083134000,1
#1 uniform,79,6,1,3,0.000000200,1
#1 uniform,79,6,1,4,0.083134000,1
#1 uniform,79,6,1,5,0.000000152,1
#1 uniform,79,6,2,2,0.083134000,1
#1 uniform,79,6,2,3,0.000000182,1
#1 uniform,79,6,2,4,0.083134000,1
#1 uniform,79,6,2,5,0.000000139,1
#1 uniform,79,6,3,2,0.083134000,1
#1 uniform,79,6,3,3,0.000000250,1
#1 uniform,79,6,3,4,0.083134000,1
#1 uniform,79,6,3,5,0.000000167,1
#1 uniform,79,6,4,2,0.083134000,0
#1 uniform,79,6,4,3,0.000000186,1
#1 uniform,79,6,4,4,0.083134000,1
#1 uniform,79,6,4,5,0.000000139,1
#1 uniform,79,6,5,2,0.083134000,1
#1 uniform,79,6,5,3,0.000000333,1
#1 uniform,79,6,5,4,0.083134033,1
#1 uniform,79,6,5,5,0.000000208,1
#1 uniform,80,6,0,2,0.083134000,1
#1 uniform,80,6,0,3,0.000000250,1
#1 uniform,80,6,0,4,0.083134000,1
#1 uniform,80,6,0,5,0.000000185,1
#1 uniform,80,6,1,2,0.083134000,1
#1 uniform,80,6,1,3,0.000000200,1
#1 uniform,80,6,1,4,0.083134000,1
#1 uniform,80,6,1,5,0.000000152,1
#1 uniform,80,6,2,2,0.083134000,1
#1 uniform,80,6,2,3,0.000000182,1
#1 uniform,80,6,2,4,0.083134000,1
#1 uniform,80,6,2,5,0.000000139,1
#1 uniform,80,6,3,2,0.083134000,1
#1 uniform,80,6,3,3,0.000000250,1
#1 uniform,80,6,3,4,0.083134000,1
#1 uniform,80,6,3,5,0.000000167,1
#1 uniform,80,6,4,2,0.083134000,1
#1 uniform,80,6,4,3,0.000000186,1
#1 uniform,80,6,4,4,0.083134000,1
#1 uniform,80,6,4,5,0.000000139,1
#1 uniform,80,6,5,2,0.083134000,1
#1 uniform,80,6,5,3,0.000000333,1
#1 uniform,80,6,5,4,0.083134033,1
#1 uniform,80,6,5,5,0.000000208,1
#2 single-dominant,1,2,0,2,1.000000000,0
#2 single-dominant,1,2,0,3,1.000000000,0
#2 single-dominant,1,2,0,4,1.000000000,0
#2 single-dominant,1,2,0,5,0.999901000,1
#2 single-dominant,1,2,1,2,0.499950500,0
#2 single-dominant,1,2,1,3,0.499950500,0
#2 single-dominant,1,2,1,4,0.499950500,0
#2 single-dominant,1,2,1,5,0.499950500,1
#2 single-dominant,1,2,2,2,0.999901000,0
#2 single-dominant,1,2,2,3,0.999901000,0
#2 single-dominant,1,2,2,4,0.999901000,0
#2 single-dominant,1,2,2,5,0.999901000,0
#2 single-dominant,1,2,3,2,0.999901000,0
#2 single-dominant,1,2,3,3,0.999901000,0
#2 single-dominant,1,2,3,4,0.999901000,0
#2 single-dominant,1,2,3,5,0.999901000,0
#2 single-dominant,1,2,4,2,0.999901000,0
#2 single-dominant,1,2,4,3,0.999901000,0
#2 single-dominant,1,2,4,4,0.999901000,0
#2 single-dominant,1,2,4,5,0.999901000,0
#2 single-dominant,1,2,5,2,0.999901000,0
#2 single-dominant,1,2,5,3,0.999901000,0
#2 single-dominant,1,2,5,4,0.999901000,0
#2 single-dominant,1,2,5,5,0.999901000,0
#2 single-dominant,2,2,0,2,1.000000000,0
#2 single-dominant,2,2,0,3,1.000000000,0
#2 single-dominant,2,2,0,4,1.000000000,0
#2 single-dominant,2,2,0,5,0.999900500,1
#2 single-dominant,2,2,1,2,0.499950500,0
#2 single-dominant,2,2,1,3,0.499950500,0
#2 single-dominant,2,2,1,4,0.499950500,0
#2 single-dominant,2,2,1,5,0.499950500,1
#2 single-dominant,2,2,2,2,0.499950500,0
#2 single-dominant,2,2,2,3,0.499950500,0
#2 single-dominant,2,2,2,4,0.499950500,0
#2 single-dominant,2,2,2,5,0.499950500,1
#2 single-dominant,2,2,3,2,0.999900500,0
#2 single-dominant,2,2,3,3,0.999900500,0
#2 single-dominant,2,2,3,4,0.999900500,0
#2 single-dominant,2,2,3,5,0.999900500,0
#2 single-dominant,2,2,4,2,0.999900500,0
#2 single-dominant,2,2,4,3,0.999900500,0
#2 single-dominant,2,2,4,4,0.999900500,0
#2 single-dominant,2,2,4,5,0.999900500,0
#2 single-dominant,2,2,5,2,0.999900500,0
#2 single-dominant,2,2,5,3,0.999900500,0
#2 single-dominant,2,2,5,4,0.999900500,0
#2 single-dominant,2,2,5,5,0.999900500,0
#2 single-dominant,3,2,0,2,1.000000000,0
#2 single-dominant,3,2,0,3,1.000000000,0
#2 single-dominant,3,2,0,4,1.000000000,0
#2 single-dominant,3,2,0,5,0.999900333,1
#2 single-dominant,3,2,1,2,0.499950500,0
#2 single-dominant,3,2,1,3,0.499950500,0
#2 single-dominant,3,2,1,4,0.499950500,0
#2 single-dominant,3,2,1,5,0.499950500,1
#2 single-dominant,3,2,2,2,0.499950500,0
#2 single-dominant,3,2,2,3,0.499950500,0
#2 single-dominant,3,2,2,4,0.499950500,0
#2 single-dominant,3,2,2,5,0.499950500,1
#2 single-dominant,3,2,3,2,0.499950500,0
#2 single-dominant,3,2,3,3,0.499950500,0
#2 single-dominant,3,2,3,4,0.499950500,0
#2 single-dominant,3,2,3,5,0.499950500,1
#2 single-dominant,3,2,4,2,0.999900333,0
#2 single-dominant,3,2,4,3,0.999900333,0
#2 single-dominant,3,2,4,4,0.999900333,0
#2 single-dominant,3,2,4,5,0.999900333,0
#2 single-dominant,3,2,5,2,0.999900333,0
#2 single-dominant,3,2,5,3,0.999900333,0
#2 single-dominant,3,2,5,4,0.999900333,0
#2 single-dominant,3,2,5,5,0.999900333,0
#2 single-dominant,4,2,0,2,1.000000000,0
#2 single-dominant,4,2,0,3,1.000000000,0
#2 single-dominant,4,2,0,4,1.000000000,0
#2 single-dominant,4,2,0,5,0.999900250,1
#2 single-dominant,4,2,1,2,0.499950500,0
#2 single-dominant,4,2,1,3,0.499950500,0
#2 single-dominant,4,2,1,4,0.499950500,0
#2 single-dominant,4,2,1,5,0.499950500,1
#2 single-dominant,4,2,2,2,0.499950500,0
#2 single-dominant,4,2,2,3,0.499950500,0
#2 single-dominant,4,2,2,4,0.499950500,0
#2 single-dominant,4,2,2,5,0.499950500,1
#2 single-dominant,4,2,3,2,0.499950500,0
#2 single-dominant,4,2,3,3,0.499950500,0
#2 single-dominant,4,2,3,4,0.499950500,0
#2 single-dominant,4,2,3,5,0.499950500,1
#2 single-dominant,4,2,4,2,0.499950500,0
#2 single-dominant,4,2,4,3,0.499950500,0
#2 single-dominant,4,2,4,4,0.499950500,0
#2 single-dominant,4,2,4,5,0.499950500,1
#2 single-dominant,4,2,5,2,0.999900250,0
#2 single-dominant,4,2,5,3,0.999900250,0
#2 single-dominant,4,2,5,4,0.999900250,0
#2 single-dominant,4,2,5,5,0.999900250,0
#2 single-dominant,5,2,0,2,1.000000000,0
#2 single-dominant,5,2,0,3,1.000000000,0
#2 single-dominant,5,2,0,4,1.000000000,0
#2 single-dominant,5,2,0,5,0.833250167,1
#2 single-dominant,5,2,1,2,0.499950500,0
#2 single-dominant,5,2,1,3,0.499950500,0
#2 single-dominant,5,2,1,4,0.499950500,0
#2 single-dominant,5,2,1,5,0.499950500,1
#2 single-dominant,5,2,2,2,0.499950500,0
#2 single-dominant,5,2,2,3,0.499950500,0
#2 single-dominant,5,2,2,4,0.499950500,0
#2 single-dominant,5,2,2,5,0.499950500,1
#2 single-dominant,5,2,3,2,0.499950500,0
#2 single-dominant,5,2,3,3,0.499950500,0
#2 single-dominant,5,2,3,4,0.499950500,0
#2 single-dominant,5,2,3,5,0.499950500,1
#2 single-dominant,5,2,4,2,0.499950500,0
#2 single-dominant,5,2,4,3,0.499950500,0
#2 single-dominant,5,2,4,4,0.499950500,0
#2 single-dominant,5,2,4,5,0.499950500,1
#2 single-dominant,5,2,5,2,0.499950500,0
#2 single-dominant,5,2,5,3,0.499950500,0
#2 single-dominant,5,2,5,4,0.499950500,0
#2 single-dominant,5,2,5,5,0.499950500,1
#2 single-dominant,6,2,0,2,1.000000000,0
#2 single-dominant,6,2,0,3,1.000000000,0
#2 single-dominant,6,2,0,4,1.000000000,0
#2 single-dominant,6,2,0,5,0.833250167,1
#2 single-dominant,6,2,1,2,0.333300333,0
#2 single-dominant,6,2,1,3,0.333300333,0
#2 single-dominant,6,2,1,4,0.333300333,0
#2 single-dominant,6,2,1,5,0.333300333,1
#2 single-dominant,6,2,2,2,0.333300333,0
#2 single-dominant,6,2,2,3,0.333300333,0
#2 single-dominant,6,2,2,4,0.333300333,0
#2 single-dominant,6,2,2,5,0.333300333,1
#2 single-dominant,6,2,3,2,0.499950500,0
#2 single-dominant,6,2,3,3,0.499950500,0
#2 single-dominant,6,2,3,4,0.499950500,0
#2 single-dominant,6,2,3,5,0.499950500,1
#2 single-dominant,6,2,4,2,0.499950500,0
#2 single-dominant,6,2,4,3,0.499950500,0
#2 single-dominant,6,2,4,4,0.499950500,0
#2 single-dominant,6,2,4,5,0.499950500,1
#2 single-dominant,6,2,5,2,0.499950500,0
#2 single-dominant,6,2,5,3,0.499950500,0
#2 single-dominant,6,2,5,4,0.499950500,0
#2 single-dominant,6,2,5,5,0.499950500,1
#2 single-dominant,7,2,0,2,1.000000000,0
#2 single-dominant,7,2,0,3,1.000000000,0
#2 single-dominant,7,2,0,4,1.000000000,0
#2 single-dominant,7,2,0,5,0.833250167,1
#2 single-dominant,7,2,1,2,0.249975250,0
#2 single-dominant,7,2,1,3,0.249975250,0
#2 single-dominant,7,2,1,4,0.249975250,0
#2 single-dominant,7,2,1,5,0.249975250,1
#2 single-dominant,7,2,2,2,0.249975500,0
#2 single-dominant,7,2,2,3,0.249975500,0
#2 single-dominant,7,2,2,4,0.249975500,0
#2 single-dominant,7,2,2,5,0.249975500,1
#2 single-dominant,7,2,3,2,0.249975500,0
#2 single-dominant,7,2,3,3,0.249975500,0
#2 single-dominant,7,2,3,4,0.249975500,0
#2 single-dominant,7,2,3,5,0.249975500,1
#2 single-dominant,7,2,4,2,0.499950500,0
#2 single-dominant,7,2,4,3,0.499950500,0
#2 single-dominant,7,2,4,4,0.499950500,0
#2 single-dominant,7,2,4,5,0.499950500,1
#2 single-dominant,7,2,5,2,0.499950500,0
#2 single-dominant,7,2,5,3,0.499950500,0
#2 single-dominant,7,2,5,4,0.499950500,0
#2 single-dominant,7,2,5,5,0.499950500,1
#2 single-dominant,8,2,0,2,1.000000000,0
#2 single-dominant,8,2,0,3,1.000000000,0
#2 single-dominant,8,2,0,4,1.000000000,0
#2 single-dominant,8,2,0,5,0.833250167,1
#2 single-dominant,8,2,1,2,0.199980200,0
#2 single-dominant,8,2,1,3,0.199980200,0
#2 single-dominant,8,2,1,4,0.199980200,0
#2 single-dominant,8,2,1,5,0.199980200,1
#2 single-dominant,8,2,2,2,0.199980600,0
#2 single-dominant,8,2,2,3,0.199980600,0
#2 single-dominant,8,2,2,4,0.199980600,0
#2 single-dominant,8,2,2,5,0.199980600,1
#2 single-dominant,8,2,3,2,0.199980600,0
#2 single-dominant,8,2,3,3,0.199980600,0
#2 single-dominant,8,2,3,4,0.199980600,0
#2 single-dominant,8,2,3,5,0.199980600,1
#2 single-dominant,8,2,4,2,0.199980600,0
#2 single-dominant,8,2,4,3,0.199980600,0
#2 single-dominant,8,2,4,4,0.199980600,0
#2 single-dominant,8,2,4,5,0.199980600,1
#2 single-dominant,8,2,5,2,0.499950500,0
#2 single-dominant,8,2,5,3,0.499950500,0
#2 single-dominant,8,2,5,4,0.499950500,0
#2 single-dominant,8,2,5,5,0.499950500,1
#2 single-dominant,9,2,0,2,1.000000000,0
#2 single-dominant,9,2,0,3,1.000000000,0
#2 single-dominant,9,2,0,4,1.000000000,0
#2 single-dominant,9,2,0,5,0.833250167,1
#2 single-dominant,9,2,1,2,0.166650167,0
#2 single-dominant,9,2,1,3,0.166650167,0
#2 single-dominant,9,2,1,4,0.166650167,0
#2 single-dominant,9,2,1,5,0.166650167,1
#2 single-dominant,9,2,2,2,0.166650667,0
#2 single-dominant,9,2,2,3,0.166650667,0
#2 single-dominant,9,2,2,4,0.166650667,0
#2 single-dominant,9,2,2,5,0.166650667,1
#2 single-dominant,9,2,3,2,0.166650667,0
#2 single-dominant,9,2,3,3,0.166650667,0
#2 single-dominant,9,2,3,4,0.166650667,0
#2 single-dominant,9,2,3,5,0.166650667,1
#2 single-dominant,9,2,4,2,0.166650667,0
#2 single-dominant,9,2,4,3,0.166650667,0
#2 single-dominant,9,2,4,4,0.166650667,0
#2 single-dominant,9,2,4,5,0.166650667,1
#2 single-dominant,9,2,5,2,0.166650667,0
#2 single-dominant,9,2,5,3,0.166650667,0
#2 single-dominant,9,2,5,4,0.166650667,0
#2 single-dominant,9,2,5,5,0.166650667,1
#2 single-dominant,10,2,0,2,1.000000000,0
#2 single-dominant,10,2,0,3,1.000000000,0
#2 single-dominant,10,2,0,4,1.000000000,0
#2 single-dominant,10,2,0,5,0.833250167,1
#2 single-dominant,10,2,1,2,0.166650167,0
#2 single-dominant,10,2,1,3,0.166650167,0
#2 single-dominant,10,2,1,4,0.166650167,0
#2 single-dominant,10,2,1,5,0.166650167,1
#2 single-dominant,10,2,2,2,0.166650333,0
#2 single-dominant,10,2,2,3,0.166650333,0
#2 single-dominant,10,2,2,4,0.166650333,0
#2 single-dominant,10,2,2,5,0.166650333,1
#2 single-dominant,10,2,3,2,0.166650333,0
#2 single-dominant,10,2,3,3,0.166650333,0
#2 single-dominant,10,2,3,4,0.166650333,0
#2 single-dominant,10,2,3,5,0.166650333,1
#2 single-dominant,10,2,4,2,0.166650667,0
#2 single-dominant,10,2,4,3,0.166650667,0
#2 single-dominant,10,2,4,4,0.166650667,0
#2 single-dominant,10,2,4,5,0.166650667,1
#2 single-dominant,10,2,5,2,0.166650667,0
#2 single-dominant,10,2,5,3,0.166650667,0
#2 single-dominant,10,2,5,4,0.166650667,0
#2 single-dominant,10,2,5,5,0.166650667,1
#2 single-dominant,11,2,0,2,1.000000000,0
#2 single-dominant,11,2,0,3,1.000000000,0
#2 single-dominant,11,2,0,4,1.000000000,0
#2 single-dominant,11,2,0,5,0.833250167,1
#2 single-dominant,11,2,1,2,0.166650167,0
#2 single-dominant,11,2,1,3,0.166650167,0
#2 single-dominant,11,2,1,4,0.166650167,0
#2 single-dominant,11,2,1,5,0.166650167,1
#2 single-dominant,11,2,2,2,0.166650222,0
#2 single-dominant,11,2,2,3,0.166650222,0
#2 single-dominant,11,2,2,4,0.166650222,0
#2 single-dominant,11,2,2,5,0.166650222,1
#2 single-dominant,11,2,3,2,0.166650333,0
#2 single-dominant,11,2,3,3,0.166650333,0
#2 single-dominant,11,2,3,4,0.166650333,0
#2 single-dominant,11,2,3,5,0.166650333,1
#2 single-dominant,11,2,4,2,0.166650333,0
#2 single-dominant,11,2,4,3,0.166650333,0
#2 single-dominant,11,2,4,4,0.166650333,0
#2 single-dominant,11,2,4,5,0.166650333,1
#2 single-dominant,11,2,5,2,0.166650667,0
#2 single-dominant,11,2,5,3,0.166650667,0
#2 single-dominant,11,2,5,4,0.166650667,0
#2 single-dominant,11,2,5,5,0.166650667,1
#2 single-dominant,12,2,0,2,1.000000000,0
#2 single-dominant,12,2,0,3,1.000000000,0
#2 single-dominant,12,2,0,4,1.000000000,0
#2 single-dominant,12,2,0,5,0.833250167,1
#2 single-dominant,12,2,1,2,0.166650167,0
#2 single-dominant,12,2,1,3,0.166650167,0
#2 single-dominant,12,2,1,4,0.166650167,0
#2 single-dominant,12,2,1,5,0.166650167,1
#2 single-dominant,12,2,2,2,0.166650167,0
#2 single-dominant,12,2,2,3,0.166650167,0
#2 single-dominant,12,2,2,4,0.166650167,0
#2 single-dominant,12,2,2,5,0.166650167,1
#2 single-dominant,12,2,3,2,0.166650333,0
#2 single-dominant,12,2,3,3,0.166650333,0
#2 single-dominant,12,2,3,4,0.166650333,0
#2 single-dominant,12,2,3,5,0.166650333,1
#2 single-dominant,12,2,4,2,0.166650333,0
#2 single-dominant,12,2,4,3,0.166650333,0
#2 single-dominant,12,2,4,4,0.166650333,0
#2 single-dominant,12,2,4,5,0.166650333,1
#2 single-dominant,12,2,5,2,0.166650333,0
#2 single-dominant,12,2,5,3,0.166650333,0
#2 single-dominant,12,2,5,4,0.166650333,0
#2 single-dominant,12,2,5,5,0.166650333,1
#2 single-dominant,13,2,0,2,1.000000000,0
#2 single-dominant,13,2,0,3,1.000000000,0
#2 single-dominant,13,2,0,4,1.000000000,0
#2 single-dominant,13,2,0,5,0.833250167,1
#2 single-dominant,13,2,1,2,0.166650167,0
#2 single-dominant,13,2,1,3,0.166650167,0
#2 single-dominant,13,2,1,4,0.166650167,0
#2 single-dominant,13,2,1,5,0.166650167,1
#2 single-dominant,13,2,2,2,0.166650167,0
#2 single-dominant,13,2,2,3,0.166650167,0
#2 single-dominant,13,2,2,4,0.166650167,0
#2 single-dominant,13,2,2,5,0.166650167,1
#2 single-dominant,13,2,3,2,0.166650222,0
#2 single-dominant,13,2,3,3,0.166650222,0
#2 single-dominant,13,2,3,4,0.166650222,0
#2 single-dominant,13,2,3,5,0.166650222,1
#2 single-dominant,13,2,4,2,0.166650222,0
#2 single-dominant,13,2,4,3,0.166650222,0
#2 single-dominant,13,2,4,4,0.166650222,0
#2 single-dominant,13,2,4,5,0.166650222,1
#2 single-dominant,13,2,5,2,0.166650333,0
#2 single-dominant,13,2,5,3,0.166650333,0
#2 single-dominant,13,2,5,4,0.166650333,0
#2 single-dominant,13,2,5,5,0.166650333,1
#2 single-dominant,14,2,0,2,1.000000000,0
#2 single-dominant,14,2,0,3,1.000000000,0
#2 single-dominant,14,2,0,4,1.000000000,0
#2 single-dominant,14,2,0,5,0.833250167,1
#2 single-dominant,14,2,1,2,0.166650167,0
#2 single-dominant,14,2,1,3,0.166650167,0
#2 single-dominant,14,2,1,4,0.166650167,0
#2 single-dominant,14,2,1,5,0.166650167,1
#2 single-dominant,14,2,2,2,0.166650167,0
#2 single-dominant,14,2,2,3,0.166650167,0
#2 single-dominant,14,2,2,4,0.166650167,0
#2 single-dominant,14,2,2,5,0.166650167,1
#2 single-dominant,14,2,3,2,0.166650167,0
#2 single-dominant,14,2,3,3,0.166650167,0
#2 single-dominant,14,2,3,4,0.166650167,0
#2 single-dominant,14,2,3,5,0.166650167,1
#2 single-dominant,14,2,4,2,0.166650222,0
#2 single-dominant,14,2,4,3,0.166650222,0
#2 single-dominant,14,2,4,4,0.166650222,0
#2 single-dominant,14,2,4,5,0.166650222,1
#2 single-dominant,14,2,5,2,0.166650222,0
#2 single-dominant,14,2,5,3,0.166650222,0
#2 single-dominant,14,2,5,4,0.166650222,0
#2 single-dominant,14,2,5,5,0.166650222,1
#2 single-dominant,15,2,0,2,1.000000000,0
#2 single-dominant,15,2,0,3,1.000000000,0
#2 single-dominant,15,2,0,4,1.000000000,0
#2 single-dominant,15,2,0,5,0.833250167,1
#2 single-dominant,15,2,1,2,0.166650167,0
#2 single-dominant,15,2,1,3,0.166650167,0
#2 single-dominant,15,2,1,4,0.166650167,0
#2 single-dominant,15,2,1,5,0.166650167,1
#2 single-dominant,15,2,2,2,0.166650167,0
#2 single-dominant,15,2,2,3,0.166650167,0
#2 single-dominant,15,2,2,4,0.166650167,0
#2 single-dominant,15,2,2,5,0.166650167,1
#2 single-dominant,15,2,3,2,0.166650167,0
#2 single-dominant,15,2,3,3,0.166650167,0
#2 single-dominant,15,2,3,4,0.166650167,0
#2 single-dominant,15,2,3,5,0.166650167,1
#2 single-dominant,15,2,4,2,0.166650167,0
#2 single-dominant,15,2,4,3,0.166650167,0
#2 single-dominant,15,2,4,4,0.166650167,0
#2 single-dominant,15,2,4,5,0.166650167,1
#2 single-dominant,15,2,5,2,0.166650167,0
#2 single-dominant,15,2,5,3,0.166650167,0
#2 single-dominant,15,2,5,4,0.166650167,0
#2 single-dominant,15,2,5,5,0.166650167,1
#2 single-dominant,16,2,0,2,0.999901000,0
#2 single-dominant,16,2,0,3,0.999901000,1
#2 single-dominant,16,2,0,4,0.999901000,1
#2 single-dominant,16,2,0,5,0.833250167,1
#2 single-dominant,16,2,1,2,0.166650167,0
#2 single-dominant,16,2,1,3,0.166650167,1
#2 single-dominant,16,2,1,4,0.166650167,1
#2 single-dominant,16,2,1,5,0.166650167,1
#2 single-dominant,16,2,2,2,0.166650167,0
#2 single-dominant,16,2,2,3,0.166650167,0
#2 single-dominant,16,2,2,4,0.166650167,0
#2 single-dominant,16,2,2,5,0.166650167,1
#2 single-dominant,16,2,3,2,0.166650167,0
#2 single-dominant,16,2,3,3,0.166650167,0
#2 single-dominant,16,2,3,4,0.166650167,0
#2 single-dominant,16,2,3,5,0.166650167,1
#2 single-dominant,16,2,4,2,0.166650167,0
#2 single-dominant,16,2,4,3,0.166650167,0
#2 single-dominant,16,2,4,4,0.166650167,0
#2 single-dominant,16,2,4,5,0.166650167,1
#2 single-dominant,16,2,5,2,0.166650167,0
#2 single-dominant,16,2,5,3,0.166650167,0
#2 single-dominant,16,2,5,4,0.166650167,0
#2 single-dominant,16,2,5,5,0.166650167,1
#2 single-dominant,17,2,0,2,0.999801000,0
#2 single-dominant,17,2,0,3,0.999801000,1
#2 single-dominant,17,2,0,4,0.999802000,1
#2 single-dominant,17,2,0,5,0.833250167,1
#2 single-dominant,17,2,1,2,0.166650167,0
#2 single-dominant,17,2,1,3,0.166650167,1
#2 single-dominant,17,2,1,4,0.166650167,1
#2 single-dominant,17,2,1,5,0.166650167,1
#2 single-dominant,17,2,2,2,0.166650167,0
#2 single-dominant,17,2,2,3,0.166650167,0
#2 single-dominant,17,2,2,4,0.166650167,0
#2 single-dominant,17,2,2,5,0.166650167,1
#2 single-dominant,17,2,3,2,0.166650167,0
#2 single-dominant,17,2,3,3,0.166650167,1
#2 single-dominant,17,2,3,4,0.166650167,1
#2 single-dominant,17,2,3,5,0.166650167,1
#2 single-dominant,17,2,4,2,0.166650167,0
#2 single-dominant,17,2,4,3,0.166650167,0
#2 single-dominant,17,2,4,4,0.166650167,0
#2 single-dominant,17,2,4,5,0.166650167,1
#2 single-dominant,17,2,5,2,0.166650167,0
#2 single-dominant,17,2,5,3,0.166650167,0
#2 single-dominant,17,2,5,4,0.166650167,0
#2 single-dominant,17,2,5,5,0.166650167,1
#2 single-dominant,18,2,0,2,0.999701000,1
#2 single-dominant,18,2,0,3,0.999702000,1
#2 single-dominant,18,2,0,4,0.999702000,1
#2 single-dominant,18,2,0,5,0.833250167,1
#2 single-dominant,18,2,1,2,0.166650167,0
#2 single-dominant,18,2,1,3,0.166650167,1
#2 single-dominant,18,2,1,4,0.166650167,1
#2 single-dominant,18,2,1,5,0.166650167,1
#2 single-dominant,18,2,2,2,0.166650167,1
#2 single-dominant,18,2,2,3,0.166650167,1
#2 single-dominant,18,2,2,4,0.166650167,0
#2 single-dominant,18,2,2,5,0.166650167,1
#2 single-dominant,18,2,3,2,0.166650167,0
#2 single-dominant,18,2,3,3,0.166650167,1
#2 single-dominant,18,2,3,4,0.166650167,1
#2 single-dominant,18,2,3,5,0.166650167,1
#2 single-dominant,18,2,4,2,0.166650167,0
#2 single-dominant,18,2,4,3,0.166650167,0
#2 single-dominant,18,2,4,4,0.166650167,0
#2 single-dominant,18,2,4,5,0.166650167,1
#2 single-dominant,18,2,5,2,0.166650167,0
#2 single-dominant,18,2,5,3,0.166650167,0
#2 single-dominant,18,2,5,4,0.166650167,0
#2 single-dominant,18,2,5,5,0.166650167,1
#2 single-dominant,19,2,0,2,0.999701000,1
#2 single-dominant,19,2,0,3,0.999702000,1
#2 single-dominant,19,2,0,4,0.999702000,1
#2 single-dominant,19,2,0,5,0.833250167,1
#2 single-dominant,19,2,1,2,0.166650167,1
#2 single-dominant,19,2,1,3,0.166650167,1
#2 single-dominant,19,2,1,4,0.166650167,1
#2 single-dominant,19,2,1,5,0.166650167,1
#2 single-dominant,19,2,2,2,0.166650167,1
#2 single-dominant,19,2,2,3,0.166650167,1
#2 single-dominant,19,2,2,4,0.166650167,0
#2 single-dominant,19,2,2,5,0.166650167,1
#2 single-dominant,19,2,3,2,0.166650167,1
#2 single-dominant,19,2,3,3,0.166650167,1
#2 single-dominant,19,2,3,4,0.166650167,1
#2 single-dominant,19,2,3,5,0.166650167,1
#2 single-dominant,19,2,4,2,0.166650167,0
#2 single-dominant,19,2,4,3,0.166650167,0
#2 single-dominant,19,2,4,4,0.166650167,0
#2 single-dominant,19,2,4,5,0.166650167,1
#2 single-dominant,19,2,5,2,0.166650167,0
#2 single-dominant,19,2,5,3,0.166650167,0
#2 single-dominant,19,2,5,4,0.166650167,0
#2 single-dominant,19,2,5,5,0.166650167,1
#2 single-dominant,20,2,0,2,0.999701000,1
#2 single-dominant,20,2,0,3,0.999702000,1
#2 single-dominant,20,2,0,4,0.999702000,1
#2 single-dominant,20,2,0,5,0.833250167,1
#2 single-dominant,20,2,1,2,0.166650167,1
#2 single-dominant,20,2,1,3,0.166650167,1
#2 single-dominant,20,2,1,4,0.166650167,1
#2 single-dominant,20,2,1,5,0.166650167,1
#2 single-dominant,20,2,2,2,0.166650167,1
#2 single-dominant,20,2,2,3,0.166650167,1
#2 single-dominant,20,2,2,4,0.166650167,0
#2 single-dominant,20,2,2,5,0.166650167,1
#2 single-dominant,20,2,3,2,0.166650167,1
#2 single-dominant,20,2,3,3,0.166650167,1
#2 single-dominant,20,2,3,4,0.166650167,1
#2 single-dominant,20,2,3,5,0.166650167,1
#2 single-dominant,20,2,4,2,0.166650167,0
#2 single-dominant,20,2,4,3,0.166650167,1
#2 single-dominant,20,2,4,4,0.166650167,1
#2 single-dominant,20,2,4,5,0.166650167,1
#2 single-dominant,20,2,5,2,0.166650167,0
#2 single-dominant,20,2,5,3,0.166650167,0
#2 single-dominant,20,2,5,4,0.166650167,0
#2 single-dominant,20,2,5,5,0.166650167,1
#2 single-dominant,21,2,0,2,0.999701000,1
#2 single-dominant,21,2,0,3,0.999702000,1
#2 single-dominant,21,2,0,4,0.999702000,1
#2 single-dominant,21,2,0,5,0.833250167,1
#2 single-dominant,21,2,1,2,0.166650167,1
#2 single-dominant,21,2,1,3,0.166650167,1
#2 single-dominant,21,2,1,4,0.166650167,1
#2 single-dominant,21,2,1,5,0.166650167,1
#2 single-dominant,21,2,2,2,0.166650167,1
#2 single-dominant,21,2,2,3,0.166650167,1
#2 single-dominant,21,2,2,4,0.166650167,1
#2 single-dominant,21,2,2,5,0.166650167,1
#2 single-dominant,21,2,3,2,0.166650167,1
#2 single-dominant,21,2,3,3,0.166650167,1
#2 single-dominant,21,2,3,4,0.166650167,1
#2 single-dominant,21,2,3,5,0.166650167,1
#2 single-dominant,21,2,4,2,0.166650167,0
#2 single-dominant,21,2,4,3,0.166650167,1
#2 single-dominant,21,2,4,4,0.166650167,1
#2 single-dominant,21,2,4,5,0.166650167,1
#2 single-dominant,21,2,5,2,0.166650167,0
#2 single-dominant,21,2,5,3,0.166650167,0
#2 single-dominant,21,2,5,4,0.166650167,0
#2 single-dominant,21,2,5,5,0.166650167,1
#2 single-dominant,22,2,0,2,0.999701000,1
#2 single-dominant,22,2,0,3,0.999702000,1
#2 single-dominant,22,2,0,4,0.999702000,1
#2 single-dominant,22,2,0,5,0.833250167,1
#2 single-dominant,22,2,1,2,0.166650167,1
#2 single-dominant,22,2,1,3,0.166650167,1
#2 single-dominant,22,2,1,4,0.166650167,1
#2 single-dominant,22,2,1,5,0.166650167,1
#2 single-dominant,22,2,2,2,0.166650167,1
#2 single-dominant,22,2,2,3,0.166650167,1
#2 single-dominant,22,2,2,4,0.166650167,1
#2 single-dominant,22,2,2,5,0.166650167,1
#2 single-dominant,22,2,3,2,0.166650167,1
#2 single-dominant,22,2,3,3,0.166650167,1
#2 single-dominant,22,2,3,4,0.166650167,1
#2 single-dominant,22,2,3,5,0.166650167,1
#2 single-dominant,22,2,4,2,0.166650167,0
#2 single-dominant,22,2,4,3,0.166650167,1
#2 single-dominant,22,2,4,4,0.166650167,1
#2 single-dominant,22,2,4,5,0.166650167,1
#2 single-dominant,22,2,5,2,0.166650167,0
#2 single-dominant,22,2,5,3,0.166650167,1
#2 single-dominant,22,2,5,4,0.166650167,1
#2 single-dominant,22,2,5,5,0.166650167,1
#2 single-dominant,23,2,0,2,0.999602000,1
#2 single-dominant,23,2,0,3,0.999602000,1
#2 single-dominant,23,2,0,4,0.999602000,1
#2 single-dominant,23,2,0,5,0.833250167,1
#2 single-dominant,23,2,1,2,0.166650167,1
#2 single-dominant,23,2,1,3,0.166650167,1
#2 single-dominant,23,2,1,4,0.166650167,1
#2 single-dominant,23,2,1,5,0.166650167,1
#2 single-dominant,23,2,2,2,0.166600167,1
#2 single-dominant,23,2,2,3,0.166600167,1
#2 single-dominant,23,2,2,4,0.166650167,1
#2 single-dominant,23,2,2,5,0.166650167,1
#2 single-dominant,23,2,3,2,0.166650167,1
#2 single-dominant,23,2,3,3,0.166650167,1
#2 single-dominant,23,2,3,4,0.166650167,1
#2 single-dominant,23,2,3,5,0.166650167,1
#2 single-dominant,23,2,4,2,0.166650167,0
#2 single-dominant,23,2,4,3,0.166650167,1
#2 single-dominant,23,2,4,4,0.166650167,1
#2 single-dominant,23,2,4,5,0.166650167,1
#2 single-dominant,23,2,5,2,0.166650167,0
#2 single-dominant,23,2,5,3,0.166650167,1
#2 single-dominant,23,2,5,4,0.166650167,1
#2 single-dominant,23,2,5,5,0.166650167,1
#2 single-dominant,24,2,0,2,0.999602000,1
#2 single-dominant,24,2,0,3,0.999602000,1
#2 single-dominant,24,2,0,4,0.999602000,1
#2 single-dominant,24,2,0,5,0.833250167,1
#2 single-dominant,24,2,1,2,0.166650167,1
#2 single-dominant,24,2,1,3,0.166650167,1
#2 single-dominant,24,2,1,4,0.166650167,1
#2 single-dominant,24,2,1,5,0.166650167,1
#2 single-dominant,24,2,2,2,0.166600167,1
#2 single-dominant,24,2,2,3,0.166600167,1
#2 single-dominant,24,2,2,4,0.166650167,1
#2 single-dominant,24,2,2,5,0.166650167,1
#2 single-dominant,24,2,3,2,0.166650167,1
#2 single-dominant,24,2,3,3,0.166650167,1
#2 single-dominant,24,2,3,4,0.166650167,1
#2 single-dominant,24,2,3,5,0.166650167,1
#2 single-dominant,24,2,4,2,0.166650167,1
#2 single-dominant,24,2,4,3,0.166650167,1
#2 single-dominant,24,2,4,4,0.166650167,1
#2 single-dominant,24,2,4,5,0.166650167,1
#2 single-dominant,24,2,5,2,0.166650167,0
#2 single-dominant,24,2,5,3,0.166650167,1
#2 single-dominant,24,2,5,4,0.166650167,1
#2 single-dominant,24,2,5,5,0.166650167,1
#2 single-dominant,25,2,0,2,0.999602000,1
#2 single-dominant,25,2,0,3,0.999602000,1
#2 single-dominant,25,2,0,4,0.999602000,1
#2 single-dominant,25,2,0,5,0.833250167,1
#2 single-dominant,25,2,1,2,0.166650167,1
#2 single-dominant,25,2,1,3,0.166650167,1
#2 single-dominant,25,2,1,4,0.166650167,1
#2 single-dominant,25,2,1,5,0.166650167,1
#2 single-dominant,25,2,2,2,0.166600167,1
#2 single-dominant,25,2,2,3,0.166600167,1
#2 single-dominant,25,2,2,4,0.166650167,1
#2 single-dominant,25,2,2,5,0.166650167,1
#2 single-dominant,25,2,3,2,0.166650167,1
#2 single-dominant,25,2,3,3,0.166650167,1
#2 single-dominant,25,2,3,4,0.166650167,1
#2 single-dominant,25,2,3,5,0.166650167,1
#2 single-dominant,25,2,4,2,0.166650167,1
#2 single-dominant,25,2,4,3,0.166650167,1
#2 single-dominant,25,2,4,4,0.166650167,1
#2 single-dominant,25,2,4,5,0.166650167,1
#2 single-dominant,25,2,5,2,0.166650167,0
#2 single-dominant,25,2,5,3,0.166650167,1
#2 single-dominant,25,2,5,4,0.166650167,1
#2 single-dominant,25,2,5,5,0.166650167,1
#2 single-dominant,26,2,0,2,0.999602000,1
#2 single-dominant,26,2,0,3,0.999602000,1
#2 single-dominant,26,2,0,4,0.999602000,1
#2 single-dominant,26,2,0,5,0.833250167,1
#2 single-dominant,26,2,1,2,0.166650167,1
#2 single-dominant,26,2,1,3,0.166650167,1
#2 single-dominant,26,2,1,4,0.166650167,1
#2 single-dominant,26,2,1,5,0.166650167,1
#2 single-dominant,26,2,2,2,0.166600167,1
#2 single-dominant,26,2,2,3,0.166600167,1
#2 single-dominant,26,2,2,4,0.166650167,1
#2 single-dominant,26,2,2,5,0.166650167,1
#2 single-dominant,26,2,3,2,0.166650167,1
#2 single-dominant,26,2,3,3,0.166650167,1
#2 single-dominant,26,2,3,4,0.166650167,1
#2 single-dominant,26,2,3,5,0.166650167,1
#2 single-dominant,26,2,4,2,0.166650167,1
#2 single-dominant,26,2,4,3,0.166650167,1
#2 single-dominant,26,2,4,4,0.166650167,1
#2 single-dominant,26,2,4,5,0.166650167,1
#2 single-dominant,26,2,5,2,0.166650167,1
#2 single-dominant,26,2,5,3,0.166650167,1
#2 single-dominant,26,2,5,4,0.166650167,1
#2 single-dominant,26,2,5,5,0.166650167,1
#2 single-dominant,27,2,0,2,0.999602000,1
#2 single-dominant,27,2,0,3,0.999602000,1
#2 single-dominant,27,2,0,4,0.999602000,1
#2 single-dominant,27,2,0,5,0.833250167,1
#2 single-dominant,27,2,1,2,0.166650167,1
#2 single-dominant,27,2,1,3,0.166650167,1
#2 single-dominant,27,2,1,4,0.166650167,1
#2 single-dominant,27,2,1,5,0.166650167,1
#2 single-dominant,27,2,2,2,0.166600167,1
#2 single-dominant,27,2,2,3,0.166600167,1
#2 single-dominant,27,2,2,4,0.166600333,1
#2 single-dominant,27,2,2,5,0.166650167,1
#2 single-dominant,27,2,3,2,0.166650167,1
#2 single-dominant,27,2,3,3,0.166650167,1
#2 single-dominant,27,2,3,4,0.166650167,1
#2 single-dominant,27,2,3,5,0.166650167,1
#2 single-dominant,27,2,4,2,0.166650167,1
#2 single-dominant,27,2,4,3,0.166650167,1
#2 single-dominant,27,2,4,4,0.166650167,1
#2 single-dominant,27,2,4,5,0.166650167,1
#2 single-dominant,27,2,5,2,0.166650167,1
#2 single-dominant,27,2,5,3,0.166650167,1
#2 single-dominant,27,2,5,4,0.166650167,1
#2 single-dominant,27,2,5,5,0.166650167,1
#2 single-dominant,28,2,0,2,0.999602000,1
#2 single-dominant,28,2,0,3,0.999602000,1
#2 single-dominant,28,2,0,4,0.999602000,1
#2 single-dominant,28,2,0,5,0.833250167,1
#2 single-dominant,28,2,1,2,0.166650167,1
#2 single-dominant,28,2,1,3,0.166650167,1
#2 single-dominant,28,2,1,4,0.166650167,1
#2 single-dominant,28,2,1,5,0.166650167,1
#2 single-dominant,28,2,2,2,0.166600167,1
#2 single-dominant,28,2,2,3,0.166600167,1
#2 single-dominant,28,2,2,4,0.166600167,1
#2 single-dominant,28,2,2,5,0.166650167,1
#2 single-dominant,28,2,3,2,0.166650167,1
#2 single-dominant,28,2,3,3,0.166650167,1
#2 single-dominant,28,2,3,4,0.166650167,1
#2 single-dominant,28,2,3,5,0.166650167,1
#2 single-dominant,28,2,4,2,0.166650167,1
#2 single-dominant,28,2,4,3,0.166650167,1
#2 single-dominant,28,2,4,4,0.166650167,1
#2 single-dominant,28,2,4,5,0.166650167,1
#2 single-dominant,28,2,5,2,0.166650167,1
#2 single-dominant,28,2,5,3,0.166650167,1
#2 single-dominant,28,2,5,4,0.166650167,1
#2 single-dominant,28,2,5,5,0.166650167,1
#2 single-dominant,29,2,0,2,0.999602000,1
#2 single-dominant,29,2,0,3,0.999602000,1
#2 single-dominant,29,2,0,4,0.999602000,1
#2 single-dominant,29,2,0,5,0.833250167,1
#2 single-dominant,29,2,1,2,0.166650167,1
#2 single-dominant,29,2,1,3,0.166650167,1
#2 single-dominant,29,2,1,4,0.166650167,1
#2 single-dominant,29,2,1,5,0.166650167,1
#2 single-dominant,29,2,2,2,0.166600167,1
#2 single-dominant,29,2,2,3,0.166600167,1
#2 single-dominant,29,2,2,4,0.166600167,1
#2 single-dominant,29,2,2,5,0.166650167,1
#2 single-dominant,29,2,3,2,0.166650167,1
#2 single-dominant,29,2,3,3,0.166650167,1
#2 single-dominant,29,2,3,4,0.166650167,1
#2 single-dominant,29,2,3,5,0.166650167,1
#2 single-dominant,29,2,4,2,0.166650167,1
#2 single-dominant,29,2,4,3,0.166650167,1
#2 single-dominant,29,2,4,4,0.166650167,1
#2 single-dominant,29,2,4,5,0.166650167,1
#2 single-dominant,29,2,5,2,0.166650167,1
#2 single-dominant,29,2,5,3,0.166650167,1
#2 single-dominant,29,2,5,4,0.166650167,1
#2 single-dominant,29,2,5,5,0.166650167,1
#2 single-dominant,30,2,0,2,0.999602000,1
#2 single-dominant,30,2,0,3,0.999602000,1
#2 single-dominant,30,2,0,4,0.999602000,1
#2 single-dominant,30,2,0,5,0.833250167,1
#2 single-dominant,30,2,1,2,0.166650167,1
#2 single-dominant,30,2,1,3,0.166650167,1
#2 single-dominant,30,2,1,4,0.166650167,1
#2 single-dominant,30,2,1,5,0.166650167,1
#2 single-dominant,30,2,2,2,0.166600167,1
#2 single-dominant,30,2,2,3,0.166600167,1
#2 single-dominant,30,2,2,4,0.166600167,1
#2 single-dominant,30,2,2,5,0.166650167,1
#2 single-dominant,30,2,3,2,0.166650167,1
#2 single-dominant,30,2,3,3,0.166650167,1
#2 single-dominant,30,2,3,4,0.166650167,1
#2 single-dominant,30,2,3,5,0.166650167,1
#2 single-dominant,30,2,4,2,0.166650167,1
#2 single-dominant,30,2,4,3,0.166650167,1
#2 single-dominant,30,2,4,4,0.166650167,1
#2 single-dominant,30,2,4,5,0.166650167,1
#2 single-dominant,30,2,5,2,0.166650167,1
#2 single-dominant,30,2,5,3,0.166650167,1
#2 single-dominant,30,2,5,4,0.166650167,1
#2 single-dominant,30,2,5,5,0.166650167,1
#2 single-dominant,31,2,0,2,0.999602000,1
#2 single-dominant,31,2,0,3,0.999602000,1
#2 single-dominant,31,2,0,4,0.999602000,1
#2 single-dominant,31,2,0,5,0.833250167,1
#2 single-dominant,31,2,1,2,0.166650167,1
#2 single-dominant,31,2,1,3,0.166650167,1
#2 single-dominant,31,2,1,4,0.166650167,1
#2 single-dominant,31,2,1,5,0.166650167,1
#2 single-dominant,31,2,2,2,0.166600167,1
#2 single-dominant,31,2,2,3,0.166600167,1
#2 single-dominant,31,2,2,4,0.166600167,1
#2 single-dominant,31,2,2,5,0.166650167,1
#2 single-dominant,31,2,3,2,0.166650167,1
#2 single-dominant,31,2,3,3,0.166650167,1
#2 single-dominant,31,2,3,4,0.166650167,1
#2 single-dominant,31,2,3,5,0.166650167,1
#2 single-dominant,31,2,4,2,0.166650139,1
#2 single-dominant,31,2,4,3,0.166650139,1
#2 single-dominant,31,2,4,4,0.166650139,1
#2 single-dominant,31,2,4,5,0.166650167,1
#2 single-dominant,31,2,5,2,0.166650139,1
#2 single-dominant,31,2,5,3,0.166650139,1
#2 single-dominant,31,2,5,4,0.166650139,1
#2 single-dominant,31,2,5,5,0.166650167,1
#2 single-dominant,32,2,0,2,0.999602000,1
#2 single-dominant,32,2,0,3,0.999602000,1
#2 single-dominant,32,2,0,4,0.999602000,1
#2 single-dominant,32,2,0,5,0.833250167,1
#2 single-dominant,32,2,1,2,0.166650167,1
#2 single-dominant,32,2,1,3,0.166650167,1
#2 single-dominant,32,2,1,4,0.166650167,1
#2 single-dominant,32,2,1,5,0.166650167,1
#2 single-dominant,32,2,2,2,0.166600167,1
#2 single-dominant,32,2,2,3,0.166600167,1
#2 single-dominant,32,2,2,4,0.166600167,1
#2 single-dominant,32,2,2,5,0.166650167,1
#2 single-dominant,32,2,3,2,0.166650167,1
#2 single-dominant,32,2,3,3,0.166650167,1
#2 single-dominant,32,2,3,4,0.166650167,1
#2 single-dominant,32,2,3,5,0.166650167,1
#2 single-dominant,32,2,4,2,0.166650139,1
#2 single-dominant,32,2,4,3,0.166650139,1
#2 single-dominant,32,2,4,4,0.166650139,1
#2 single-dominant,32,2,4,5,0.166650167,1
#2 single-dominant,32,2,5,2,0.166650139,1
#2 single-dominant,32,2,5,3,0.166650139,1
#2 single-dominant,32,2,5,4,0.166650139,1
#2 single-dominant,32,2,5,5,0.166650167,1
#2 single-dominant,33,2,0,2,0.999602000,1
#2 single-dominant,33,2,0,3,0.999602000,1
#2 single-dominant,33,2,0,4,0.999602000,1
#2 single-dominant,33,2,0,5,0.833250167,1
#2 single-dominant,33,2,1,2,0.166650167,1
#2 single-dominant,33,2,1,3,0.166650167,1
#2 single-dominant,33,2,1,4,0.166650167,1
#2 single-dominant,33,2,1,5,0.166650167,1
#2 single-dominant,33,2,2,2,0.166600167,1
#2 single-dominant,33,2,2,3,0.166600167,1
#2 single-dominant,33,2,2,4,0.166600167,1
#2 single-dominant,33,2,2,5,0.166650167,1
#2 single-dominant,33,2,3,2,0.166650167,1
#2 single-dominant,33,2,3,3,0.166650167,1
#2 single-dominant,33,2,3,4,0.166650167,1
#2 single-dominant,33,2,3,5,0.166650167,1
#2 single-dominant,33,2,4,2,0.166650139,1
#2 single-dominant,33,2,4,3,0.166650139,1
#2 single-dominant,33,2,4,4,0.166650139,1
#2 single-dominant,33,2,4,5,0.166650139,1
#2 single-dominant,33,2,5,2,0.166650139,1
#2 single-dominant,33,2,5,3,0.166650139,1
#2 single-dominant,33,2,5,4,0.166650139,1
#2 single-dominant,33,2,5,5,0.166650139,1
#2 single-dominant,34,2,0,2,0.999602000,1
#2 single-dominant,34,2,0,3,0.999602000,1
#2 single-dominant,34,2,0,4,0.999602000,1
#2 single-dominant,34,2,0,5,0.833250167,1
#2 single-dominant,34,2,1,2,0.166600208,1
#2 single-dominant,34,2,1,3,0.166600208,1
#2 single-dominant,34,2,1,4,0.166600208,1
#2 single-dominant,34,2,1,5,0.166650167,1
#2 single-dominant,34,2,2,2,0.166600167,1
#2 single-dominant,34,2,2,3,0.166600167,1
#2 single-dominant,34,2,2,4,0.166600167,1
#2 single-dominant,34,2,2,5,0.166650167,1
#2 single-dominant,34,2,3,2,0.166600208,1
#2 single-dominant,34,2,3,3,0.166650167,1
#2 single-dominant,34,2,3,4,0.166650167,1
#2 single-dominant,34,2,3,5,0.166650167,1
#2 single-dominant,34,2,4,2,0.166600167,1
#2 single-dominant,34,2,4,3,0.166600167,1
#2 single-dominant,34,2,4,4,0.166600167,1
#2 single-dominant,34,2,4,5,0.166650139,1
#2 single-dominant,34,2,5,2,0.166600167,1
#2 single-dominant,34,2,5,3,0.166600167,1
#2 single-dominant,34,2,5,4,0.166600167,1
#2 single-dominant,34,2,5,5,0.166650139,1
#2 single-dominant,35,2,0,2,0.999602000,1
#2 single-dominant,35,2,0,3,0.999602000,1
#2 single-dominant,35,2,0,4,0.999602000,1
#2 single-dominant,35,2,0,5,0.833250167,1
#2 single-dominant,35,2,1,2,0.142800286,1
#2 single-dominant,35,2,1,3,0.142800286,1
#2 single-dominant,35,2,1,4,0.142800286,1
#2 single-dominant,35,2,1,5,0.166650167,1
#2 single-dominant,35,2,2,2,0.142800143,1
#2 single-dominant,35,2,2,3,0.142800143,1
#2 single-dominant,35,2,2,4,0.142800286,1
#2 single-dominant,35,2,2,5,0.166650167,1
#2 single-dominant,35,2,3,2,0.111100500,1
#2 single-dominant,35,2,3,3,0.166650167,1
#2 single-dominant,35,2,3,4,0.166650167,1
#2 single-dominant,35,2,3,5,0.166650167,1
#2 single-dominant,35,2,4,2,0.142800286,1
#2 single-dominant,35,2,4,3,0.142800286,1
#2 single-dominant,35,2,4,4,0.142800357,1
#2 single-dominant,35,2,4,5,0.166650139,1
#2 single-dominant,35,2,5,2,0.142800286,1
#2 single-dominant,35,2,5,3,0.142800286,1
#2 single-dominant,35,2,5,4,0.142800357,1
#2 single-dominant,35,2,5,5,0.166650139,1
#2 single-dominant,36,2,0,2,0.999602000,1
#2 single-dominant,36,2,0,3,0.999602000,1
#2 single-dominant,36,2,0,4,0.999602000,1
#2 single-dominant,36,2,0,5,0.833250167,1
#2 single-dominant,36,2,1,2,0.142800214,1
#2 single-dominant,36,2,1,3,0.142800214,1
#2 single-dominant,36,2,1,4,0.142800214,1
#2 single-dominant,36,2,1,5,0.166650167,1
#2 single-dominant,36,2,2,2,0.142800143,1
#2 single-dominant,36,2,2,3,0.142800143,1
#2 single-dominant,36,2,2,4,0.142800143,1
#2 single-dominant,36,2,2,5,0.166650167,1
#2 single-dominant,36,2,3,2,0.111100500,1
#2 single-dominant,36,2,3,3,0.166650167,1
#2 single-dominant,36,2,3,4,0.166650167,1
#2 single-dominant,36,2,3,5,0.166650167,1
#2 single-dominant,36,2,4,2,0.142800171,1
#2 single-dominant,36,2,4,3,0.142800171,1
#2 single-dominant,36,2,4,4,0.142800286,1
#2 single-dominant,36,2,4,5,0.166650139,1
#2 single-dominant,36,2,5,2,0.142800171,1
#2 single-dominant,36,2,5,3,0.142800171,1
#2 single-dominant,36,2,5,4,0.142800286,1
#2 single-dominant,36,2,5,5,0.166650139,1
#2 single-dominant,37,2,0,2,0.999602000,1
#2 single-dominant,37,2,0,3,0.999602000,1
#2 single-dominant,37,2,0,4,0.999602000,1
#2 single-dominant,37,2,0,5,0.833250167,1
#2 single-dominant,37,2,1,2,0.142800214,1
#2 single-dominant,37,2,1,3,0.142800214,1
#2 single-dominant,37,2,1,4,0.142800214,1
#2 single-dominant,37,2,1,5,0.166650167,1
#2 single-dominant,37,2,2,2,0.142800143,1
#2 single-dominant,37,2,2,3,0.142800143,1
#2 single-dominant,37,2,2,4,0.142800143,1
#2 single-dominant,37,2,2,5,0.166650139,1
#2 single-dominant,37,2,3,2,0.111100333,1
#2 single-dominant,37,2,3,3,0.166650167,1
#2 single-dominant,37,2,3,4,0.166650167,1
#2 single-dominant,37,2,3,5,0.166650167,1
#2 single-dominant,37,2,4,2,0.142800143,1
#2 single-dominant,37,2,4,3,0.142800143,1
#2 single-dominant,37,2,4,4,0.142800286,1
#2 single-dominant,37,2,4,5,0.166650139,1
#2 single-dominant,37,2,5,2,0.142800171,1
#2 single-dominant,37,2,5,3,0.142800171,1
#2 single-dominant,37,2,5,4,0.142800286,1
#2 single-dominant,37,2,5,5,0.166650139,1
#2 single-dominant,38,2,0,2,0.999602000,1
#2 single-dominant,38,2,0,3,0.999602000,1
#2 single-dominant,38,2,0,4,0.999602000,1
#2 single-dominant,38,2,0,5,0.833250167,1
#2 single-dominant,38,2,1,2,0.064490871,1
#2 single-dominant,38,2,1,3,0.096735806,1
#2 single-dominant,38,2,1,4,0.128980952,1
#2 single-dominant,38,2,1,5,0.166650167,1
#2 single-dominant,38,2,2,2,0.064490871,1
#2 single-dominant,38,2,2,3,0.096735806,1
#2 single-dominant,38,2,2,4,0.128980968,1
#2 single-dominant,38,2,2,5,0.166650139,1
#2 single-dominant,38,2,3,2,0.064490774,1
#2 single-dominant,38,2,3,3,0.096736161,1
#2 single-dominant,38,2,3,4,0.161225984,1
#2 single-dominant,38,2,3,5,0.166650167,1
#2 single-dominant,38,2,4,2,0.064490871,1
#2 single-dominant,38,2,4,3,0.096735817,1
#2 single-dominant,38,2,4,4,0.128981048,1
#2 single-dominant,38,2,4,5,0.166650139,1
#2 single-dominant,38,2,5,2,0.064490871,1
#2 single-dominant,38,2,5,3,0.096735984,1
#2 single-dominant,38,2,5,4,0.128981145,1
#2 single-dominant,38,2,5,5,0.166650139,1
#2 single-dominant,39,2,0,2,0.998065500,1
#2 single-dominant,39,2,0,3,0.998065500,1
#2 single-dominant,39,2,0,4,0.998065500,1
#2 single-dominant,39,2,0,5,0.832012667,1
#2 single-dominant,39,2,1,2,0.064391871,1
#2 single-dominant,39,2,1,3,0.096587306,1
#2 single-dominant,39,2,1,4,0.128782952,1
#2 single-dominant,39,2,1,5,0.166402667,1
#2 single-dominant,39,2,2,2,0.064391871,1
#2 single-dominant,39,2,2,3,0.096587306,1
#2 single-dominant,39,2,2,4,0.128782968,1
#2 single-dominant,39,2,2,5,0.166402639,1
#2 single-dominant,39,2,3,2,0.064391774,1
#2 single-dominant,39,2,3,3,0.096587661,1
#2 single-dominant,39,2,3,4,0.160978484,1
#2 single-dominant,39,2,3,5,0.166402667,1
#2 single-dominant,39,2,4,2,0.064391871,1
#2 single-dominant,39,2,4,3,0.096587317,1
#2 single-dominant,39,2,4,4,0.128783048,1
#2 single-dominant,39,2,4,5,0.166402639,1
#2 single-dominant,39,2,5,2,0.064391871,1
#2 single-dominant,39,2,5,3,0.096587484,1
#2 single-dominant,39,2,5,4,0.128783145,1
#2 single-dominant,39,2,5,5,0.166402639,1
#2 single-dominant,40,2,0,2,0.998065500,1
#2 single-dominant,40,2,0,3,0.998065500,1
#2 single-dominant,40,2,0,4,0.998065500,1
#2 single-dominant,40,2,0,5,0.832012667,1
#2 single-dominant,40,2,1,2,0.064391871,1
#2 single-dominant,40,2,1,3,0.096587306,1
#2 single-dominant,40,2,1,4,0.128782935,1
#2 single-dominant,40,2,1,5,0.166402667,1
#2 single-dominant,40,2,2,2,0.064391871,1
#2 single-dominant,40,2,2,3,0.096587306,1
#2 single-dominant,40,2,2,4,0.128782968,1
#2 single-dominant,40,2,2,5,0.166402639,1
#2 single-dominant,40,2,3,2,0.064391774,1
#2 single-dominant,40,2,3,3,0.096587661,1
#2 single-dominant,40,2,3,4,0.160978484,1
#2 single-dominant,40,2,3,5,0.166402667,1
#2 single-dominant,40,2,4,2,0.064391871,1
#2 single-dominant,40,2,4,3,0.096587317,1
#2 single-dominant,40,2,4,4,0.128783048,1
#2 single-dominant,40,2,4,5,0.166402639,1
#2 single-dominant,40,2,5,2,0.064391871,1
#2 single-dominant,40,2,5,3,0.096587484,1
#2 single-dominant,40,2,5,4,0.128783145,1
#2 single-dominant,40,2,5,5,0.166402639,1
#2 single-dominant,41,2,0,2,0.998065500,1
#2 single-dominant,41,2,0,3,0.998065500,1
#2 single-dominant,41,2,0,4,0.998065500,1
#2 single-dominant,41,2,0,5,0.832012667,1
#2 single-dominant,41,2,1,2,0.064391871,1
#2 single-dominant,41,2,1,3,0.096587306,1
#2 single-dominant,41,2,1,4,0.128782935,1
#2 single-dominant,41,2,1,5,0.166402667,1
#2 single-dominant,41,2,2,2,0.064391871,1
#2 single-dominant,41,2,2,3,0.096587306,1
#2 single-dominant,41,2,2,4,0.128782968,1
#2 single-dominant,41,2,2,5,0.166402639,1
#2 single-dominant,41,2,3,2,0.064391774,1
#2 single-dominant,41,2,3,3,0.096587661,1
#2 single-dominant,41,2,3,4,0.160978484,1
#2 single-dominant,41,2,3,5,0.166402667,1
#2 single-dominant,41,2,4,2,0.064391871,1
#2 single-dominant,41,2,4,3,0.096587317,1
#2 single-dominant,41,2,4,4,0.128783008,1
#2 single-dominant,41,2,4,5,0.166402639,1
#2 single-dominant,41,2,5,2,0.064391871,1
#2 single-dominant,41,2,5,3,0.096587484,1
#2 single-dominant,41,2,5,4,0.128783145,1
#2 single-dominant,41,2,5,5,0.166402639,1
#2 single-dominant,42,2,0,2,0.997215500,1
#2 single-dominant,42,2,0,3,0.997215500,1
#2 single-dominant,42,2,0,4,0.997215500,1
#2 single-dominant,42,2,0,5,0.831262667,1
#2 single-dominant,42,2,1,2,0.064337032,1
#2 single-dominant,42,2,1,3,0.096505048,1
#2 single-dominant,42,2,1,4,0.128673266,1
#2 single-dominant,42,2,1,5,0.166252667,1
#2 single-dominant,42,2,2,2,0.064337032,1
#2 single-dominant,42,2,2,3,0.096505129,1
#2 single-dominant,42,2,2,4,0.128673339,1
#2 single-dominant,42,2,2,5,0.166252639,1
#2 single-dominant,42,2,3,2,0.064337484,1
#2 single-dominant,42,2,3,3,0.096505726,1
#2 single-dominant,42,2,3,4,0.160842210,1
#2 single-dominant,42,2,3,5,0.166252667,1
#2 single-dominant,42,2,4,2,0.064337032,1
#2 single-dominant,42,2,4,3,0.096505059,1
#2 single-dominant,42,2,4,4,0.128673306,1
#2 single-dominant,42,2,4,5,0.166252639,1
#2 single-dominant,42,2,5,2,0.064337032,1
#2 single-dominant,42,2,5,3,0.096505226,1
#2 single-dominant,42,2,5,4,0.128673419,1
#2 single-dominant,42,2,5,5,0.166252639,1
#2 single-dominant,43,2,0,2,0.997215500,1
#2 single-dominant,43,2,0,3,0.997215500,1
#2 single-dominant,43,2,0,4,0.997215500,1
#2 single-dominant,43,2,0,5,0.831262667,1
#2 single-dominant,43,2,1,2,0.064336784,1
#2 single-dominant,43,2,1,3,0.096504977,1
#2 single-dominant,43,2,1,4,0.128673266,1
#2 single-dominant,43,2,1,5,0.166252667,1
#2 single-dominant,43,2,2,2,0.064336919,1
#2 single-dominant,43,2,2,3,0.096505129,1
#2 single-dominant,43,2,2,4,0.128673339,1
#2 single-dominant,43,2,2,5,0.166252639,1
#2 single-dominant,43,2,3,2,0.064337484,1
#2 single-dominant,43,2,3,3,0.096505726,1
#2 single-dominant,43,2,3,4,0.160842210,1
#2 single-dominant,43,2,3,5,0.166252667,1
#2 single-dominant,43,2,4,2,0.064336817,1
#2 single-dominant,43,2,4,3,0.096505059,1
#2 single-dominant,43,2,4,4,0.128673306,1
#2 single-dominant,43,2,4,5,0.166252639,1
#2 single-dominant,43,2,5,2,0.064336758,1
#2 single-dominant,43,2,5,3,0.096505226,1
#2 single-dominant,43,2,5,4,0.128673419,1
#2 single-dominant,43,2,5,5,0.166252639,1
#2 single-dominant,44,2,0,2,0.997215500,1
#2 single-dominant,44,2,0,3,0.997215500,1
#2 single-dominant,44,2,0,4,0.997215500,1
#2 single-dominant,44,2,0,5,0.831262667,1
#2 single-dominant,44,2,1,2,0.064336782,1
#2 single-dominant,44,2,1,3,0.096504958,1
#2 single-dominant,44,2,1,4,0.128673266,1
#2 single-dominant,44,2,1,5,0.166252667,1
#2 single-dominant,44,2,2,2,0.064336919,1
#2 single-dominant,44,2,2,3,0.096505129,1
#2 single-dominant,44,2,2,4,0.128673339,1
#2 single-dominant,44,2,2,5,0.166252639,1
#2 single-dominant,44,2,3,2,0.064337484,1
#2 single-dominant,44,2,3,3,0.096505726,1
#2 single-dominant,44,2,3,4,0.160842210,1
#2 single-dominant,44,2,3,5,0.166252667,1
#2 single-dominant,44,2,4,2,0.064336817,1
#2 single-dominant,44,2,4,3,0.096505059,1
#2 single-dominant,44,2,4,4,0.128673306,1
#2 single-dominant,44,2,4,5,0.166252639,1
#2 single-dominant,44,2,5,2,0.064336758,1
#2 single-dominant,44,2,5,3,0.096505226,1
#2 single-dominant,44,2,5,4,0.128673419,1
#2 single-dominant,44,2,5,5,0.166252639,1
#2 single-dominant,45,2,0,2,0.997215500,1
#2 single-dominant,45,2,0,3,0.997215500,1
#2 single-dominant,45,2,0,4,0.997215500,1
#2 single-dominant,45,2,0,5,0.831262667,1
#2 single-dominant,45,2,1,2,0.064336782,1
#2 single-dominant,45,2,1,3,0.096504958,1
#2 single-dominant,45,2,1,4,0.128673266,1
#2 single-dominant,45,2,1,5,0.166252667,1
#2 single-dominant,45,2,2,2,0.064336919,1
#2 single-dominant,45,2,2,3,0.096505129,1
#2 single-dominant,45,2,2,4,0.128673339,1
#2 single-dominant,45,2,2,5,0.166252639,1
#2 single-dominant,45,2,3,2,0.064337484,1
#2 single-dominant,45,2,3,3,0.096505726,1
#2 single-dominant,45,2,3,4,0.160842210,1
#2 single-dominant,45,2,3,5,0.166252667,1
#2 single-dominant,45,2,4,2,0.064336817,1
#2 single-dominant,45,2,4,3,0.096505059,1
#2 single-dominant,45,2,4,4,0.128673306,1
#2 single-dominant,45,2,4,5,0.166252639,1
#2 single-dominant,45,2,5,2,0.064336758,1
#2 single-dominant,45,2,5,3,0.096505226,1
#2 single-dominant,45,2,5,4,0.128673419,1
#2 single-dominant,45,2,5,5,0.166252639,1
#2 single-dominant,46,2,0,2,0.997215500,1
#2 single-dominant,46,2,0,3,0.997215500,1
#2 single-dominant,46,2,0,4,0.997215500,1
#2 single-dominant,46,2,0,5,0.831262667,1
#2 single-dominant,46,2,1,2,0.064336782,1
#2 single-dominant,46,2,1,3,0.096504958,1
#2 single-dominant,46,2,1,4,0.128673266,1
#2 single-dominant,46,2,1,5,0.166252667,1
#2 single-dominant,46,2,2,2,0.064336919,1
#2 single-dominant,46,2,2,3,0.096505129,1
#2 single-dominant,46,2,2,4,0.128673339,1
#2 single-dominant,46,2,2,5,0.166252639,1
#2 single-dominant,46,2,3,2,0.064337484,1
#2 single-dominant,46,2,3,3,0.096505726,1
#2 single-dominant,46,2,3,4,0.160842210,1
#2 single-dominant,46,2,3,5,0.166252667,1
#2 single-dominant,46,2,4,2,0.064336817,1
#2 single-dominant,46,2,4,3,0.096505059,1
#2 single-dominant,46,2,4,4,0.128673306,1
#2 single-dominant,46,2,4,5,0.166252639,1
#2 single-dominant,46,2,5,2,0.064336758,1
#2 single-dominant,46,2,5,3,0.096505226,1
#2 single-dominant,46,2,5,4,0.128673419,1
#2 single-dominant,46,2,5,5,0.166252639,1
#2 single-dominant,47,2,0,2,0.997215500,1
#2 single-dominant,47,2,0,3,0.997215500,1
#2 single-dominant,47,2,0,4,0.997215500,1
#2 single-dominant,47,2,0,5,0.831262667,1
#2 single-dominant,47,2,1,2,0.064336782,1
#2 single-dominant,47,2,1,3,0.096504958,1
#2 single-dominant,47,2,1,4,0.128673266,1
#2 single-dominant,47,2,1,5,0.166252667,1
#2 single-dominant,47,2,2,2,0.064336919,1
#2 single-dominant,47,2,2,3,0.096505129,1
#2 single-dominant,47,2,2,4,0.128673339,1
#2 single-dominant,47,2,2,5,0.166252639,1
#2 single-dominant,47,2,3,2,0.064337484,1
#2 single-dominant,47,2,3,3,0.096505726,1
#2 single-dominant,47,2,3,4,0.160842210,1
#2 single-dominant,47,2,3,5,0.166252667,1
#2 single-dominant,47,2,4,2,0.064336817,1
#2 single-dominant,47,2,4,3,0.096505059,1
#2 single-dominant,47,2,4,4,0.128673306,1
#2 single-dominant,47,2,4,5,0.166252639,1
#2 single-dominant,47,2,5,2,0.064336758,1
#2 single-dominant,47,2,5,3,0.096505226,1
#2 single-dominant,47,2,5,4,0.128673419,1
#2 single-dominant,47,2,5,5,0.166252639,1
#2 single-dominant,48,2,0,2,0.997215500,1
#2 single-dominant,48,2,0,3,0.997215500,1
#2 single-dominant,48,2,0,4,0.997215500,1
#2 single-dominant,48,2,0,5,0.804206855,1
#2 single-dominant,48,2,1,2,0.064336782,1
#2 single-dominant,48,2,1,3,0.096504958,1
#2 single-dominant,48,2,1,4,0.128673266,1
#2 single-dominant,48,2,1,5,0.160841411,1
#2 single-dominant,48,2,2,2,0.064336919,1
#2 single-dominant,48,2,2,3,0.096505129,1
#2 single-dominant,48,2,2,4,0.128673339,1
#2 single-dominant,48,2,2,5,0.160841371,1
#2 single-dominant,48,2,3,2,0.064337484,1
#2 single-dominant,48,2,3,3,0.096505726,1
#2 single-dominant,48,2,3,4,0.160842210,1
#2 single-dominant,48,2,3,5,0.160841419,1
#2 single-dominant,48,2,4,2,0.064336817,1
#2 single-dominant,48,2,4,3,0.096505059,1
#2 single-dominant,48,2,4,4,0.128673306,1
#2 single-dominant,48,2,4,5,0.160841371,1
#2 single-dominant,48,2,5,2,0.064336758,1
#2 single-dominant,48,2,5,3,0.096505226,1
#2 single-dominant,48,2,5,4,0.128673419,1
#2 single-dominant,48,2,5,5,0.160841371,1
#2 single-dominant,49,2,0,2,0.997215500,1
#2 single-dominant,49,2,0,3,0.997215500,1
#2 single-dominant,49,2,0,4,0.997215500,1
#2 single-dominant,49,2,0,5,0.804206855,1
#2 single-dominant,49,2,1,2,0.064336782,1
#2 single-dominant,49,2,1,3,0.096504958,1
#2 single-dominant,49,2,1,4,0.128673266,1
#2 single-dominant,49,2,1,5,0.160841411,1
#2 single-dominant,49,2,2,2,0.064336774,1
#2 single-dominant,49,2,2,3,0.096505048,1
#2 single-dominant,49,2,2,4,0.128673290,1
#2 single-dominant,49,2,2,5,0.160841371,1
#2 single-dominant,49,2,3,2,0.064337484,1
#2 single-dominant,49,2,3,3,0.096505726,1
#2 single-dominant,49,2,3,4,0.160842210,1
#2 single-dominant,49,2,3,5,0.160841419,1
#2 single-dominant,49,2,4,2,0.064336817,1
#2 single-dominant,49,2,4,3,0.096505059,1
#2 single-dominant,49,2,4,4,0.128673306,1
#2 single-dominant,49,2,4,5,0.160841371,1
#2 single-dominant,49,2,5,2,0.064336734,1
#2 single-dominant,49,2,5,3,0.096505065,1
#2 single-dominant,49,2,5,4,0.128673419,1
#2 single-dominant,49,2,5,5,0.160841371,1
#2 single-dominant,50,2,0,2,0.997215500,1
#2 single-dominant,50,2,0,3,0.997215500,1
#2 single-dominant,50,2,0,4,0.997215500,1
#2 single-dominant,50,2,0,5,0.804206855,1
#2 single-dominant,50,2,1,2,0.064336737,1
#2 single-dominant,50,2,1,3,0.096504958,1
#2 single-dominant,50,2,1,4,0.128673206,1
#2 single-dominant,50,2,1,5,0.160841411,1
#2 single-dominant,50,2,2,2,0.064336774,1
#2 single-dominant,50,2,2,3,0.096505027,1
#2 single-dominant,50,2,2,4,0.128673290,1
#2 single-dominant,50,2,2,5,0.160841371,1
#2 single-dominant,50,2,3,2,0.064337484,1
#2 single-dominant,50,2,3,3,0.096505726,1
#2 single-dominant,50,2,3,4,0.160842210,1
#2 single-dominant,50,2,3,5,0.160841419,1
#2 single-dominant,50,2,4,2,0.064336817,1
#2 single-dominant,50,2,4,3,0.096505059,1
#2 single-dominant,50,2,4,4,0.128673301,1
#2 single-dominant,50,2,4,5,0.160841371,1
#2 single-dominant,50,2,5,2,0.064336694,1
#2 single-dominant,50,2,5,3,0.096505059,1
#2 single-dominant,50,2,5,4,0.128673269,1
#2 single-dominant,50,2,5,5,0.160841371,1
#2 single-dominant,51,2,0,2,0.997215500,1
#2 single-dominant,51,2,0,3,0.997215500,1
#2 single-dominant,51,2,0,4,0.997215500,1
#2 single-dominant,51,2,0,5,0.797793300,1
#2 single-dominant,51,2,1,2,0.062332509,1
#2 single-dominant,51,2,1,3,0.093498619,1
#2 single-dominant,51,2,1,4,0.124664775,1
#2 single-dominant,51,2,1,5,0.159558710,1
#2 single-dominant,51,2,2,2,0.062332562,1
#2 single-dominant,51,2,2,3,0.093498708,1
#2 single-dominant,51,2,2,4,0.124664875,1
#2 single-dominant,51,2,2,5,0.159558668,1
#2 single-dominant,51,2,3,2,0.062333250,1
#2 single-dominant,51,2,3,3,0.093499375,1
#2 single-dominant,51,2,3,4,0.155831625,1
#2 single-dominant,51,2,3,5,0.159558710,1
#2 single-dominant,51,2,4,2,0.062332583,1
#2 single-dominant,51,2,4,3,0.093498708,1
#2 single-dominant,51,2,4,4,0.124664833,1
#2 single-dominant,51,2,4,5,0.159558668,1
#2 single-dominant,51,2,5,2,0.062332458,1
#2 single-dominant,51,2,5,3,0.093498708,1
#2 single-dominant,51,2,5,4,0.124664792,1
#2 single-dominant,51,2,5,5,0.159558660,1
#2 single-dominant,52,2,0,2,0.997215500,1
#2 single-dominant,52,2,0,3,0.997215500,1
#2 single-dominant,52,2,0,4,0.997215500,1
#2 single-dominant,52,2,0,5,0.797773300,1
#2 single-dominant,52,2,1,2,0.062326268,1
#2 single-dominant,52,2,1,3,0.093489263,1
#2 single-dominant,52,2,1,4,0.124652300,1
#2 single-dominant,52,2,1,5,0.159554720,1
#2 single-dominant,52,2,2,2,0.062326313,1
#2 single-dominant,52,2,2,3,0.093489333,1
#2 single-dominant,52,2,2,4,0.124652375,1
#2 single-dominant,52,2,2,5,0.159554668,1
#2 single-dominant,52,2,3,2,0.062327063,1
#2 single-dominant,52,2,3,3,0.093490094,1
#2 single-dominant,52,2,3,4,0.155816156,1
#2 single-dominant,52,2,3,5,0.159554700,1
#2 single-dominant,52,2,4,2,0.062326333,1
#2 single-dominant,52,2,4,3,0.093489333,1
#2 single-dominant,52,2,4,4,0.124652333,1
#2 single-dominant,52,2,4,5,0.159554668,1
#2 single-dominant,52,2,5,2,0.062326229,1
#2 single-dominant,52,2,5,3,0.093489333,1
#2 single-dominant,52,2,5,4,0.124652292,1
#2 single-dominant,52,2,5,5,0.159554668,1
#2 single-dominant,53,2,0,2,0.997215500,1
#2 single-dominant,53,2,0,3,0.997215500,1
#2 single-dominant,53,2,0,4,0.997215500,1
#2 single-dominant,53,2,0,5,0.797773300,1
#2 single-dominant,53,2,1,2,0.062326268,1
#2 single-dominant,53,2,1,3,0.093489263,1
#2 single-dominant,53,2,1,4,0.124652275,1
#2 single-dominant,53,2,1,5,0.159554710,1
#2 single-dominant,53,2,2,2,0.062326292,1
#2 single-dominant,53,2,2,3,0.093489333,1
#2 single-dominant,53,2,2,4,0.124652333,1
#2 single-dominant,53,2,2,5,0.159554668,1
#2 single-dominant,53,2,3,2,0.062327000,1
#2 single-dominant,53,2,3,3,0.093490000,1
#2 single-dominant,53,2,3,4,0.155816000,1
#2 single-dominant,53,2,3,5,0.159554700,1
#2 single-dominant,53,2,4,2,0.062326333,1
#2 single-dominant,53,2,4,3,0.093489333,1
#2 single-dominant,53,2,4,4,0.124652333,1
#2 single-dominant,53,2,4,5,0.159554660,1
#2 single-dominant,53,2,5,2,0.062326229,1
#2 single-dominant,53,2,5,3,0.093489333,1
#2 single-dominant,53,2,5,4,0.124652292,1
#2 single-dominant,53,2,5,5,0.159554668,1
#2 single-dominant,54,2,0,2,0.997116000,1
#2 single-dominant,54,2,0,3,0.997116000,1
#2 single-dominant,54,2,0,4,0.997116000,1
#2 single-dominant,54,2,0,5,0.797753300,1
#2 single-dominant,54,2,1,2,0.062320009,1
#2 single-dominant,54,2,1,3,0.093479869,1
#2 single-dominant,54,2,1,4,0.124639775,1
#2 single-dominant,54,2,1,5,0.159550710,1
#2 single-dominant,54,2,2,2,0.062320042,1
#2 single-dominant,54,2,2,3,0.093479927,1
#2 single-dominant,54,2,2,4,0.124639813,1
#2 single-dominant,54,2,2,5,0.159550660,1
#2 single-dominant,54,2,3,2,0.062320750,1
#2 single-dominant,54,2,3,3,0.093480625,1
#2 single-dominant,54,2,3,4,0.155800375,1
#2 single-dominant,54,2,3,5,0.159550710,1
#2 single-dominant,54,2,4,2,0.062320083,1
#2 single-dominant,54,2,4,3,0.093479958,1
#2 single-dominant,54,2,4,4,0.124639833,1
#2 single-dominant,54,2,4,5,0.159550668,1
#2 single-dominant,54,2,5,2,0.062319958,1
#2 single-dominant,54,2,5,3,0.093479958,1
#2 single-dominant,54,2,5,4,0.124639792,1
#2 single-dominant,54,2,5,5,0.159550668,1
#2 single-dominant,55,2,0,2,0.997116000,1
#2 single-dominant,55,2,0,3,0.997116000,1
#2 single-dominant,55,2,0,4,0.997116000,1
#2 single-dominant,55,2,0,5,0.797753300,1
#2 single-dominant,55,2,1,2,0.062320009,1
#2 single-dominant,55,2,1,3,0.093479869,1
#2 single-dominant,55,2,1,4,0.124639775,1
#2 single-dominant,55,2,1,5,0.159550710,1
#2 single-dominant,55,2,2,2,0.062320042,1
#2 single-dominant,55,2,2,3,0.093479927,1
#2 single-dominant,55,2,2,4,0.124639813,1
#2 single-dominant,55,2,2,5,0.159550660,1
#2 single-dominant,55,2,3,2,0.062320750,1
#2 single-dominant,55,2,3,3,0.093480625,1
#2 single-dominant,55,2,3,4,0.155800375,1
#2 single-dominant,55,2,3,5,0.159550710,1
#2 single-dominant,55,2,4,2,0.062320083,1
#2 single-dominant,55,2,4,3,0.093479958,1
#2 single-dominant,55,2,4,4,0.124639833,1
#2 single-dominant,55,2,4,5,0.159550668,1
#2 single-dominant,55,2,5,2,0.062319958,1
#2 single-dominant,55,2,5,3,0.093479958,1
#2 single-dominant,55,2,5,4,0.124639792,1
#2 single-dominant,55,2,5,5,0.159550668,1
#2 single-dominant,56,2,0,2,0.997116000,1
#2 single-dominant,56,2,0,3,0.997116000,1
#2 single-dominant,56,2,0,4,0.997116000,1
#2 single-dominant,56,2,0,5,0.797753300,1
#2 single-dominant,56,2,1,2,0.062320009,1
#2 single-dominant,56,2,1,3,0.093479869,1
#2 single-dominant,56,2,1,4,0.124639775,1
#2 single-dominant,56,2,1,5,0.159550710,1
#2 single-dominant,56,2,2,2,0.062320042,1
#2 single-dominant,56,2,2,3,0.093479927,1
#2 single-dominant,56,2,2,4,0.124639813,1
#2 single-dominant,56,2,2,5,0.159550660,1
#2 single-dominant,56,2,3,2,0.062320750,1
#2 single-dominant,56,2,3,3,0.093480625,1
#2 single-dominant,56,2,3,4,0.155800375,1
#2 single-dominant,56,2,3,5,0.159550710,1
#2 single-dominant,56,2,4,2,0.062320083,1
#2 single-dominant,56,2,4,3,0.093479958,1
#2 single-dominant,56,2,4,4,0.124639833,1
#2 single-dominant,56,2,4,5,0.159550668,1
#2 single-dominant,56,2,5,2,0.062319958,1
#2 single-dominant,56,2,5,3,0.093479958,1
#2 single-dominant,56,2,5,4,0.124639792,1
#2 single-dominant,56,2,5,5,0.159550668,1
#2 single-dominant,57,2,0,2,0.997116000,1
#2 single-dominant,57,2,0,3,0.997116000,1
#2 single-dominant,57,2,0,4,0.997116000,1
#2 single-dominant,57,2,0,5,0.797753300,1
#2 single-dominant,57,2,1,2,0.062320009,1
#2 single-dominant,57,2,1,3,0.093479869,1
#2 single-dominant,57,2,1,4,0.124639775,1
#2 single-dominant,57,2,1,5,0.159550710,1
#2 single-dominant,57,2,2,2,0.062320042,1
#2 single-dominant,57,2,2,3,0.093479927,1
#2 single-dominant,57,2,2,4,0.124639813,1
#2 single-dominant,57,2,2,5,0.159550660,1
#2 single-dominant,57,2,3,2,0.062320750,1
#2 single-dominant,57,2,3,3,0.093480625,1
#2 single-dominant,57,2,3,4,0.155800375,1
#2 single-dominant,57,2,3,5,0.159550710,1
#2 single-dominant,57,2,4,2,0.062320083,1
#2 single-dominant,57,2,4,3,0.093479958,1
#2 single-dominant,57,2,4,4,0.124639833,1
#2 single-dominant,57,2,4,5,0.159550668,1
#2 single-dominant,57,2,5,2,0.062319958,1
#2 single-dominant,57,2,5,3,0.093479958,1
#2 single-dominant,57,2,5,4,0.124639792,1
#2 single-dominant,57,2,5,5,0.159550668,1
#2 single-dominant,58,2,0,2,0.997116000,1
#2 single-dominant,58,2,0,3,0.997116000,1
#2 single-dominant,58,2,0,4,0.997116000,1
#2 single-dominant,58,2,0,5,0.797693300,1
#2 single-dominant,58,2,1,2,0.062320009,1
#2 single-dominant,58,2,1,3,0.093479869,1
#2 single-dominant,58,2,1,4,0.124639775,1
#2 single-dominant,58,2,1,5,0.159538740,1
#2 single-dominant,58,2,2,2,0.062320042,1
#2 single-dominant,58,2,2,3,0.093479927,1
#2 single-dominant,58,2,2,4,0.124639813,1
#2 single-dominant,58,2,2,5,0.159538660,1
#2 single-dominant,58,2,3,2,0.062320750,1
#2 single-dominant,58,2,3,3,0.093480625,1
#2 single-dominant,58,2,3,4,0.155800375,1
#2 single-dominant,58,2,3,5,0.159538680,1
#2 single-dominant,58,2,4,2,0.062320083,1
#2 single-dominant,58,2,4,3,0.093479958,1
#2 single-dominant,58,2,4,4,0.124639833,1
#2 single-dominant,58,2,4,5,0.159538668,1
#2 single-dominant,58,2,5,2,0.062319958,1
#2 single-dominant,58,2,5,3,0.093479958,1
#2 single-dominant,58,2,5,4,0.124639792,1
#2 single-dominant,58,2,5,5,0.159538668,1
#2 single-dominant,59,2,0,2,0.997111000,1
#2 single-dominant,59,2,0,3,0.997110667,1
#2 single-dominant,59,2,0,4,0.997110667,1
#2 single-dominant,59,2,0,5,0.797689133,1
#2 single-dominant,59,2,1,2,0.039885387,1
#2 single-dominant,59,2,1,3,0.079769440,1
#2 single-dominant,59,2,1,4,0.119653621,1
#2 single-dominant,59,2,1,5,0.159537877,1
#2 single-dominant,59,2,2,2,0.039885387,1
#2 single-dominant,59,2,2,3,0.079769440,1
#2 single-dominant,59,2,2,4,0.119653633,1
#2 single-dominant,59,2,2,5,0.159537827,1
#2 single-dominant,59,2,3,2,0.039885667,1
#2 single-dominant,59,2,3,3,0.079770000,1
#2 single-dominant,59,2,3,4,0.119654827,1
#2 single-dominant,59,2,3,5,0.159537837,1
#2 single-dominant,59,2,4,2,0.039885387,1
#2 single-dominant,59,2,4,3,0.079769440,1
#2 single-dominant,59,2,4,4,0.119653667,1
#2 single-dominant,59,2,4,5,0.159537835,1
#2 single-dominant,59,2,5,2,0.039885387,1
#2 single-dominant,59,2,5,3,0.079769500,1
#2 single-dominant,59,2,5,4,0.119653583,1
#2 single-dominant,59,2,5,5,0.159537835,1
#2 single-dominant,60,2,0,2,0.997110667,1
#2 single-dominant,60,2,0,3,0.997110333,1
#2 single-dominant,60,2,0,4,0.997110333,1
#2 single-dominant,60,2,0,5,0.797689133,1
#2 single-dominant,60,2,1,2,0.039885047,1
#2 single-dominant,60,2,1,3,0.079769296,1
#2 single-dominant,60,2,1,4,0.119653621,1
#2 single-dominant,60,2,1,5,0.159537877,1
#2 single-dominant,60,2,2,2,0.039885167,1
#2 single-dominant,60,2,2,3,0.079769307,1
#2 single-dominant,60,2,2,4,0.119653627,1
#2 single-dominant,60,2,2,5,0.159537827,1
#2 single-dominant,60,2,3,2,0.039885667,1
#2 single-dominant,60,2,3,3,0.079770000,1
#2 single-dominant,60,2,3,4,0.119654333,1
#2 single-dominant,60,2,3,5,0.159537837,1
#2 single-dominant,60,2,4,2,0.039885047,1
#2 single-dominant,60,2,4,3,0.079769333,1
#2 single-dominant,60,2,4,4,0.119653667,1
#2 single-dominant,60,2,4,5,0.159537835,1
#2 single-dominant,60,2,5,2,0.039885047,1
#2 single-dominant,60,2,5,3,0.079769333,1
#2 single-dominant,60,2,5,4,0.119653583,1
#2 single-dominant,60,2,5,5,0.159537835,1
#2 single-dominant,61,2,0,2,0.997110667,1
#2 single-dominant,61,2,0,3,0.997110333,1
#2 single-dominant,61,2,0,4,0.997110333,1
#2 single-dominant,61,2,0,5,0.797689133,1
#2 single-dominant,61,2,1,2,0.039885047,1
#2 single-dominant,61,2,1,3,0.079769296,1
#2 single-dominant,61,2,1,4,0.119653583,1
#2 single-dominant,61,2,1,5,0.159537877,1
#2 single-dominant,61,2,2,2,0.039885167,1
#2 single-dominant,61,2,2,3,0.079769307,1
#2 single-dominant,61,2,2,4,0.119653627,1
#2 single-dominant,61,2,2,5,0.159537827,1
#2 single-dominant,61,2,3,2,0.039885667,1
#2 single-dominant,61,2,3,3,0.079770000,1
#2 single-dominant,61,2,3,4,0.119654333,1
#2 single-dominant,61,2,3,5,0.159537837,1
#2 single-dominant,61,2,4,2,0.039885047,1
#2 single-dominant,61,2,4,3,0.079769333,1
#2 single-dominant,61,2,4,4,0.119653667,1
#2 single-dominant,61,2,4,5,0.159537835,1
#2 single-dominant,61,2,5,2,0.039885047,1
#2 single-dominant,61,2,5,3,0.079769333,1
#2 single-dominant,61,2,5,4,0.119653583,1
#2 single-dominant,61,2,5,5,0.159537835,1
#2 single-dominant,62,2,0,2,0.997110667,1
#2 single-dominant,62,2,0,3,0.997110333,1
#2 single-dominant,62,2,0,4,0.997110333,1
#2 single-dominant,62,2,0,5,0.797689133,1
#2 single-dominant,62,2,1,2,0.039884920,1
#2 single-dominant,62,2,1,3,0.079769211,1
#2 single-dominant,62,2,1,4,0.119653556,1
#2 single-dominant,62,2,1,5,0.159537835,1
#2 single-dominant,62,2,2,2,0.039885167,1
#2 single-dominant,62,2,2,3,0.079769307,1
#2 single-dominant,62,2,2,4,0.119653627,1
#2 single-dominant,62,2,2,5,0.159537827,1
#2 single-dominant,62,2,3,2,0.039885000,1
#2 single-dominant,62,2,3,3,0.079769250,1
#2 single-dominant,62,2,3,4,0.119653500,1
#2 single-dominant,62,2,3,5,0.159537837,1
#2 single-dominant,62,2,4,2,0.039885000,1
#2 single-dominant,62,2,4,3,0.079769333,1
#2 single-dominant,62,2,4,4,0.119653667,1
#2 single-dominant,62,2,4,5,0.159537835,1
#2 single-dominant,62,2,5,2,0.039884920,1
#2 single-dominant,62,2,5,3,0.079769333,1
#2 single-dominant,62,2,5,4,0.119653548,1
#2 single-dominant,62,2,5,5,0.159537835,1
#2 single-dominant,63,2,0,2,0.997108250,1
#2 single-dominant,63,2,0,3,0.997107750,1
#2 single-dominant,63,2,0,4,0.997107750,1
#2 single-dominant,63,2,0,5,0.797687050,1
#2 single-dominant,63,2,1,2,0.039884753,1
#2 single-dominant,63,2,1,3,0.079768958,1
#2 single-dominant,63,2,1,4,0.119653195,1
#2 single-dominant,63,2,1,5,0.159537418,1
#2 single-dominant,63,2,2,2,0.039884833,1
#2 single-dominant,63,2,2,3,0.079769057,1
#2 single-dominant,63,2,2,4,0.119653293,1
#2 single-dominant,63,2,2,5,0.159537410,1
#2 single-dominant,63,2,3,2,0.039884900,1
#2 single-dominant,63,2,3,3,0.079769100,1
#2 single-dominant,63,2,3,4,0.119653300,1
#2 single-dominant,63,2,3,5,0.159537420,1
#2 single-dominant,63,2,4,2,0.039884833,1
#2 single-dominant,63,2,4,3,0.079769083,1
#2 single-dominant,63,2,4,4,0.119653333,1
#2 single-dominant,63,2,4,5,0.159537418,1
#2 single-dominant,63,2,5,2,0.039884753,1
#2 single-dominant,63,2,5,3,0.079769083,1
#2 single-dominant,63,2,5,4,0.119653200,1
#2 single-dominant,63,2,5,5,0.159537418,1
#2 single-dominant,64,2,0,2,0.997108250,1
#2 single-dominant,64,2,0,3,0.997107750,1
#2 single-dominant,64,2,0,4,0.997107750,1
#2 single-dominant,64,2,0,5,0.797687050,1
#2 single-dominant,64,2,1,2,0.039884740,1
#2 single-dominant,64,2,1,3,0.079768958,1
#2 single-dominant,64,2,1,4,0.119653195,1
#2 single-dominant,64,2,1,5,0.159537418,1
#2 single-dominant,64,2,2,2,0.039884833,1
#2 single-dominant,64,2,2,3,0.079769057,1
#2 single-dominant,64,2,2,4,0.119653293,1
#2 single-dominant,64,2,2,5,0.159537410,1
#2 single-dominant,64,2,3,2,0.039884667,1
#2 single-dominant,64,2,3,3,0.079768833,1
#2 single-dominant,64,2,3,4,0.119653083,1
#2 single-dominant,64,2,3,5,0.159537410,1
#2 single-dominant,64,2,4,2,0.039884753,1
#2 single-dominant,64,2,4,3,0.079769000,1
#2 single-dominant,64,2,4,4,0.119653250,1
#2 single-dominant,64,2,4,5,0.159537418,1
#2 single-dominant,64,2,5,2,0.039884750,1
#2 single-dominant,64,2,5,3,0.079769083,1
#2 single-dominant,64,2,5,4,0.119653200,1
#2 single-dominant,64,2,5,5,0.159537418,1
#2 single-dominant,65,2,0,2,0.997107000,1
#2 single-dominant,65,2,0,3,0.997106500,1
#2 single-dominant,65,2,0,4,0.997106250,1
#2 single-dominant,65,2,0,5,0.797685800,1
#2 single-dominant,65,2,1,2,0.039884590,1
#2 single-dominant,65,2,1,3,0.079768773,1
#2 single-dominant,65,2,1,4,0.119652983,1
#2 single-dominant,65,2,1,5,0.159537160,1
#2 single-dominant,65,2,2,2,0.039884733,1
#2 single-dominant,65,2,2,3,0.079768907,1
#2 single-dominant,65,2,2,4,0.119653093,1
#2 single-dominant,65,2,2,5,0.159537160,1
#2 single-dominant,65,2,3,2,0.039884667,1
#2 single-dominant,65,2,3,3,0.079768833,1
#2 single-dominant,65,2,3,4,0.119653083,1
#2 single-dominant,65,2,3,5,0.159537160,1
#2 single-dominant,65,2,4,2,0.039884617,1
#2 single-dominant,65,2,4,3,0.079768800,1
#2 single-dominant,65,2,4,4,0.119653000,1
#2 single-dominant,65,2,4,5,0.159537160,1
#2 single-dominant,65,2,5,2,0.039884650,1
#2 single-dominant,65,2,5,3,0.079768933,1
#2 single-dominant,65,2,5,4,0.119653000,1
#2 single-dominant,65,2,5,5,0.159537168,1
#2 single-dominant,66,2,0,2,0.997107000,1
#2 single-dominant,66,2,0,3,0.997106500,1
#2 single-dominant,66,2,0,4,0.997106250,1
#2 single-dominant,66,2,0,5,0.797685800,1
#2 single-dominant,66,2,1,2,0.039884523,1
#2 single-dominant,66,2,1,3,0.079768673,1
#2 single-dominant,66,2,1,4,0.119652933,1
#2 single-dominant,66,2,1,5,0.159537160,1
#2 single-dominant,66,2,2,2,0.039884733,1
#2 single-dominant,66,2,2,3,0.079768807,1
#2 single-dominant,66,2,2,4,0.119653043,1
#2 single-dominant,66,2,2,5,0.159537160,1
#2 single-dominant,66,2,3,2,0.039884667,1
#2 single-dominant,66,2,3,3,0.079768833,1
#2 single-dominant,66,2,3,4,0.119653083,1
#2 single-dominant,66,2,3,5,0.159537160,1
#2 single-dominant,66,2,4,2,0.039884502,1
#2 single-dominant,66,2,4,3,0.079768667,1
#2 single-dominant,66,2,4,4,0.119652930,1
#2 single-dominant,66,2,4,5,0.159537160,1
#2 single-dominant,66,2,5,2,0.039884650,1
#2 single-dominant,66,2,5,3,0.079768833,1
#2 single-dominant,66,2,5,4,0.119652926,1
#2 single-dominant,66,2,5,5,0.159537168,1
#2 single-dominant,67,2,0,2,0.997107000,1
#2 single-dominant,67,2,0,3,0.997106500,1
#2 single-dominant,67,2,0,4,0.997106250,1
#2 single-dominant,67,2,0,5,0.797685800,1
#2 single-dominant,67,2,1,2,0.039884449,1
#2 single-dominant,67,2,1,3,0.079768673,1
#2 single-dominant,67,2,1,4,0.119652910,1
#2 single-dominant,67,2,1,5,0.159537160,1
#2 single-dominant,67,2,2,2,0.039884733,1
#2 single-dominant,67,2,2,3,0.079768807,1
#2 single-dominant,67,2,2,4,0.119653043,1
#2 single-dominant,67,2,2,5,0.159537160,1
#2 single-dominant,67,2,3,2,0.039884619,1
#2 single-dominant,67,2,3,3,0.079768833,1
#2 single-dominant,67,2,3,4,0.119653083,1
#2 single-dominant,67,2,3,5,0.159537160,1
#2 single-dominant,67,2,4,2,0.039884452,1
#2 single-dominant,67,2,4,3,0.079768667,1
#2 single-dominant,67,2,4,4,0.119652917,1
#2 single-dominant,67,2,4,5,0.159537160,1
#2 single-dominant,67,2,5,2,0.039884650,1
#2 single-dominant,67,2,5,3,0.079768833,1
#2 single-dominant,67,2,5,4,0.119652897,1
#2 single-dominant,67,2,5,5,0.159537160,1
#2 single-dominant,68,2,0,2,0.997107000,1
#2 single-dominant,68,2,0,3,0.997106500,1
#2 single-dominant,68,2,0,4,0.997106250,1
#2 single-dominant,68,2,0,5,0.797685800,1
#2 single-dominant,68,2,1,2,0.039884446,1
#2 single-dominant,68,2,1,3,0.079768673,1
#2 single-dominant,68,2,1,4,0.119652906,1
#2 single-dominant,68,2,1,5,0.159537160,1
#2 single-dominant,68,2,2,2,0.039884614,1
#2 single-dominant,68,2,2,3,0.079768730,1
#2 single-dominant,68,2,2,4,0.119652970,1
#2 single-dominant,68,2,2,5,0.159537160,1
#2 single-dominant,68,2,3,2,0.039884619,1
#2 single-dominant,68,2,3,3,0.079768833,1
#2 single-dominant,68,2,3,4,0.119653083,1
#2 single-dominant,68,2,3,5,0.159537160,1
#2 single-dominant,68,2,4,2,0.039884452,1
#2 single-dominant,68,2,4,3,0.079768667,1
#2 single-dominant,68,2,4,4,0.119652917,1
#2 single-dominant,68,2,4,5,0.159537160,1
#2 single-dominant,68,2,5,2,0.039884533,1
#2 single-dominant,68,2,5,3,0.079768750,1
#2 single-dominant,68,2,5,4,0.119652897,1
#2 single-dominant,68,2,5,5,0.159537160,1
#2 single-dominant,69,2,0,2,0.997107000,1
#2 single-dominant,69,2,0,3,0.997106500,1
#2 single-dominant,69,2,0,4,0.997106250,1
#2 single-dominant,69,2,0,5,0.797685800,1
#2 single-dominant,69,2,1,2,0.039884410,1
#2 single-dominant,69,2,1,3,0.079768673,1
#2 single-dominant,69,2,1,4,0.119652906,1
#2 single-dominant,69,2,1,5,0.159537160,1
#2 single-dominant,69,2,2,2,0.039884583,1
#2 single-dominant,69,2,2,3,0.079768730,1
#2 single-dominant,69,2,2,4,0.119652970,1
#2 single-dominant,69,2,2,5,0.159537160,1
#2 single-dominant,69,2,3,2,0.039884583,1
#2 single-dominant,69,2,3,3,0.079768833,1
#2 single-dominant,69,2,3,4,0.119653083,1
#2 single-dominant,69,2,3,5,0.159537160,1
#2 single-dominant,69,2,4,2,0.039884417,1
#2 single-dominant,69,2,4,3,0.079768667,1
#2 single-dominant,69,2,4,4,0.119652917,1
#2 single-dominant,69,2,4,5,0.159537160,1
#2 single-dominant,69,2,5,2,0.039884452,1
#2 single-dominant,69,2,5,3,0.079768750,1
#2 single-dominant,69,2,5,4,0.119652892,1
#2 single-dominant,69,2,5,5,0.159537160,1
#2 single-dominant,70,2,0,2,0.997107000,1
#2 single-dominant,70,2,0,3,0.997106500,1
#2 single-dominant,70,2,0,4,0.997106250,1
#2 single-dominant,70,2,0,5,0.797685800,1
#2 single-dominant,70,2,1,2,0.039884410,1
#2 single-dominant,70,2,1,3,0.079768653,1
#2 single-dominant,70,2,1,4,0.119652906,1
#2 single-dominant,70,2,1,5,0.159537160,1
#2 single-dominant,70,2,2,2,0.039884486,1
#2 single-dominant,70,2,2,3,0.079768730,1
#2 single-dominant,70,2,2,4,0.119652970,1
#2 single-dominant,70,2,2,5,0.159537160,1
#2 single-dominant,70,2,3,2,0.039884583,1
#2 single-dominant,70,2,3,3,0.079768833,1
#2 single-dominant,70,2,3,4,0.119653083,1
#2 single-dominant,70,2,3,5,0.159537160,1
#2 single-dominant,70,2,4,2,0.039884417,1
#2 single-dominant,70,2,4,3,0.079768667,1
#2 single-dominant,70,2,4,4,0.119652917,1
#2 single-dominant,70,2,4,5,0.159537160,1
#2 single-dominant,70,2,5,2,0.039884452,1
#2 single-dominant,70,2,5,3,0.079768750,1
#2 single-dominant,70,2,5,4,0.119652880,1
#2 single-dominant,70,2,5,5,0.159537160,1
#2 single-dominant,71,2,0,2,0.997107000,1
#2 single-dominant,71,2,0,3,0.997106500,1
#2 single-dominant,71,2,0,4,0.997106250,1
#2 single-dominant,71,2,0,5,0.797685800,1
#2 single-dominant,71,2,1,2,0.039884392,1
#2 single-dominant,71,2,1,3,0.079768631,1
#2 single-dominant,71,2,1,4,0.119652897,1
#2 single-dominant,71,2,1,5,0.159537160,1
#2 single-dominant,71,2,2,2,0.039884459,1
#2 single-dominant,71,2,2,3,0.079768700,1
#2 single-dominant,71,2,2,4,0.119652926,1
#2 single-dominant,71,2,2,5,0.159537160,1
#2 single-dominant,71,2,3,2,0.039884583,1
#2 single-dominant,71,2,3,3,0.079768833,1
#2 single-dominant,71,2,3,4,0.119653083,1
#2 single-dominant,71,2,3,5,0.159537160,1
#2 single-dominant,71,2,4,2,0.039884417,1
#2 single-dominant,71,2,4,3,0.079768667,1
#2 single-dominant,71,2,4,4,0.119652917,1
#2 single-dominant,71,2,4,5,0.159537160,1
#2 single-dominant,71,2,5,2,0.039884452,1
#2 single-dominant,71,2,5,3,0.079768750,1
#2 single-dominant,71,2,5,4,0.119652880,1
#2 single-dominant,71,2,5,5,0.159537160,1
#2 single-dominant,72,2,0,2,0.997107000,1
#2 single-dominant,72,2,0,3,0.997106500,1
#2 single-dominant,72,2,0,4,0.997106250,1
#2 single-dominant,72,2,0,5,0.797685800,1
#2 single-dominant,72,2,1,2,0.039884392,1
#2 single-dominant,72,2,1,3,0.079768631,1
#2 single-dominant,72,2,1,4,0.119652897,1
#2 single-dominant,72,2,1,5,0.159537160,1
#2 single-dominant,72,2,2,2,0.039884417,1
#2 single-dominant,72,2,2,3,0.079768667,1
#2 single-dominant,72,2,2,4,0.119652897,1
#2 single-dominant,72,2,2,5,0.159537160,1
#2 single-dominant,72,2,3,2,0.039884583,1
#2 single-dominant,72,2,3,3,0.079768833,1
#2 single-dominant,72,2,3,4,0.119653083,1
#2 single-dominant,72,2,3,5,0.159537160,1
#2 single-dominant,72,2,4,2,0.039884417,1
#2 single-dominant,72,2,4,3,0.079768667,1
#2 single-dominant,72,2,4,4,0.119652917,1
#2 single-dominant,72,2,4,5,0.159537160,1
#2 single-dominant,72,2,5,2,0.039884452,1
#2 single-dominant,72,2,5,3,0.079768750,1
#2 single-dominant,72,2,5,4,0.119652880,1
#2 single-dominant,72,2,5,5,0.159537160,1
#2 single-dominant,73,2,0,2,0.997107000,1
#2 single-dominant,73,2,0,3,0.997106500,1
#2 single-dominant,73,2,0,4,0.997106250,1
#2 single-dominant,73,2,0,5,0.797685800,1
#2 single-dominant,73,2,1,2,0.039884392,1
#2 single-dominant,73,2,1,3,0.079768631,1
#2 single-dominant,73,2,1,4,0.119652897,1
#2 single-dominant,73,2,1,5,0.159537160,1
#2 single-dominant,73,2,2,2,0.039884410,1
#2 single-dominant,73,2,2,3,0.079768667,1
#2 single-dominant,73,2,2,4,0.119652897,1
#2 single-dominant,73,2,2,5,0.159537160,1
#2 single-dominant,73,2,3,2,0.039884570,1
#2 single-dominant,73,2,3,3,0.079768807,1
#2 single-dominant,73,2,3,4,0.119653043,1
#2 single-dominant,73,2,3,5,0.159537160,1
#2 single-dominant,73,2,4,2,0.039884417,1
#2 single-dominant,73,2,4,3,0.079768667,1
#2 single-dominant,73,2,4,4,0.119652917,1
#2 single-dominant,73,2,4,5,0.159537160,1
#2 single-dominant,73,2,5,2,0.039884452,1
#2 single-dominant,73,2,5,3,0.079768750,1
#2 single-dominant,73,2,5,4,0.119652880,1
#2 single-dominant,73,2,5,5,0.159537160,1
#2 single-dominant,74,2,0,2,0.997107000,1
#2 single-dominant,74,2,0,3,0.997106500,1
#2 single-dominant,74,2,0,4,0.997106250,1
#2 single-dominant,74,2,0,5,0.797685800,1
#2 single-dominant,74,2,1,2,0.039884387,1
#2 single-dominant,74,2,1,3,0.079768631,1
#2 single-dominant,74,2,1,4,0.119652897,1
#2 single-dominant,74,2,1,5,0.159537160,1
#2 single-dominant,74,2,2,2,0.039884410,1
#2 single-dominant,74,2,2,3,0.079768667,1
#2 single-dominant,74,2,2,4,0.119652897,1
#2 single-dominant,74,2,2,5,0.159537160,1
#2 single-dominant,74,2,3,2,0.039884570,1
#2 single-dominant,74,2,3,3,0.079768807,1
#2 single-dominant,74,2,3,4,0.119653043,1
#2 single-dominant,74,2,3,5,0.159537160,1
#2 single-dominant,74,2,4,2,0.039884393,1
#2 single-dominant,74,2,4,3,0.079768643,1
#2 single-dominant,74,2,4,4,0.119652893,1
#2 single-dominant,74,2,4,5,0.159537160,1
#2 single-dominant,74,2,5,2,0.039884452,1
#2 single-dominant,74,2,5,3,0.079768750,1
#2 single-dominant,74,2,5,4,0.119652880,1
#2 single-dominant,74,2,5,5,0.159537160,1
#2 single-dominant,75,2,0,2,0.997107000,1
#2 single-dominant,75,2,0,3,0.997106500,1
#2 single-dominant,75,2,0,4,0.997106250,1
#2 single-dominant,75,2,0,5,0.797685800,1
#2 single-dominant,75,2,1,2,0.039884387,1
#2 single-dominant,75,2,1,3,0.079768631,1
#2 single-dominant,75,2,1,4,0.119652897,1
#2 single-dominant,75,2,1,5,0.159537160,1
#2 single-dominant,75,2,2,2,0.039884410,1
#2 single-dominant,75,2,2,3,0.079768667,1
#2 single-dominant,75,2,2,4,0.119652897,1
#2 single-dominant,75,2,2,5,0.159537160,1
#2 single-dominant,75,2,3,2,0.039884570,1
#2 single-dominant,75,2,3,3,0.079768807,1
#2 single-dominant,75,2,3,4,0.119653043,1
#2 single-dominant,75,2,3,5,0.159537160,1
#2 single-dominant,75,2,4,2,0.039884393,1
#2 single-dominant,75,2,4,3,0.079768643,1
#2 single-dominant,75,2,4,4,0.119652893,1
#2 single-dominant,75,2,4,5,0.159537160,1
#2 single-dominant,75,2,5,2,0.039884452,1
#2 single-dominant,75,2,5,3,0.079768730,1
#2 single-dominant,75,2,5,4,0.119652880,1
#2 single-dominant,75,2,5,5,0.159537160,1
#2 single-dominant,76,2,0,2,0.997107000,1
#2 single-dominant,76,2,0,3,0.997106500,1
#2 single-dominant,76,2,0,4,0.997106250,1
#2 single-dominant,76,2,0,5,0.797685800,1
#2 single-dominant,76,2,1,2,0.039884387,1
#2 single-dominant,76,2,1,3,0.079768631,1
#2 single-dominant,76,2,1,4,0.119652897,1
#2 single-dominant,76,2,1,5,0.159537160,1
#2 single-dominant,76,2,2,2,0.039884410,1
#2 single-dominant,76,2,2,3,0.079768667,1
#2 single-dominant,76,2,2,4,0.119652897,1
#2 single-dominant,76,2,2,5,0.159537160,1
#2 single-dominant,76,2,3,2,0.039884570,1
#2 single-dominant,76,2,3,3,0.079768807,1
#2 single-dominant,76,2,3,4,0.119653043,1
#2 single-dominant,76,2,3,5,0.159537160,1
#2 single-dominant,76,2,4,2,0.039884393,1
#2 single-dominant,76,2,4,3,0.079768631,1
#2 single-dominant,76,2,4,4,0.119652876,1
#2 single-dominant,76,2,4,5,0.159537160,1
#2 single-dominant,76,2,5,2,0.039884452,1
#2 single-dominant,76,2,5,3,0.079768730,1
#2 single-dominant,76,2,5,4,0.119652880,1
#2 single-dominant,76,2,5,5,0.159537160,1
#2 single-dominant,77,2,0,2,0.997107000,1
#2 single-dominant,77,2,0,3,0.997106500,1
#2 single-dominant,77,2,0,4,0.997106250,1
#2 single-dominant,77,2,0,5,0.797685800,1
#2 single-dominant,77,2,1,2,0.039884387,1
#2 single-dominant,77,2,1,3,0.079768631,1
#2 single-dominant,77,2,1,4,0.119652897,1
#2 single-dominant,77,2,1,5,0.159537160,1
#2 single-dominant,77,2,2,2,0.039884410,1
#2 single-dominant,77,2,2,3,0.079768667,1
#2 single-dominant,77,2,2,4,0.119652897,1
#2 single-dominant,77,2,2,5,0.159537160,1
#2 single-dominant,77,2,3,2,0.039884570,1
#2 single-dominant,77,2,3,3,0.079768807,1
#2 single-dominant,77,2,3,4,0.119653043,1
#2 single-dominant,77,2,3,5,0.159537160,1
#2 single-dominant,77,2,4,2,0.039884393,1
#2 single-dominant,77,2,4,3,0.079768631,1
#2 single-dominant,77,2,4,4,0.119652876,1
#2 single-dominant,77,2,4,5,0.159537160,1
#2 single-dominant,77,2,5,2,0.039884452,1
#2 single-dominant,77,2,5,3,0.079768730,1
#2 single-dominant,77,2,5,4,0.119652875,1
#2 single-dominant,77,2,5,5,0.159537160,1
#2 single-dominant,78,2,0,2,0.997107000,1
#2 single-dominant,78,2,0,3,0.997106500,1
#2 single-dominant,78,2,0,4,0.997106250,1
#2 single-dominant,78,2,0,5,0.797685800,1
#2 single-dominant,78,2,1,2,0.039884387,1
#2 single-dominant,78,2,1,3,0.079768631,1
#2 single-dominant,78,2,1,4,0.119652897,1
#2 single-dominant,78,2,1,5,0.159537160,1
#2 single-dominant,78,2,2,2,0.039884410,1
#2 single-dominant,78,2,2,3,0.079768667,1
#2 single-dominant,78,2,2,4,0.119652897,1
#2 single-dominant,78,2,2,5,0.159537160,1
#2 single-dominant,78,2,3,2,0.039884570,1
#2 single-dominant,78,2,3,3,0.079768807,1
#2 single-dominant,78,2,3,4,0.119653043,1
#2 single-dominant,78,2,3,5,0.159537160,1
#2 single-dominant,78,2,4,2,0.039884393,1
#2 single-dominant,78,2,4,3,0.079768631,1
#2 single-dominant,78,2,4,4,0.119652876,1
#2 single-dominant,78,2,4,5,0.159537160,1
#2 single-dominant,78,2,5,2,0.039884452,1
#2 single-dominant,78,2,5,3,0.079768730,1
#2 single-dominant,78,2,5,4,0.119652875,1
#2 single-dominant,78,2,5,5,0.159537160,1
#2 single-dominant,79,2,0,2,0.997107000,1
#2 single-dominant,79,2,0,3,0.997106500,1
#2 single-dominant,79,2,0,4,0.997106250,1
#2 single-dominant,79,2,0,5,0.797685800,1
#2 single-dominant,79,2,1,2,0.039884387,1
#2 single-dominant,79,2,1,3,0.079768631,1
#2 single-dominant,79,2,1,4,0.119652897,1
#2 single-dominant,79,2,1,5,0.159537160,1
#2 single-dominant,79,2,2,2,0.039884410,1
#2 single-dominant,79,2,2,3,0.079768667,1
#2 single-dominant,79,2,2,4,0.119652897,1
#2 single-dominant,79,2,2,5,0.159537160,1
#2 single-dominant,79,2,3,2,0.039884570,1
#2 single-dominant,79,2,3,3,0.079768807,1
#2 single-dominant,79,2,3,4,0.119653043,1
#2 single-dominant,79,2,3,5,0.159537160,1
#2 single-dominant,79,2,4,2,0.039884393,1
#2 single-dominant,79,2,4,3,0.079768631,1
#2 single-dominant,79,2,4,4,0.119652876,1
#2 single-dominant,79,2,4,5,0.159537160,1
#2 single-dominant,79,2,5,2,0.039884452,1
#2 single-dominant,79,2,5,3,0.079768730,1
#2 single-dominant,79,2,5,4,0.119652875,1
#2 single-dominant,79,2,5,5,0.159537160,1
#2 single-dominant,80,2,0,2,0.997107000,1
#2 single-dominant,80,2,0,3,0.997106500,1
#2 single-dominant,80,2,0,4,0.997106250,1
#2 single-dominant,80,2,0,5,0.797685800,1
#2 single-dominant,80,2,1,2,0.039884387,1
#2 single-dominant,80,2,1,3,0.079768631,1
#2 single-dominant,80,2,1,4,0.119652897,1
#2 single-dominant,80,2,1,5,0.159537160,1
#2 single-dominant,80,2,2,2,0.039884410,1
#2 single-dominant,80,2,2,3,0.079768667,1
#2 single-dominant,80,2,2,4,0.119652897,1
#2 single-dominant,80,2,2,5,0.159537160,1
#2 single-dominant,80,2,3,2,0.039884570,1
#2 single-dominant,80,2,3,3,0.079768807,1
#2 single-dominant,80,2,3,4,0.119653043,1
#2 single-dominant,80,2,3,5,0.159537160,1
#2 single-dominant,80,2,4,2,0.039884393,1
#2 single-dominant,80,2,4,3,0.079768631,1
#2 single-dominant,80,2,4,4,0.119652876,1
#2 single-dominant,80,2,4,5,0.159537160,1
#2 single-dominant,80,2,5,2,0.039884452,1
#2 single-dominant,80,2,5,3,0.079768730,1
#2 single-dominant,80,2,5,4,0.119652875,1
#2 single-dominant,80,2,5,5,0.159537160,1
#2 single-dominant,81,2,0,2,0.997107000,1
#2 single-dominant,81,2,0,3,0.997106500,1
#2 single-dominant,81,2,0,4,0.997106250,1
#2 single-dominant,81,2,0,5,0.797685800,1
#2 single-dominant,81,2,1,2,0.039884387,1
#2 single-dominant,81,2,1,3,0.079768631,1
#2 single-dominant,81,2,1,4,0.119652897,1
#2 single-dominant,81,2,1,5,0.159537160,1
#2 single-dominant,81,2,2,2,0.039884410,1
#2 single-dominant,81,2,2,3,0.079768667,1
#2 single-dominant,81,2,2,4,0.119652897,1
#2 single-dominant,81,2,2,5,0.159537160,1
#2 single-dominant,81,2,3,2,0.039884570,1
#2 single-dominant,81,2,3,3,0.079768807,1
#2 single-dominant,81,2,3,4,0.119653043,1
#2 single-dominant,81,2,3,5,0.159537160,1
#2 single-dominant,81,2,4,2,0.039884375,1
#2 single-dominant,81,2,4,3,0.079768615,1
#2 single-dominant,81,2,4,4,0.119652875,1
#2 single-dominant,81,2,4,5,0.159537160,1
#2 single-dominant,81,2,5,2,0.039884452,1
#2 single-dominant,81,2,5,3,0.079768730,1
#2 single-dominant,81,2,5,4,0.119652875,1
#2 single-dominant,81,2,5,5,0.159537160,1
#2 single-dominant,82,2,0,2,0.997107000,1
#2 single-dominant,82,2,0,3,0.997106500,1
#2 single-dominant,82,2,0,4,0.997106250,1
#2 single-dominant,82,2,0,5,0.797685800,1
#2 single-dominant,82,2,1,2,0.039884387,1
#2 single-dominant,82,2,1,3,0.079768631,1
#2 single-dominant,82,2,1,4,0.119652897,1
#2 single-dominant,82,2,1,5,0.159537160,1
#2 single-dominant,82,2,2,2,0.039884410,1
#2 single-dominant,82,2,2,3,0.079768667,1
#2 single-dominant,82,2,2,4,0.119652897,1
#2 single-dominant,82,2,2,5,0.159537160,1
#2 single-dominant,82,2,3,2,0.039884490,1
#2 single-dominant,82,2,3,3,0.079768730,1
#2 single-dominant,82,2,3,4,0.119652970,1
#2 single-dominant,82,2,3,5,0.159537160,1
#2 single-dominant,82,2,4,2,0.039884370,1
#2 single-dominant,82,2,4,3,0.079768615,1
#2 single-dominant,82,2,4,4,0.119652870,1
#2 single-dominant,82,2,4,5,0.159537160,1
#2 single-dominant,82,2,5,2,0.039884452,1
#2 single-dominant,82,2,5,3,0.079768730,1
#2 single-dominant,82,2,5,4,0.119652875,1
#2 single-dominant,82,2,5,5,0.159537160,1
#2 single-dominant,83,2,0,2,0.997107000,1
#2 single-dominant,83,2,0,3,0.997106500,1
#2 single-dominant,83,2,0,4,0.997106250,1
#2 single-dominant,83,2,0,5,0.797685800,1
#2 single-dominant,83,2,1,2,0.039884387,1
#2 single-dominant,83,2,1,3,0.079768631,1
#2 single-dominant,83,2,1,4,0.119652897,1
#2 single-dominant,83,2,1,5,0.159537160,1
#2 single-dominant,83,2,2,2,0.039884410,1
#2 single-dominant,83,2,2,3,0.079768667,1
#2 single-dominant,83,2,2,4,0.119652897,1
#2 single-dominant,83,2,2,5,0.159537160,1
#2 single-dominant,83,2,3,2,0.039884490,1
#2 single-dominant,83,2,3,3,0.079768730,1
#2 single-dominant,83,2,3,4,0.119652970,1
#2 single-dominant,83,2,3,5,0.159537160,1
#2 single-dominant,83,2,4,2,0.039884370,1
#2 single-dominant,83,2,4,3,0.079768615,1
#2 single-dominant,83,2,4,4,0.119652870,1
#2 single-dominant,83,2,4,5,0.159537160,1
#2 single-dominant,83,2,5,2,0.039884452,1
#2 single-dominant,83,2,5,3,0.079768730,1
#2 single-dominant,83,2,5,4,0.119652875,1
#2 single-dominant,83,2,5,5,0.159537160,1
#2 single-dominant,84,2,0,2,0.997107000,1
#2 single-dominant,84,2,0,3,0.997106500,1
#2 single-dominant,84,2,0,4,0.997106250,1
#2 single-dominant,84,2,0,5,0.767005769,1
#2 single-dominant,84,2,1,2,0.038350387,1
#2 single-dominant,84,2,1,3,0.076700632,1
#2 single-dominant,84,2,1,4,0.115050917,1
#2 single-dominant,84,2,1,5,0.153401154,1
#2 single-dominant,84,2,2,2,0.038350410,1
#2 single-dominant,84,2,2,3,0.076700667,1
#2 single-dominant,84,2,2,4,0.115050897,1
#2 single-dominant,84,2,2,5,0.153401154,1
#2 single-dominant,84,2,3,2,0.038350490,1
#2 single-dominant,84,2,3,3,0.076700731,1
#2 single-dominant,84,2,3,4,0.115050971,1
#2 single-dominant,84,2,3,5,0.153401154,1
#2 single-dominant,84,2,4,2,0.038350365,1
#2 single-dominant,84,2,4,3,0.076700606,1
#2 single-dominant,84,2,4,4,0.115050865,1
#2 single-dominant,84,2,4,5,0.153401154,1
#2 single-dominant,84,2,5,2,0.038350452,1
#2 single-dominant,84,2,5,3,0.076700731,1
#2 single-dominant,84,2,5,4,0.115050876,1
#2 single-dominant,84,2,5,5,0.153401154,1
#2 single-dominant,85,2,0,2,0.997007250,1
#2 single-dominant,85,2,0,3,0.997006750,1
#2 single-dominant,85,2,0,4,0.997006500,1
#2 single-dominant,85,2,0,5,0.766928846,1
#2 single-dominant,85,2,1,2,0.038346536,1
#2 single-dominant,85,2,1,3,0.076692929,1
#2 single-dominant,85,2,1,4,0.115039359,1
#2 single-dominant,85,2,1,5,0.153385769,1
#2 single-dominant,85,2,2,2,0.038346564,1
#2 single-dominant,85,2,2,3,0.076692974,1
#2 single-dominant,85,2,2,4,0.115039359,1
#2 single-dominant,85,2,2,5,0.153385769,1
#2 single-dominant,85,2,3,2,0.038346644,1
#2 single-dominant,85,2,3,3,0.076693038,1
#2 single-dominant,85,2,3,4,0.115039433,1
#2 single-dominant,85,2,3,5,0.153385769,1
#2 single-dominant,85,2,4,2,0.038346524,1
#2 single-dominant,85,2,4,3,0.076692923,1
#2 single-dominant,85,2,4,4,0.115039327,1
#2 single-dominant,85,2,4,5,0.153385769,1
#2 single-dominant,85,2,5,2,0.038346606,1
#2 single-dominant,85,2,5,3,0.076693038,1
#2 single-dominant,85,2,5,4,0.115039337,1
#2 single-dominant,85,2,5,5,0.153385769,1
#2 single-dominant,86,2,0,2,0.997007250,1
#2 single-dominant,86,2,0,3,0.997006750,1
#2 single-dominant,86,2,0,4,0.997006500,1
#2 single-dominant,86,2,0,5,0.766928846,1
#2 single-dominant,86,2,1,2,0.038346536,1
#2 single-dominant,86,2,1,3,0.076692929,1
#2 single-dominant,86,2,1,4,0.115039359,1
#2 single-dominant,86,2,1,5,0.153385769,1
#2 single-dominant,86,2,2,2,0.038346564,1
#2 single-dominant,86,2,2,3,0.076692974,1
#2 single-dominant,86,2,2,4,0.115039359,1
#2 single-dominant,86,2,2,5,0.153385769,1
#2 single-dominant,86,2,3,2,0.038346644,1
#2 single-dominant,86,2,3,3,0.076693038,1
#2 single-dominant,86,2,3,4,0.115039433,1
#2 single-dominant,86,2,3,5,0.153385769,1
#2 single-dominant,86,2,4,2,0.038346524,1
#2 single-dominant,86,2,4,3,0.076692923,1
#2 single-dominant,86,2,4,4,0.115039327,1
#2 single-dominant,86,2,4,5,0.153385769,1
#2 single-dominant,86,2,5,2,0.038346606,1
#2 single-dominant,86,2,5,3,0.076693038,1
#2 single-dominant,86,2,5,4,0.115039337,1
#2 single-dominant,86,2,5,5,0.153385769,1
#2 single-dominant,87,2,0,2,0.997007250,1
#2 single-dominant,87,2,0,3,0.997006750,1
#2 single-dominant,87,2,0,4,0.997006500,1
#2 single-dominant,87,2,0,5,0.738524259,1
#2 single-dominant,87,2,1,2,0.036926308,1
#2 single-dominant,87,2,1,3,0.073852474,1
#2 single-dominant,87,2,1,4,0.110778694,1
#2 single-dominant,87,2,1,5,0.147704852,1
#2 single-dominant,87,2,2,2,0.036926336,1
#2 single-dominant,87,2,2,3,0.073852519,1
#2 single-dominant,87,2,2,4,0.110778694,1
#2 single-dominant,87,2,2,5,0.147704852,1
#2 single-dominant,87,2,3,2,0.036926426,1
#2 single-dominant,87,2,3,3,0.073852602,1
#2 single-dominant,87,2,3,4,0.110778778,1
#2 single-dominant,87,2,3,5,0.147704852,1
#2 single-dominant,87,2,4,2,0.036926301,1
#2 single-dominant,87,2,4,3,0.073852477,1
#2 single-dominant,87,2,4,4,0.110778653,1
#2 single-dominant,87,2,4,5,0.147704852,1
#2 single-dominant,87,2,5,2,0.036926378,1
#2 single-dominant,87,2,5,3,0.073852602,1
#2 single-dominant,87,2,5,4,0.110778661,1
#2 single-dominant,87,2,5,5,0.147704852,1
#2 single-dominant,88,2,0,2,0.997007250,1
#2 single-dominant,88,2,0,3,0.997006750,1
#2 single-dominant,88,2,0,4,0.997006500,1
#2 single-dominant,88,2,0,5,0.738524259,1
#2 single-dominant,88,2,1,2,0.036926308,1
#2 single-dominant,88,2,1,3,0.073852474,1
#2 single-dominant,88,2,1,4,0.110778694,1
#2 single-dominant,88,2,1,5,0.147704852,1
#2 single-dominant,88,2,2,2,0.036926336,1
#2 single-dominant,88,2,2,3,0.073852519,1
#2 single-dominant,88,2,2,4,0.110778676,1
#2 single-dominant,88,2,2,5,0.147704852,1
#2 single-dominant,88,2,3,2,0.036926417,1
#2 single-dominant,88,2,3,3,0.073852583,1
#2 single-dominant,88,2,3,4,0.110778750,1
#2 single-dominant,88,2,3,5,0.147704852,1
#2 single-dominant,88,2,4,2,0.036926296,1
#2 single-dominant,88,2,4,3,0.073852468,1
#2 single-dominant,88,2,4,4,0.110778639,1
#2 single-dominant,88,2,4,5,0.147704852,1
#2 single-dominant,88,2,5,2,0.036926378,1
#2 single-dominant,88,2,5,3,0.073852583,1
#2 single-dominant,88,2,5,4,0.110778661,1
#2 single-dominant,88,2,5,5,0.147704852,1
#2 single-dominant,89,2,0,2,0.997007250,1
#2 single-dominant,89,2,0,3,0.997006550,1
#2 single-dominant,89,2,0,4,0.997006500,1
#2 single-dominant,89,2,0,5,0.712148571,1
#2 single-dominant,89,2,1,2,0.035607531,1
#2 single-dominant,89,2,1,3,0.071214918,1
#2 single-dominant,89,2,1,4,0.106822345,1
#2 single-dominant,89,2,1,5,0.142429714,1
#2 single-dominant,89,2,2,2,0.035607560,1
#2 single-dominant,89,2,2,3,0.071214952,1
#2 single-dominant,89,2,2,4,0.106822345,1
#2 single-dominant,89,2,2,5,0.142429714,1
#2 single-dominant,89,2,3,2,0.035607643,1
#2 single-dominant,89,2,3,3,0.071215036,1
#2 single-dominant,89,2,3,4,0.106822429,1
#2 single-dominant,89,2,3,5,0.142429714,1
#2 single-dominant,89,2,4,2,0.035607518,1
#2 single-dominant,89,2,4,3,0.071214911,1
#2 single-dominant,89,2,4,4,0.106822304,1
#2 single-dominant,89,2,4,5,0.142429714,1
#2 single-dominant,89,2,5,2,0.035607595,1
#2 single-dominant,89,2,5,3,0.071215036,1
#2 single-dominant,89,2,5,4,0.106822312,1
#2 single-dominant,89,2,5,5,0.142429714,1
#2 single-dominant,90,2,0,2,0.997007250,1
#2 single-dominant,90,2,0,3,0.997006550,1
#2 single-dominant,90,2,0,4,0.997006500,1
#2 single-dominant,90,2,0,5,0.712148571,1
#2 single-dominant,90,2,1,2,0.035607526,1
#2 single-dominant,90,2,1,3,0.071214908,1
#2 single-dominant,90,2,1,4,0.106822345,1
#2 single-dominant,90,2,1,5,0.142429714,1
#2 single-dominant,90,2,2,2,0.035607560,1
#2 single-dominant,90,2,2,3,0.071214952,1
#2 single-dominant,90,2,2,4,0.106822345,1
#2 single-dominant,90,2,2,5,0.142429714,1
#2 single-dominant,90,2,3,2,0.035607643,1
#2 single-dominant,90,2,3,3,0.071215036,1
#2 single-dominant,90,2,3,4,0.106822429,1
#2 single-dominant,90,2,3,5,0.142429714,1
#2 single-dominant,90,2,4,2,0.035607518,1
#2 single-dominant,90,2,4,3,0.071214911,1
#2 single-dominant,90,2,4,4,0.106822304,1
#2 single-dominant,90,2,4,5,0.142429714,1
#2 single-dominant,90,2,5,2,0.035607595,1
#2 single-dominant,90,2,5,3,0.071215036,1
#2 single-dominant,90,2,5,4,0.106822312,1
#2 single-dominant,90,2,5,5,0.142429714,1
#3 zero-weight-criterion,1,2,0,2,0.500000500,0
#3 zero-weight-criterion,1,2,0,3,0.500000500,0
#3 zero-weight-criterion,1,2,0,4,0.500000500,0
#3 zero-weight-criterion,1,2,0,5,0.500000500,1
#3 zero-weight-criterion,1,2,1,2,0.500000500,0
#3 zero-weight-criterion,1,2,1,3,0.500000500,0
#3 zero-weight-criterion,1,2,1,4,0.500000500,0
#3 zero-weight-criterion,1,2,1,5,0.500000500,1
#3 zero-weight-criterion,1,2,2,2,1.000000000,0
#3 zero-weight-criterion,1,2,2,3,1.000000000,0
#3 zero-weight-criterion,1,2,2,4,1.000000000,0
#3 zero-weight-criterion,1,2,2,5,1.000000000,0
#3 zero-weight-criterion,1,2,3,2,1.000000000,0
#3 zero-weight-criterion,1,2,3,3,1.000000000,0
#3 zero-weight-criterion,1,2,3,4,1.000000000,0
#3 zero-weight-criterion,1,2,3,5,1.000000000,0
#3 zero-weight-criterion,1,2,4,2,1.000000000,0
#3 zero-weight-criterion,1,2,4,3,1.000000000,0
#3 zero-weight-criterion,1,2,4,4,1.000000000,0
#3 zero-weight-criterion,1,2,4,5,1.000000000,0
#3 zero-weight-criterion,1,2,5,2,1.000000000,0
#3 zero-weight-criterion,1,2,5,3,1.000000000,0
#3 zero-weight-criterion,1,2,5,4,1.000000000,0
#3 zero-weight-criterion,1,2,5,5,1.000000000,0
#3 zero-weight-criterion,2,2,0,2,0.333333667,0
#3 zero-weight-criterion,2,2,0,3,0.333333667,0
#3 zero-weight-criterion,2,2,0,4,0.333333667,0
#3 zero-weight-criterion,2,2,0,5,0.333333667,1
#3 zero-weight-criterion,2,2,1,2,0.333334000,0
#3 zero-weight-criterion,2,2,1,3,0.333334000,0
#3 zero-weight-criterion,2,2,1,4,0.333334000,0
#3 zero-weight-criterion,2,2,1,5,0.333334000,1
#3 zero-weight-criterion,2,2,2,2,0.333334000,0
#3 zero-weight-criterion,2,2,2,3,0.333334000,0
#3 zero-weight-criterion,2,2,2,4,0.333334000,0
#3 zero-weight-criterion,2,2,2,5,0.333334000,1
#3 zero-weight-criterion,2,2,3,2,1.000000000,0
#3 zero-weight-criterion,2,2,3,3,1.000000000,0
#3 zero-weight-criterion,2,2,3,4,1.000000000,0
#3 zero-weight-criterion,2,2,3,5,1.000000000,0
#3 zero-weight-criterion,2,2,4,2,1.000000000,0
#3 zero-weight-criterion,2,2,4,3,1.000000000,0
#3 zero-weight-criterion,2,2,4,4,1.000000000,0
#3 zero-weight-criterion,2,2,4,5,1.000000000,0
#3 zero-weight-criterion,2,2,5,2,1.000000000,0
#3 zero-weight-criterion,2,2,5,3,1.000000000,0
#3 zero-weight-criterion,2,2,5,4,1.000000000,0
#3 zero-weight-criterion,2,2,5,5,1.000000000,0
#3 zero-weight-criterion,3,2,0,2,0.250000250,0
#3 zero-weight-criterion,3,2,0,3,0.250000250,0
#3 zero-weight-criterion,3,2,0,4,0.250000250,0
#3 zero-weight-criterion,3,2,0,5,0.250000250,1
#3 zero-weight-criterion,3,2,1,2,0.250000750,0
#3 zero-weight-criterion,3,2,1,3,0.250000750,0
#3 zero-weight-criterion,3,2,1,4,0.250000750,0
#3 zero-weight-criterion,3,2,1,5,0.250000750,1
#3 zero-weight-criterion,3,2,2,2,0.250000750,0
#3 zero-weight-criterion,3,2,2,3,0.250000750,0
#3 zero-weight-criterion,3,2,2,4,0.250000750,0
#3 zero-weight-criterion,3,2,2,5,0.250000750,1
#3 zero-weight-criterion,3,2,3,2,0.250000750,0
#3 zero-weight-criterion,3,2,3,3,0.250000750,0
#3 zero-weight-criterion,3,2,3,4,0.250000750,0
#3 zero-weight-criterion,3,2,3,5,0.250000750,1
#3 zero-weight-criterion,3,2,4,2,1.000000000,0
#3 zero-weight-criterion,3,2,4,3,1.000000000,0
#3 zero-weight-criterion,3,2,4,4,1.000000000,0
#3 zero-weight-criterion,3,2,4,5,1.000000000,0
#3 zero-weight-criterion,3,2,5,2,1.000000000,0
#3 zero-weight-criterion,3,2,5,3,1.000000000,0
#3 zero-weight-criterion,3,2,5,4,1.000000000,0
#3 zero-weight-criterion,3,2,5,5,1.000000000,0
#3 zero-weight-criterion,4,2,0,2,0.200000200,0
#3 zero-weight-criterion,4,2,0,3,0.200000200,0
#3 zero-weight-criterion,4,2,0,4,0.200000200,0
#3 zero-weight-criterion,4,2,0,5,0.200000200,1
#3 zero-weight-criterion,4,2,1,2,0.200000800,0
#3 zero-weight-criterion,4,2,1,3,0.200000800,0
#3 zero-weight-criterion,4,2,1,4,0.200000800,0
#3 zero-weight-criterion,4,2,1,5,0.200000800,1
#3 zero-weight-criterion,4,2,2,2,0.200000800,0
#3 zero-weight-criterion,4,2,2,3,0.200000800,0
#3 zero-weight-criterion,4,2,2,4,0.200000800,0
#3 zero-weight-criterion,4,2,2,5,0.200000800,1
#3 zero-weight-criterion,4,2,3,2,0.200000800,0
#3 zero-weight-criterion,4,2,3,3,0.200000800,0
#3 zero-weight-criterion,4,2,3,4,0.200000800,0
#3 zero-weight-criterion,4,2,3,5,0.200000800,1
#3 zero-weight-criterion,4,2,4,2,0.200000800,0
#3 zero-weight-criterion,4,2,4,3,0.200000800,0
#3 zero-weight-criterion,4,2,4,4,0.200000800,0
#3 zero-weight-criterion,4,2,4,5,0.200000800,1
#3 zero-weight-criterion,4,2,5,2,1.000000000,0
#3 zero-weight-criterion,4,2,5,3,1.000000000,0
#3 zero-weight-criterion,4,2,5,4,1.000000000,0
#3 zero-weight-criterion,4,2,5,5,1.000000000,0
#3 zero-weight-criterion,5,2,0,2,0.200000200,0
#3 zero-weight-criterion,5,2,0,3,0.200000200,0
#3 zero-weight-criterion,5,2,0,4,0.200000200,0
#3 zero-weight-criterion,5,2,0,5,0.033317033,1
#3 zero-weight-criterion,5,2,1,2,0.200000800,0
#3 zero-weight-criterion,5,2,1,3,0.200000800,0
#3 zero-weight-criterion,5,2,1,4,0.200000800,0
#3 zero-weight-criterion,5,2,1,5,0.033318300,1
#3 zero-weight-criterion,5,2,2,2,0.200000800,0
#3 zero-weight-criterion,5,2,2,3,0.200000800,0
#3 zero-weight-criterion,5,2,2,4,0.200000800,0
#3 zero-weight-criterion,5,2,2,5,0.033318300,1
#3 zero-weight-criterion,5,2,3,2,0.200000800,0
#3 zero-weight-criterion,5,2,3,3,0.200000800,0
#3 zero-weight-criterion,5,2,3,4,0.200000800,0
#3 zero-weight-criterion,5,2,3,5,0.033318300,1
#3 zero-weight-criterion,5,2,4,2,0.200000800,0
#3 zero-weight-criterion,5,2,4,3,0.200000800,0
#3 zero-weight-criterion,5,2,4,4,0.200000800,0
#3 zero-weight-criterion,5,2,4,5,0.033318300,1
#3 zero-weight-criterion,5,2,5,2,0.166584167,0
#3 zero-weight-criterion,5,2,5,3,0.166584167,0
#3 zero-weight-criterion,5,2,5,4,0.166584167,0
#3 zero-weight-criterion,5,2,5,5,0.166584167,1
#3 zero-weight-criterion,6,2,0,2,0.200000200,0
#3 zero-weight-criterion,6,2,0,3,0.200000200,0
#3 zero-weight-criterion,6,2,0,4,0.200000200,0
#3 zero-weight-criterion,6,2,0,5,0.033317033,1
#3 zero-weight-criterion,6,2,1,2,0.200000400,0
#3 zero-weight-criterion,6,2,1,3,0.200000400,0
#3 zero-weight-criterion,6,2,1,4,0.200000400,0
#3 zero-weight-criterion,6,2,1,5,0.033317483,1
#3 zero-weight-criterion,6,2,2,2,0.200000400,0
#3 zero-weight-criterion,6,2,2,3,0.200000400,0
#3 zero-weight-criterion,6,2,2,4,0.200000400,0
#3 zero-weight-criterion,6,2,2,5,0.033317483,1
#3 zero-weight-criterion,6,2,3,2,0.200000800,0
#3 zero-weight-criterion,6,2,3,3,0.200000800,0
#3 zero-weight-criterion,6,2,3,4,0.200000800,0
#3 zero-weight-criterion,6,2,3,5,0.033318300,1
#3 zero-weight-criterion,6,2,4,2,0.200000800,0
#3 zero-weight-criterion,6,2,4,3,0.200000800,0
#3 zero-weight-criterion,6,2,4,4,0.200000800,0
#3 zero-weight-criterion,6,2,4,5,0.033318300,1
#3 zero-weight-criterion,6,2,5,2,0.166584167,0
#3 zero-weight-criterion,6,2,5,3,0.166584167,0
#3 zero-weight-criterion,6,2,5,4,0.166584167,0
#3 zero-weight-criterion,6,2,5,5,0.166584167,1
#3 zero-weight-criterion,7,2,0,2,0.200000200,0
#3 zero-weight-criterion,7,2,0,3,0.200000200,0
#3 zero-weight-criterion,7,2,0,4,0.200000200,0
#3 zero-weight-criterion,7,2,0,5,0.033317033,1
#3 zero-weight-criterion,7,2,1,2,0.200000267,0
#3 zero-weight-criterion,7,2,1,3,0.200000267,0
#3 zero-weight-criterion,7,2,1,4,0.200000267,0
#3 zero-weight-criterion,7,2,1,5,0.033317211,1
#3 zero-weight-criterion,7,2,2,2,0.200000400,0
#3 zero-weight-criterion,7,2,2,3,0.200000400,0
#3 zero-weight-criterion,7,2,2,4,0.200000400,0
#3 zero-weight-criterion,7,2,2,5,0.033317483,1
#3 zero-weight-criterion,7,2,3,2,0.200000400,0
#3 zero-weight-criterion,7,2,3,3,0.200000400,0
#3 zero-weight-criterion,7,2,3,4,0.200000400,0
#3 zero-weight-criterion,7,2,3,5,0.033317483,1
#3 zero-weight-criterion,7,2,4,2,0.200000800,0
#3 zero-weight-criterion,7,2,4,3,0.200000800,0
#3 zero-weight-criterion,7,2,4,4,0.200000800,0
#3 zero-weight-criterion,7,2,4,5,0.033318300,1
#3 zero-weight-criterion,7,2,5,2,0.166584167,0
#3 zero-weight-criterion,7,2,5,3,0.166584167,0
#3 zero-weight-criterion,7,2,5,4,0.166584167,0
#3 zero-weight-criterion,7,2,5,5,0.166584167,1
#3 zero-weight-criterion,8,2,0,2,0.200000200,0
#3 zero-weight-criterion,8,2,0,3,0.200000200,0
#3 zero-weight-criterion,8,2,0,4,0.200000200,0
#3 zero-weight-criterion,8,2,0,5,0.033317033,1
#3 zero-weight-criterion,8,2,1,2,0.200000200,0
#3 zero-weight-criterion,8,2,1,3,0.200000200,0
#3 zero-weight-criterion,8,2,1,4,0.200000200,0
#3 zero-weight-criterion,8,2,1,5,0.033317075,1
#3 zero-weight-criterion,8,2,2,2,0.200000400,0
#3 zero-weight-criterion,8,2,2,3,0.200000400,0
#3 zero-weight-criterion,8,2,2,4,0.200000400,0
#3 zero-weight-criterion,8,2,2,5,0.033317483,1
#3 zero-weight-criterion,8,2,3,2,0.200000400,0
#3 zero-weight-criterion,8,2,3,3,0.200000400,0
#3 zero-weight-criterion,8,2,3,4,0.200000400,0
#3 zero-weight-criterion,8,2,3,5,0.033317483,1
#3 zero-weight-criterion,8,2,4,2,0.200000400,0
#3 zero-weight-criterion,8,2,4,3,0.200000400,0
#3 zero-weight-criterion,8,2,4,4,0.200000400,0
#3 zero-weight-criterion,8,2,4,5,0.033317483,1
#3 zero-weight-criterion,8,2,5,2,0.166584167,0
#3 zero-weight-criterion,8,2,5,3,0.166584167,0
#3 zero-weight-criterion,8,2,5,4,0.166584167,0
#3 zero-weight-criterion,8,2,5,5,0.166584167,1
#3 zero-weight-criterion,9,2,0,2,0.200000200,0
#3 zero-weight-criterion,9,2,0,3,0.200000200,0
#3 zero-weight-criterion,9,2,0,4,0.200000200,0
#3 zero-weight-criterion,9,2,0,5,0.033317033,1
#3 zero-weight-criterion,9,2,1,2,0.200000200,0
#3 zero-weight-criterion,9,2,1,3,0.200000200,0
#3 zero-weight-criterion,9,2,1,4,0.200000200,0
#3 zero-weight-criterion,9,2,1,5,0.033317033,1
#3 zero-weight-criterion,9,2,2,2,0.200000400,0
#3 zero-weight-criterion,9,2,2,3,0.200000400,0
#3 zero-weight-criterion,9,2,2,4,0.200000400,0
#3 zero-weight-criterion,9,2,2,5,0.033317483,1
#3 zero-weight-criterion,9,2,3,2,0.200000400,0
#3 zero-weight-criterion,9,2,3,3,0.200000400,0
#3 zero-weight-criterion,9,2,3,4,0.200000400,0
#3 zero-weight-criterion,9,2,3,5,0.033317483,1
#3 zero-weight-criterion,9,2,4,2,0.200000400,0
#3 zero-weight-criterion,9,2,4,3,0.200000400,0
#3 zero-weight-criterion,9,2,4,4,0.200000400,0
#3 zero-weight-criterion,9,2,4,5,0.033317483,1
#3 zero-weight-criterion,9,2,5,2,0.166583750,0
#3 zero-weight-criterion,9,2,5,3,0.166583750,0
#3 zero-weight-criterion,9,2,5,4,0.166583750,0
#3 zero-weight-criterion,9,2,5,5,0.166583750,1
#3 zero-weight-criterion,10,2,0,2,0.200000200,0
#3 zero-weight-criterion,10,2,0,3,0.200000200,0
#3 zero-weight-criterion,10,2,0,4,0.200000200,0
#3 zero-weight-criterion,10,2,0,5,0.033317033,1
#3 zero-weight-criterion,10,2,1,2,0.200000200,0
#3 zero-weight-criterion,10,2,1,3,0.200000200,0
#3 zero-weight-criterion,10,2,1,4,0.200000200,0
#3 zero-weight-criterion,10,2,1,5,0.033317033,1
#3 zero-weight-criterion,10,2,2,2,0.200000267,0
#3 zero-weight-criterion,10,2,2,3,0.200000267,0
#3 zero-weight-criterion,10,2,2,4,0.200000267,0
#3 zero-weight-criterion,10,2,2,5,0.033317211,1
#3 zero-weight-criterion,10,2,3,2,0.200000267,0
#3 zero-weight-criterion,10,2,3,3,0.200000267,0
#3 zero-weight-criterion,10,2,3,4,0.200000267,0
#3 zero-weight-criterion,10,2,3,5,0.033317211,1
#3 zero-weight-criterion,10,2,4,2,0.200000400,0
#3 zero-weight-criterion,10,2,4,3,0.200000400,0
#3 zero-weight-criterion,10,2,4,4,0.200000400,0
#3 zero-weight-criterion,10,2,4,5,0.033317483,1
#3 zero-weight-criterion,10,2,5,2,0.166583750,0
#3 zero-weight-criterion,10,2,5,3,0.166583750,0
#3 zero-weight-criterion,10,2,5,4,0.166583750,0
#3 zero-weight-criterion,10,2,5,5,0.166583750,1
#3 zero-weight-criterion,11,2,0,2,0.200000200,0
#3 zero-weight-criterion,11,2,0,3,0.200000200,0
#3 zero-weight-criterion,11,2,0,4,0.200000200,0
#3 zero-weight-criterion,11,2,0,5,0.033317033,1
#3 zero-weight-criterion,11,2,1,2,0.200000200,0
#3 zero-weight-criterion,11,2,1,3,0.200000200,0
#3 zero-weight-criterion,11,2,1,4,0.200000200,0
#3 zero-weight-criterion,11,2,1,5,0.033317033,1
#3 zero-weight-criterion,11,2,2,2,0.200000200,0
#3 zero-weight-criterion,11,2,2,3,0.200000200,0
#3 zero-weight-criterion,11,2,2,4,0.200000200,0
#3 zero-weight-criterion,11,2,2,5,0.033317075,1
#3 zero-weight-criterion,11,2,3,2,0.200000267,0
#3 zero-weight-criterion,11,2,3,3,0.200000267,0
#3 zero-weight-criterion,11,2,3,4,0.200000267,0
#3 zero-weight-criterion,11,2,3,5,0.033317211,1
#3 zero-weight-criterion,11,2,4,2,0.200000267,0
#3 zero-weight-criterion,11,2,4,3,0.200000267,0
#3 zero-weight-criterion,11,2,4,4,0.200000267,0
#3 zero-weight-criterion,11,2,4,5,0.033317211,1
#3 zero-weight-criterion,11,2,5,2,0.166583750,0
#3 zero-weight-criterion,11,2,5,3,0.166583750,0
#3 zero-weight-criterion,11,2,5,4,0.166583750,0
#3 zero-weight-criterion,11,2,5,5,0.166583750,1
#3 zero-weight-criterion,12,2,0,2,0.200000200,0
#3 zero-weight-criterion,12,2,0,3,0.200000200,0
#3 zero-weight-criterion,12,2,0,4,0.200000200,0
#3 zero-weight-criterion,12,2,0,5,0.033317033,1
#3 zero-weight-criterion,12,2,1,2,0.200000200,0
#3 zero-weight-criterion,12,2,1,3,0.200000200,0
#3 zero-weight-criterion,12,2,1,4,0.200000200,0
#3 zero-weight-criterion,12,2,1,5,0.033317033,1
#3 zero-weight-criterion,12,2,2,2,0.200000200,0
#3 zero-weight-criterion,12,2,2,3,0.200000200,0
#3 zero-weight-criterion,12,2,2,4,0.200000200,0
#3 zero-weight-criterion,12,2,2,5,0.033317033,1
#3 zero-weight-criterion,12,2,3,2,0.200000267,0
#3 zero-weight-criterion,12,2,3,3,0.200000267,0
#3 zero-weight-criterion,12,2,3,4,0.200000267,0
#3 zero-weight-criterion,12,2,3,5,0.033317211,1
#3 zero-weight-criterion,12,2,4,2,0.200000267,0
#3 zero-weight-criterion,12,2,4,3,0.200000267,0
#3 zero-weight-criterion,12,2,4,4,0.200000267,0
#3 zero-weight-criterion,12,2,4,5,0.033317211,1
#3 zero-weight-criterion,12,2,5,2,0.166583611,0
#3 zero-weight-criterion,12,2,5,3,0.166583611,0
#3 zero-weight-criterion,12,2,5,4,0.166583611,0
#3 zero-weight-criterion,12,2,5,5,0.166583611,1
#3 zero-weight-criterion,13,2,0,2,0.200000200,0
#3 zero-weight-criterion,13,2,0,3,0.200000200,0
#3 zero-weight-criterion,13,2,0,4,0.200000200,0
#3 zero-weight-criterion,13,2,0,5,0.033317033,1
#3 zero-weight-criterion,13,2,1,2,0.200000200,0
#3 zero-weight-criterion,13,2,1,3,0.200000200,0
#3 zero-weight-criterion,13,2,1,4,0.200000200,0
#3 zero-weight-criterion,13,2,1,5,0.033317033,1
#3 zero-weight-criterion,13,2,2,2,0.200000200,0
#3 zero-weight-criterion,13,2,2,3,0.200000200,0
#3 zero-weight-criterion,13,2,2,4,0.200000200,0
#3 zero-weight-criterion,13,2,2,5,0.033317033,1
#3 zero-weight-criterion,13,2,3,2,0.200000200,0
#3 zero-weight-criterion,13,2,3,3,0.200000200,0
#3 zero-weight-criterion,13,2,3,4,0.200000200,0
#3 zero-weight-criterion,13,2,3,5,0.033317075,1
#3 zero-weight-criterion,13,2,4,2,0.200000200,0
#3 zero-weight-criterion,13,2,4,3,0.200000200,0
#3 zero-weight-criterion,13,2,4,4,0.200000200,0
#3 zero-weight-criterion,13,2,4,5,0.033317075,1
#3 zero-weight-criterion,13,2,5,2,0.166583611,0
#3 zero-weight-criterion,13,2,5,3,0.166583611,0
#3 zero-weight-criterion,13,2,5,4,0.166583611,0
#3 zero-weight-criterion,13,2,5,5,0.166583611,1
#3 zero-weight-criterion,14,2,0,2,0.200000200,0
#3 zero-weight-criterion,14,2,0,3,0.200000200,0
#3 zero-weight-criterion,14,2,0,4,0.200000200,0
#3 zero-weight-criterion,14,2,0,5,0.033317033,1
#3 zero-weight-criterion,14,2,1,2,0.200000200,0
#3 zero-weight-criterion,14,2,1,3,0.200000200,0
#3 zero-weight-criterion,14,2,1,4,0.200000200,0
#3 zero-weight-criterion,14,2,1,5,0.033317033,1
#3 zero-weight-criterion,14,2,2,2,0.200000200,0
#3 zero-weight-criterion,14,2,2,3,0.200000200,0
#3 zero-weight-criterion,14,2,2,4,0.200000200,0
#3 zero-weight-criterion,14,2,2,5,0.033317033,1
#3 zero-weight-criterion,14,2,3,2,0.200000200,0
#3 zero-weight-criterion,14,2,3,3,0.200000200,0
#3 zero-weight-criterion,14,2,3,4,0.200000200,0
#3 zero-weight-criterion,14,2,3,5,0.033317033,1
#3 zero-weight-criterion,14,2,4,2,0.200000200,0
#3 zero-weight-criterion,14,2,4,3,0.200000200,0
#3 zero-weight-criterion,14,2,4,4,0.200000200,0
#3 zero-weight-criterion,14,2,4,5,0.033317075,1
#3 zero-weight-criterion,14,2,5,2,0.166583542,0
#3 zero-weight-criterion,14,2,5,3,0.166583542,0
#3 zero-weight-criterion,14,2,5,4,0.166583542,0
#3 zero-weight-criterion,14,2,5,5,0.166583542,1
#3 zero-weight-criterion,15,2,0,2,0.200000200,0
#3 zero-weight-criterion,15,2,0,3,0.200000200,0
#3 zero-weight-criterion,15,2,0,4,0.200000200,0
#3 zero-weight-criterion,15,2,0,5,0.033317033,1
#3 zero-weight-criterion,15,2,1,2,0.200000200,0
#3 zero-weight-criterion,15,2,1,3,0.200000200,0
#3 zero-weight-criterion,15,2,1,4,0.200000200,0
#3 zero-weight-criterion,15,2,1,5,0.033317033,1
#3 zero-weight-criterion,15,2,2,2,0.200000200,0
#3 zero-weight-criterion,15,2,2,3,0.200000200,0
#3 zero-weight-criterion,15,2,2,4,0.200000200,0
#3 zero-weight-criterion,15,2,2,5,0.033317033,1
#3 zero-weight-criterion,15,2,3,2,0.200000200,0
#3 zero-weight-criterion,15,2,3,3,0.200000200,0
#3 zero-weight-criterion,15,2,3,4,0.200000200,0
#3 zero-weight-criterion,15,2,3,5,0.033317033,1
#3 zero-weight-criterion,15,2,4,2,0.200000200,0
#3 zero-weight-criterion,15,2,4,3,0.200000200,0
#3 zero-weight-criterion,15,2,4,4,0.200000200,0
#3 zero-weight-criterion,15,2,4,5,0.033317033,1
#3 zero-weight-criterion,15,2,5,2,0.166583500,0
#3 zero-weight-criterion,15,2,5,3,0.166583500,0
#3 zero-weight-criterion,15,2,5,4,0.166583500,0
#3 zero-weight-criterion,15,2,5,5,0.166583500,1
#3 zero-weight-criterion,16,2,0,2,0.200000200,0
#3 zero-weight-criterion,16,2,0,3,0.200000200,1
#3 zero-weight-criterion,16,2,0,4,0.200000200,1
#3 zero-weight-criterion,16,2,0,5,0.033317033,1
#3 zero-weight-criterion,16,2,1,2,0.200000200,0
#3 zero-weight-criterion,16,2,1,3,0.200000200,0
#3 zero-weight-criterion,16,2,1,4,0.200000200,0
#3 zero-weight-criterion,16,2,1,5,0.033317033,1
#3 zero-weight-criterion,16,2,2,2,0.200000200,0
#3 zero-weight-criterion,16,2,2,3,0.200000200,0
#3 zero-weight-criterion,16,2,2,4,0.200000200,0
#3 zero-weight-criterion,16,2,2,5,0.033317033,1
#3 zero-weight-criterion,16,2,3,2,0.200000200,1
#3 zero-weight-criterion,16,2,3,3,0.200000200,1
#3 zero-weight-criterion,16,2,3,4,0.200000200,0
#3 zero-weight-criterion,16,2,3,5,0.033317033,1
#3 zero-weight-criterion,16,2,4,2,0.200000200,0
#3 zero-weight-criterion,16,2,4,3,0.200000200,0
#3 zero-weight-criterion,16,2,4,4,0.200000200,0
#3 zero-weight-criterion,16,2,4,5,0.033317033,1
#3 zero-weight-criterion,16,2,5,2,0.166583500,0
#3 zero-weight-criterion,16,2,5,3,0.166583500,0
#3 zero-weight-criterion,16,2,5,4,0.166583500,0
#3 zero-weight-criterion,16,2,5,5,0.166583500,1
#3 zero-weight-criterion,17,2,0,2,0.200000200,1
#3 zero-weight-criterion,17,2,0,3,0.200000200,1
#3 zero-weight-criterion,17,2,0,4,0.200000200,1
#3 zero-weight-criterion,17,2,0,5,0.033317033,1
#3 zero-weight-criterion,17,2,1,2,0.200000200,0
#3 zero-weight-criterion,17,2,1,3,0.200000200,0
#3 zero-weight-criterion,17,2,1,4,0.200000200,0
#3 zero-weight-criterion,17,2,1,5,0.033317033,1
#3 zero-weight-criterion,17,2,2,2,0.200000200,1
#3 zero-weight-criterion,17,2,2,3,0.200000200,1
#3 zero-weight-criterion,17,2,2,4,0.200000200,0
#3 zero-weight-criterion,17,2,2,5,0.033317033,1
#3 zero-weight-criterion,17,2,3,2,0.200000200,1
#3 zero-weight-criterion,17,2,3,3,0.200000200,1
#3 zero-weight-criterion,17,2,3,4,0.200000200,0
#3 zero-weight-criterion,17,2,3,5,0.033317033,1
#3 zero-weight-criterion,17,2,4,2,0.200000200,0
#3 zero-weight-criterion,17,2,4,3,0.200000200,0
#3 zero-weight-criterion,17,2,4,4,0.200000200,0
#3 zero-weight-criterion,17,2,4,5,0.033317033,1
#3 zero-weight-criterion,17,2,5,2,0.166583500,0
#3 zero-weight-criterion,17,2,5,3,0.166583500,0
#3 zero-weight-criterion,17,2,5,4,0.166583500,0
#3 zero-weight-criterion,17,2,5,5,0.166583500,1
#3 zero-weight-criterion,18,2,0,2,0.200000200,1
#3 zero-weight-criterion,18,2,0,3,0.200000200,1
#3 zero-weight-criterion,18,2,0,4,0.200000200,1
#3 zero-weight-criterion,18,2,0,5,0.033317033,1
#3 zero-weight-criterion,18,2,1,2,0.200000200,0
#3 zero-weight-criterion,18,2,1,3,0.200000200,0
#3 zero-weight-criterion,18,2,1,4,0.200000200,0
#3 zero-weight-criterion,18,2,1,5,0.033317033,1
#3 zero-weight-criterion,18,2,2,2,0.200000200,1
#3 zero-weight-criterion,18,2,2,3,0.200000200,1
#3 zero-weight-criterion,18,2,2,4,0.200000200,0
#3 zero-weight-criterion,18,2,2,5,0.033317033,1
#3 zero-weight-criterion,18,2,3,2,0.200000200,1
#3 zero-weight-criterion,18,2,3,3,0.200000200,1
#3 zero-weight-criterion,18,2,3,4,0.200000200,0
#3 zero-weight-criterion,18,2,3,5,0.033317033,1
#3 zero-weight-criterion,18,2,4,2,0.200000200,0
#3 zero-weight-criterion,18,2,4,3,0.200000200,0
#3 zero-weight-criterion,18,2,4,4,0.200000200,0
#3 zero-weight-criterion,18,2,4,5,0.033317033,1
#3 zero-weight-criterion,18,2,5,2,0.166583500,0
#3 zero-weight-criterion,18,2,5,3,0.166583500,0
#3 zero-weight-criterion,18,2,5,4,0.166583500,0
#3 zero-weight-criterion,18,2,5,5,0.166583500,1
#3 zero-weight-criterion,19,2,0,2,0.200000200,1
#3 zero-weight-criterion,19,2,0,3,0.200000200,1
#3 zero-weight-criterion,19,2,0,4,0.200000200,1
#3 zero-weight-criterion,19,2,0,5,0.033317033,1
#3 zero-weight-criterion,19,2,1,2,0.200000200,1
#3 zero-weight-criterion,19,2,1,3,0.200000200,0
#3 zero-weight-criterion,19,2,1,4,0.200000200,1
#3 zero-weight-criterion,19,2,1,5,0.033317033,1
#3 zero-weight-criterion,19,2,2,2,0.200000200,1
#3 zero-weight-criterion,19,2,2,3,0.200000200,1
#3 zero-weight-criterion,19,2,2,4,0.200000200,0
#3 zero-weight-criterion,19,2,2,5,0.033317033,1
#3 zero-weight-criterion,19,2,3,2,0.200000200,1
#3 zero-weight-criterion,19,2,3,3,0.200000200,1
#3 zero-weight-criterion,19,2,3,4,0.200000200,0
#3 zero-weight-criterion,19,2,3,5,0.033317033,1
#3 zero-weight-criterion,19,2,4,2,0.200000200,0
#3 zero-weight-criterion,19,2,4,3,0.200000200,0
#3 zero-weight-criterion,19,2,4,4,0.200000200,0
#3 zero-weight-criterion,19,2,4,5,0.033317033,1
#3 zero-weight-criterion,19,2,5,2,0.166583500,0
#3 zero-weight-criterion,19,2,5,3,0.166583500,0
#3 zero-weight-criterion,19,2,5,4,0.166583500,0
#3 zero-weight-criterion,19,2,5,5,0.166583500,1
#3 zero-weight-criterion,20,2,0,2,0.200000200,1
#3 zero-weight-criterion,20,2,0,3,0.200000200,1
#3 zero-weight-criterion,20,2,0,4,0.200000200,1
#3 zero-weight-criterion,20,2,0,5,0.033317033,1
#3 zero-weight-criterion,20,2,1,2,0.200000200,1
#3 zero-weight-criterion,20,2,1,3,0.200000200,1
#3 zero-weight-criterion,20,2,1,4,0.200000200,1
#3 zero-weight-criterion,20,2,1,5,0.033317033,1
#3 zero-weight-criterion,20,2,2,2,0.200000200,1
#3 zero-weight-criterion,20,2,2,3,0.200000200,1
#3 zero-weight-criterion,20,2,2,4,0.200000200,0
#3 zero-weight-criterion,20,2,2,5,0.033317033,1
#3 zero-weight-criterion,20,2,3,2,0.200000200,1
#3 zero-weight-criterion,20,2,3,3,0.200000200,1
#3 zero-weight-criterion,20,2,3,4,0.200000200,0
#3 zero-weight-criterion,20,2,3,5,0.033317033,1
#3 zero-weight-criterion,20,2,4,2,0.200000200,0
#3 zero-weight-criterion,20,2,4,3,0.200000200,0
#3 zero-weight-criterion,20,2,4,4,0.200000200,0
#3 zero-weight-criterion,20,2,4,5,0.033317033,1
#3 zero-weight-criterion,20,2,5,2,0.166583500,0
#3 zero-weight-criterion,20,2,5,3,0.166583500,0
#3 zero-weight-criterion,20,2,5,4,0.166583500,0
#3 zero-weight-criterion,20,2,5,5,0.166583500,1
#3 zero-weight-criterion,21,2,0,2,0.200000200,1
#3 zero-weight-criterion,21,2,0,3,0.200000200,1
#3 zero-weight-criterion,21,2,0,4,0.200000200,1
#3 zero-weight-criterion,21,2,0,5,0.033317033,1
#3 zero-weight-criterion,21,2,1,2,0.200000200,1
#3 zero-weight-criterion,21,2,1,3,0.200000200,1
#3 zero-weight-criterion,21,2,1,4,0.200000200,1
#3 zero-weight-criterion,21,2,1,5,0.033317033,1
#3 zero-weight-criterion,21,2,2,2,0.200000200,1
#3 zero-weight-criterion,21,2,2,3,0.200000200,1
#3 zero-weight-criterion,21,2,2,4,0.200000200,0
#3 zero-weight-criterion,21,2,2,5,0.033317033,1
#3 zero-weight-criterion,21,2,3,2,0.200000200,1
#3 zero-weight-criterion,21,2,3,3,0.200000200,1
#3 zero-weight-criterion,21,2,3,4,0.200000200,0
#3 zero-weight-criterion,21,2,3,5,0.033317033,1
#3 zero-weight-criterion,21,2,4,2,0.200000200,1
#3 zero-weight-criterion,21,2,4,3,0.200000200,1
#3 zero-weight-criterion,21,2,4,4,0.200000200,0
#3 zero-weight-criterion,21,2,4,5,0.033317033,1
#3 zero-weight-criterion,21,2,5,2,0.166583500,0
#3 zero-weight-criterion,21,2,5,3,0.166583500,0
#3 zero-weight-criterion,21,2,5,4,0.166583500,0
#3 zero-weight-criterion,21,2,5,5,0.166583500,1
#3 zero-weight-criterion,22,2,0,2,0.200000200,1
#3 zero-weight-criterion,22,2,0,3,0.200000200,1
#3 zero-weight-criterion,22,2,0,4,0.200000200,1
#3 zero-weight-criterion,22,2,0,5,0.033317033,1
#3 zero-weight-criterion,22,2,1,2,0.200000200,1
#3 zero-weight-criterion,22,2,1,3,0.200000200,1
#3 zero-weight-criterion,22,2,1,4,0.200000200,1
#3 zero-weight-criterion,22,2,1,5,0.033317033,1
#3 zero-weight-criterion,22,2,2,2,0.200000200,1
#3 zero-weight-criterion,22,2,2,3,0.200000200,1
#3 zero-weight-criterion,22,2,2,4,0.200000200,0
#3 zero-weight-criterion,22,2,2,5,0.033317033,1
#3 zero-weight-criterion,22,2,3,2,0.200000200,1
#3 zero-weight-criterion,22,2,3,3,0.200000200,1
#3 zero-weight-criterion,22,2,3,4,0.200000200,1
#3 zero-weight-criterion,22,2,3,5,0.033317033,1
#3 zero-weight-criterion,22,2,4,2,0.200000200,1
#3 zero-weight-criterion,22,2,4,3,0.200000200,1
#3 zero-weight-criterion,22,2,4,4,0.200000200,0
#3 zero-weight-criterion,22,2,4,5,0.033317033,1
#3 zero-weight-criterion,22,2,5,2,0.166583500,0
#3 zero-weight-criterion,22,2,5,3,0.166583500,0
#3 zero-weight-criterion,22,2,5,4,0.166583500,0
#3 zero-weight-criterion,22,2,5,5,0.166583500,1
#3 zero-weight-criterion,23,2,0,2,0.200000200,1
#3 zero-weight-criterion,23,2,0,3,0.200000200,1
#3 zero-weight-criterion,23,2,0,4,0.200000200,1
#3 zero-weight-criterion,23,2,0,5,0.033317033,1
#3 zero-weight-criterion,23,2,1,2,0.200000200,1
#3 zero-weight-criterion,23,2,1,3,0.200000200,1
#3 zero-weight-criterion,23,2,1,4,0.200000200,1
#3 zero-weight-criterion,23,2,1,5,0.033317033,1
#3 zero-weight-criterion,23,2,2,2,0.200000200,1
#3 zero-weight-criterion,23,2,2,3,0.200000200,1
#3 zero-weight-criterion,23,2,2,4,0.200000200,0
#3 zero-weight-criterion,23,2,2,5,0.033317033,1
#3 zero-weight-criterion,23,2,3,2,0.200000200,1
#3 zero-weight-criterion,23,2,3,3,0.200000200,1
#3 zero-weight-criterion,23,2,3,4,0.200000200,1
#3 zero-weight-criterion,23,2,3,5,0.033317033,1
#3 zero-weight-criterion,23,2,4,2,0.200000200,1
#3 zero-weight-criterion,23,2,4,3,0.200000200,1
#3 zero-weight-criterion,23,2,4,4,0.200000200,0
#3 zero-weight-criterion,23,2,4,5,0.033317033,1
#3 zero-weight-criterion,23,2,5,2,0.166583500,0
#3 zero-weight-criterion,23,2,5,3,0.166583500,0
#3 zero-weight-criterion,23,2,5,4,0.166583500,0
#3 zero-weight-criterion,23,2,5,5,0.166583500,1
#3 zero-weight-criterion,24,2,0,2,0.200000200,1
#3 zero-weight-criterion,24,2,0,3,0.200000200,1
#3 zero-weight-criterion,24,2,0,4,0.200000200,1
#3 zero-weight-criterion,24,2,0,5,0.033317033,1
#3 zero-weight-criterion,24,2,1,2,0.200000200,1
#3 zero-weight-criterion,24,2,1,3,0.200000200,1
#3 zero-weight-criterion,24,2,1,4,0.200000200,1
#3 zero-weight-criterion,24,2,1,5,0.033317033,1
#3 zero-weight-criterion,24,2,2,2,0.200000200,1
#3 zero-weight-criterion,24,2,2,3,0.200000200,1
#3 zero-weight-criterion,24,2,2,4,0.200000200,0
#3 zero-weight-criterion,24,2,2,5,0.033317033,1
#3 zero-weight-criterion,24,2,3,2,0.200000200,1
#3 zero-weight-criterion,24,2,3,3,0.200000200,1
#3 zero-weight-criterion,24,2,3,4,0.200000200,1
#3 zero-weight-criterion,24,2,3,5,0.033317033,1
#3 zero-weight-criterion,24,2,4,2,0.200000200,1
#3 zero-weight-criterion,24,2,4,3,0.200000200,1
#3 zero-weight-criterion,24,2,4,4,0.200000200,1
#3 zero-weight-criterion,24,2,4,5,0.033317033,1
#3 zero-weight-criterion,24,2,5,2,0.166583500,0
#3 zero-weight-criterion,24,2,5,3,0.166583500,0
#3 zero-weight-criterion,24,2,5,4,0.166583500,0
#3 zero-weight-criterion,24,2,5,5,0.166583500,1
#3 zero-weight-criterion,25,2,0,2,0.200000200,1
#3 zero-weight-criterion,25,2,0,3,0.200000200,1
#3 zero-weight-criterion,25,2,0,4,0.200000200,1
#3 zero-weight-criterion,25,2,0,5,0.033317033,1
#3 zero-weight-criterion,25,2,1,2,0.200000200,1
#3 zero-weight-criterion,25,2,1,3,0.200000200,1
#3 zero-weight-criterion,25,2,1,4,0.200000200,1
#3 zero-weight-criterion,25,2,1,5,0.033317033,1
#3 zero-weight-criterion,25,2,2,2,0.200000200,1
#3 zero-weight-criterion,25,2,2,3,0.200000200,1
#3 zero-weight-criterion,25,2,2,4,0.200000200,0
#3 zero-weight-criterion,25,2,2,5,0.033317033,1
#3 zero-weight-criterion,25,2,3,2,0.200000200,1
#3 zero-weight-criterion,25,2,3,3,0.200000200,1
#3 zero-weight-criterion,25,2,3,4,0.200000200,1
#3 zero-weight-criterion,25,2,3,5,0.033317033,1
#3 zero-weight-criterion,25,2,4,2,0.200000200,1
#3 zero-weight-criterion,25,2,4,3,0.200000200,1
#3 zero-weight-criterion,25,2,4,4,0.200000200,1
#3 zero-weight-criterion,25,2,4,5,0.033317033,1
#3 zero-weight-criterion,25,2,5,2,0.166583500,0
#3 zero-weight-criterion,25,2,5,3,0.166583500,0
#3 zero-weight-criterion,25,2,5,4,0.166583500,0
#3 zero-weight-criterion,25,2,5,5,0.166583500,1
#3 zero-weight-criterion,26,2,0,2,0.200000200,1
#3 zero-weight-criterion,26,2,0,3,0.200000200,1
#3 zero-weight-criterion,26,2,0,4,0.200000200,1
#3 zero-weight-criterion,26,2,0,5,0.033317033,1
#3 zero-weight-criterion,26,2,1,2,0.200000200,1
#3 zero-weight-criterion,26,2,1,3,0.200000200,1
#3 zero-weight-criterion,26,2,1,4,0.200000200,1
#3 zero-weight-criterion,26,2,1,5,0.033317033,1
#3 zero-weight-criterion,26,2,2,2,0.200000200,1
#3 zero-weight-criterion,26,2,2,3,0.200000200,1
#3 zero-weight-criterion,26,2,2,4,0.200000200,0
#3 zero-weight-criterion,26,2,2,5,0.033317033,1
#3 zero-weight-criterion,26,2,3,2,0.200000200,1
#3 zero-weight-criterion,26,2,3,3,0.200000200,1
#3 zero-weight-criterion,26,2,3,4,0.200000200,1
#3 zero-weight-criterion,26,2,3,5,0.033317033,1
#3 zero-weight-criterion,26,2,4,2,0.200000200,1
#3 zero-weight-criterion,26,2,4,3,0.200000200,1
#3 zero-weight-criterion,26,2,4,4,0.200000200,1
#3 zero-weight-criterion,26,2,4,5,0.033317033,1
#3 zero-weight-criterion,26,2,5,2,0.166583500,0
#3 zero-weight-criterion,26,2,5,3,0.166583500,0
#3 zero-weight-criterion,26,2,5,4,0.166583500,0
#3 zero-weight-criterion,26,2,5,5,0.166583500,1
#3 zero-weight-criterion,27,2,0,2,0.200000200,1
#3 zero-weight-criterion,27,2,0,3,0.200000200,1
#3 zero-weight-criterion,27,2,0,4,0.200000200,1
#3 zero-weight-criterion,27,2,0,5,0.033317033,1
#3 zero-weight-criterion,27,2,1,2,0.200000200,1
#3 zero-weight-criterion,27,2,1,3,0.200000200,1
#3 zero-weight-criterion,27,2,1,4,0.200000200,1
#3 zero-weight-criterion,27,2,1,5,0.033317033,1
#3 zero-weight-criterion,27,2,2,2,0.200000200,1
#3 zero-weight-criterion,27,2,2,3,0.200000200,1
#3 zero-weight-criterion,27,2,2,4,0.200000200,0
#3 zero-weight-criterion,27,2,2,5,0.033317033,1
#3 zero-weight-criterion,27,2,3,2,0.200000200,1
#3 zero-weight-criterion,27,2,3,3,0.200000200,1
#3 zero-weight-criterion,27,2,3,4,0.200000200,1
#3 zero-weight-criterion,27,2,3,5,0.033317033,1
#3 zero-weight-criterion,27,2,4,2,0.200000200,1
#3 zero-weight-criterion,27,2,4,3,0.200000200,1
#3 zero-weight-criterion,27,2,4,4,0.200000200,1
#3 zero-weight-criterion,27,2,4,5,0.033317033,1
#3 zero-weight-criterion,27,2,5,2,0.166583500,0
#3 zero-weight-criterion,27,2,5,3,0.166583500,0
#3 zero-weight-criterion,27,2,5,4,0.166583500,0
#3 zero-weight-criterion,27,2,5,5,0.166583500,1
#3 zero-weight-criterion,28,2,0,2,0.200000200,1
#3 zero-weight-criterion,28,2,0,3,0.200000200,1
#3 zero-weight-criterion,28,2,0,4,0.200000200,1
#3 zero-weight-criterion,28,2,0,5,0.033317033,1
#3 zero-weight-criterion,28,2,1,2,0.200000200,1
#3 zero-weight-criterion,28,2,1,3,0.200000200,1
#3 zero-weight-criterion,28,2,1,4,0.200000200,1
#3 zero-weight-criterion,28,2,1,5,0.033317033,1
#3 zero-weight-criterion,28,2,2,2,0.200000200,1
#3 zero-weight-criterion,28,2,2,3,0.200000200,1
#3 zero-weight-criterion,28,2,2,4,0.200000200,0
#3 zero-weight-criterion,28,2,2,5,0.033317033,1
#3 zero-weight-criterion,28,2,3,2,0.200000200,1
#3 zero-weight-criterion,28,2,3,3,0.200000200,1
#3 zero-weight-criterion,28,2,3,4,0.200000200,1
#3 zero-weight-criterion,28,2,3,5,0.033317033,1
#3 zero-weight-criterion,28,2,4,2,0.200000200,1
#3 zero-weight-criterion,28,2,4,3,0.200000200,1
#3 zero-weight-criterion,28,2,4,4,0.200000200,1
#3 zero-weight-criterion,28,2,4,5,0.033317033,1
#3 zero-weight-criterion,28,2,5,2,0.166583500,0
#3 zero-weight-criterion,28,2,5,3,0.166583500,0
#3 zero-weight-criterion,28,2,5,4,0.166583500,0
#3 zero-weight-criterion,28,2,5,5,0.166583500,1
#3 zero-weight-criterion,29,2,0,2,0.200000200,1
#3 zero-weight-criterion,29,2,0,3,0.200000200,1
#3 zero-weight-criterion,29,2,0,4,0.200000200,1
#3 zero-weight-criterion,29,2,0,5,0.033317033,1
#3 zero-weight-criterion,29,2,1,2,0.200000200,1
#3 zero-weight-criterion,29,2,1,3,0.200000200,1
#3 zero-weight-criterion,29,2,1,4,0.200000200,1
#3 zero-weight-criterion,29,2,1,5,0.033317033,1
#3 zero-weight-criterion,29,2,2,2,0.200000200,1
#3 zero-weight-criterion,29,2,2,3,0.200000200,1
#3 zero-weight-criterion,29,2,2,4,0.200000200,0
#3 zero-weight-criterion,29,2,2,5,0.033317033,1
#3 zero-weight-criterion,29,2,3,2,0.200000200,1
#3 zero-weight-criterion,29,2,3,3,0.200000200,1
#3 zero-weight-criterion,29,2,3,4,0.200000200,1
#3 zero-weight-criterion,29,2,3,5,0.033317033,1
#3 zero-weight-criterion,29,2,4,2,0.200000200,1
#3 zero-weight-criterion,29,2,4,3,0.200000200,1
#3 zero-weight-criterion,29,2,4,4,0.200000200,1
#3 zero-weight-criterion,29,2,4,5,0.033317033,1
#3 zero-weight-criterion,29,2,5,2,0.166583500,0
#3 zero-weight-criterion,29,2,5,3,0.166583500,0
#3 zero-weight-criterion,29,2,5,4,0.166583500,0
#3 zero-weight-criterion,29,2,5,5,0.166583500,1
#3 zero-weight-criterion,30,2,0,2,0.200000200,1
#3 zero-weight-criterion,30,2,0,3,0.200000200,1
#3 zero-weight-criterion,30,2,0,4,0.200000200,1
#3 zero-weight-criterion,30,2,0,5,0.033317033,1
#3 zero-weight-criterion,30,2,1,2,0.200000200,1
#3 zero-weight-criterion,30,2,1,3,0.200000200,1
#3 zero-weight-criterion,30,2,1,4,0.200000200,1
#3 zero-weight-criterion,30,2,1,5,0.033317033,1
#3 zero-weight-criterion,30,2,2,2,0.200000200,1
#3 zero-weight-criterion,30,2,2,3,0.200000200,1
#3 zero-weight-criterion,30,2,2,4,0.200000200,0
#3 zero-weight-criterion,30,2,2,5,0.033317033,1
#3 zero-weight-criterion,30,2,3,2,0.200000200,1
#3 zero-weight-criterion,30,2,3,3,0.200000200,1
#3 zero-weight-criterion,30,2,3,4,0.200000200,1
#3 zero-weight-criterion,30,2,3,5,0.033317033,1
#3 zero-weight-criterion,30,2,4,2,0.200000200,1
#3 zero-weight-criterion,30,2,4,3,0.200000200,1
#3 zero-weight-criterion,30,2,4,4,0.200000200,1
#3 zero-weight-criterion,30,2,4,5,0.033317033,1
#3 zero-weight-criterion,30,2,5,2,0.166583500,0
#3 zero-weight-criterion,30,2,5,3,0.166583500,0
#3 zero-weight-criterion,30,2,5,4,0.166583500,0
#3 zero-weight-criterion,30,2,5,5,0.166583500,1
#3 zero-weight-criterion,31,2,0,2,0.200000200,1
#3 zero-weight-criterion,31,2,0,3,0.200000200,1
#3 zero-weight-criterion,31,2,0,4,0.200000200,1
#3 zero-weight-criterion,31,2,0,5,0.033317033,1
#3 zero-weight-criterion,31,2,1,2,0.200000200,1
#3 zero-weight-criterion,31,2,1,3,0.200000200,1
#3 zero-weight-criterion,31,2,1,4,0.200000200,1
#3 zero-weight-criterion,31,2,1,5,0.033317033,1
#3 zero-weight-criterion,31,2,2,2,0.200000200,1
#3 zero-weight-criterion,31,2,2,3,0.200000200,1
#3 zero-weight-criterion,31,2,2,4,0.200000200,1
#3 zero-weight-criterion,31,2,2,5,0.033317033,1
#3 zero-weight-criterion,31,2,3,2,0.200000200,1
#3 zero-weight-criterion,31,2,3,3,0.200000200,1
#3 zero-weight-criterion,31,2,3,4,0.200000200,1
#3 zero-weight-criterion,31,2,3,5,0.033317033,1
#3 zero-weight-criterion,31,2,4,2,0.200000200,1
#3 zero-weight-criterion,31,2,4,3,0.200000200,1
#3 zero-weight-criterion,31,2,4,4,0.200000200,1
#3 zero-weight-criterion,31,2,4,5,0.033317033,1
#3 zero-weight-criterion,31,2,5,2,0.166583500,0
#3 zero-weight-criterion,31,2,5,3,0.166583500,0
#3 zero-weight-criterion,31,2,5,4,0.166583500,0
#3 zero-weight-criterion,31,2,5,5,0.166583500,1
#3 zero-weight-criterion,32,2,0,2,0.200000200,1
#3 zero-weight-criterion,32,2,0,3,0.200000200,1
#3 zero-weight-criterion,32,2,0,4,0.200000200,1
#3 zero-weight-criterion,32,2,0,5,0.033317033,1
#3 zero-weight-criterion,32,2,1,2,0.200000200,1
#3 zero-weight-criterion,32,2,1,3,0.200000200,1
#3 zero-weight-criterion,32,2,1,4,0.200000200,1
#3 zero-weight-criterion,32,2,1,5,0.033317033,1
#3 zero-weight-criterion,32,2,2,2,0.200000200,1
#3 zero-weight-criterion,32,2,2,3,0.200000200,1
#3 zero-weight-criterion,32,2,2,4,0.200000200,1
#3 zero-weight-criterion,32,2,2,5,0.033317033,1
#3 zero-weight-criterion,32,2,3,2,0.200000200,1
#3 zero-weight-criterion,32,2,3,3,0.200000200,1
#3 zero-weight-criterion,32,2,3,4,0.200000200,1
#3 zero-weight-criterion,32,2,3,5,0.033317033,1
#3 zero-weight-criterion,32,2,4,2,0.200000200,1
#3 zero-weight-criterion,32,2,4,3,0.200000200,1
#3 zero-weight-criterion,32,2,4,4,0.200000200,1
#3 zero-weight-criterion,32,2,4,5,0.033317033,1
#3 zero-weight-criterion,32,2,5,2,0.166583500,0
#3 zero-weight-criterion,32,2,5,3,0.166583500,0
#3 zero-weight-criterion,32,2,5,4,0.166583500,0
#3 zero-weight-criterion,32,2,5,5,0.166583500,1
#3 zero-weight-criterion,33,2,0,2,0.199802000,1
#3 zero-weight-criterion,33,2,0,3,0.199802000,1
#3 zero-weight-criterion,33,2,0,4,0.199802200,1
#3 zero-weight-criterion,33,2,0,5,0.033317033,1
#3 zero-weight-criterion,33,2,1,2,0.199802000,1
#3 zero-weight-criterion,33,2,1,3,0.199802000,1
#3 zero-weight-criterion,33,2,1,4,0.199802200,1
#3 zero-weight-criterion,33,2,1,5,0.033317033,1
#3 zero-weight-criterion,33,2,2,2,0.199802000,1
#3 zero-weight-criterion,33,2,2,3,0.199802000,1
#3 zero-weight-criterion,33,2,2,4,0.199802200,1
#3 zero-weight-criterion,33,2,2,5,0.033317033,1
#3 zero-weight-criterion,33,2,3,2,0.199802000,1
#3 zero-weight-criterion,33,2,3,3,0.199802000,1
#3 zero-weight-criterion,33,2,3,4,0.199802200,1
#3 zero-weight-criterion,33,2,3,5,0.033317033,1
#3 zero-weight-criterion,33,2,4,2,0.199802000,1
#3 zero-weight-criterion,33,2,4,3,0.199802000,1
#3 zero-weight-criterion,33,2,4,4,0.199802200,1
#3 zero-weight-criterion,33,2,4,5,0.033317033,1
#3 zero-weight-criterion,33,2,5,2,0.166583500,0
#3 zero-weight-criterion,33,2,5,3,0.166583500,0
#3 zero-weight-criterion,33,2,5,4,0.166583500,1
#3 zero-weight-criterion,33,2,5,5,0.166583500,1
#3 zero-weight-criterion,34,2,0,2,0.199802000,1
#3 zero-weight-criterion,34,2,0,3,0.199802000,1
#3 zero-weight-criterion,34,2,0,4,0.199802200,1
#3 zero-weight-criterion,34,2,0,5,0.033317033,1
#3 zero-weight-criterion,34,2,1,2,0.199802000,1
#3 zero-weight-criterion,34,2,1,3,0.199802000,1
#3 zero-weight-criterion,34,2,1,4,0.199802200,1
#3 zero-weight-criterion,34,2,1,5,0.033317033,1
#3 zero-weight-criterion,34,2,2,2,0.199702000,1
#3 zero-weight-criterion,34,2,2,3,0.199702000,1
#3 zero-weight-criterion,34,2,2,4,0.199703000,1
#3 zero-weight-criterion,34,2,2,5,0.033317033,1
#3 zero-weight-criterion,34,2,3,2,0.199802000,1
#3 zero-weight-criterion,34,2,3,3,0.199802000,1
#3 zero-weight-criterion,34,2,3,4,0.199802200,1
#3 zero-weight-criterion,34,2,3,5,0.033317033,1
#3 zero-weight-criterion,34,2,4,2,0.199802000,1
#3 zero-weight-criterion,34,2,4,3,0.199802000,1
#3 zero-weight-criterion,34,2,4,4,0.199802200,1
#3 zero-weight-criterion,34,2,4,5,0.033317033,1
#3 zero-weight-criterion,34,2,5,2,0.166583500,1
#3 zero-weight-criterion,34,2,5,3,0.166583500,1
#3 zero-weight-criterion,34,2,5,4,0.166583500,1
#3 zero-weight-criterion,34,2,5,5,0.166583500,1
#3 zero-weight-criterion,35,3,0,2,0.199802000,0
#3 zero-weight-criterion,35,3,0,3,0.199802000,0
#3 zero-weight-criterion,35,3,0,4,0.199802160,1
#3 zero-weight-criterion,35,3,0,5,0.033317033,0
#3 zero-weight-criterion,35,3,1,2,0.199802000,0
#3 zero-weight-criterion,35,3,1,3,0.199802000,0
#3 zero-weight-criterion,35,3,1,4,0.199802200,0
#3 zero-weight-criterion,35,3,1,5,0.033317033,0
#3 zero-weight-criterion,35,3,2,2,0.199702000,0
#3 zero-weight-criterion,35,3,2,3,0.199702000,1
#3 zero-weight-criterion,35,3,2,4,0.199703000,1
#3 zero-weight-criterion,35,3,2,5,0.033317033,0
#3 zero-weight-criterion,35,3,3,2,0.199802000,0
#3 zero-weight-criterion,35,3,3,3,0.199802000,0
#3 zero-weight-criterion,35,3,3,4,0.199802200,0
#3 zero-weight-criterion,35,3,3,5,0.033317033,0
#3 zero-weight-criterion,35,3,4,2,0.199802000,0
#3 zero-weight-criterion,35,3,4,3,0.199802000,1
#3 zero-weight-criterion,35,3,4,4,0.199802160,0
#3 zero-weight-criterion,35,3,4,5,0.033317033,0
#3 zero-weight-criterion,35,3,5,2,0.166583500,0
#3 zero-weight-criterion,35,3,5,3,0.166583500,0
#3 zero-weight-criterion,35,3,5,4,0.166583500,0
#3 zero-weight-criterion,35,3,5,5,0.166583500,0
#3 zero-weight-criterion,36,3,0,2,0.199802000,1
#3 zero-weight-criterion,36,3,0,3,0.199802000,1
#3 zero-weight-criterion,36,3,0,4,0.199802160,1
#3 zero-weight-criterion,36,3,0,5,0.033317033,0
#3 zero-weight-criterion,36,3,1,2,0.199802000,1
#3 zero-weight-criterion,36,3,1,3,0.199802000,0
#3 zero-weight-criterion,36,3,1,4,0.199802200,1
#3 zero-weight-criterion,36,3,1,5,0.033317033,0
#3 zero-weight-criterion,36,3,2,2,0.199702000,0
#3 zero-weight-criterion,36,3,2,3,0.199702000,1
#3 zero-weight-criterion,36,3,2,4,0.199703000,1
#3 zero-weight-criterion,36,3,2,5,0.033317033,0
#3 zero-weight-criterion,36,3,3,2,0.199802000,0
#3 zero-weight-criterion,36,3,3,3,0.199802000,0
#3 zero-weight-criterion,36,3,3,4,0.199802200,0
#3 zero-weight-criterion,36,3,3,5,0.033317033,0
#3 zero-weight-criterion,36,3,4,2,0.199802000,0
#3 zero-weight-criterion,36,3,4,3,0.199802000,1
#3 zero-weight-criterion,36,3,4,4,0.199802160,1
#3 zero-weight-criterion,36,3,4,5,0.033317033,0
#3 zero-weight-criterion,36,3,5,2,0.166583500,0
#3 zero-weight-criterion,36,3,5,3,0.166583500,0
#3 zero-weight-criterion,36,3,5,4,0.166583500,0
#3 zero-weight-criterion,36,3,5,5,0.166583500,0
#3 zero-weight-criterion,37,3,0,2,0.199702000,1
#3 zero-weight-criterion,37,3,0,3,0.199702000,1
#3 zero-weight-criterion,37,3,0,4,0.199703000,1
#3 zero-weight-criterion,37,3,0,5,0.033317033,0
#3 zero-weight-criterion,37,3,1,2,0.199702000,1
#3 zero-weight-criterion,37,3,1,3,0.199702000,0
#3 zero-weight-criterion,37,3,1,4,0.199703000,1
#3 zero-weight-criterion,37,3,1,5,0.033317033,0
#3 zero-weight-criterion,37,3,2,2,0.199702000,0
#3 zero-weight-criterion,37,3,2,3,0.199702000,1
#3 zero-weight-criterion,37,3,2,4,0.199703000,1
#3 zero-weight-criterion,37,3,2,5,0.033317033,0
#3 zero-weight-criterion,37,3,3,2,0.199702000,0
#3 zero-weight-criterion,37,3,3,3,0.199702000,0
#3 zero-weight-criterion,37,3,3,4,0.199703000,0
#3 zero-weight-criterion,37,3,3,5,0.033317033,0
#3 zero-weight-criterion,37,3,4,2,0.199702000,0
#3 zero-weight-criterion,37,3,4,3,0.199702000,1
#3 zero-weight-criterion,37,3,4,4,0.199703000,1
#3 zero-weight-criterion,37,3,4,5,0.033317033,0
#3 zero-weight-criterion,37,3,5,2,0.166583500,0
#3 zero-weight-criterion,37,3,5,3,0.166583500,0
#3 zero-weight-criterion,37,3,5,4,0.166583500,0
#3 zero-weight-criterion,37,3,5,5,0.166583500,0
#3 zero-weight-criterion,38,3,0,2,0.199702000,1
#3 zero-weight-criterion,38,3,0,3,0.199702000,1
#3 zero-weight-criterion,38,3,0,4,0.199703000,1
#3 zero-weight-criterion,38,3,0,5,0.033317033,0
#3 zero-weight-criterion,38,3,1,2,0.199702000,1
#3 zero-weight-criterion,38,3,1,3,0.199702000,0
#3 zero-weight-criterion,38,3,1,4,0.199703000,1
#3 zero-weight-criterion,38,3,1,5,0.033316966,0
#3 zero-weight-criterion,38,3,2,2,0.199702000,1
#3 zero-weight-criterion,38,3,2,3,0.199702000,1
#3 zero-weight-criterion,38,3,2,4,0.199703000,1
#3 zero-weight-criterion,38,3,2,5,0.033317033,0
#3 zero-weight-criterion,38,3,3,2,0.199702000,1
#3 zero-weight-criterion,38,3,3,3,0.199702000,0
#3 zero-weight-criterion,38,3,3,4,0.199703000,0
#3 zero-weight-criterion,38,3,3,5,0.033316966,0
#3 zero-weight-criterion,38,3,4,2,0.199702000,0
#3 zero-weight-criterion,38,3,4,3,0.199702000,1
#3 zero-weight-criterion,38,3,4,4,0.199703000,1
#3 zero-weight-criterion,38,3,4,5,0.033317033,0
#3 zero-weight-criterion,38,3,5,2,0.166583500,0
#3 zero-weight-criterion,38,3,5,3,0.166583500,0
#3 zero-weight-criterion,38,3,5,4,0.166583500,0
#3 zero-weight-criterion,38,3,5,5,0.166583500,0
#3 zero-weight-criterion,39,3,0,2,0.199603000,1
#3 zero-weight-criterion,39,3,0,3,0.199602000,1
#3 zero-weight-criterion,39,3,0,4,0.199603000,1
#3 zero-weight-criterion,39,3,0,5,0.033317033,0
#3 zero-weight-criterion,39,3,1,2,0.199603000,1
#3 zero-weight-criterion,39,3,1,3,0.199602000,0
#3 zero-weight-criterion,39,3,1,4,0.199603000,1
#3 zero-weight-criterion,39,3,1,5,0.033316966,0
#3 zero-weight-criterion,39,3,2,2,0.199603000,1
#3 zero-weight-criterion,39,3,2,3,0.199602000,1
#3 zero-weight-criterion,39,3,2,4,0.199603000,1
#3 zero-weight-criterion,39,3,2,5,0.033317033,0
#3 zero-weight-criterion,39,3,3,2,0.199603000,1
#3 zero-weight-criterion,39,3,3,3,0.199602000,0
#3 zero-weight-criterion,39,3,3,4,0.199603000,1
#3 zero-weight-criterion,39,3,3,5,0.033316966,0
#3 zero-weight-criterion,39,3,4,2,0.199603000,0
#3 zero-weight-criterion,39,3,4,3,0.199602000,1
#3 zero-weight-criterion,39,3,4,4,0.199603000,1
#3 zero-weight-criterion,39,3,4,5,0.033317033,0
#3 zero-weight-criterion,39,3,5,2,0.166335000,1
#3 zero-weight-criterion,39,3,5,3,0.166335000,0
#3 zero-weight-criterion,39,3,5,4,0.166583500,0
#3 zero-weight-criterion,39,3,5,5,0.166583500,0
#3 zero-weight-criterion,40,3,0,2,0.099801500,1
#3 zero-weight-criterion,40,3,0,3,0.016659333,1
#3 zero-weight-criterion,40,3,0,4,0.116459833,1
#3 zero-weight-criterion,40,3,0,5,0.033317033,0
#3 zero-weight-criterion,40,3,1,2,0.099801667,1
#3 zero-weight-criterion,40,3,1,3,0.016659333,0
#3 zero-weight-criterion,40,3,1,4,0.116459833,1
#3 zero-weight-criterion,40,3,1,5,0.033316966,0
#3 zero-weight-criterion,40,3,2,2,0.099802000,1
#3 zero-weight-criterion,40,3,2,3,0.016660333,1
#3 zero-weight-criterion,40,3,2,4,0.116459833,1
#3 zero-weight-criterion,40,3,2,5,0.033317033,0
#3 zero-weight-criterion,40,3,3,2,0.099801500,1
#3 zero-weight-criterion,40,3,3,3,0.016659333,0
#3 zero-weight-criterion,40,3,3,4,0.116460000,1
#3 zero-weight-criterion,40,3,3,5,0.033316966,0
#3 zero-weight-criterion,40,3,4,2,0.099801500,0
#3 zero-weight-criterion,40,3,4,3,0.016659333,1
#3 zero-weight-criterion,40,3,4,4,0.116460000,1
#3 zero-weight-criterion,40,3,4,5,0.033317033,1
#3 zero-weight-criterion,40,3,5,2,0.090728182,1
#3 zero-weight-criterion,40,3,5,3,0.166335000,0
#3 zero-weight-criterion,40,3,5,4,0.166583500,0
#3 zero-weight-criterion,40,3,5,5,0.166583500,0
#3 zero-weight-criterion,41,3,0,2,0.099801500,1
#3 zero-weight-criterion,41,3,0,3,0.016659333,1
#3 zero-weight-criterion,41,3,0,4,0.116459833,1
#3 zero-weight-criterion,41,3,0,5,0.033317033,0
#3 zero-weight-criterion,41,3,1,2,0.099801600,1
#3 zero-weight-criterion,41,3,1,3,0.016659333,0
#3 zero-weight-criterion,41,3,1,4,0.116459833,1
#3 zero-weight-criterion,41,3,1,5,0.033316966,0
#3 zero-weight-criterion,41,3,2,2,0.099801667,1
#3 zero-weight-criterion,41,3,2,3,0.016659333,1
#3 zero-weight-criterion,41,3,2,4,0.116459833,1
#3 zero-weight-criterion,41,3,2,5,0.033316966,1
#3 zero-weight-criterion,41,3,3,2,0.099801500,1
#3 zero-weight-criterion,41,3,3,3,0.016659333,1
#3 zero-weight-criterion,41,3,3,4,0.116460000,1
#3 zero-weight-criterion,41,3,3,5,0.033316966,0
#3 zero-weight-criterion,41,3,4,2,0.099801500,0
#3 zero-weight-criterion,41,3,4,3,0.016659333,1
#3 zero-weight-criterion,41,3,4,4,0.116459933,1
#3 zero-weight-criterion,41,3,4,5,0.033316966,1
#3 zero-weight-criterion,41,3,5,2,0.090728182,1
#3 zero-weight-criterion,41,3,5,3,0.166335000,0
#3 zero-weight-criterion,41,3,5,4,0.166583500,0
#3 zero-weight-criterion,41,3,5,5,0.166583500,0
#3 zero-weight-criterion,42,3,0,2,0.099801500,1
#3 zero-weight-criterion,42,3,0,3,0.016659000,1
#3 zero-weight-criterion,42,3,0,4,0.116459833,1
#3 zero-weight-criterion,42,3,0,5,0.033316919,1
#3 zero-weight-criterion,42,3,1,2,0.099801500,1
#3 zero-weight-criterion,42,3,1,3,0.016658833,0
#3 zero-weight-criterion,42,3,1,4,0.116459833,1
#3 zero-weight-criterion,42,3,1,5,0.033316966,0
#3 zero-weight-criterion,42,3,2,2,0.099801500,1
#3 zero-weight-criterion,42,3,2,3,0.016659000,1
#3 zero-weight-criterion,42,3,2,4,0.116459833,1
#3 zero-weight-criterion,42,3,2,5,0.033316966,1
#3 zero-weight-criterion,42,3,3,2,0.099801500,1
#3 zero-weight-criterion,42,3,3,3,0.016659000,1
#3 zero-weight-criterion,42,3,3,4,0.116459905,1
#3 zero-weight-criterion,42,3,3,5,0.033316966,0
#3 zero-weight-criterion,42,3,4,2,0.099801500,0
#3 zero-weight-criterion,42,3,4,3,0.016659000,1
#3 zero-weight-criterion,42,3,4,4,0.116459905,1
#3 zero-weight-criterion,42,3,4,5,0.033316966,1
#3 zero-weight-criterion,42,3,5,2,0.090728182,1
#3 zero-weight-criterion,42,3,5,3,0.166335000,0
#3 zero-weight-criterion,42,3,5,4,0.166583500,0
#3 zero-weight-criterion,42,3,5,5,0.166583500,0
#3 zero-weight-criterion,43,3,0,2,0.099801500,1
#3 zero-weight-criterion,43,3,0,3,0.016659000,1
#3 zero-weight-criterion,43,3,0,4,0.116459833,1
#3 zero-weight-criterion,43,3,0,5,0.033316919,1
#3 zero-weight-criterion,43,3,1,2,0.099801500,1
#3 zero-weight-criterion,43,3,1,3,0.016658833,0
#3 zero-weight-criterion,43,3,1,4,0.116459833,1
#3 zero-weight-criterion,43,3,1,5,0.033316966,0
#3 zero-weight-criterion,43,3,2,2,0.099801500,1
#3 zero-weight-criterion,43,3,2,3,0.016658833,1
#3 zero-weight-criterion,43,3,2,4,0.116459833,1
#3 zero-weight-criterion,43,3,2,5,0.033316919,1
#3 zero-weight-criterion,43,3,3,2,0.099801500,1
#3 zero-weight-criterion,43,3,3,3,0.016659000,1
#3 zero-weight-criterion,43,3,3,4,0.116459905,1
#3 zero-weight-criterion,43,3,3,5,0.033316966,0
#3 zero-weight-criterion,43,3,4,2,0.099801500,1
#3 zero-weight-criterion,43,3,4,3,0.016658833,1
#3 zero-weight-criterion,43,3,4,4,0.116459905,1
#3 zero-weight-criterion,43,3,4,5,0.033316966,1
#3 zero-weight-criterion,43,3,5,2,0.090728182,1
#3 zero-weight-criterion,43,3,5,3,0.166335000,0
#3 zero-weight-criterion,43,3,5,4,0.166583500,0
#3 zero-weight-criterion,43,3,5,5,0.166583500,0
#3 zero-weight-criterion,44,3,0,2,0.099801500,1
#3 zero-weight-criterion,44,3,0,3,0.016659000,1
#3 zero-weight-criterion,44,3,0,4,0.116459833,1
#3 zero-weight-criterion,44,3,0,5,0.033316919,1
#3 zero-weight-criterion,44,3,1,2,0.099801500,1
#3 zero-weight-criterion,44,3,1,3,0.016658833,0
#3 zero-weight-criterion,44,3,1,4,0.116459833,1
#3 zero-weight-criterion,44,3,1,5,0.033316966,0
#3 zero-weight-criterion,44,3,2,2,0.099801500,1
#3 zero-weight-criterion,44,3,2,3,0.016658833,1
#3 zero-weight-criterion,44,3,2,4,0.116459833,1
#3 zero-weight-criterion,44,3,2,5,0.033316919,1
#3 zero-weight-criterion,44,3,3,2,0.099801500,1
#3 zero-weight-criterion,44,3,3,3,0.016659000,1
#3 zero-weight-criterion,44,3,3,4,0.116459833,1
#3 zero-weight-criterion,44,3,3,5,0.033316919,1
#3 zero-weight-criterion,44,3,4,2,0.099801500,1
#3 zero-weight-criterion,44,3,4,3,0.016658833,1
#3 zero-weight-criterion,44,3,4,4,0.116459833,1
#3 zero-weight-criterion,44,3,4,5,0.033316966,1
#3 zero-weight-criterion,44,3,5,2,0.090728182,1
#3 zero-weight-criterion,44,3,5,3,0.166335000,0
#3 zero-weight-criterion,44,3,5,4,0.166583500,0
#3 zero-weight-criterion,44,3,5,5,0.166583500,0
#3 zero-weight-criterion,45,3,0,2,0.099801500,1
#3 zero-weight-criterion,45,3,0,3,0.016659000,1
#3 zero-weight-criterion,45,3,0,4,0.116459833,1
#3 zero-weight-criterion,45,3,0,5,0.033316919,1
#3 zero-weight-criterion,45,3,1,2,0.099801500,1
#3 zero-weight-criterion,45,3,1,3,0.016658833,0
#3 zero-weight-criterion,45,3,1,4,0.116459833,1
#3 zero-weight-criterion,45,3,1,5,0.033316966,0
#3 zero-weight-criterion,45,3,2,2,0.099801500,1
#3 zero-weight-criterion,45,3,2,3,0.016658833,1
#3 zero-weight-criterion,45,3,2,4,0.116459833,1
#3 zero-weight-criterion,45,3,2,5,0.033316919,1
#3 zero-weight-criterion,45,3,3,2,0.099801500,1
#3 zero-weight-criterion,45,3,3,3,0.016658917,1
#3 zero-weight-criterion,45,3,3,4,0.116459833,1
#3 zero-weight-criterion,45,3,3,5,0.033316919,1
#3 zero-weight-criterion,45,3,4,2,0.099801500,1
#3 zero-weight-criterion,45,3,4,3,0.016658833,1
#3 zero-weight-criterion,45,3,4,4,0.116459833,1
#3 zero-weight-criterion,45,3,4,5,0.033316966,1
#3 zero-weight-criterion,45,3,5,2,0.090728182,1
#3 zero-weight-criterion,45,3,5,3,0.090728182,1
#3 zero-weight-criterion,45,3,5,4,0.166583500,0
#3 zero-weight-criterion,45,3,5,5,0.166583500,0
#3 zero-weight-criterion,46,3,0,2,0.099801500,1
#3 zero-weight-criterion,46,3,0,3,0.016659000,1
#3 zero-weight-criterion,46,3,0,4,0.116459833,1
#3 zero-weight-criterion,46,3,0,5,0.033316919,1
#3 zero-weight-criterion,46,3,1,2,0.099801500,1
#3 zero-weight-criterion,46,3,1,3,0.016658783,0
#3 zero-weight-criterion,46,3,1,4,0.116459833,1
#3 zero-weight-criterion,46,3,1,5,0.033316919,1
#3 zero-weight-criterion,46,3,2,2,0.099801500,1
#3 zero-weight-criterion,46,3,2,3,0.016658808,1
#3 zero-weight-criterion,46,3,2,4,0.116459833,1
#3 zero-weight-criterion,46,3,2,5,0.033316919,1
#3 zero-weight-criterion,46,3,3,2,0.099801500,1
#3 zero-weight-criterion,46,3,3,3,0.016658917,1
#3 zero-weight-criterion,46,3,3,4,0.116459833,1
#3 zero-weight-criterion,46,3,3,5,0.033316919,1
#3 zero-weight-criterion,46,3,4,2,0.099801500,1
#3 zero-weight-criterion,46,3,4,3,0.016658808,1
#3 zero-weight-criterion,46,3,4,4,0.116459833,1
#3 zero-weight-criterion,46,3,4,5,0.033316939,1
#3 zero-weight-criterion,46,3,5,2,0.090728182,1
#3 zero-weight-criterion,46,3,5,3,0.090728182,1
#3 zero-weight-criterion,46,3,5,4,0.166583500,1
#3 zero-weight-criterion,46,3,5,5,0.166583500,1
#3 zero-weight-criterion,47,3,0,2,0.099801500,1
#3 zero-weight-criterion,47,3,0,3,0.016659000,1
#3 zero-weight-criterion,47,3,0,4,0.116459833,1
#3 zero-weight-criterion,47,3,0,5,0.033316919,1
#3 zero-weight-criterion,47,3,1,2,0.099801500,1
#3 zero-weight-criterion,47,3,1,3,0.016658783,0
#3 zero-weight-criterion,47,3,1,4,0.116459833,1
#3 zero-weight-criterion,47,3,1,5,0.033316919,1
#3 zero-weight-criterion,47,3,2,2,0.099801500,1
#3 zero-weight-criterion,47,3,2,3,0.016658758,1
#3 zero-weight-criterion,47,3,2,4,0.116459833,1
#3 zero-weight-criterion,47,3,2,5,0.033316919,1
#3 zero-weight-criterion,47,3,3,2,0.099801500,1
#3 zero-weight-criterion,47,3,3,3,0.016658808,1
#3 zero-weight-criterion,47,3,3,4,0.116459833,1
#3 zero-weight-criterion,47,3,3,5,0.033316885,1
#3 zero-weight-criterion,47,3,4,2,0.099801500,1
#3 zero-weight-criterion,47,3,4,3,0.016658763,1
#3 zero-weight-criterion,47,3,4,4,0.116459833,1
#3 zero-weight-criterion,47,3,4,5,0.033316939,1
#3 zero-weight-criterion,47,3,5,2,0.000001000,1
#3 zero-weight-criterion,47,3,5,3,0.000001000,1
#3 zero-weight-criterion,47,3,5,4,0.166583500,1
#3 zero-weight-criterion,47,3,5,5,0.166583500,1
#3 zero-weight-criterion,48,3,0,2,0.099801500,1
#3 zero-weight-criterion,48,3,0,3,0.016659000,1
#3 zero-weight-criterion,48,3,0,4,0.116459833,1
#3 zero-weight-criterion,48,3,0,5,0.033316919,1
#3 zero-weight-criterion,48,3,1,2,0.099801500,1
#3 zero-weight-criterion,48,3,1,3,0.016658783,0
#3 zero-weight-criterion,48,3,1,4,0.116459833,1
#3 zero-weight-criterion,48,3,1,5,0.033316919,1
#3 zero-weight-criterion,48,3,2,2,0.099801500,1
#3 zero-weight-criterion,48,3,2,3,0.016658733,1
#3 zero-weight-criterion,48,3,2,4,0.116459833,1
#3 zero-weight-criterion,48,3,2,5,0.033316919,1
#3 zero-weight-criterion,48,3,3,2,0.099801500,1
#3 zero-weight-criterion,48,3,3,3,0.016658781,1
#3 zero-weight-criterion,48,3,3,4,0.116459833,1
#3 zero-weight-criterion,48,3,3,5,0.033316885,1
#3 zero-weight-criterion,48,3,4,2,0.099801500,1
#3 zero-weight-criterion,48,3,4,3,0.016658713,1
#3 zero-weight-criterion,48,3,4,4,0.116459833,1
#3 zero-weight-criterion,48,3,4,5,0.033316939,1
#3 zero-weight-criterion,48,3,5,2,0.000001000,1
#3 zero-weight-criterion,48,3,5,3,0.000001000,1
#3 zero-weight-criterion,48,3,5,4,0.166583500,1
#3 zero-weight-criterion,48,3,5,5,0.166583500,1
#3 zero-weight-criterion,49,3,0,2,0.099801500,1
#3 zero-weight-criterion,49,3,0,3,0.016659000,1
#3 zero-weight-criterion,49,3,0,4,0.116459833,1
#3 zero-weight-criterion,49,3,0,5,0.033316919,1
#3 zero-weight-criterion,49,3,1,2,0.099801500,1
#3 zero-weight-criterion,49,3,1,3,0.016658700,1
#3 zero-weight-criterion,49,3,1,4,0.116459833,1
#3 zero-weight-criterion,49,3,1,5,0.033316919,1
#3 zero-weight-criterion,49,3,2,2,0.099801500,1
#3 zero-weight-criterion,49,3,2,3,0.016658733,1
#3 zero-weight-criterion,49,3,2,4,0.116459833,1
#3 zero-weight-criterion,49,3,2,5,0.033316919,1
#3 zero-weight-criterion,49,3,3,2,0.099801500,1
#3 zero-weight-criterion,49,3,3,3,0.016658758,1
#3 zero-weight-criterion,49,3,3,4,0.116459833,1
#3 zero-weight-criterion,49,3,3,5,0.033316885,1
#3 zero-weight-criterion,49,3,4,2,0.099801500,1
#3 zero-weight-criterion,49,3,4,3,0.016658688,1
#3 zero-weight-criterion,49,3,4,4,0.116459833,1
#3 zero-weight-criterion,49,3,4,5,0.033316900,1
#3 zero-weight-criterion,49,3,5,2,0.000001000,1
#3 zero-weight-criterion,49,3,5,3,0.000001000,1
#3 zero-weight-criterion,49,3,5,4,0.166583500,1
#3 zero-weight-criterion,49,3,5,5,0.166583500,1
#3 zero-weight-criterion,50,4,0,2,0.099801500,1
#3 zero-weight-criterion,50,4,0,3,0.016658833,0
#3 zero-weight-criterion,50,4,0,4,0.116459833,0
#3 zero-weight-criterion,50,4,0,5,0.033316919,1
#3 zero-weight-criterion,50,4,1,2,0.099801500,0
#3 zero-weight-criterion,50,4,1,3,0.016658700,0
#3 zero-weight-criterion,50,4,1,4,0.116459833,0
#3 zero-weight-criterion,50,4,1,5,0.033316919,0
#3 zero-weight-criterion,50,4,2,2,0.099801500,1
#3 zero-weight-criterion,50,4,2,3,0.016658733,0
#3 zero-weight-criterion,50,4,2,4,0.116459833,1
#3 zero-weight-criterion,50,4,2,5,0.033316919,0
#3 zero-weight-criterion,50,4,3,2,0.099801500,1
#3 zero-weight-criterion,50,4,3,3,0.016658758,0
#3 zero-weight-criterion,50,4,3,4,0.116459833,1
#3 zero-weight-criterion,50,4,3,5,0.033316885,0
#3 zero-weight-criterion,50,4,4,2,0.099801500,1
#3 zero-weight-criterion,50,4,4,3,0.016658667,0
#3 zero-weight-criterion,50,4,4,4,0.116459833,0
#3 zero-weight-criterion,50,4,4,5,0.033316871,1
#3 zero-weight-criterion,50,4,5,2,0.000001000,0
#3 zero-weight-criterion,50,4,5,3,0.000001000,0
#3 zero-weight-criterion,50,4,5,4,0.166583500,0
#3 zero-weight-criterion,50,4,5,5,0.166583500,0
#3 zero-weight-criterion,51,4,0,2,0.099801500,1
#3 zero-weight-criterion,51,4,0,3,0.016650500,0
#3 zero-weight-criterion,51,4,0,4,0.108892318,0
#3 zero-weight-criterion,51,4,0,5,0.033300300,1
#3 zero-weight-criterion,51,4,1,2,0.099801500,1
#3 zero-weight-criterion,51,4,1,3,0.016650383,1
#3 zero-weight-criterion,51,4,1,4,0.108892318,0
#3 zero-weight-criterion,51,4,1,5,0.033300300,0
#3 zero-weight-criterion,51,4,2,2,0.099801500,1
#3 zero-weight-criterion,51,4,2,3,0.016650400,0
#3 zero-weight-criterion,51,4,2,4,0.108892318,1
#3 zero-weight-criterion,51,4,2,5,0.033300300,0
#3 zero-weight-criterion,51,4,3,2,0.099801500,1
#3 zero-weight-criterion,51,4,3,3,0.016650417,0
#3 zero-weight-criterion,51,4,3,4,0.108892318,1
#3 zero-weight-criterion,51,4,3,5,0.033300281,0
#3 zero-weight-criterion,51,4,4,2,0.099801500,1
#3 zero-weight-criterion,51,4,4,3,0.016650324,1
#3 zero-weight-criterion,51,4,4,4,0.108892318,0
#3 zero-weight-criterion,51,4,4,5,0.033300267,1
#3 zero-weight-criterion,51,4,5,2,0.000001000,0
#3 zero-weight-criterion,51,4,5,3,0.000001000,1
#3 zero-weight-criterion,51,4,5,4,0.166500833,1
#3 zero-weight-criterion,51,4,5,5,0.166500833,0
#3 zero-weight-criterion,52,4,0,2,0.099801500,1
#3 zero-weight-criterion,52,4,0,3,0.016650401,0
#3 zero-weight-criterion,52,4,0,4,0.108892318,0
#3 zero-weight-criterion,52,4,0,5,0.033300300,1
#3 zero-weight-criterion,52,4,1,2,0.099801500,1
#3 zero-weight-criterion,52,4,1,3,0.016650365,1
#3 zero-weight-criterion,52,4,1,4,0.108892318,0
#3 zero-weight-criterion,52,4,1,5,0.033300281,0
#3 zero-weight-criterion,52,4,2,2,0.099801500,1
#3 zero-weight-criterion,52,4,2,3,0.016650361,0
#3 zero-weight-criterion,52,4,2,4,0.108892318,1
#3 zero-weight-criterion,52,4,2,5,0.033300300,1
#3 zero-weight-criterion,52,4,3,2,0.099801500,1
#3 zero-weight-criterion,52,4,3,3,0.016650357,1
#3 zero-weight-criterion,52,4,3,4,0.108892318,1
#3 zero-weight-criterion,52,4,3,5,0.033300281,1
#3 zero-weight-criterion,52,4,4,2,0.099801500,1
#3 zero-weight-criterion,52,4,4,3,0.016650324,1
#3 zero-weight-criterion,52,4,4,4,0.108892318,0
#3 zero-weight-criterion,52,4,4,5,0.033300267,1
#3 zero-weight-criterion,52,4,5,2,0.000001000,0
#3 zero-weight-criterion,52,4,5,3,0.000001000,1
#3 zero-weight-criterion,52,4,5,4,0.166500833,1
#3 zero-weight-criterion,52,4,5,5,0.166500833,0
#3 zero-weight-criterion,53,4,0,2,0.099801500,1
#3 zero-weight-criterion,53,4,0,3,0.016650377,1
#3 zero-weight-criterion,53,4,0,4,0.108892318,0
#3 zero-weight-criterion,53,4,0,5,0.033300281,1
#3 zero-weight-criterion,53,4,1,2,0.099801500,1
#3 zero-weight-criterion,53,4,1,3,0.016650365,1
#3 zero-weight-criterion,53,4,1,4,0.108892318,0
#3 zero-weight-criterion,53,4,1,5,0.033300281,0
#3 zero-weight-criterion,53,4,2,2,0.099801500,1
#3 zero-weight-criterion,53,4,2,3,0.016650361,1
#3 zero-weight-criterion,53,4,2,4,0.108892318,1
#3 zero-weight-criterion,53,4,2,5,0.033300281,1
#3 zero-weight-criterion,53,4,3,2,0.099801500,1
#3 zero-weight-criterion,53,4,3,3,0.016650333,1
#3 zero-weight-criterion,53,4,3,4,0.108892318,1
#3 zero-weight-criterion,53,4,3,5,0.033300281,1
#3 zero-weight-criterion,53,4,4,2,0.099801500,1
#3 zero-weight-criterion,53,4,4,3,0.016650310,1
#3 zero-weight-criterion,53,4,4,4,0.108892318,1
#3 zero-weight-criterion,53,4,4,5,0.033300267,1
#3 zero-weight-criterion,53,4,5,2,0.000001000,0
#3 zero-weight-criterion,53,4,5,3,0.000001000,1
#3 zero-weight-criterion,53,4,5,4,0.166500833,1
#3 zero-weight-criterion,53,4,5,5,0.166500833,0
#3 zero-weight-criterion,54,4,0,2,0.099801500,1
#3 zero-weight-criterion,54,4,0,3,0.016650369,1
#3 zero-weight-criterion,54,4,0,4,0.108892318,1
#3 zero-weight-criterion,54,4,0,5,0.033300281,1
#3 zero-weight-criterion,54,4,1,2,0.099801500,1
#3 zero-weight-criterion,54,4,1,3,0.016650365,1
#3 zero-weight-criterion,54,4,1,4,0.108892318,0
#3 zero-weight-criterion,54,4,1,5,0.033300281,0
#3 zero-weight-criterion,54,4,2,2,0.099801500,1
#3 zero-weight-criterion,54,4,2,3,0.016650361,1
#3 zero-weight-criterion,54,4,2,4,0.108892318,1
#3 zero-weight-criterion,54,4,2,5,0.033300267,1
#3 zero-weight-criterion,54,4,3,2,0.099801500,1
#3 zero-weight-criterion,54,4,3,3,0.016650324,1
#3 zero-weight-criterion,54,4,3,4,0.108892318,1
#3 zero-weight-criterion,54,4,3,5,0.033300281,1
#3 zero-weight-criterion,54,4,4,2,0.099801500,1
#3 zero-weight-criterion,54,4,4,3,0.016650306,1
#3 zero-weight-criterion,54,4,4,4,0.108892318,1
#3 zero-weight-criterion,54,4,4,5,0.033300256,1
#3 zero-weight-criterion,54,4,5,2,0.000001000,0
#3 zero-weight-criterion,54,4,5,3,0.000001000,1
#3 zero-weight-criterion,54,4,5,4,0.166500833,1
#3 zero-weight-criterion,54,4,5,5,0.166500833,0
#3 zero-weight-criterion,55,4,0,2,0.099801500,1
#3 zero-weight-criterion,55,4,0,3,0.016650325,1
#3 zero-weight-criterion,55,4,0,4,0.108892318,1
#3 zero-weight-criterion,55,4,0,5,0.033300267,1
#3 zero-weight-criterion,55,4,1,2,0.099801500,1
#3 zero-weight-criterion,55,4,1,3,0.016650325,1
#3 zero-weight-criterion,55,4,1,4,0.108892318,0
#3 zero-weight-criterion,55,4,1,5,0.033300281,0
#3 zero-weight-criterion,55,4,2,2,0.099801500,1
#3 zero-weight-criterion,55,4,2,3,0.016650361,1
#3 zero-weight-criterion,55,4,2,4,0.108892318,1
#3 zero-weight-criterion,55,4,2,5,0.033300267,1
#3 zero-weight-criterion,55,4,3,2,0.099801500,1
#3 zero-weight-criterion,55,4,3,3,0.016650324,1
#3 zero-weight-criterion,55,4,3,4,0.108892318,1
#3 zero-weight-criterion,55,4,3,5,0.033300267,1
#3 zero-weight-criterion,55,4,4,2,0.099801500,1
#3 zero-weight-criterion,55,4,4,3,0.016650306,1
#3 zero-weight-criterion,55,4,4,4,0.108892318,1
#3 zero-weight-criterion,55,4,4,5,0.033300256,1
#3 zero-weight-criterion,55,4,5,2,0.000001000,0
#3 zero-weight-criterion,55,4,5,3,0.000001000,1
#3 zero-weight-criterion,55,4,5,4,0.166500833,1
#3 zero-weight-criterion,55,4,5,5,0.166500833,0
#3 zero-weight-criterion,56,4,0,2,0.099801500,1
#3 zero-weight-criterion,56,4,0,3,0.016650287,1
#3 zero-weight-criterion,56,4,0,4,0.108892318,1
#3 zero-weight-criterion,56,4,0,5,0.033300267,1
#3 zero-weight-criterion,56,4,1,2,0.099801500,1
#3 zero-weight-criterion,56,4,1,3,0.016650269,1
#3 zero-weight-criterion,56,4,1,4,0.108892318,0
#3 zero-weight-criterion,56,4,1,5,0.033300281,0
#3 zero-weight-criterion,56,4,2,2,0.099801500,1
#3 zero-weight-criterion,56,4,2,3,0.016650271,1
#3 zero-weight-criterion,56,4,2,4,0.108892318,1
#3 zero-weight-criterion,56,4,2,5,0.033300267,1
#3 zero-weight-criterion,56,4,3,2,0.099801500,1
#3 zero-weight-criterion,56,4,3,3,0.016650286,1
#3 zero-weight-criterion,56,4,3,4,0.108892318,1
#3 zero-weight-criterion,56,4,3,5,0.033300256,1
#3 zero-weight-criterion,56,4,4,2,0.099801500,1
#3 zero-weight-criterion,56,4,4,3,0.016650229,1
#3 zero-weight-criterion,56,4,4,4,0.108892318,1
#3 zero-weight-criterion,56,4,4,5,0.033300256,1
#3 zero-weight-criterion,56,4,5,2,0.000000500,0
#3 zero-weight-criterion,56,4,5,3,0.000000500,1
#3 zero-weight-criterion,56,4,5,4,0.166500833,1
#3 zero-weight-criterion,56,4,5,5,0.166500833,0
#3 zero-weight-criterion,57,4,0,2,0.099801500,1
#3 zero-weight-criterion,57,4,0,3,0.016641964,1
#3 zero-weight-criterion,57,4,0,4,0.099811300,1
#3 zero-weight-criterion,57,4,0,5,0.033283600,1
#3 zero-weight-criterion,57,4,1,2,0.099801500,1
#3 zero-weight-criterion,57,4,1,3,0.016641943,1
#3 zero-weight-criterion,57,4,1,4,0.099811300,0
#3 zero-weight-criterion,57,4,1,5,0.033283614,0
#3 zero-weight-criterion,57,4,2,2,0.099801500,1
#3 zero-weight-criterion,57,4,2,3,0.016641937,1
#3 zero-weight-criterion,57,4,2,4,0.099811300,1
#3 zero-weight-criterion,57,4,2,5,0.033283600,1
#3 zero-weight-criterion,57,4,3,2,0.099801500,1
#3 zero-weight-criterion,57,4,3,3,0.016641940,1
#3 zero-weight-criterion,57,4,3,4,0.099811300,1
#3 zero-weight-criterion,57,4,3,5,0.033283589,1
#3 zero-weight-criterion,57,4,4,2,0.099801500,1
#3 zero-weight-criterion,57,4,4,3,0.016641898,1
#3 zero-weight-criterion,57,4,4,4,0.099811300,1
#3 zero-weight-criterion,57,4,4,5,0.033283589,1
#3 zero-weight-criterion,57,4,5,2,0.000000500,0
#3 zero-weight-criterion,57,4,5,3,0.000000500,1
#3 zero-weight-criterion,57,4,5,4,0.166417500,1
#3 zero-weight-criterion,57,4,5,5,0.166417500,0
#3 zero-weight-criterion,58,4,0,2,0.099801500,1
#3 zero-weight-criterion,58,4,0,3,0.000000286,1
#3 zero-weight-criterion,58,4,0,4,0.099801500,1
#3 zero-weight-criterion,58,4,0,5,0.000000300,1
#3 zero-weight-criterion,58,4,1,2,0.099801500,1
#3 zero-weight-criterion,58,4,1,3,0.000000250,1
#3 zero-weight-criterion,58,4,1,4,0.099801500,1
#3 zero-weight-criterion,58,4,1,5,0.000000314,0
#3 zero-weight-criterion,58,4,2,2,0.099801500,1
#3 zero-weight-criterion,58,4,2,3,0.000000275,1
#3 zero-weight-criterion,58,4,2,4,0.099801500,1
#3 zero-weight-criterion,58,4,2,5,0.000000300,1
#3 zero-weight-criterion,58,4,3,2,0.099801500,1
#3 zero-weight-criterion,58,4,3,3,0.000000286,1
#3 zero-weight-criterion,58,4,3,4,0.099801500,1
#3 zero-weight-criterion,58,4,3,5,0.000000289,1
#3 zero-weight-criterion,58,4,4,2,0.099801500,1
#3 zero-weight-criterion,58,4,4,3,0.000000250,1
#3 zero-weight-criterion,58,4,4,4,0.099801500,1
#3 zero-weight-criterion,58,4,4,5,0.000000289,1
#3 zero-weight-criterion,58,4,5,2,0.000000500,1
#3 zero-weight-criterion,58,4,5,3,0.000000500,1
#3 zero-weight-criterion,58,4,5,4,0.000001000,1
#3 zero-weight-criterion,58,4,5,5,0.000001000,0
#3 zero-weight-criterion,59,4,0,2,0.099801000,1
#3 zero-weight-criterion,59,4,0,3,0.000000286,1
#3 zero-weight-criterion,59,4,0,4,0.099801000,1
#3 zero-weight-criterion,59,4,0,5,0.000000300,1
#3 zero-weight-criterion,59,4,1,2,0.099801000,1
#3 zero-weight-criterion,59,4,1,3,0.000000250,1
#3 zero-weight-criterion,59,4,1,4,0.099801000,1
#3 zero-weight-criterion,59,4,1,5,0.000000314,1
#3 zero-weight-criterion,59,4,2,2,0.099801000,1
#3 zero-weight-criterion,59,4,2,3,0.000000275,1
#3 zero-weight-criterion,59,4,2,4,0.099801000,1
#3 zero-weight-criterion,59,4,2,5,0.000000300,1
#3 zero-weight-criterion,59,4,3,2,0.099801000,1
#3 zero-weight-criterion,59,4,3,3,0.000000286,1
#3 zero-weight-criterion,59,4,3,4,0.099801000,1
#3 zero-weight-criterion,59,4,3,5,0.000000289,1
#3 zero-weight-criterion,59,4,4,2,0.099801000,1
#3 zero-weight-criterion,59,4,4,3,0.000000250,1
#3 zero-weight-criterion,59,4,4,4,0.099801000,1
#3 zero-weight-criterion,59,4,4,5,0.000000289,1
#3 zero-weight-criterion,59,4,5,2,0.000000500,1
#3 zero-weight-criterion,59,4,5,3,0.000000500,1
#3 zero-weight-criterion,59,4,5,4,0.000001000,1
#3 zero-weight-criterion,59,4,5,5,0.000001000,1
#3 zero-weight-criterion,60,5,0,2,0.099801000,0
#3 zero-weight-criterion,60,5,0,3,0.000000286,1
#3 zero-weight-criterion,60,5,0,4,0.099801000,1
#3 zero-weight-criterion,60,5,0,5,0.000000300,0
#3 zero-weight-criterion,60,5,1,2,0.099801000,0
#3 zero-weight-criterion,60,5,1,3,0.000000250,0
#3 zero-weight-criterion,60,5,1,4,0.099801000,0
#3 zero-weight-criterion,60,5,1,5,0.000000300,1
#3 zero-weight-criterion,60,5,2,2,0.099801000,0
#3 zero-weight-criterion,60,5,2,3,0.000000275,0
#3 zero-weight-criterion,60,5,2,4,0.099801000,0
#3 zero-weight-criterion,60,5,2,5,0.000000289,1
#3 zero-weight-criterion,60,5,3,2,0.099801000,0
#3 zero-weight-criterion,60,5,3,3,0.000000286,0
#3 zero-weight-criterion,60,5,3,4,0.099801000,1
#3 zero-weight-criterion,60,5,3,5,0.000000289,0
#3 zero-weight-criterion,60,5,4,2,0.099801000,0
#3 zero-weight-criterion,60,5,4,3,0.000000250,1
#3 zero-weight-criterion,60,5,4,4,0.099801000,0
#3 zero-weight-criterion,60,5,4,5,0.000000289,0
#3 zero-weight-criterion,60,5,5,2,0.000000500,0
#3 zero-weight-criterion,60,5,5,3,0.000000500,0
#3 zero-weight-criterion,60,5,5,4,0.000001000,0
#3 zero-weight-criterion,60,5,5,5,0.000001000,0
#3 zero-weight-criterion,61,5,0,2,0.099801000,0
#3 zero-weight-criterion,61,5,0,3,0.000000250,1
#3 zero-weight-criterion,61,5,0,4,0.099801000,1
#3 zero-weight-criterion,61,5,0,5,0.000000300,1
#3 zero-weight-criterion,61,5,1,2,0.099801000,0
#3 zero-weight-criterion,61,5,1,3,0.000000210,1
#3 zero-weight-criterion,61,5,1,4,0.099801000,0
#3 zero-weight-criterion,61,5,1,5,0.000000300,1
#3 zero-weight-criterion,61,5,2,2,0.099801000,0
#3 zero-weight-criterion,61,5,2,3,0.000000234,0
#3 zero-weight-criterion,61,5,2,4,0.099801000,0
#3 zero-weight-criterion,61,5,2,5,0.000000289,1
#3 zero-weight-criterion,61,5,3,2,0.099801000,1
#3 zero-weight-criterion,61,5,3,3,0.000000286,0
#3 zero-weight-criterion,61,5,3,4,0.099801000,1
#3 zero-weight-criterion,61,5,3,5,0.000000289,0
#3 zero-weight-criterion,61,5,4,2,0.099801000,1
#3 zero-weight-criterion,61,5,4,3,0.000000205,1
#3 zero-weight-criterion,61,5,4,4,0.099801000,1
#3 zero-weight-criterion,61,5,4,5,0.000000289,0
#3 zero-weight-criterion,61,5,5,2,0.000000500,1
#3 zero-weight-criterion,61,5,5,3,0.000000500,1
#3 zero-weight-criterion,61,5,5,4,0.000001000,0
#3 zero-weight-criterion,61,5,5,5,0.000001000,0
#3 zero-weight-criterion,62,5,0,2,0.099800833,0
#3 zero-weight-criterion,62,5,0,3,0.000000250,1
#3 zero-weight-criterion,62,5,0,4,0.099800833,1
#3 zero-weight-criterion,62,5,0,5,0.000000300,1
#3 zero-weight-criterion,62,5,1,2,0.099800833,1
#3 zero-weight-criterion,62,5,1,3,0.000000210,1
#3 zero-weight-criterion,62,5,1,4,0.099800833,1
#3 zero-weight-criterion,62,5,1,5,0.000000300,1
#3 zero-weight-criterion,62,5,2,2,0.099800833,1
#3 zero-weight-criterion,62,5,2,3,0.000000234,1
#3 zero-weight-criterion,62,5,2,4,0.099800833,0
#3 zero-weight-criterion,62,5,2,5,0.000000289,1
#3 zero-weight-criterion,62,5,3,2,0.099800833,1
#3 zero-weight-criterion,62,5,3,3,0.000000286,0
#3 zero-weight-criterion,62,5,3,4,0.099800833,1
#3 zero-weight-criterion,62,5,3,5,0.000000289,0
#3 zero-weight-criterion,62,5,4,2,0.099800833,1
#3 zero-weight-criterion,62,5,4,3,0.000000205,1
#3 zero-weight-criterion,62,5,4,4,0.099800833,1
#3 zero-weight-criterion,62,5,4,5,0.000000289,0
#3 zero-weight-criterion,62,5,5,2,0.000000500,1
#3 zero-weight-criterion,62,5,5,3,0.000000500,1
#3 zero-weight-criterion,62,5,5,4,0.000001000,1
#3 zero-weight-criterion,62,5,5,5,0.000001000,1
#3 zero-weight-criterion,63,5,0,2,0.099800750,1
#3 zero-weight-criterion,63,5,0,3,0.000000250,1
#3 zero-weight-criterion,63,5,0,4,0.099800750,1
#3 zero-weight-criterion,63,5,0,5,0.000000300,1
#3 zero-weight-criterion,63,5,1,2,0.099800750,1
#3 zero-weight-criterion,63,5,1,3,0.000000210,1
#3 zero-weight-criterion,63,5,1,4,0.099800750,1
#3 zero-weight-criterion,63,5,1,5,0.000000300,1
#3 zero-weight-criterion,63,5,2,2,0.099800750,1
#3 zero-weight-criterion,63,5,2,3,0.000000234,1
#3 zero-weight-criterion,63,5,2,4,0.099800750,1
#3 zero-weight-criterion,63,5,2,5,0.000000289,1
#3 zero-weight-criterion,63,5,3,2,0.099800750,1
#3 zero-weight-criterion,63,5,3,3,0.000000286,0
#3 zero-weight-criterion,63,5,3,4,0.099800750,1
#3 zero-weight-criterion,63,5,3,5,0.000000289,0
#3 zero-weight-criterion,63,5,4,2,0.099800750,1
#3 zero-weight-criterion,63,5,4,3,0.000000205,1
#3 zero-weight-criterion,63,5,4,4,0.099800750,1
#3 zero-weight-criterion,63,5,4,5,0.000000289,0
#3 zero-weight-criterion,63,5,5,2,0.000000500,1
#3 zero-weight-criterion,63,5,5,3,0.000000500,1
#3 zero-weight-criterion,63,5,5,4,0.000001000,1
#3 zero-weight-criterion,63,5,5,5,0.000001000,1
#3 zero-weight-criterion,64,5,0,2,0.099800750,1
#3 zero-weight-criterion,64,5,0,3,0.000000250,1
#3 zero-weight-criterion,64,5,0,4,0.099800750,1
#3 zero-weight-criterion,64,5,0,5,0.000000200,1
#3 zero-weight-criterion,64,5,1,2,0.099800750,1
#3 zero-weight-criterion,64,5,1,3,0.000000200,1
#3 zero-weight-criterion,64,5,1,4,0.099800750,1
#3 zero-weight-criterion,64,5,1,5,0.000000200,1
#3 zero-weight-criterion,64,5,2,2,0.099800750,1
#3 zero-weight-criterion,64,5,2,3,0.000000205,1
#3 zero-weight-criterion,64,5,2,4,0.099800750,1
#3 zero-weight-criterion,64,5,2,5,0.000000180,1
#3 zero-weight-criterion,64,5,3,2,0.099800750,1
#3 zero-weight-criterion,64,5,3,3,0.000000250,1
#3 zero-weight-criterion,64,5,3,4,0.099800750,1
#3 zero-weight-criterion,64,5,3,5,0.000000189,0
#3 zero-weight-criterion,64,5,4,2,0.099800750,1
#3 zero-weight-criterion,64,5,4,3,0.000000200,1
#3 zero-weight-criterion,64,5,4,4,0.099800750,1
#3 zero-weight-criterion,64,5,4,5,0.000000200,0
#3 zero-weight-criterion,64,5,5,2,0.000000333,1
#3 zero-weight-criterion,64,5,5,3,0.000000333,1
#3 zero-weight-criterion,64,5,5,4,0.000000500,1
#3 zero-weight-criterion,64,5,5,5,0.000000500,1
#3 zero-weight-criterion,65,5,0,2,0.099800700,1
#3 zero-weight-criterion,65,5,0,3,0.000000250,1
#3 zero-weight-criterion,65,5,0,4,0.099800700,1
#3 zero-weight-criterion,65,5,0,5,0.000000200,1
#3 zero-weight-criterion,65,5,1,2,0.099800700,1
#3 zero-weight-criterion,65,5,1,3,0.000000200,1
#3 zero-weight-criterion,65,5,1,4,0.099800700,1
#3 zero-weight-criterion,65,5,1,5,0.000000200,1
#3 zero-weight-criterion,65,5,2,2,0.099800700,1
#3 zero-weight-criterion,65,5,2,3,0.000000205,1
#3 zero-weight-criterion,65,5,2,4,0.099800700,1
#3 zero-weight-criterion,65,5,2,5,0.000000180,1
#3 zero-weight-criterion,65,5,3,2,0.099800700,1
#3 zero-weight-criterion,65,5,3,3,0.000000250,1
#3 zero-weight-criterion,65,5,3,4,0.099800700,1
#3 zero-weight-criterion,65,5,3,5,0.000000189,0
#3 zero-weight-criterion,65,5,4,2,0.099800700,1
#3 zero-weight-criterion,65,5,4,3,0.000000200,1
#3 zero-weight-criterion,65,5,4,4,0.099800700,1
#3 zero-weight-criterion,65,5,4,5,0.000000200,1
#3 zero-weight-criterion,65,5,5,2,0.000000333,1
#3 zero-weight-criterion,65,5,5,3,0.000000333,1
#3 zero-weight-criterion,65,5,5,4,0.000000500,1
#3 zero-weight-criterion,65,5,5,5,0.000000500,1
#3 zero-weight-criterion,66,5,0,2,0.099800667,1
#3 zero-weight-criterion,66,5,0,3,0.000000250,1
#3 zero-weight-criterion,66,5,0,4,0.099800667,1
#3 zero-weight-criterion,66,5,0,5,0.000000200,1
#3 zero-weight-criterion,66,5,1,2,0.099800667,1
#3 zero-weight-criterion,66,5,1,3,0.000000200,1
#3 zero-weight-criterion,66,5,1,4,0.099800667,1
#3 zero-weight-criterion,66,5,1,5,0.000000200,1
#3 zero-weight-criterion,66,5,2,2,0.099800667,1
#3 zero-weight-criterion,66,5,2,3,0.000000205,1
#3 zero-weight-criterion,66,5,2,4,0.099800667,1
#3 zero-weight-criterion,66,5,2,5,0.000000180,1
#3 zero-weight-criterion,66,5,3,2,0.099800667,1
#3 zero-weight-criterion,66,5,3,3,0.000000250,1
#3 zero-weight-criterion,66,5,3,4,0.099800667,1
#3 zero-weight-criterion,66,5,3,5,0.000000189,1
#3 zero-weight-criterion,66,5,4,2,0.099800667,1
#3 zero-weight-criterion,66,5,4,3,0.000000200,1
#3 zero-weight-criterion,66,5,4,4,0.099800667,1
#3 zero-weight-criterion,66,5,4,5,0.000000200,1
#3 zero-weight-criterion,66,5,5,2,0.000000333,1
#3 zero-weight-criterion,66,5,5,3,0.000000333,1
#3 zero-weight-criterion,66,5,5,4,0.000000500,1
#3 zero-weight-criterion,66,5,5,5,0.000000500,1
#3 zero-weight-criterion,67,6,0,2,0.099800651,1
#3 zero-weight-criterion,67,6,0,3,0.000000250,0
#3 zero-weight-criterion,67,6,0,4,0.099800656,1
#3 zero-weight-criterion,67,6,0,5,0.000000200,0
#3 zero-weight-criterion,67,6,1,2,0.099800643,0
#3 zero-weight-criterion,67,6,1,3,0.000000200,1
#3 zero-weight-criterion,67,6,1,4,0.099800643,1
#3 zero-weight-criterion,67,6,1,5,0.000000200,0
#3 zero-weight-criterion,67,6,2,2,0.099800643,0
#3 zero-weight-criterion,67,6,2,3,0.000000205,1
#3 zero-weight-criterion,67,6,2,4,0.099800643,0
#3 zero-weight-criterion,67,6,2,5,0.000000180,1
#3 zero-weight-criterion,67,6,3,2,0.099800647,1
#3 zero-weight-criterion,67,6,3,3,0.000000250,1
#3 zero-weight-criterion,67,6,3,4,0.099800643,0
#3 zero-weight-criterion,67,6,3,5,0.000000189,0
#3 zero-weight-criterion,67,6,4,2,0.099800643,0
#3 zero-weight-criterion,67,6,4,3,0.000000200,0
#3 zero-weight-criterion,67,6,4,4,0.099800643,1
#3 zero-weight-criterion,67,6,4,5,0.000000200,1
#3 zero-weight-criterion,67,6,5,2,0.000000333,1
#3 zero-weight-criterion,67,6,5,3,0.000000333,1
#3 zero-weight-criterion,67,6,5,4,0.000000500,0
#3 zero-weight-criterion,67,6,5,5,0.000000500,0
#3 zero-weight-criterion,68,6,0,2,0.099800650,1
#3 zero-weight-criterion,68,6,0,3,0.000000250,0
#3 zero-weight-criterion,68,6,0,4,0.099800656,1
#3 zero-weight-criterion,68,6,0,5,0.000000200,0
#3 zero-weight-criterion,68,6,1,2,0.099800643,1
#3 zero-weight-criterion,68,6,1,3,0.000000200,1
#3 zero-weight-criterion,68,6,1,4,0.099800643,1
#3 zero-weight-criterion,68,6,1,5,0.000000200,0
#3 zero-weight-criterion,68,6,2,2,0.099800643,1
#3 zero-weight-criterion,68,6,2,3,0.000000205,1
#3 zero-weight-criterion,68,6,2,4,0.099800643,0
#3 zero-weight-criterion,68,6,2,5,0.000000180,1
#3 zero-weight-criterion,68,6,3,2,0.099800647,1
#3 zero-weight-criterion,68,6,3,3,0.000000250,1
#3 zero-weight-criterion,68,6,3,4,0.099800643,0
#3 zero-weight-criterion,68,6,3,5,0.000000189,1
#3 zero-weight-criterion,68,6,4,2,0.099800643,0
#3 zero-weight-criterion,68,6,4,3,0.000000200,0
#3 zero-weight-criterion,68,6,4,4,0.099800643,1
#3 zero-weight-criterion,68,6,4,5,0.000000200,1
#3 zero-weight-criterion,68,6,5,2,0.000000333,1
#3 zero-weight-criterion,68,6,5,3,0.000000333,1
#3 zero-weight-criterion,68,6,5,4,0.000000500,1
#3 zero-weight-criterion,68,6,5,5,0.000000500,1
#3 zero-weight-criterion,69,6,0,2,0.099800650,1
#3 zero-weight-criterion,69,6,0,3,0.000000250,0
#3 zero-weight-criterion,69,6,0,4,0.099800657,1
#3 zero-weight-criterion,69,6,0,5,0.000000200,1
#3 zero-weight-criterion,69,6,1,2,0.099800643,1
#3 zero-weight-criterion,69,6,1,3,0.000000200,1
#3 zero-weight-criterion,69,6,1,4,0.099800643,1
#3 zero-weight-criterion,69,6,1,5,0.000000200,1
#3 zero-weight-criterion,69,6,2,2,0.099800643,1
#3 zero-weight-criterion,69,6,2,3,0.000000205,1
#3 zero-weight-criterion,69,6,2,4,0.099800643,1
#3 zero-weight-criterion,69,6,2,5,0.000000180,1
#3 zero-weight-criterion,69,6,3,2,0.099800647,1
#3 zero-weight-criterion,69,6,3,3,0.000000250,1
#3 zero-weight-criterion,69,6,3,4,0.099800643,0
#3 zero-weight-criterion,69,6,3,5,0.000000189,1
#3 zero-weight-criterion,69,6,4,2,0.099800643,0
#3 zero-weight-criterion,69,6,4,3,0.000000200,1
#3 zero-weight-criterion,69,6,4,4,0.099800643,1
#3 zero-weight-criterion,69,6,4,5,0.000000200,1
#3 zero-weight-criterion,69,6,5,2,0.000000333,1
#3 zero-weight-criterion,69,6,5,3,0.000000333,1
#3 zero-weight-criterion,69,6,5,4,0.000000500,1
#3 zero-weight-criterion,69,6,5,5,0.000000500,1
#3 zero-weight-criterion,70,6,0,2,0.099800650,1
#3 zero-weight-criterion,70,6,0,3,0.000000250,0
#3 zero-weight-criterion,70,6,0,4,0.099800658,1
#3 zero-weight-criterion,70,6,0,5,0.000000200,1
#3 zero-weight-criterion,70,6,1,2,0.099800643,1
#3 zero-weight-criterion,70,6,1,3,0.000000200,1
#3 zero-weight-criterion,70,6,1,4,0.099800643,1
#3 zero-weight-criterion,70,6,1,5,0.000000200,1
#3 zero-weight-criterion,70,6,2,2,0.099800643,1
#3 zero-weight-criterion,70,6,2,3,0.000000205,1
#3 zero-weight-criterion,70,6,2,4,0.099800643,1
#3 zero-weight-criterion,70,6,2,5,0.000000180,1
#3 zero-weight-criterion,70,6,3,2,0.099800647,1
#3 zero-weight-criterion,70,6,3,3,0.000000250,1
#3 zero-weight-criterion,70,6,3,4,0.099800643,0
#3 zero-weight-criterion,70,6,3,5,0.000000189,1
#3 zero-weight-criterion,70,6,4,2,0.099800643,0
#3 zero-weight-criterion,70,6,4,3,0.000000200,1
#3 zero-weight-criterion,70,6,4,4,0.099800643,1
#3 zero-weight-criterion,70,6,4,5,0.000000200,1
#3 zero-weight-criterion,70,6,5,2,0.000000333,1
#3 zero-weight-criterion,70,6,5,3,0.000000333,1
#3 zero-weight-criterion,70,6,5,4,0.000000500,1
#3 zero-weight-criterion,70,6,5,5,0.000000500,1
#3 zero-weight-criterion,71,6,0,2,0.099800650,1
#3 zero-weight-criterion,71,6,0,3,0.000000250,1
#3 zero-weight-criterion,71,6,0,4,0.099800656,1
#3 zero-weight-criterion,71,6,0,5,0.000000200,1
#3 zero-weight-criterion,71,6,1,2,0.099800643,1
#3 zero-weight-criterion,71,6,1,3,0.000000200,1
#3 zero-weight-criterion,71,6,1,4,0.099800643,1
#3 zero-weight-criterion,71,6,1,5,0.000000200,1
#3 zero-weight-criterion,71,6,2,2,0.099800643,1
#3 zero-weight-criterion,71,6,2,3,0.000000205,1
#3 zero-weight-criterion,71,6,2,4,0.099800643,1
#3 zero-weight-criterion,71,6,2,5,0.000000180,1
#3 zero-weight-criterion,71,6,3,2,0.099800647,1
#3 zero-weight-criterion,71,6,3,3,0.000000250,1
#3 zero-weight-criterion,71,6,3,4,0.099800643,1
#3 zero-weight-criterion,71,6,3,5,0.000000189,1
#3 zero-weight-criterion,71,6,4,2,0.099800643,1
#3 zero-weight-criterion,71,6,4,3,0.000000200,1
#3 zero-weight-criterion,71,6,4,4,0.099800643,1
#3 zero-weight-criterion,71,6,4,5,0.000000200,1
#3 zero-weight-criterion,71,6,5,2,0.000000333,1
#3 zero-weight-criterion,71,6,5,3,0.000000333,1
#3 zero-weight-criterion,71,6,5,4,0.000000500,1
#3 zero-weight-criterion,71,6,5,5,0.000000500,1
#4 linear-control,1,2,0,2,1.000000000,0
#4 linear-control,1,2,0,3,1.000000000,0
#4 linear-control,1,2,0,4,1.000000000,0
#4 linear-control,1,2,0,5,0.999901000,1
#4 linear-control,1,2,1,2,0.499950500,0
#4 linear-control,1,2,1,3,0.499950500,0
#4 linear-control,1,2,1,4,0.499950500,0
#4 linear-control,1,2,1,5,0.499950500,1
#4 linear-control,1,2,2,2,0.999901000,0
#4 linear-control,1,2,2,3,0.999901000,0
#4 linear-control,1,2,2,4,0.999901000,0
#4 linear-control,1,2,2,5,0.999901000,0
#4 linear-control,1,2,3,2,0.999901000,0
#4 linear-control,1,2,3,3,0.999901000,0
#4 linear-control,1,2,3,4,0.999901000,0
#4 linear-control,1,2,3,5,0.999901000,0
#4 linear-control,1,2,4,2,0.999901000,0
#4 linear-control,1,2,4,3,0.999901000,0
#4 linear-control,1,2,4,4,0.999901000,0
#4 linear-control,1,2,4,5,0.999901000,0
#4 linear-control,1,2,5,2,0.999901000,0
#4 linear-control,1,2,5,3,0.999901000,0
#4 linear-control,1,2,5,4,0.999901000,0
#4 linear-control,1,2,5,5,0.999901000,0
#4 linear-control,2,2,0,2,1.000000000,0
#4 linear-control,2,2,0,3,1.000000000,0
#4 linear-control,2,2,0,4,1.000000000,0
#4 linear-control,2,2,0,5,0.999900500,1
#4 linear-control,2,2,1,2,0.499950500,0
#4 linear-control,2,2,1,3,0.499950500,0
#4 linear-control,2,2,1,4,0.499950500,0
#4 linear-control,2,2,1,5,0.499950500,1
#4 linear-control,2,2,2,2,0.499950500,0
#4 linear-control,2,2,2,3,0.499950500,0
#4 linear-control,2,2,2,4,0.499950500,0
#4 linear-control,2,2,2,5,0.499950500,1
#4 linear-control,2,2,3,2,0.999900500,0
#4 linear-control,2,2,3,3,0.999900500,0
#4 linear-control,2,2,3,4,0.999900500,0
#4 linear-control,2,2,3,5,0.999900500,0
#4 linear-control,2,2,4,2,0.999900500,0
#4 linear-control,2,2,4,3,0.999900500,0
#4 linear-control,2,2,4,4,0.999900500,0
#4 linear-control,2,2,4,5,0.999900500,0
#4 linear-control,2,2,5,2,0.999900500,0
#4 linear-control,2,2,5,3,0.999900500,0
#4 linear-control,2,2,5,4,0.999900500,0
#4 linear-control,2,2,5,5,0.999900500,0
#4 linear-control,3,2,0,2,1.000000000,0
#4 linear-control,3,2,0,3,1.000000000,0
#4 linear-control,3,2,0,4,1.000000000,0
#4 linear-control,3,2,0,5,0.999900333,1
#4 linear-control,3,2,1,2,0.499950500,0
#4 linear-control,3,2,1,3,0.499950500,0
#4 linear-control,3,2,1,4,0.499950500,0
#4 linear-control,3,2,1,5,0.499950500,1
#4 linear-control,3,2,2,2,0.499950500,0
#4 linear-control,3,2,2,3,0.499950500,0
#4 linear-control,3,2,2,4,0.499950500,0
#4 linear-control,3,2,2,5,0.499950500,1
#4 linear-control,3,2,3,2,0.499950500,0
#4 linear-control,3,2,3,3,0.499950500,0
#4 linear-control,3,2,3,4,0.499950500,0
#4 linear-control,3,2,3,5,0.499950500,1
#4 linear-control,3,2,4,2,0.999900333,0
#4 linear-control,3,2,4,3,0.999900333,0
#4 linear-control,3,2,4,4,0.999900333,0
#4 linear-control,3,2,4,5,0.999900333,0
#4 linear-control,3,2,5,2,0.999900333,0
#4 linear-control,3,2,5,3,0.999900333,0
#4 linear-control,3,2,5,4,0.999900333,0
#4 linear-control,3,2,5,5,0.999900333,0
#4 linear-control,4,2,0,2,1.000000000,0
#4 linear-control,4,2,0,3,1.000000000,0
#4 linear-control,4,2,0,4,1.000000000,0
#4 linear-control,4,2,0,5,0.999900250,1
#4 linear-control,4,2,1,2,0.499950500,0
#4 linear-control,4,2,1,3,0.499950500,0
#4 linear-control,4,2,1,4,0.499950500,0
#4 linear-control,4,2,1,5,0.499950500,1
#4 linear-control,4,2,2,2,0.499950500,0
#4 linear-control,4,2,2,3,0.499950500,0
#4 linear-control,4,2,2,4,0.499950500,0
#4 linear-control,4,2,2,5,0.499950500,1
#4 linear-control,4,2,3,2,0.499950500,0
#4 linear-control,4,2,3,3,0.499950500,0
#4 linear-control,4,2,3,4,0.499950500,0
#4 linear-control,4,2,3,5,0.499950500,1
#4 linear-control,4,2,4,2,0.499950500,0
#4 linear-control,4,2,4,3,0.499950500,0
#4 linear-control,4,2,4,4,0.499950500,0
#4 linear-control,4,2,4,5,0.499950500,1
#4 linear-control,4,2,5,2,0.999900250,0
#4 linear-control,4,2,5,3,0.999900250,0
#4 linear-control,4,2,5,4,0.999900250,0
#4 linear-control,4,2,5,5,0.999900250,0
#4 linear-control,5,2,0,2,1.000000000,0
#4 linear-control,5,2,0,3,1.000000000,0
#4 linear-control,5,2,0,4,1.000000000,0
#4 linear-control,5,2,0,5,0.833250167,1
#4 linear-control,5,2,1,2,0.499950500,0
#4 linear-control,5,2,1,3,0.499950500,0
#4 linear-control,5,2,1,4,0.499950500,0
#4 linear-control,5,2,1,5,0.499950500,1
#4 linear-control,5,2,2,2,0.499950500,0
#4 linear-control,5,2,2,3,0.499950500,0
#4 linear-control,5,2,2,4,0.499950500,0
#4 linear-control,5,2,2,5,0.499950500,1
#4 linear-control,5,2,3,2,0.499950500,0
#4 linear-control,5,2,3,3,0.499950500,0
#4 linear-control,5,2,3,4,0.499950500,0
#4 linear-control,5,2,3,5,0.499950500,1
#4 linear-control,5,2,4,2,0.499950500,0
#4 linear-control,5,2,4,3,0.499950500,0
#4 linear-control,5,2,4,4,0.499950500,0
#4 linear-control,5,2,4,5,0.499950500,1
#4 linear-control,5,2,5,2,0.499950500,0
#4 linear-control,5,2,5,3,0.499950500,0
#4 linear-control,5,2,5,4,0.499950500,0
#4 linear-control,5,2,5,5,0.499950500,1
#4 linear-control,6,2,0,2,0.999901000,0
#4 linear-control,6,2,0,3,0.999901000,0
#4 linear-control,6,2,0,4,0.999901000,0
#4 linear-control,6,2,0,5,0.833134667,1
#4 linear-control,6,2,1,2,0.499950500,0
#4 linear-control,6,2,1,3,0.499950500,0
#4 linear-control,6,2,1,4,0.499950500,0
#4 linear-control,6,2,1,5,0.499851500,1
#4 linear-control,6,2,2,2,0.333234000,0
#4 linear-control,6,2,2,3,0.333234000,0
#4 linear-control,6,2,2,4,0.333234000,0
#4 linear-control,6,2,2,5,0.333234000,1
#4 linear-control,6,2,3,2,0.499900500,0
#4 linear-control,6,2,3,3,0.499900500,0
#4 linear-control,6,2,3,4,0.499900500,0
#4 linear-control,6,2,3,5,0.499900500,1
#4 linear-control,6,2,4,2,0.499900500,0
#4 linear-control,6,2,4,3,0.499900500,0
#4 linear-control,6,2,4,4,0.499900500,0
#4 linear-control,6,2,4,5,0.499900500,1
#4 linear-control,6,2,5,2,0.499900500,0
#4 linear-control,6,2,5,3,0.499900500,0
#4 linear-control,6,2,5,4,0.499900500,0
#4 linear-control,6,2,5,5,0.499900500,1
#4 linear-control,7,2,0,2,0.999900500,0
#4 linear-control,7,2,0,3,0.999900500,0
#4 linear-control,7,2,0,4,0.999900500,0
#4 linear-control,7,2,0,5,0.833117667,1
#4 linear-control,7,2,1,2,0.499950500,0
#4 linear-control,7,2,1,3,0.499950500,0
#4 linear-control,7,2,1,4,0.499950500,0
#4 linear-control,7,2,1,5,0.499851000,1
#4 linear-control,7,2,2,2,0.333234000,0
#4 linear-control,7,2,2,3,0.333234000,0
#4 linear-control,7,2,2,4,0.333234000,0
#4 linear-control,7,2,2,5,0.333234000,1
#4 linear-control,7,2,3,2,0.333234000,0
#4 linear-control,7,2,3,3,0.333234000,0
#4 linear-control,7,2,3,4,0.333234000,0
#4 linear-control,7,2,3,5,0.333234000,1
#4 linear-control,7,2,4,2,0.499900500,0
#4 linear-control,7,2,4,3,0.499900500,0
#4 linear-control,7,2,4,4,0.499900500,0
#4 linear-control,7,2,4,5,0.499900500,1
#4 linear-control,7,2,5,2,0.499900500,0
#4 linear-control,7,2,5,3,0.499900500,0
#4 linear-control,7,2,5,4,0.499900500,0
#4 linear-control,7,2,5,5,0.499900500,1
#4 linear-control,8,2,0,2,0.999900333,0
#4 linear-control,8,2,0,3,0.999900333,0
#4 linear-control,8,2,0,4,0.999900333,0
#4 linear-control,8,2,0,5,0.833101000,1
#4 linear-control,8,2,1,2,0.499950500,0
#4 linear-control,8,2,1,3,0.499950500,0
#4 linear-control,8,2,1,4,0.499950500,0
#4 linear-control,8,2,1,5,0.499850833,1
#4 linear-control,8,2,2,2,0.333234000,0
#4 linear-control,8,2,2,3,0.333234000,0
#4 linear-control,8,2,2,4,0.333234000,0
#4 linear-control,8,2,2,5,0.333234000,1
#4 linear-control,8,2,3,2,0.333234000,0
#4 linear-control,8,2,3,3,0.333234000,0
#4 linear-control,8,2,3,4,0.333234000,0
#4 linear-control,8,2,3,5,0.333234000,1
#4 linear-control,8,2,4,2,0.333234000,0
#4 linear-control,8,2,4,3,0.333234000,0
#4 linear-control,8,2,4,4,0.333234000,0
#4 linear-control,8,2,4,5,0.333234000,1
#4 linear-control,8,2,5,2,0.499900500,0
#4 linear-control,8,2,5,3,0.499900500,0
#4 linear-control,8,2,5,4,0.499900500,0
#4 linear-control,8,2,5,5,0.499900500,1
#4 linear-control,9,2,0,2,0.999900250,0
#4 linear-control,9,2,0,3,0.999900250,0
#4 linear-control,9,2,0,4,0.999900250,0
#4 linear-control,9,2,0,5,0.833084417,1
#4 linear-control,9,2,1,2,0.499950500,0
#4 linear-control,9,2,1,3,0.499950500,0
#4 linear-control,9,2,1,4,0.499950500,0
#4 linear-control,9,2,1,5,0.499850750,1
#4 linear-control,9,2,2,2,0.333234000,0
#4 linear-control,9,2,2,3,0.333234000,0
#4 linear-control,9,2,2,4,0.333234000,0
#4 linear-control,9,2,2,5,0.333234000,1
#4 linear-control,9,2,3,2,0.333234000,0
#4 linear-control,9,2,3,3,0.333234000,0
#4 linear-control,9,2,3,4,0.333234000,0
#4 linear-control,9,2,3,5,0.333234000,1
#4 linear-control,9,2,4,2,0.333234000,0
#4 linear-control,9,2,4,3,0.333234000,0
#4 linear-control,9,2,4,4,0.333234000,0
#4 linear-control,9,2,4,5,0.333234000,1
#4 linear-control,9,2,5,2,0.333234000,0
#4 linear-control,9,2,5,3,0.333234000,0
#4 linear-control,9,2,5,4,0.333234000,0
#4 linear-control,9,2,5,5,0.333234000,1
#4 linear-control,10,2,0,2,0.999702000,0
#4 linear-control,10,2,0,3,0.999702000,0
#4 linear-control,10,2,0,4,0.999702000,0
#4 linear-control,10,2,0,5,0.832869500,1
#4 linear-control,10,2,1,2,0.499900500,0
#4 linear-control,10,2,1,3,0.499900500,0
#4 linear-control,10,2,1,4,0.499900500,0
#4 linear-control,10,2,1,5,0.499701500,1
#4 linear-control,10,2,2,2,0.333234000,0
#4 linear-control,10,2,2,3,0.333234000,0
#4 linear-control,10,2,2,4,0.333234000,0
#4 linear-control,10,2,2,5,0.333135000,1
#4 linear-control,10,2,3,2,0.249850750,0
#4 linear-control,10,2,3,3,0.249850750,0
#4 linear-control,10,2,3,4,0.249850750,0
#4 linear-control,10,2,3,5,0.249850750,1
#4 linear-control,10,2,4,2,0.333200667,0
#4 linear-control,10,2,4,3,0.333200667,0
#4 linear-control,10,2,4,4,0.333200667,0
#4 linear-control,10,2,4,5,0.333200667,1
#4 linear-control,10,2,5,2,0.333200667,0
#4 linear-control,10,2,5,3,0.333200667,0
#4 linear-control,10,2,5,4,0.333200667,0
#4 linear-control,10,2,5,5,0.333200667,1
#4 linear-control,11,2,0,2,0.999701000,0
#4 linear-control,11,2,0,3,0.999701000,0
#4 linear-control,11,2,0,4,0.999701000,0
#4 linear-control,11,2,0,5,0.832851833,1
#4 linear-control,11,2,1,2,0.499900500,0
#4 linear-control,11,2,1,3,0.499900500,0
#4 linear-control,11,2,1,4,0.499900500,0
#4 linear-control,11,2,1,5,0.499701500,1
#4 linear-control,11,2,2,2,0.333234000,0
#4 linear-control,11,2,2,3,0.333234000,0
#4 linear-control,11,2,2,4,0.333234000,0
#4 linear-control,11,2,2,5,0.333134500,1
#4 linear-control,11,2,3,2,0.249850750,0
#4 linear-control,11,2,3,3,0.249850750,0
#4 linear-control,11,2,3,4,0.249850750,0
#4 linear-control,11,2,3,5,0.249850750,1
#4 linear-control,11,2,4,2,0.249850750,0
#4 linear-control,11,2,4,3,0.249850750,0
#4 linear-control,11,2,4,4,0.249850750,0
#4 linear-control,11,2,4,5,0.249850750,1
#4 linear-control,11,2,5,2,0.333200667,0
#4 linear-control,11,2,5,3,0.333200667,0
#4 linear-control,11,2,5,4,0.333200667,0
#4 linear-control,11,2,5,5,0.333200667,1
#4 linear-control,12,2,0,2,0.999701000,0
#4 linear-control,12,2,0,3,0.999701000,0
#4 linear-control,12,2,0,4,0.999701000,0
#4 linear-control,12,2,0,5,0.832835167,1
#4 linear-control,12,2,1,2,0.499900500,0
#4 linear-control,12,2,1,3,0.499900500,0
#4 linear-control,12,2,1,4,0.499900500,0
#4 linear-control,12,2,1,5,0.499701500,1
#4 linear-control,12,2,2,2,0.333234000,0
#4 linear-control,12,2,2,3,0.333234000,0
#4 linear-control,12,2,2,4,0.333234000,0
#4 linear-control,12,2,2,5,0.333134333,1
#4 linear-control,12,2,3,2,0.249850750,0
#4 linear-control,12,2,3,3,0.249850750,0
#4 linear-control,12,2,3,4,0.249850750,0
#4 linear-control,12,2,3,5,0.249850750,1
#4 linear-control,12,2,4,2,0.249850750,0
#4 linear-control,12,2,4,3,0.249850750,0
#4 linear-control,12,2,4,4,0.249850750,0
#4 linear-control,12,2,4,5,0.249850750,1
#4 linear-control,12,2,5,2,0.249850750,0
#4 linear-control,12,2,5,3,0.249850750,0
#4 linear-control,12,2,5,4,0.249850750,0
#4 linear-control,12,2,5,5,0.249850750,1
#4 linear-control,13,2,0,2,0.999701000,0
#4 linear-control,13,2,0,3,0.999701000,0
#4 linear-control,13,2,0,4,0.999701000,0
#4 linear-control,13,2,0,5,0.832835167,1
#4 linear-control,13,2,1,2,0.499900500,0
#4 linear-control,13,2,1,3,0.499900500,0
#4 linear-control,13,2,1,4,0.499900500,0
#4 linear-control,13,2,1,5,0.499701500,1
#4 linear-control,13,2,2,2,0.333234000,0
#4 linear-control,13,2,2,3,0.333234000,0
#4 linear-control,13,2,2,4,0.333234000,0
#4 linear-control,13,2,2,5,0.333134333,1
#4 linear-control,13,2,3,2,0.199880400,0
#4 linear-control,13,2,3,3,0.199880400,0
#4 linear-control,13,2,3,4,0.199880400,0
#4 linear-control,13,2,3,5,0.199880400,1
#4 linear-control,13,2,4,2,0.199880400,0
#4 linear-control,13,2,4,3,0.199880400,0
#4 linear-control,13,2,4,4,0.199880400,0
#4 linear-control,13,2,4,5,0.199880400,1
#4 linear-control,13,2,5,2,0.249850750,0
#4 linear-control,13,2,5,3,0.249850750,0
#4 linear-control,13,2,5,4,0.249850750,0
#4 linear-control,13,2,5,5,0.249850750,1
#4 linear-control,14,2,0,2,0.999304000,0
#4 linear-control,14,2,0,3,0.999304000,0
#4 linear-control,14,2,0,4,0.999304000,0
#4 linear-control,14,2,0,5,0.832421500,1
#4 linear-control,14,2,1,2,0.499751500,0
#4 linear-control,14,2,1,3,0.499751500,0
#4 linear-control,14,2,1,4,0.499751500,0
#4 linear-control,14,2,1,5,0.499452500,1
#4 linear-control,14,2,2,2,0.333167333,0
#4 linear-control,14,2,2,3,0.333167333,0
#4 linear-control,14,2,2,4,0.333167333,0
#4 linear-control,14,2,2,5,0.332968333,1
#4 linear-control,14,2,3,2,0.199880400,0
#4 linear-control,14,2,3,3,0.199880400,0
#4 linear-control,14,2,3,4,0.199880400,0
#4 linear-control,14,2,3,5,0.199781400,1
#4 linear-control,14,2,4,2,0.199880400,0
#4 linear-control,14,2,4,3,0.199880400,0
#4 linear-control,14,2,4,4,0.199880400,0
#4 linear-control,14,2,4,5,0.199781400,1
#4 linear-control,14,2,5,2,0.166484167,0
#4 linear-control,14,2,5,3,0.166484167,0
#4 linear-control,14,2,5,4,0.166484167,0
#4 linear-control,14,2,5,5,0.166484167,1
#4 linear-control,15,2,0,2,0.999302000,0
#4 linear-control,15,2,0,3,0.999302000,0
#4 linear-control,15,2,0,4,0.999302000,0
#4 linear-control,15,2,0,5,0.832419500,1
#4 linear-control,15,2,1,2,0.499750750,0
#4 linear-control,15,2,1,3,0.499750750,0
#4 linear-control,15,2,1,4,0.499750750,0
#4 linear-control,15,2,1,5,0.499451750,1
#4 linear-control,15,2,2,2,0.333167333,0
#4 linear-control,15,2,2,3,0.333167333,0
#4 linear-control,15,2,2,4,0.333167333,0
#4 linear-control,15,2,2,5,0.332967833,1
#4 linear-control,15,2,3,2,0.199880400,0
#4 linear-control,15,2,3,3,0.199880400,0
#4 linear-control,15,2,3,4,0.199880400,0
#4 linear-control,15,2,3,5,0.199780900,1
#4 linear-control,15,2,4,2,0.199880400,0
#4 linear-control,15,2,4,3,0.199880400,0
#4 linear-control,15,2,4,4,0.199880400,0
#4 linear-control,15,2,4,5,0.199780900,1
#4 linear-control,15,2,5,2,0.166483750,0
#4 linear-control,15,2,5,3,0.166483750,0
#4 linear-control,15,2,5,4,0.166483750,0
#4 linear-control,15,2,5,5,0.166483750,1
#4 linear-control,16,2,0,2,0.999202000,0
#4 linear-control,16,2,0,3,0.999202000,1
#4 linear-control,16,2,0,4,0.999203000,1
#4 linear-control,16,2,0,5,0.832419500,1
#4 linear-control,16,2,1,2,0.499750750,0
#4 linear-control,16,2,1,3,0.499750750,1
#4 linear-control,16,2,1,4,0.499750750,1
#4 linear-control,16,2,1,5,0.499451750,1
#4 linear-control,16,2,2,2,0.333167333,0
#4 linear-control,16,2,2,3,0.333167333,0
#4 linear-control,16,2,2,4,0.333167333,0
#4 linear-control,16,2,2,5,0.332967833,1
#4 linear-control,16,2,3,2,0.199880400,0
#4 linear-control,16,2,3,3,0.199880400,0
#4 linear-control,16,2,3,4,0.199880400,0
#4 linear-control,16,2,3,5,0.199780900,1
#4 linear-control,16,2,4,2,0.199880400,0
#4 linear-control,16,2,4,3,0.199880400,0
#4 linear-control,16,2,4,4,0.199880400,0
#4 linear-control,16,2,4,5,0.199780900,1
#4 linear-control,16,2,5,2,0.166483750,0
#4 linear-control,16,2,5,3,0.166483750,0
#4 linear-control,16,2,5,4,0.166483750,0
#4 linear-control,16,2,5,5,0.166483750,1
#4 linear-control,17,2,0,2,0.999102000,1
#4 linear-control,17,2,0,3,0.999103000,1
#4 linear-control,17,2,0,4,0.999103000,1
#4 linear-control,17,2,0,5,0.832419500,1
#4 linear-control,17,2,1,2,0.499750750,0
#4 linear-control,17,2,1,3,0.499750750,1
#4 linear-control,17,2,1,4,0.499750750,1
#4 linear-control,17,2,1,5,0.499451750,1
#4 linear-control,17,2,2,2,0.333167333,1
#4 linear-control,17,2,2,3,0.333167333,1
#4 linear-control,17,2,2,4,0.333167333,0
#4 linear-control,17,2,2,5,0.332967833,1
#4 linear-control,17,2,3,2,0.199880400,0
#4 linear-control,17,2,3,3,0.199880400,0
#4 linear-control,17,2,3,4,0.199880400,0
#4 linear-control,17,2,3,5,0.199780900,1
#4 linear-control,17,2,4,2,0.199880400,0
#4 linear-control,17,2,4,3,0.199880400,0
#4 linear-control,17,2,4,4,0.199880400,0
#4 linear-control,17,2,4,5,0.199780900,1
#4 linear-control,17,2,5,2,0.166483750,0
#4 linear-control,17,2,5,3,0.166483750,0
#4 linear-control,17,2,5,4,0.166483750,0
#4 linear-control,17,2,5,5,0.166483750,1
#4 linear-control,18,2,0,2,0.999002000,1
#4 linear-control,18,2,0,3,0.999003000,1
#4 linear-control,18,2,0,4,0.999003000,1
#4 linear-control,18,2,0,5,0.832419500,1
#4 linear-control,18,2,1,2,0.499750750,0
#4 linear-control,18,2,1,3,0.499750750,1
#4 linear-control,18,2,1,4,0.499750750,1
#4 linear-control,18,2,1,5,0.499451750,1
#4 linear-control,18,2,2,2,0.333167333,1
#4 linear-control,18,2,2,3,0.333167333,1
#4 linear-control,18,2,2,4,0.333167333,0
#4 linear-control,18,2,2,5,0.332967833,1
#4 linear-control,18,2,3,2,0.199880400,0
#4 linear-control,18,2,3,3,0.199880400,1
#4 linear-control,18,2,3,4,0.199880400,1
#4 linear-control,18,2,3,5,0.199780900,1
#4 linear-control,18,2,4,2,0.199880400,0
#4 linear-control,18,2,4,3,0.199880400,0
#4 linear-control,18,2,4,4,0.199880400,0
#4 linear-control,18,2,4,5,0.199780900,1
#4 linear-control,18,2,5,2,0.166483750,0
#4 linear-control,18,2,5,3,0.166483750,0
#4 linear-control,18,2,5,4,0.166483750,0
#4 linear-control,18,2,5,5,0.166483750,1
#4 linear-control,19,2,0,2,0.999002000,1
#4 linear-control,19,2,0,3,0.999003000,1
#4 linear-control,19,2,0,4,0.999003000,1
#4 linear-control,19,2,0,5,0.832419500,1
#4 linear-control,19,2,1,2,0.499651000,1
#4 linear-control,19,2,1,3,0.499651750,1
#4 linear-control,19,2,1,4,0.499651750,1
#4 linear-control,19,2,1,5,0.499451750,1
#4 linear-control,19,2,2,2,0.333167333,1
#4 linear-control,19,2,2,3,0.333167333,1
#4 linear-control,19,2,2,4,0.333167333,0
#4 linear-control,19,2,2,5,0.332967833,1
#4 linear-control,19,2,3,2,0.199880400,1
#4 linear-control,19,2,3,3,0.199880400,1
#4 linear-control,19,2,3,4,0.199880400,1
#4 linear-control,19,2,3,5,0.199780900,1
#4 linear-control,19,2,4,2,0.199880400,0
#4 linear-control,19,2,4,3,0.199880400,0
#4 linear-control,19,2,4,4,0.199880400,0
#4 linear-control,19,2,4,5,0.199780900,1
#4 linear-control,19,2,5,2,0.166483750,0
#4 linear-control,19,2,5,3,0.166483750,0
#4 linear-control,19,2,5,4,0.166483750,0
#4 linear-control,19,2,5,5,0.166483750,1
#4 linear-control,20,2,0,2,0.998902000,1
#4 linear-control,20,2,0,3,0.998903000,1
#4 linear-control,20,2,0,4,0.998903000,1
#4 linear-control,20,2,0,5,0.832419500,1
#4 linear-control,20,2,1,2,0.499551000,1
#4 linear-control,20,2,1,3,0.499552000,1
#4 linear-control,20,2,1,4,0.499551750,1
#4 linear-control,20,2,1,5,0.499451750,1
#4 linear-control,20,2,2,2,0.333167333,1
#4 linear-control,20,2,2,3,0.333167333,1
#4 linear-control,20,2,2,4,0.333167333,0
#4 linear-control,20,2,2,5,0.332967833,1
#4 linear-control,20,2,3,2,0.199880400,1
#4 linear-control,20,2,3,3,0.199880400,1
#4 linear-control,20,2,3,4,0.199880400,1
#4 linear-control,20,2,3,5,0.199780900,1
#4 linear-control,20,2,4,2,0.199880400,0
#4 linear-control,20,2,4,3,0.199880400,1
#4 linear-control,20,2,4,4,0.199880400,1
#4 linear-control,20,2,4,5,0.199780900,1
#4 linear-control,20,2,5,2,0.166483750,0
#4 linear-control,20,2,5,3,0.166483750,0
#4 linear-control,20,2,5,4,0.166483750,0
#4 linear-control,20,2,5,5,0.166483750,1
#4 linear-control,21,2,0,2,0.998902000,1
#4 linear-control,21,2,0,3,0.998903000,1
#4 linear-control,21,2,0,4,0.998903000,1
#4 linear-control,21,2,0,5,0.832419500,1
#4 linear-control,21,2,1,2,0.499551000,1
#4 linear-control,21,2,1,3,0.499552000,1
#4 linear-control,21,2,1,4,0.499551750,1
#4 linear-control,21,2,1,5,0.499451750,1
#4 linear-control,21,2,2,2,0.333067667,1
#4 linear-control,21,2,2,3,0.333067667,1
#4 linear-control,21,2,2,4,0.333068333,1
#4 linear-control,21,2,2,5,0.332967833,1
#4 linear-control,21,2,3,2,0.199880400,1
#4 linear-control,21,2,3,3,0.199880400,1
#4 linear-control,21,2,3,4,0.199880400,1
#4 linear-control,21,2,3,5,0.199780900,1
#4 linear-control,21,2,4,2,0.199880400,1
#4 linear-control,21,2,4,3,0.199880400,1
#4 linear-control,21,2,4,4,0.199880400,1
#4 linear-control,21,2,4,5,0.199780900,1
#4 linear-control,21,2,5,2,0.166483750,0
#4 linear-control,21,2,5,3,0.166483750,0
#4 linear-control,21,2,5,4,0.166483750,0
#4 linear-control,21,2,5,5,0.166483750,1
#4 linear-control,22,2,0,2,0.998901667,1
#4 linear-control,22,2,0,3,0.998902667,1
#4 linear-control,22,2,0,4,0.998902500,1
#4 linear-control,22,2,0,5,0.832419000,1
#4 linear-control,22,2,1,2,0.499451000,1
#4 linear-control,22,2,1,3,0.499452000,1
#4 linear-control,22,2,1,4,0.499452000,1
#4 linear-control,22,2,1,5,0.499451250,1
#4 linear-control,22,2,2,2,0.333067667,1
#4 linear-control,22,2,2,3,0.333067667,1
#4 linear-control,22,2,2,4,0.333068333,1
#4 linear-control,22,2,2,5,0.332967833,1
#4 linear-control,22,2,3,2,0.199880400,1
#4 linear-control,22,2,3,3,0.199880400,1
#4 linear-control,22,2,3,4,0.199880400,1
#4 linear-control,22,2,3,5,0.199780900,1
#4 linear-control,22,2,4,2,0.199880400,1
#4 linear-control,22,2,4,3,0.199880400,1
#4 linear-control,22,2,4,4,0.199880400,1
#4 linear-control,22,2,4,5,0.199780900,1
#4 linear-control,22,2,5,2,0.166483750,0
#4 linear-control,22,2,5,3,0.166483750,0
#4 linear-control,22,2,5,4,0.166483750,0
#4 linear-control,22,2,5,5,0.166483750,1
#4 linear-control,23,2,0,2,0.998901250,1
#4 linear-control,23,2,0,3,0.998902250,1
#4 linear-control,23,2,0,4,0.998902000,1
#4 linear-control,23,2,0,5,0.832418500,1
#4 linear-control,23,2,1,2,0.499451000,1
#4 linear-control,23,2,1,3,0.499452000,1
#4 linear-control,23,2,1,4,0.499452000,1
#4 linear-control,23,2,1,5,0.499451000,1
#4 linear-control,23,2,2,2,0.332967667,1
#4 linear-control,23,2,2,3,0.332967667,1
#4 linear-control,23,2,2,4,0.332968667,1
#4 linear-control,23,2,2,5,0.332967667,1
#4 linear-control,23,2,3,2,0.199880400,1
#4 linear-control,23,2,3,3,0.199880400,1
#4 linear-control,23,2,3,4,0.199880400,1
#4 linear-control,23,2,3,5,0.199780900,1
#4 linear-control,23,2,4,2,0.199880400,1
#4 linear-control,23,2,4,3,0.199880400,1
#4 linear-control,23,2,4,4,0.199880400,1
#4 linear-control,23,2,4,5,0.199780900,1
#4 linear-control,23,2,5,2,0.166483750,0
#4 linear-control,23,2,5,3,0.166483750,0
#4 linear-control,23,2,5,4,0.166483750,0
#4 linear-control,23,2,5,5,0.166483750,1
#4 linear-control,24,2,0,2,0.998801250,1
#4 linear-control,24,2,0,3,0.998802250,1
#4 linear-control,24,2,0,4,0.998802000,1
#4 linear-control,24,2,0,5,0.832418500,1
#4 linear-control,24,2,1,2,0.499451000,1
#4 linear-control,24,2,1,3,0.499452000,1
#4 linear-control,24,2,1,4,0.499452000,1
#4 linear-control,24,2,1,5,0.499451000,1
#4 linear-control,24,2,2,2,0.332967667,1
#4 linear-control,24,2,2,3,0.332967667,1
#4 linear-control,24,2,2,4,0.332968667,1
#4 linear-control,24,2,2,5,0.332967667,1
#4 linear-control,24,2,3,2,0.199880400,1
#4 linear-control,24,2,3,3,0.199880400,1
#4 linear-control,24,2,3,4,0.199880400,1
#4 linear-control,24,2,3,5,0.199780900,1
#4 linear-control,24,2,4,2,0.199880400,1
#4 linear-control,24,2,4,3,0.199880400,1
#4 linear-control,24,2,4,4,0.199880400,1
#4 linear-control,24,2,4,5,0.199780900,1
#4 linear-control,24,2,5,2,0.166483750,0
#4 linear-control,24,2,5,3,0.166483750,0
#4 linear-control,24,2,5,4,0.166483750,0
#4 linear-control,24,2,5,5,0.166483750,1
#4 linear-control,25,2,0,2,0.998702250,1
#4 linear-control,25,2,0,3,0.998702250,1
#4 linear-control,25,2,0,4,0.998702000,1
#4 linear-control,25,2,0,5,0.832418500,1
#4 linear-control,25,2,1,2,0.499451000,1
#4 linear-control,25,2,1,3,0.499452000,1
#4 linear-control,25,2,1,4,0.499452000,1
#4 linear-control,25,2,1,5,0.499451000,1
#4 linear-control,25,2,2,2,0.332900667,1
#4 linear-control,25,2,2,3,0.332934000,1
#4 linear-control,25,2,2,4,0.332968667,1
#4 linear-control,25,2,2,5,0.332967667,1
#4 linear-control,25,2,3,2,0.199880400,1
#4 linear-control,25,2,3,3,0.199880400,1
#4 linear-control,25,2,3,4,0.199880400,1
#4 linear-control,25,2,3,5,0.199780900,1
#4 linear-control,25,2,4,2,0.199880400,1
#4 linear-control,25,2,4,3,0.199880400,1
#4 linear-control,25,2,4,4,0.199880400,1
#4 linear-control,25,2,4,5,0.199780900,1
#4 linear-control,25,2,5,2,0.166483750,0
#4 linear-control,25,2,5,3,0.166483750,0
#4 linear-control,25,2,5,4,0.166483750,0
#4 linear-control,25,2,5,5,0.166483750,1
#4 linear-control,26,2,0,2,0.998603000,1
#4 linear-control,26,2,0,3,0.998603000,1
#4 linear-control,26,2,0,4,0.998602000,1
#4 linear-control,26,2,0,5,0.832318500,1
#4 linear-control,26,2,1,2,0.499351000,1
#4 linear-control,26,2,1,3,0.499352000,1
#4 linear-control,26,2,1,4,0.499352000,1
#4 linear-control,26,2,1,5,0.499351500,1
#4 linear-control,26,2,2,2,0.332900667,1
#4 linear-control,26,2,2,3,0.332934000,1
#4 linear-control,26,2,2,4,0.332968667,1
#4 linear-control,26,2,2,5,0.332967667,1
#4 linear-control,26,2,3,2,0.199781000,1
#4 linear-control,26,2,3,3,0.199781400,1
#4 linear-control,26,2,3,4,0.199781400,1
#4 linear-control,26,2,3,5,0.199780733,1
#4 linear-control,26,2,4,2,0.199880400,1
#4 linear-control,26,2,4,3,0.199880400,1
#4 linear-control,26,2,4,4,0.199880400,1
#4 linear-control,26,2,4,5,0.199780900,1
#4 linear-control,26,2,5,2,0.166483750,1
#4 linear-control,26,2,5,3,0.166483750,1
#4 linear-control,26,2,5,4,0.166483750,0
#4 linear-control,26,2,5,5,0.166483750,1
#4 linear-control,27,2,0,2,0.998503000,1
#4 linear-control,27,2,0,3,0.998503000,1
#4 linear-control,27,2,0,4,0.998503000,1
#4 linear-control,27,2,0,5,0.832219500,1
#4 linear-control,27,2,1,2,0.499301500,1
#4 linear-control,27,2,1,3,0.499302000,1
#4 linear-control,27,2,1,4,0.499302000,1
#4 linear-control,27,2,1,5,0.499301500,1
#4 linear-control,27,2,2,2,0.332834000,1
#4 linear-control,27,2,2,3,0.332867333,1
#4 linear-control,27,2,2,4,0.332868667,1
#4 linear-control,27,2,2,5,0.332868333,1
#4 linear-control,27,2,3,2,0.199781000,1
#4 linear-control,27,2,3,3,0.199781400,1
#4 linear-control,27,2,3,4,0.199781400,1
#4 linear-control,27,2,3,5,0.199780733,1
#4 linear-control,27,2,4,2,0.199880400,1
#4 linear-control,27,2,4,3,0.199880400,1
#4 linear-control,27,2,4,4,0.199880400,1
#4 linear-control,27,2,4,5,0.199780900,1
#4 linear-control,27,2,5,2,0.166483750,1
#4 linear-control,27,2,5,3,0.166483750,1
#4 linear-control,27,2,5,4,0.166483750,0
#4 linear-control,27,2,5,5,0.166483750,1
#4 linear-control,28,2,0,2,0.998204500,1
#4 linear-control,28,2,0,3,0.998204500,1
#4 linear-control,28,2,0,4,0.998204500,1
#4 linear-control,28,2,0,5,0.832020500,1
#4 linear-control,28,2,1,2,0.499202000,1
#4 linear-control,28,2,1,3,0.499202250,1
#4 linear-control,28,2,1,4,0.499202250,1
#4 linear-control,28,2,1,5,0.499201750,1
#4 linear-control,28,2,2,2,0.332734500,1
#4 linear-control,28,2,2,3,0.332767833,1
#4 linear-control,28,2,2,4,0.332802167,1
#4 linear-control,28,2,2,5,0.332801333,1
#4 linear-control,28,2,3,2,0.199681000,1
#4 linear-control,28,2,3,3,0.199682000,1
#4 linear-control,28,2,3,4,0.199681400,1
#4 linear-control,28,2,3,5,0.199681400,1
#4 linear-control,28,2,4,2,0.199880400,1
#4 linear-control,28,2,4,3,0.199880400,1
#4 linear-control,28,2,4,4,0.199880400,1
#4 linear-control,28,2,4,5,0.199681400,1
#4 linear-control,28,2,5,2,0.166483750,1
#4 linear-control,28,2,5,3,0.166483750,1
#4 linear-control,28,2,5,4,0.166483750,1
#4 linear-control,28,2,5,5,0.166483750,1
#4 linear-control,29,2,0,2,0.998204500,1
#4 linear-control,29,2,0,3,0.998204500,1
#4 linear-control,29,2,0,4,0.998204500,1
#4 linear-control,29,2,0,5,0.832020500,1
#4 linear-control,29,2,1,2,0.499151500,1
#4 linear-control,29,2,1,3,0.499202250,1
#4 linear-control,29,2,1,4,0.499202250,1
#4 linear-control,29,2,1,5,0.499201750,1
#4 linear-control,29,2,2,2,0.332734500,1
#4 linear-control,29,2,2,3,0.332767833,1
#4 linear-control,29,2,2,4,0.332802167,1
#4 linear-control,29,2,2,5,0.332801333,1
#4 linear-control,29,2,3,2,0.199681000,1
#4 linear-control,29,2,3,3,0.199682000,1
#4 linear-control,29,2,3,4,0.199681400,1
#4 linear-control,29,2,3,5,0.199681400,1
#4 linear-control,29,2,4,2,0.199880400,1
#4 linear-control,29,2,4,3,0.199880400,1
#4 linear-control,29,2,4,4,0.199880400,1
#4 linear-control,29,2,4,5,0.199681400,1
#4 linear-control,29,2,5,2,0.166483750,1
#4 linear-control,29,2,5,3,0.166483750,1
#4 linear-control,29,2,5,4,0.166483750,1
#4 linear-control,29,2,5,5,0.166483750,1
#4 linear-control,30,2,0,2,0.998204500,1
#4 linear-control,30,2,0,3,0.998204500,1
#4 linear-control,30,2,0,4,0.998204500,1
#4 linear-control,30,2,0,5,0.832020500,1
#4 linear-control,30,2,1,2,0.499151500,1
#4 linear-control,30,2,1,3,0.499202250,1
#4 linear-control,30,2,1,4,0.499202250,1
#4 linear-control,30,2,1,5,0.499201750,1
#4 linear-control,30,2,2,2,0.332734500,1
#4 linear-control,30,2,2,3,0.332767833,1
#4 linear-control,30,2,2,4,0.332802167,1
#4 linear-control,30,2,2,5,0.332801333,1
#4 linear-control,30,2,3,2,0.199681000,1
#4 linear-control,30,2,3,3,0.199682000,1
#4 linear-control,30,2,3,4,0.199681400,1
#4 linear-control,30,2,3,5,0.199681400,1
#4 linear-control,30,2,4,2,0.199681000,1
#4 linear-control,30,2,4,3,0.199681000,1
#4 linear-control,30,2,4,4,0.199880400,1
#4 linear-control,30,2,4,5,0.199681400,1
#4 linear-control,30,2,5,2,0.166483750,1
#4 linear-control,30,2,5,3,0.166483750,1
#4 linear-control,30,2,5,4,0.166483750,1
#4 linear-control,30,2,5,5,0.166483750,1
#4 linear-control,31,2,0,2,0.998105000,1
#4 linear-control,31,2,0,3,0.998105000,1
#4 linear-control,31,2,0,4,0.998105000,1
#4 linear-control,31,2,0,5,0.831921000,1
#4 linear-control,31,2,1,2,0.499101750,1
#4 linear-control,31,2,1,3,0.499202250,1
#4 linear-control,31,2,1,4,0.499102250,1
#4 linear-control,31,2,1,5,0.499102250,1
#4 linear-control,31,2,2,2,0.332734500,1
#4 linear-control,31,2,2,3,0.332767833,1
#4 linear-control,31,2,2,4,0.332802167,1
#4 linear-control,31,2,2,5,0.332801333,1
#4 linear-control,31,2,3,2,0.199681000,1
#4 linear-control,31,2,3,3,0.199682000,1
#4 linear-control,31,2,3,4,0.199681400,1
#4 linear-control,31,2,3,5,0.199681400,1
#4 linear-control,31,2,4,2,0.199681000,1
#4 linear-control,31,2,4,3,0.199681000,1
#4 linear-control,31,2,4,4,0.199880400,1
#4 linear-control,31,2,4,5,0.199681400,1
#4 linear-control,31,2,5,2,0.166483750,1
#4 linear-control,31,2,5,3,0.166483750,1
#4 linear-control,31,2,5,4,0.166483750,1
#4 linear-control,31,2,5,5,0.166483750,1
#4 linear-control,32,2,0,2,0.998105000,1
#4 linear-control,32,2,0,3,0.998105000,1
#4 linear-control,32,2,0,4,0.998105000,1
#4 linear-control,32,2,0,5,0.831921000,1
#4 linear-control,32,2,1,2,0.499077000,1
#4 linear-control,32,2,1,3,0.499152250,1
#4 linear-control,32,2,1,4,0.499102250,1
#4 linear-control,32,2,1,5,0.499102250,1
#4 linear-control,32,2,2,2,0.285215286,1
#4 linear-control,32,2,2,3,0.332767833,1
#4 linear-control,32,2,2,4,0.332802167,1
#4 linear-control,32,2,2,5,0.332801333,1
#4 linear-control,32,2,3,2,0.199681000,1
#4 linear-control,32,2,3,3,0.199682000,1
#4 linear-control,32,2,3,4,0.199681400,1
#4 linear-control,32,2,3,5,0.199681400,1
#4 linear-control,32,2,4,2,0.199681000,1
#4 linear-control,32,2,4,3,0.199681000,1
#4 linear-control,32,2,4,4,0.199880400,1
#4 linear-control,32,2,4,5,0.199681400,1
#4 linear-control,32,2,5,2,0.166483750,1
#4 linear-control,32,2,5,3,0.166483750,1
#4 linear-control,32,2,5,4,0.166483750,1
#4 linear-control,32,2,5,5,0.166483750,1
#4 linear-control,33,2,0,2,0.997905000,1
#4 linear-control,33,2,0,3,0.997905000,1
#4 linear-control,33,2,0,4,0.997906000,1
#4 linear-control,33,2,0,5,0.831821000,1
#4 linear-control,33,2,1,2,0.498977000,1
#4 linear-control,33,2,1,3,0.499052250,1
#4 linear-control,33,2,1,4,0.499002250,1
#4 linear-control,33,2,1,5,0.499002250,1
#4 linear-control,33,2,2,2,0.285201000,1
#4 linear-control,33,2,2,3,0.332767833,1
#4 linear-control,33,2,2,4,0.332802167,1
#4 linear-control,33,2,2,5,0.332801333,1
#4 linear-control,33,2,3,2,0.199681000,1
#4 linear-control,33,2,3,3,0.199682000,1
#4 linear-control,33,2,3,4,0.199681400,1
#4 linear-control,33,2,3,5,0.199681400,1
#4 linear-control,33,2,4,2,0.199681000,1
#4 linear-control,33,2,4,3,0.199681000,1
#4 linear-control,33,2,4,4,0.199880400,1
#4 linear-control,33,2,4,5,0.199681400,1
#4 linear-control,33,2,5,2,0.166483750,1
#4 linear-control,33,2,5,3,0.166483750,1
#4 linear-control,33,2,5,4,0.166483750,1
#4 linear-control,33,2,5,5,0.166483750,1
#4 linear-control,34,2,0,2,0.997606500,1
#4 linear-control,34,2,0,3,0.997606500,1
#4 linear-control,34,2,0,4,0.997806500,1
#4 linear-control,34,2,0,5,0.831721500,1
#4 linear-control,34,2,1,2,0.498852500,1
#4 linear-control,34,2,1,3,0.498903250,1
#4 linear-control,34,2,1,4,0.499002250,1
#4 linear-control,34,2,1,5,0.499002250,1
#4 linear-control,34,2,2,2,0.285201000,1
#4 linear-control,34,2,2,3,0.332701500,1
#4 linear-control,34,2,2,4,0.332802167,1
#4 linear-control,34,2,2,5,0.332801333,1
#4 linear-control,34,2,3,2,0.099940600,1
#4 linear-control,34,2,3,3,0.199682000,1
#4 linear-control,34,2,3,4,0.199681400,1
#4 linear-control,34,2,3,5,0.199681400,1
#4 linear-control,34,2,4,2,0.199681000,1
#4 linear-control,34,2,4,3,0.199681000,1
#4 linear-control,34,2,4,4,0.199681400,1
#4 linear-control,34,2,4,5,0.199681400,1
#4 linear-control,34,2,5,2,0.166483750,1
#4 linear-control,34,2,5,3,0.166483750,1
#4 linear-control,34,2,5,4,0.166483750,1
#4 linear-control,34,2,5,5,0.166483750,1
#4 linear-control,35,2,0,2,0.997506000,1
#4 linear-control,35,2,0,3,0.997506000,1
#4 linear-control,35,2,0,4,0.997706000,1
#4 linear-control,35,2,0,5,0.831621500,1
#4 linear-control,35,2,1,2,0.498753500,1
#4 linear-control,35,2,1,3,0.498803250,1
#4 linear-control,35,2,1,4,0.498902250,1
#4 linear-control,35,2,1,5,0.498902250,1
#4 linear-control,35,2,2,2,0.249376250,1
#4 linear-control,35,2,2,3,0.332701333,1
#4 linear-control,35,2,2,4,0.332802167,1
#4 linear-control,35,2,2,5,0.332801333,1
#4 linear-control,35,2,3,2,0.099940600,1
#4 linear-control,35,2,3,3,0.199682000,1
#4 linear-control,35,2,3,4,0.199681400,1
#4 linear-control,35,2,3,5,0.199681400,1
#4 linear-control,35,2,4,2,0.199681000,1
#4 linear-control,35,2,4,3,0.199681000,1
#4 linear-control,35,2,4,4,0.199681400,1
#4 linear-control,35,2,4,5,0.199681400,1
#4 linear-control,35,2,5,2,0.166483750,1
#4 linear-control,35,2,5,3,0.166483750,1
#4 linear-control,35,2,5,4,0.166483750,1
#4 linear-control,35,2,5,5,0.166483750,1
#4 linear-control,36,2,0,2,0.997404000,1
#4 linear-control,36,2,0,3,0.997404000,1
#4 linear-control,36,2,0,4,0.997404000,1
#4 linear-control,36,2,0,5,0.831420500,1
#4 linear-control,36,2,1,2,0.498702500,1
#4 linear-control,36,2,1,3,0.498702200,1
#4 linear-control,36,2,1,4,0.498702500,1
#4 linear-control,36,2,1,5,0.498702500,1
#4 linear-control,36,2,2,2,0.249350750,1
#4 linear-control,36,2,2,3,0.332601000,1
#4 linear-control,36,2,2,4,0.332701667,1
#4 linear-control,36,2,2,5,0.332601667,1
#4 linear-control,36,2,3,2,0.099940600,1
#4 linear-control,36,2,3,3,0.199682000,1
#4 linear-control,36,2,3,4,0.199681400,1
#4 linear-control,36,2,3,5,0.199581400,1
#4 linear-control,36,2,4,2,0.199561000,1
#4 linear-control,36,2,4,3,0.199681000,1
#4 linear-control,36,2,4,4,0.199680900,1
#4 linear-control,36,2,4,5,0.199581400,1
#4 linear-control,36,2,5,2,0.166483750,1
#4 linear-control,36,2,5,3,0.166483750,1
#4 linear-control,36,2,5,4,0.166483750,1
#4 linear-control,36,2,5,5,0.166483750,1
#4 linear-control,37,2,0,2,0.997404000,1
#4 linear-control,37,2,0,3,0.997404000,1
#4 linear-control,37,2,0,4,0.997404000,1
#4 linear-control,37,2,0,5,0.831420500,1
#4 linear-control,37,2,1,2,0.498702500,1
#4 linear-control,37,2,1,3,0.498702200,1
#4 linear-control,37,2,1,4,0.498702500,1
#4 linear-control,37,2,1,5,0.498702500,1
#4 linear-control,37,2,2,2,0.249350750,1
#4 linear-control,37,2,2,3,0.332601000,1
#4 linear-control,37,2,2,4,0.332701667,1
#4 linear-control,37,2,2,5,0.332601667,1
#4 linear-control,37,2,3,2,0.099940600,1
#4 linear-control,37,2,3,3,0.199682000,1
#4 linear-control,37,2,3,4,0.199681400,1
#4 linear-control,37,2,3,5,0.199581400,1
#4 linear-control,37,2,4,2,0.199561000,1
#4 linear-control,37,2,4,3,0.199681000,1
#4 linear-control,37,2,4,4,0.199680900,1
#4 linear-control,37,2,4,5,0.199581400,1
#4 linear-control,37,2,5,2,0.166483750,1
#4 linear-control,37,2,5,3,0.166483750,1
#4 linear-control,37,2,5,4,0.166483750,1
#4 linear-control,37,2,5,5,0.166483750,1
#4 linear-control,38,2,0,2,0.997304000,1
#4 linear-control,38,2,0,3,0.997304000,1
#4 linear-control,38,2,0,4,0.997304000,1
#4 linear-control,38,2,0,5,0.831420500,1
#4 linear-control,38,2,1,2,0.498702500,1
#4 linear-control,38,2,1,3,0.498702200,1
#4 linear-control,38,2,1,4,0.498702500,1
#4 linear-control,38,2,1,5,0.498702500,1
#4 linear-control,38,2,2,2,0.249350750,1
#4 linear-control,38,2,2,3,0.332567667,1
#4 linear-control,38,2,2,4,0.332701667,1
#4 linear-control,38,2,2,5,0.332601667,1
#4 linear-control,38,2,3,2,0.099940600,1
#4 linear-control,38,2,3,3,0.199682000,1
#4 linear-control,38,2,3,4,0.199681400,1
#4 linear-control,38,2,3,5,0.199581400,1
#4 linear-control,38,2,4,2,0.199561000,1
#4 linear-control,38,2,4,3,0.199681000,1
#4 linear-control,38,2,4,4,0.199680900,1
#4 linear-control,38,2,4,5,0.199581400,1
#4 linear-control,38,2,5,2,0.166483750,1
#4 linear-control,38,2,5,3,0.166483750,1
#4 linear-control,38,2,5,4,0.166483750,1
#4 linear-control,38,2,5,5,0.166483750,1
#4 linear-control,39,2,0,2,0.997304000,1
#4 linear-control,39,2,0,3,0.997304000,1
#4 linear-control,39,2,0,4,0.997304000,1
#4 linear-control,39,2,0,5,0.831420500,1
#4 linear-control,39,2,1,2,0.498702500,1
#4 linear-control,39,2,1,3,0.498702200,1
#4 linear-control,39,2,1,4,0.498702500,1
#4 linear-control,39,2,1,5,0.498702500,1
#4 linear-control,39,2,2,2,0.249350750,1
#4 linear-control,39,2,2,3,0.332567667,1
#4 linear-control,39,2,2,4,0.332701667,1
#4 linear-control,39,2,2,5,0.332601667,1
#4 linear-control,39,2,3,2,0.099940600,1
#4 linear-control,39,2,3,3,0.199601400,1
#4 linear-control,39,2,3,4,0.199681400,1
#4 linear-control,39,2,3,5,0.199581400,1
#4 linear-control,39,2,4,2,0.199561000,1
#4 linear-control,39,2,4,3,0.199681000,1
#4 linear-control,39,2,4,4,0.199680900,1
#4 linear-control,39,2,4,5,0.199581400,1
#4 linear-control,39,2,5,2,0.166483750,1
#4 linear-control,39,2,5,3,0.166483750,1
#4 linear-control,39,2,5,4,0.166483750,1
#4 linear-control,39,2,5,5,0.166483750,1
#4 linear-control,40,2,0,2,0.997304000,1
#4 linear-control,40,2,0,3,0.997304000,1
#4 linear-control,40,2,0,4,0.997304000,1
#4 linear-control,40,2,0,5,0.831420500,1
#4 linear-control,40,2,1,2,0.498702500,1
#4 linear-control,40,2,1,3,0.498702200,1
#4 linear-control,40,2,1,4,0.498702500,1
#4 linear-control,40,2,1,5,0.498702500,1
#4 linear-control,40,2,2,2,0.249350750,1
#4 linear-control,40,2,2,3,0.332567667,1
#4 linear-control,40,2,2,4,0.332701667,1
#4 linear-control,40,2,2,5,0.332601667,1
#4 linear-control,40,2,3,2,0.099940600,1
#4 linear-control,40,2,3,3,0.199601400,1
#4 linear-control,40,2,3,4,0.199681400,1
#4 linear-control,40,2,3,5,0.199581400,1
#4 linear-control,40,2,4,2,0.199561000,1
#4 linear-control,40,2,4,3,0.199680600,1
#4 linear-control,40,2,4,4,0.199680900,1
#4 linear-control,40,2,4,5,0.199581400,1
#4 linear-control,40,2,5,2,0.166483750,1
#4 linear-control,40,2,5,3,0.166483750,1
#4 linear-control,40,2,5,4,0.166483750,1
#4 linear-control,40,2,5,5,0.166483750,1
#4 linear-control,41,2,0,2,0.997304000,1
#4 linear-control,41,2,0,3,0.997304000,1
#4 linear-control,41,2,0,4,0.997304000,1
#4 linear-control,41,2,0,5,0.831420500,1
#4 linear-control,41,2,1,2,0.498702500,1
#4 linear-control,41,2,1,3,0.498702200,1
#4 linear-control,41,2,1,4,0.498702500,1
#4 linear-control,41,2,1,5,0.498702500,1
#4 linear-control,41,2,2,2,0.166267167,1
#4 linear-control,41,2,2,3,0.332567667,1
#4 linear-control,41,2,2,4,0.332701667,1
#4 linear-control,41,2,2,5,0.332601667,1
#4 linear-control,41,2,3,2,0.099940600,1
#4 linear-control,41,2,3,3,0.199601400,1
#4 linear-control,41,2,3,4,0.199681400,1
#4 linear-control,41,2,3,5,0.199581400,1
#4 linear-control,41,2,4,2,0.199561000,1
#4 linear-control,41,2,4,3,0.199680600,1
#4 linear-control,41,2,4,4,0.199680900,1
#4 linear-control,41,2,4,5,0.199581400,1
#4 linear-control,41,2,5,2,0.166483750,1
#4 linear-control,41,2,5,3,0.166483750,1
#4 linear-control,41,2,5,4,0.166483750,1
#4 linear-control,41,2,5,5,0.166483750,1
#4 linear-control,42,2,0,2,0.997304000,1
#4 linear-control,42,2,0,3,0.997304000,1
#4 linear-control,42,2,0,4,0.997304000,1
#4 linear-control,42,2,0,5,0.831420500,1
#4 linear-control,42,2,1,2,0.498702500,1
#4 linear-control,42,2,1,3,0.498702200,1
#4 linear-control,42,2,1,4,0.498702500,1
#4 linear-control,42,2,1,5,0.498702500,1
#4 linear-control,42,2,2,2,0.166267167,1
#4 linear-control,42,2,2,3,0.332567667,1
#4 linear-control,42,2,2,4,0.332701667,1
#4 linear-control,42,2,2,5,0.332601667,1
#4 linear-control,42,2,3,2,0.090846000,1
#4 linear-control,42,2,3,3,0.166351667,1
#4 linear-control,42,2,3,4,0.181492159,1
#4 linear-control,42,2,3,5,0.199581400,1
#4 linear-control,42,2,4,2,0.199561000,1
#4 linear-control,42,2,4,3,0.199680600,1
#4 linear-control,42,2,4,4,0.199680900,1
#4 linear-control,42,2,4,5,0.199581400,1
#4 linear-control,42,2,5,2,0.166483750,1
#4 linear-control,42,2,5,3,0.166483750,1
#4 linear-control,42,2,5,4,0.166483750,1
#4 linear-control,42,2,5,5,0.166483750,1
#4 linear-control,43,2,0,2,0.997304000,1
#4 linear-control,43,2,0,3,0.997304000,1
#4 linear-control,43,2,0,4,0.997304000,1
#4 linear-control,43,2,0,5,0.831420500,1
#4 linear-control,43,2,1,2,0.498702500,1
#4 linear-control,43,2,1,3,0.498702200,1
#4 linear-control,43,2,1,4,0.498702500,1
#4 linear-control,43,2,1,5,0.498702500,1
#4 linear-control,43,2,2,2,0.166267167,1
#4 linear-control,43,2,2,3,0.332567667,1
#4 linear-control,43,2,2,4,0.332701667,1
#4 linear-control,43,2,2,5,0.332601667,1
#4 linear-control,43,2,3,2,0.090846000,1
#4 linear-control,43,2,3,3,0.166351667,1
#4 linear-control,43,2,3,4,0.181492159,1
#4 linear-control,43,2,3,5,0.199581400,1
#4 linear-control,43,2,4,2,0.199561000,1
#4 linear-control,43,2,4,3,0.199680600,1
#4 linear-control,43,2,4,4,0.199680900,1
#4 linear-control,43,2,4,5,0.199581400,1
#4 linear-control,43,2,5,2,0.166483750,1
#4 linear-control,43,2,5,3,0.166483750,1
#4 linear-control,43,2,5,4,0.166483750,1
#4 linear-control,43,2,5,5,0.166483750,1
#4 linear-control,44,2,0,2,0.997304000,1
#4 linear-control,44,2,0,3,0.997304000,1
#4 linear-control,44,2,0,4,0.997304000,1
#4 linear-control,44,2,0,5,0.831420500,1
#4 linear-control,44,2,1,2,0.498702500,1
#4 linear-control,44,2,1,3,0.498702200,1
#4 linear-control,44,2,1,4,0.498702500,1
#4 linear-control,44,2,1,5,0.498702500,1
#4 linear-control,44,2,2,2,0.166267167,1
#4 linear-control,44,2,2,3,0.332567667,1
#4 linear-control,44,2,2,4,0.332701667,1
#4 linear-control,44,2,2,5,0.332601667,1
#4 linear-control,44,2,3,2,0.090846000,1
#4 linear-control,44,2,3,3,0.166351667,1
#4 linear-control,44,2,3,4,0.181492159,1
#4 linear-control,44,2,3,5,0.199581400,1
#4 linear-control,44,2,4,2,0.199561000,1
#4 linear-control,44,2,4,3,0.199680600,1
#4 linear-control,44,2,4,4,0.199680900,1
#4 linear-control,44,2,4,5,0.199581400,1
#4 linear-control,44,2,5,2,0.166483667,1
#4 linear-control,44,2,5,3,0.166483750,1
#4 linear-control,44,2,5,4,0.166483750,1
#4 linear-control,44,2,5,5,0.166483750,1
#4 linear-control,45,2,0,2,0.997105000,1
#4 linear-control,45,2,0,3,0.997105000,1
#4 linear-control,45,2,0,4,0.997105000,1
#4 linear-control,45,2,0,5,0.831221500,1
#4 linear-control,45,2,1,2,0.498603000,1
#4 linear-control,45,2,1,3,0.498602250,1
#4 linear-control,45,2,1,4,0.498652500,1
#4 linear-control,45,2,1,5,0.498652500,1
#4 linear-control,45,2,2,2,0.166234000,1
#4 linear-control,45,2,2,3,0.332501333,1
#4 linear-control,45,2,2,4,0.332668333,1
#4 linear-control,45,2,2,5,0.332568333,1
#4 linear-control,45,2,3,2,0.083267167,1
#4 linear-control,45,2,3,3,0.153532385,1
#4 linear-control,45,2,3,4,0.166334542,1
#4 linear-control,45,2,3,5,0.199561400,1
#4 linear-control,45,2,4,2,0.199521000,1
#4 linear-control,45,2,4,3,0.199620800,1
#4 linear-control,45,2,4,4,0.199660900,1
#4 linear-control,45,2,4,5,0.199561400,1
#4 linear-control,45,2,5,2,0.166384333,1
#4 linear-control,45,2,5,3,0.166483750,1
#4 linear-control,45,2,5,4,0.166483750,1
#4 linear-control,45,2,5,5,0.166384750,1
#4 linear-control,46,2,0,2,0.996806000,1
#4 linear-control,46,2,0,3,0.996806000,1
#4 linear-control,46,2,0,4,0.996806000,1
#4 linear-control,46,2,0,5,0.830922500,1
#4 linear-control,46,2,1,2,0.498453500,1
#4 linear-control,46,2,1,3,0.498452500,1
#4 linear-control,46,2,1,4,0.498502500,1
#4 linear-control,46,2,1,5,0.498502500,1
#4 linear-control,46,2,2,2,0.166200667,1
#4 linear-control,46,2,2,3,0.332434667,1
#4 linear-control,46,2,2,4,0.332535667,1
#4 linear-control,46,2,2,5,0.332335333,1
#4 linear-control,46,2,3,2,0.083267167,1
#4 linear-control,46,2,3,3,0.153532385,1
#4 linear-control,46,2,3,4,0.166334542,1
#4 linear-control,46,2,3,5,0.199461400,1
#4 linear-control,46,2,4,2,0.199422000,1
#4 linear-control,46,2,4,3,0.199521800,1
#4 linear-control,46,2,4,4,0.199561400,1
#4 linear-control,46,2,4,5,0.199461400,1
#4 linear-control,46,2,5,2,0.166384333,1
#4 linear-control,46,2,5,3,0.166483750,1
#4 linear-control,46,2,5,4,0.166483750,1
#4 linear-control,46,2,5,5,0.166384750,1
#4 linear-control,47,2,0,2,0.996806000,1
#4 linear-control,47,2,0,3,0.996806000,1
#4 linear-control,47,2,0,4,0.996806000,1
#4 linear-control,47,2,0,5,0.830922500,1
#4 linear-control,47,2,1,2,0.498453500,1
#4 linear-control,47,2,1,3,0.498452500,1
#4 linear-control,47,2,1,4,0.498502500,1
#4 linear-control,47,2,1,5,0.498502500,1
#4 linear-control,47,2,2,2,0.166200667,1
#4 linear-control,47,2,2,3,0.332434667,1
#4 linear-control,47,2,2,4,0.332535667,1
#4 linear-control,47,2,2,5,0.332335333,1
#4 linear-control,47,2,3,2,0.083267167,1
#4 linear-control,47,2,3,3,0.153532385,1
#4 linear-control,47,2,3,4,0.166334542,1
#4 linear-control,47,2,3,5,0.199461400,1
#4 linear-control,47,2,4,2,0.199422000,1
#4 linear-control,47,2,4,3,0.199521800,1
#4 linear-control,47,2,4,4,0.199561400,1
#4 linear-control,47,2,4,5,0.199461400,1
#4 linear-control,47,2,5,2,0.166384333,1
#4 linear-control,47,2,5,3,0.166483750,1
#4 linear-control,47,2,5,4,0.166483750,1
#4 linear-control,47,2,5,5,0.166384750,1
#4 linear-control,48,2,0,2,0.996806000,1
#4 linear-control,48,2,0,3,0.996806000,1
#4 linear-control,48,2,0,4,0.996806000,1
#4 linear-control,48,2,0,5,0.830922500,1
#4 linear-control,48,2,1,2,0.498453500,1
#4 linear-control,48,2,1,3,0.498452500,1
#4 linear-control,48,2,1,4,0.498502500,1
#4 linear-control,48,2,1,5,0.498502500,1
#4 linear-control,48,2,2,2,0.166200667,1
#4 linear-control,48,2,2,3,0.332434667,1
#4 linear-control,48,2,2,4,0.332535667,1
#4 linear-control,48,2,2,5,0.332335333,1
#4 linear-control,48,2,3,2,0.083217208,1
#4 linear-control,48,2,3,3,0.153532308,1
#4 linear-control,48,2,3,4,0.166334542,1
#4 linear-control,48,2,3,5,0.199461400,1
#4 linear-control,48,2,4,2,0.199422000,1
#4 linear-control,48,2,4,3,0.199521800,1
#4 linear-control,48,2,4,4,0.199561400,1
#4 linear-control,48,2,4,5,0.199461400,1
#4 linear-control,48,2,5,2,0.166384333,1
#4 linear-control,48,2,5,3,0.166483750,1
#4 linear-control,48,2,5,4,0.166483750,1
#4 linear-control,48,2,5,5,0.166384750,1
#4 linear-control,49,2,0,2,0.996207000,1
#4 linear-control,49,2,0,3,0.996206500,1
#4 linear-control,49,2,0,4,0.996206500,1
#4 linear-control,49,2,0,5,0.830422500,1
#4 linear-control,49,2,1,2,0.498154000,1
#4 linear-control,49,2,1,3,0.498153500,1
#4 linear-control,49,2,1,4,0.498203500,1
#4 linear-control,49,2,1,5,0.498203500,1
#4 linear-control,49,2,2,2,0.166134083,1
#4 linear-control,49,2,2,3,0.332301500,1
#4 linear-control,49,2,2,4,0.332302500,1
#4 linear-control,49,2,2,5,0.332202000,1
#4 linear-control,49,2,3,2,0.083217208,1
#4 linear-control,49,2,3,3,0.153517077,1
#4 linear-control,49,2,3,4,0.166334542,1
#4 linear-control,49,2,3,5,0.199361400,1
#4 linear-control,49,2,4,2,0.199322200,1
#4 linear-control,49,2,4,3,0.199321600,1
#4 linear-control,49,2,4,4,0.199461400,1
#4 linear-control,49,2,4,5,0.199361400,1
#4 linear-control,49,2,5,2,0.166384333,1
#4 linear-control,49,2,5,3,0.166483750,1
#4 linear-control,49,2,5,4,0.166483750,1
#4 linear-control,49,2,5,5,0.166384750,1
#4 linear-control,50,2,0,2,0.995309000,1
#4 linear-control,50,2,0,3,0.995407000,1
#4 linear-control,50,2,0,4,0.995407000,1
#4 linear-control,50,2,0,5,0.829822500,1
#4 linear-control,50,2,1,2,0.497804500,1
#4 linear-control,50,2,1,3,0.497703500,1
#4 linear-control,50,2,1,4,0.497754500,1
#4 linear-control,50,2,1,5,0.497704000,1
#4 linear-control,50,2,2,2,0.166051000,1
#4 linear-control,50,2,2,3,0.332135000,1
#4 linear-control,50,2,2,4,0.332235333,1
#4 linear-control,50,2,2,5,0.332068333,1
#4 linear-control,50,2,3,2,0.083213042,1
#4 linear-control,50,2,3,3,0.153509385,1
#4 linear-control,50,2,3,4,0.166334542,1
#4 linear-control,50,2,3,5,0.199261400,1
#4 linear-control,50,2,4,2,0.199232200,1
#4 linear-control,50,2,4,3,0.199261400,1
#4 linear-control,50,2,4,4,0.199461400,1
#4 linear-control,50,2,4,5,0.199261400,1
#4 linear-control,50,2,5,2,0.166384000,1
#4 linear-control,50,2,5,3,0.166483750,1
#4 linear-control,50,2,5,4,0.166483750,1
#4 linear-control,50,2,5,5,0.166384750,1
#4 linear-control,51,2,0,2,0.995010000,1
#4 linear-control,51,2,0,3,0.995108000,1
#4 linear-control,51,2,0,4,0.995108000,1
#4 linear-control,51,2,0,5,0.829623500,1
#4 linear-control,51,2,1,2,0.497655000,1
#4 linear-control,51,2,1,3,0.497554000,1
#4 linear-control,51,2,1,4,0.497554500,1
#4 linear-control,51,2,1,5,0.497604000,1
#4 linear-control,51,2,2,2,0.166051000,1
#4 linear-control,51,2,2,3,0.332135000,1
#4 linear-control,51,2,2,4,0.332235333,1
#4 linear-control,51,2,2,5,0.332068333,1
#4 linear-control,51,2,3,2,0.083213042,1
#4 linear-control,51,2,3,3,0.153486308,1
#4 linear-control,51,2,3,4,0.166334542,1
#4 linear-control,51,2,3,5,0.199231300,1
#4 linear-control,51,2,4,2,0.199202400,1
#4 linear-control,51,2,4,3,0.199221600,1
#4 linear-control,51,2,4,4,0.199341400,1
#4 linear-control,51,2,4,5,0.199231450,1
#4 linear-control,51,2,5,2,0.166250667,1
#4 linear-control,51,2,5,3,0.166483750,1
#4 linear-control,51,2,5,4,0.166483750,1
#4 linear-control,51,2,5,5,0.166384750,1
#4 linear-control,52,2,0,2,0.994810000,1
#4 linear-control,52,2,0,3,0.995007000,1
#4 linear-control,52,2,0,4,0.995007000,1
#4 linear-control,52,2,0,5,0.829522500,1
#4 linear-control,52,2,1,2,0.497555000,1
#4 linear-control,52,2,1,3,0.497454000,1
#4 linear-control,52,2,1,4,0.497454500,1
#4 linear-control,52,2,1,5,0.497604000,1
#4 linear-control,52,2,2,2,0.166017500,1
#4 linear-control,52,2,2,3,0.332036000,1
#4 linear-control,52,2,2,4,0.332135333,1
#4 linear-control,52,2,2,5,0.332068333,1
#4 linear-control,52,2,3,2,0.083179708,1
#4 linear-control,52,2,3,3,0.138559917,1
#4 linear-control,52,2,3,4,0.166334542,1
#4 linear-control,52,2,3,5,0.199231300,1
#4 linear-control,52,2,4,2,0.199142267,1
#4 linear-control,52,2,4,3,0.199181600,1
#4 linear-control,52,2,4,4,0.199341400,1
#4 linear-control,52,2,4,5,0.199231450,1
#4 linear-control,52,2,5,2,0.166250667,1
#4 linear-control,52,2,5,3,0.166367167,1
#4 linear-control,52,2,5,4,0.166367167,1
#4 linear-control,52,2,5,5,0.166384750,1
#4 linear-control,53,2,0,2,0.994310000,1
#4 linear-control,53,2,0,3,0.994507000,1
#4 linear-control,53,2,0,4,0.994508000,1
#4 linear-control,53,2,0,5,0.829122500,1
#4 linear-control,53,2,1,2,0.497155500,1
#4 linear-control,53,2,1,3,0.497154500,1
#4 linear-control,53,2,1,4,0.497154500,1
#4 linear-control,53,2,1,5,0.497353500,1
#4 linear-control,53,2,2,2,0.165818500,1
#4 linear-control,53,2,2,3,0.331702667,1
#4 linear-control,53,2,2,4,0.331802000,1
#4 linear-control,53,2,2,5,0.331818333,1
#4 linear-control,53,2,3,2,0.073908037,1
#4 linear-control,53,2,3,3,0.138532278,1
#4 linear-control,53,2,3,4,0.151056030,1
#4 linear-control,53,2,3,5,0.199061600,1
#4 linear-control,53,2,4,2,0.199008933,1
#4 linear-control,53,2,4,3,0.199081800,1
#4 linear-control,53,2,4,4,0.199181600,1
#4 linear-control,53,2,4,5,0.199061600,1
#4 linear-control,53,2,5,2,0.166151167,1
#4 linear-control,53,2,5,3,0.166283833,1
#4 linear-control,53,2,5,4,0.166283833,1
#4 linear-control,53,2,5,5,0.166284833,1
#4 linear-control,54,2,0,2,0.994310000,1
#4 linear-control,54,2,0,3,0.994507000,1
#4 linear-control,54,2,0,4,0.904270455,1
#4 linear-control,54,2,0,5,0.829122500,1
#4 linear-control,54,2,1,2,0.331536667,1
#4 linear-control,54,2,1,3,0.331535667,1
#4 linear-control,54,2,1,4,0.497154500,1
#4 linear-control,54,2,1,5,0.497353500,1
#4 linear-control,54,2,2,2,0.165818500,1
#4 linear-control,54,2,2,3,0.331702667,1
#4 linear-control,54,2,2,4,0.331802000,1
#4 linear-control,54,2,2,5,0.331818333,1
#4 linear-control,54,2,3,2,0.073908037,1
#4 linear-control,54,2,3,3,0.138532278,1
#4 linear-control,54,2,3,4,0.151056030,1
#4 linear-control,54,2,3,5,0.199061600,1
#4 linear-control,54,2,4,2,0.199008933,1
#4 linear-control,54,2,4,3,0.199081800,1
#4 linear-control,54,2,4,4,0.199181600,1
#4 linear-control,54,2,4,5,0.199061600,1
#4 linear-control,54,2,5,2,0.166151167,1
#4 linear-control,54,2,5,3,0.166283833,1
#4 linear-control,54,2,5,4,0.166283833,1
#4 linear-control,54,2,5,5,0.166284833,1
#4 linear-control,55,2,0,2,0.994308000,1
#4 linear-control,55,2,0,3,0.994307000,1
#4 linear-control,55,2,0,4,0.899711262,1
#4 linear-control,55,2,0,5,0.808081437,1
#4 linear-control,55,2,1,2,0.331536667,1
#4 linear-control,55,2,1,3,0.331535381,1
#4 linear-control,55,2,1,4,0.497153833,1
#4 linear-control,55,2,1,5,0.497353167,1
#4 linear-control,55,2,2,2,0.165818500,1
#4 linear-control,55,2,2,3,0.331636333,1
#4 linear-control,55,2,2,4,0.331702333,1
#4 linear-control,55,2,2,5,0.331818333,1
#4 linear-control,55,2,3,2,0.073908037,1
#4 linear-control,55,2,3,3,0.138532278,1
#4 linear-control,55,2,3,4,0.151056030,1
#4 linear-control,55,2,3,5,0.165768167,1
#4 linear-control,55,2,4,2,0.124427000,1
#4 linear-control,55,2,4,3,0.124426500,1
#4 linear-control,55,2,4,4,0.149311450,1
#4 linear-control,55,2,4,5,0.165768333,1
#4 linear-control,55,2,5,2,0.130009826,1
#4 linear-control,55,2,5,3,0.147221678,1
#4 linear-control,55,2,5,4,0.147221678,1
#4 linear-control,55,2,5,5,0.147738407,1
#4 linear-control,56,2,0,2,0.994308000,1
#4 linear-control,56,2,0,3,0.994307000,1
#4 linear-control,56,2,0,4,0.899711262,1
#4 linear-control,56,2,0,5,0.808081438,1
#4 linear-control,56,2,1,2,0.331536667,1
#4 linear-control,56,2,1,3,0.331535381,1
#4 linear-control,56,2,1,4,0.497153833,1
#4 linear-control,56,2,1,5,0.497353167,1
#4 linear-control,56,2,2,2,0.165818500,1
#4 linear-control,56,2,2,3,0.331636333,1
#4 linear-control,56,2,2,4,0.331702333,1
#4 linear-control,56,2,2,5,0.331818333,1
#4 linear-control,56,2,3,2,0.073908037,1
#4 linear-control,56,2,3,3,0.138532278,1
#4 linear-control,56,2,3,4,0.151055530,1
#4 linear-control,56,2,3,5,0.165768167,1
#4 linear-control,56,2,4,2,0.107669216,1
#4 linear-control,56,2,4,3,0.119457560,1
#4 linear-control,56,2,4,4,0.142187143,1
#4 linear-control,56,2,4,5,0.165768333,1
#4 linear-control,56,2,5,2,0.124588625,1
#4 linear-control,56,2,5,3,0.147221678,1
#4 linear-control,56,2,5,4,0.147221678,1
#4 linear-control,56,2,5,5,0.147738407,1
#4 linear-control,57,2,0,2,0.994308000,1
#4 linear-control,57,2,0,3,0.994307000,1
#4 linear-control,57,2,0,4,0.899711262,1
#4 linear-control,57,2,0,5,0.808081438,1
#4 linear-control,57,2,1,2,0.331536667,1
#4 linear-control,57,2,1,3,0.331535381,1
#4 linear-control,57,2,1,4,0.497153833,1
#4 linear-control,57,2,1,5,0.497353167,1
#4 linear-control,57,2,2,2,0.165818500,1
#4 linear-control,57,2,2,3,0.331636333,1
#4 linear-control,57,2,2,4,0.331702333,1
#4 linear-control,57,2,2,5,0.331818333,1
#4 linear-control,57,2,3,2,0.073900630,1
#4 linear-control,57,2,3,3,0.138532278,1
#4 linear-control,57,2,3,4,0.151050955,1
#4 linear-control,57,2,3,5,0.165768167,1
#4 linear-control,57,2,4,2,0.107663865,1
#4 linear-control,57,2,4,3,0.119457560,1
#4 linear-control,57,2,4,4,0.142187143,1
#4 linear-control,57,2,4,5,0.165768333,1
#4 linear-control,57,2,5,2,0.124588625,1
#4 linear-control,57,2,5,3,0.147221678,1
#4 linear-control,57,2,5,4,0.147221678,1
#4 linear-control,57,2,5,5,0.147738407,1
#4 linear-control,58,2,0,2,0.994308000,1
#4 linear-control,58,2,0,3,0.994307000,1
#4 linear-control,58,2,0,4,0.899711262,1
#4 linear-control,58,2,0,5,0.808081437,1
#4 linear-control,58,2,1,2,0.331536667,1
#4 linear-control,58,2,1,3,0.331535381,1
#4 linear-control,58,2,1,4,0.497153833,1
#4 linear-control,58,2,1,5,0.497353167,1
#4 linear-control,58,2,2,2,0.165818500,1
#4 linear-control,58,2,2,3,0.331636333,1
#4 linear-control,58,2,2,4,0.331702333,1
#4 linear-control,58,2,2,5,0.331818333,1
#4 linear-control,58,2,3,2,0.073900630,1
#4 linear-control,58,2,3,3,0.138532278,1
#4 linear-control,58,2,3,4,0.151050955,1
#4 linear-control,58,2,3,5,0.165768167,1
#4 linear-control,58,2,4,2,0.107663865,1
#4 linear-control,58,2,4,3,0.119457560,1
#4 linear-control,58,2,4,4,0.142187143,1
#4 linear-control,58,2,4,5,0.165768333,1
#4 linear-control,58,2,5,2,0.119636880,1
#4 linear-control,58,2,5,3,0.147221678,1
#4 linear-control,58,2,5,4,0.147221678,1
#4 linear-control,58,2,5,5,0.147738407,1
#4 linear-control,59,2,0,2,0.994308000,1
#4 linear-control,59,2,0,3,0.994307000,1
#4 linear-control,59,2,0,4,0.895026400,1
#4 linear-control,59,2,0,5,0.805154024,1
#4 linear-control,59,2,1,2,0.331536667,1
#4 linear-control,59,2,1,3,0.331535381,1
#4 linear-control,59,2,1,4,0.497153833,1
#4 linear-control,59,2,1,5,0.497353167,1
#4 linear-control,59,2,2,2,0.165818500,1
#4 linear-control,59,2,2,3,0.331636333,1
#4 linear-control,59,2,2,4,0.331702333,1
#4 linear-control,59,2,2,5,0.331818333,1
#4 linear-control,59,2,3,2,0.073900630,1
#4 linear-control,59,2,3,3,0.138532278,1
#4 linear-control,59,2,3,4,0.151050955,1
#4 linear-control,59,2,3,5,0.165768167,1
#4 linear-control,59,2,4,2,0.107663865,1
#4 linear-control,59,2,4,3,0.119457560,1
#4 linear-control,59,2,4,4,0.142187143,1
#4 linear-control,59,2,4,5,0.165768333,1
#4 linear-control,59,2,5,2,0.119636880,1
#4 linear-control,59,2,5,3,0.146747412,1
#4 linear-control,59,2,5,4,0.146747412,1
#4 linear-control,59,2,5,5,0.147738407,1
#4 linear-control,60,2,0,2,0.994308000,1
#4 linear-control,60,2,0,3,0.994307000,1
#4 linear-control,60,2,0,4,0.895026400,1
#4 linear-control,60,2,0,5,0.805154024,1
#4 linear-control,60,2,1,2,0.331536667,1
#4 linear-control,60,2,1,3,0.331535381,1
#4 linear-control,60,2,1,4,0.497153833,1
#4 linear-control,60,2,1,5,0.497353167,1
#4 linear-control,60,2,2,2,0.165818500,1
#4 linear-control,60,2,2,3,0.331636333,1
#4 linear-control,60,2,2,4,0.331702333,1
#4 linear-control,60,2,2,5,0.331818333,1
#4 linear-control,60,2,3,2,0.073900630,1
#4 linear-control,60,2,3,3,0.138532278,1
#4 linear-control,60,2,3,4,0.151050955,1
#4 linear-control,60,2,3,5,0.165768167,1
#4 linear-control,60,2,4,2,0.107663865,1
#4 linear-control,60,2,4,3,0.119457560,1
#4 linear-control,60,2,4,4,0.142187143,1
#4 linear-control,60,2,4,5,0.165768333,1
#4 linear-control,60,2,5,2,0.119636880,1
#4 linear-control,60,2,5,3,0.142614571,1
#4 linear-control,60,2,5,4,0.146747412,1
#4 linear-control,60,2,5,5,0.147738407,1
#4 linear-control,61,2,0,2,0.994308000,1
#4 linear-control,61,2,0,3,0.994307000,1
#4 linear-control,61,2,0,4,0.895026400,1
#4 linear-control,61,2,0,5,0.805154024,1
#4 linear-control,61,2,1,2,0.331536667,1
#4 linear-control,61,2,1,3,0.331535333,1
#4 linear-control,61,2,1,4,0.497153833,1
#4 linear-control,61,2,1,5,0.497353167,1
#4 linear-control,61,2,2,2,0.165818500,1
#4 linear-control,61,2,2,3,0.331636333,1
#4 linear-control,61,2,2,4,0.331702333,1
#4 linear-control,61,2,2,5,0.331635333,1
#4 linear-control,61,2,3,2,0.068828069,1
#4 linear-control,61,2,3,3,0.138531486,1
#4 linear-control,61,2,3,4,0.142457971,1
#4 linear-control,61,2,3,5,0.165768167,1
#4 linear-control,61,2,4,2,0.104838474,1
#4 linear-control,61,2,4,3,0.119457500,1
#4 linear-control,61,2,4,4,0.142187143,1
#4 linear-control,61,2,4,5,0.165768333,1
#4 linear-control,61,2,5,2,0.119636880,1
#4 linear-control,61,2,5,3,0.142614571,1
#4 linear-control,61,2,5,4,0.146747353,1
#4 linear-control,61,2,5,5,0.146648441,1
#4 linear-control,62,2,0,2,0.994308000,1
#4 linear-control,62,2,0,3,0.994307000,1
#4 linear-control,62,2,0,4,0.895026400,1
#4 linear-control,62,2,0,5,0.805154024,1
#4 linear-control,62,2,1,2,0.331536667,1
#4 linear-control,62,2,1,3,0.331535333,1
#4 linear-control,62,2,1,4,0.497153833,1
#4 linear-control,62,2,1,5,0.497353167,1
#4 linear-control,62,2,2,2,0.165818500,1
#4 linear-control,62,2,2,3,0.331636333,1
#4 linear-control,62,2,2,4,0.331702333,1
#4 linear-control,62,2,2,5,0.331635333,1
#4 linear-control,62,2,3,2,0.068828069,1
#4 linear-control,62,2,3,3,0.138531403,1
#4 linear-control,62,2,3,4,0.142457971,1
#4 linear-control,62,2,3,5,0.165768167,1
#4 linear-control,62,2,4,2,0.104838474,1
#4 linear-control,62,2,4,3,0.119457480,1
#4 linear-control,62,2,4,4,0.142187143,1
#4 linear-control,62,2,4,5,0.165768333,1
#4 linear-control,62,2,5,2,0.119636880,1
#4 linear-control,62,2,5,3,0.142614571,1
#4 linear-control,62,2,5,4,0.146747353,1
#4 linear-control,62,2,5,5,0.146648441,1
#4 linear-control,63,2,0,2,0.994308000,1
#4 linear-control,63,2,0,3,0.994307000,1
#4 linear-control,63,2,0,4,0.895026400,1
#4 linear-control,63,2,0,5,0.805154024,1
#4 linear-control,63,2,1,2,0.331536667,1
#4 linear-control,63,2,1,3,0.331535333,1
#4 linear-control,63,2,1,4,0.497153833,1
#4 linear-control,63,2,1,5,0.497353167,1
#4 linear-control,63,2,2,2,0.165818500,1
#4 linear-control,63,2,2,3,0.331636333,1
#4 linear-control,63,2,2,4,0.331702333,1
#4 linear-control,63,2,2,5,0.331635333,1
#4 linear-control,63,2,3,2,0.068828069,1
#4 linear-control,63,2,3,3,0.138531403,1
#4 linear-control,63,2,3,4,0.142457971,1
#4 linear-control,63,2,3,5,0.165768167,1
#4 linear-control,63,2,4,2,0.104838474,1
#4 linear-control,63,2,4,3,0.119457480,1
#4 linear-control,63,2,4,4,0.142187143,1
#4 linear-control,63,2,4,5,0.165768333,1
#4 linear-control,63,2,5,2,0.119636880,1
#4 linear-control,63,2,5,3,0.142614571,1
#4 linear-control,63,2,5,4,0.146747353,1
#4 linear-control,63,2,5,5,0.146648441,1
#4 linear-control,64,2,0,2,0.993808000,1
#4 linear-control,64,2,0,3,0.993806500,1
#4 linear-control,64,2,0,4,0.894526200,1
#4 linear-control,64,2,0,5,0.804754024,1
#4 linear-control,64,2,1,2,0.331420167,1
#4 linear-control,64,2,1,3,0.331319167,1
#4 linear-control,64,2,1,4,0.496903833,1
#4 linear-control,64,2,1,5,0.497103167,1
#4 linear-control,64,2,2,2,0.099601600,1
#4 linear-control,64,2,2,3,0.199181700,1
#4 linear-control,64,2,2,4,0.265381733,1
#4 linear-control,64,2,2,5,0.267897519,1
#4 linear-control,64,2,3,2,0.068821103,1
#4 linear-control,64,2,3,3,0.138531403,1
#4 linear-control,64,2,3,4,0.142358571,1
#4 linear-control,64,2,3,5,0.165668167,1
#4 linear-control,64,2,4,2,0.104738474,1
#4 linear-control,64,2,4,3,0.119357480,1
#4 linear-control,64,2,4,4,0.142087143,1
#4 linear-control,64,2,4,5,0.165668333,1
#4 linear-control,64,2,5,2,0.119636880,1
#4 linear-control,64,2,5,3,0.142614571,1
#4 linear-control,64,2,5,4,0.146747353,1
#4 linear-control,64,2,5,5,0.146648441,1
#4 linear-control,65,2,0,2,0.993808000,1
#4 linear-control,65,2,0,3,0.993806500,1
#4 linear-control,65,2,0,4,0.894526200,1
#4 linear-control,65,2,0,5,0.804754024,1
#4 linear-control,65,2,1,2,0.331420167,1
#4 linear-control,65,2,1,3,0.331319167,1
#4 linear-control,65,2,1,4,0.496903833,1
#4 linear-control,65,2,1,5,0.497103167,1
#4 linear-control,65,2,2,2,0.099601600,1
#4 linear-control,65,2,2,3,0.199181700,1
#4 linear-control,65,2,2,4,0.265381733,1
#4 linear-control,65,2,2,5,0.267897519,1
#4 linear-control,65,2,3,2,0.068821103,1
#4 linear-control,65,2,3,3,0.138531403,1
#4 linear-control,65,2,3,4,0.142358571,1
#4 linear-control,65,2,3,5,0.165668167,1
#4 linear-control,65,2,4,2,0.104738474,1
#4 linear-control,65,2,4,3,0.119357480,1
#4 linear-control,65,2,4,4,0.142087143,1
#4 linear-control,65,2,4,5,0.165668333,1
#4 linear-control,65,2,5,2,0.119636880,1
#4 linear-control,65,2,5,3,0.121661780,1
#4 linear-control,65,2,5,4,0.146747353,1
#4 linear-control,65,2,5,5,0.146648441,1
#4 linear-control,66,2,0,2,0.993808000,1
#4 linear-control,66,2,0,3,0.993806500,1
#4 linear-control,66,2,0,4,0.894526200,1
#4 linear-control,66,2,0,5,0.804711286,1
#4 linear-control,66,2,1,2,0.331420167,1
#4 linear-control,66,2,1,3,0.331319167,1
#4 linear-control,66,2,1,4,0.496903833,1
#4 linear-control,66,2,1,5,0.497103167,1
#4 linear-control,66,2,2,2,0.099601600,1
#4 linear-control,66,2,2,3,0.199181700,1
#4 linear-control,66,2,2,4,0.265381733,1
#4 linear-control,66,2,2,5,0.267897519,1
#4 linear-control,66,2,3,2,0.068821103,1
#4 linear-control,66,2,3,3,0.136041795,1
#4 linear-control,66,2,3,4,0.142358571,1
#4 linear-control,66,2,3,5,0.156964474,1
#4 linear-control,66,2,4,2,0.104696684,1
#4 linear-control,66,2,4,3,0.117007353,1
#4 linear-control,66,2,4,4,0.142087143,1
#4 linear-control,66,2,4,5,0.156964579,1
#4 linear-control,66,2,5,2,0.119636880,1
#4 linear-control,66,2,5,3,0.119732760,1
#4 linear-control,66,2,5,4,0.142571643,1
#4 linear-control,66,2,5,5,0.142472762,1
#4 linear-control,67,2,0,2,0.993510000,1
#4 linear-control,67,2,0,3,0.993510000,1
#4 linear-control,67,2,0,4,0.894298700,1
#4 linear-control,67,2,0,5,0.804568762,1
#4 linear-control,67,2,1,2,0.331303000,1
#4 linear-control,67,2,1,3,0.331204500,1
#4 linear-control,67,2,1,4,0.496756000,1
#4 linear-control,67,2,1,5,0.496956000,1
#4 linear-control,67,2,2,2,0.099461700,1
#4 linear-control,67,2,2,3,0.199181700,1
#4 linear-control,67,2,2,4,0.236987286,1
#4 linear-control,67,2,2,5,0.266967220,1
#4 linear-control,67,2,3,2,0.068821103,1
#4 linear-control,67,2,3,3,0.135969455,1
#4 linear-control,67,2,3,4,0.142357905,1
#4 linear-control,67,2,3,5,0.156933211,1
#4 linear-control,67,2,4,2,0.104675842,1
#4 linear-control,67,2,4,3,0.105775957,1
#4 linear-control,67,2,4,4,0.142044571,1
#4 linear-control,67,2,4,5,0.156933316,1
#4 linear-control,67,2,5,2,0.117242059,1
#4 linear-control,67,2,5,3,0.117341941,1
#4 linear-control,67,2,5,4,0.142529143,1
#4 linear-control,67,2,5,5,0.142444429,1
#4 linear-control,68,2,0,2,0.993508500,1
#4 linear-control,68,2,0,3,0.993508000,1
#4 linear-control,68,2,0,4,0.875739669,1
#4 linear-control,68,2,0,5,0.793029778,1
#4 linear-control,68,2,1,2,0.331203000,1
#4 linear-control,68,2,1,3,0.331202500,1
#4 linear-control,68,2,1,4,0.496754417,1
#4 linear-control,68,2,1,5,0.496953667,1
#4 linear-control,68,2,2,2,0.082817750,1
#4 linear-control,68,2,2,3,0.199121700,1
#4 linear-control,68,2,2,4,0.226947614,1
#4 linear-control,68,2,2,5,0.266962341,1
#4 linear-control,68,2,3,2,0.066440933,1
#4 linear-control,68,2,3,3,0.117119039,1
#4 linear-control,68,2,3,4,0.132681533,1
#4 linear-control,68,2,3,5,0.145079474,1
#4 linear-control,68,2,4,2,0.090465364,1
#4 linear-control,68,2,4,3,0.103304078,1
#4 linear-control,68,2,4,4,0.132588100,1
#4 linear-control,68,2,4,5,0.145079847,1
#4 linear-control,68,2,5,2,0.110756444,1
#4 linear-control,68,2,5,3,0.110856333,1
#4 linear-control,68,2,5,4,0.128203119,1
#4 linear-control,68,2,5,5,0.132084877,1
#4 linear-control,69,2,0,2,0.993508500,1
#4 linear-control,69,2,0,3,0.993508000,1
#4 linear-control,69,2,0,4,0.874379340,1
#4 linear-control,69,2,0,5,0.772829111,1
#4 linear-control,69,2,1,2,0.331169833,1
#4 linear-control,69,2,1,3,0.331169333,1
#4 linear-control,69,2,1,4,0.496754417,1
#4 linear-control,69,2,1,5,0.496754250,1
#4 linear-control,69,2,2,2,0.082817750,1
#4 linear-control,69,2,2,3,0.198821800,1
#4 linear-control,69,2,2,4,0.223684675,1
#4 linear-control,69,2,2,5,0.265061967,1
#4 linear-control,69,2,3,2,0.066235067,1
#4 linear-control,69,2,3,3,0.082818375,1
#4 linear-control,69,2,3,4,0.132468333,1
#4 linear-control,69,2,3,5,0.139119440,1
#4 linear-control,69,2,4,2,0.069114153,1
#4 linear-control,69,2,4,3,0.102863552,1
#4 linear-control,69,2,4,4,0.132502067,1
#4 linear-control,69,2,4,5,0.139119480,1
#4 linear-control,69,2,5,2,0.110728667,1
#4 linear-control,69,2,5,3,0.110839667,1
#4 linear-control,69,2,5,4,0.122385596,1
#4 linear-control,69,2,5,5,0.127652718,1
#4 linear-control,70,2,0,2,0.993508500,1
#4 linear-control,70,2,0,3,0.993508000,1
#4 linear-control,70,2,0,4,0.874379340,1
#4 linear-control,70,2,0,5,0.772829000,1
#4 linear-control,70,2,1,2,0.331169833,1
#4 linear-control,70,2,1,3,0.331169333,1
#4 linear-control,70,2,1,4,0.496754417,1
#4 linear-control,70,2,1,5,0.496754250,1
#4 linear-control,70,2,2,2,0.082817583,1
#4 linear-control,70,2,2,3,0.198821800,1
#4 linear-control,70,2,2,4,0.223684088,1
#4 linear-control,70,2,2,5,0.265061967,1
#4 linear-control,70,2,3,2,0.066234711,1
#4 linear-control,70,2,3,3,0.082817583,1
#4 linear-control,70,2,3,4,0.132468333,1
#4 linear-control,70,2,3,5,0.139119360,1
#4 linear-control,70,2,4,2,0.069114028,1
#4 linear-control,70,2,4,3,0.102863534,1
#4 linear-control,70,2,4,4,0.132502067,1
#4 linear-control,70,2,4,5,0.139119430,1
#4 linear-control,70,2,5,2,0.110728667,1
#4 linear-control,70,2,5,3,0.110839667,1
#4 linear-control,70,2,5,4,0.122385526,1
#4 linear-control,70,2,5,5,0.127652718,1
#4 linear-control,71,2,0,2,0.993508500,1
#4 linear-control,71,2,0,3,0.993508000,1
#4 linear-control,71,2,0,4,0.874367220,1
#4 linear-control,71,2,0,5,0.772795556,1
#4 linear-control,71,2,1,2,0.331169833,1
#4 linear-control,71,2,1,3,0.331169333,1
#4 linear-control,71,2,1,4,0.496754417,1
#4 linear-control,71,2,1,5,0.496754250,1
#4 linear-control,71,2,2,2,0.082817583,1
#4 linear-control,71,2,2,3,0.198821800,1
#4 linear-control,71,2,2,4,0.223684088,1
#4 linear-control,71,2,2,5,0.265061967,1
#4 linear-control,71,2,3,2,0.066234711,1
#4 linear-control,71,2,3,3,0.082817583,1
#4 linear-control,71,2,3,4,0.132468333,1
#4 linear-control,71,2,3,5,0.139119360,1
#4 linear-control,71,2,4,2,0.069114028,1
#4 linear-control,71,2,4,3,0.102863534,1
#4 linear-control,71,2,4,4,0.132502067,1
#4 linear-control,71,2,4,5,0.139119430,1
#4 linear-control,71,2,5,2,0.104890368,1
#4 linear-control,71,2,5,3,0.105021632,1
#4 linear-control,71,2,5,4,0.113858429,1
#4 linear-control,71,2,5,5,0.124426375,1
#4 linear-control,72,2,0,2,0.993508500,1
#4 linear-control,72,2,0,3,0.993508000,1
#4 linear-control,72,2,0,4,0.874355280,1
#4 linear-control,72,2,0,5,0.772784556,1
#4 linear-control,72,2,1,2,0.331169833,1
#4 linear-control,72,2,1,3,0.331169333,1
#4 linear-control,72,2,1,4,0.496754417,1
#4 linear-control,72,2,1,5,0.496754250,1
#4 linear-control,72,2,2,2,0.082817583,1
#4 linear-control,72,2,2,3,0.198821800,1
#4 linear-control,72,2,2,4,0.223684087,1
#4 linear-control,72,2,2,5,0.265061967,1
#4 linear-control,72,2,3,2,0.066234711,1
#4 linear-control,72,2,3,3,0.082817583,1
#4 linear-control,72,2,3,4,0.132468333,1
#4 linear-control,72,2,3,5,0.139119360,1
#4 linear-control,72,2,4,2,0.069114028,1
#4 linear-control,72,2,4,3,0.102863534,1
#4 linear-control,72,2,4,4,0.132502067,1
#4 linear-control,72,2,4,5,0.139119430,1
#4 linear-control,72,2,5,2,0.093301094,1
#4 linear-control,72,2,5,3,0.093400812,1
#4 linear-control,72,2,5,4,0.093301719,1
#4 linear-control,72,2,5,5,0.124302000,1
#4 linear-control,73,2,0,2,0.993508500,1
#4 linear-control,73,2,0,3,0.993508000,1
#4 linear-control,73,2,0,4,0.874355280,1
#4 linear-control,73,2,0,5,0.772784556,1
#4 linear-control,73,2,1,2,0.331169833,1
#4 linear-control,73,2,1,3,0.331169333,1
#4 linear-control,73,2,1,4,0.496754417,1
#4 linear-control,73,2,1,5,0.496754250,1
#4 linear-control,73,2,2,2,0.082817583,1
#4 linear-control,73,2,2,3,0.198821800,1
#4 linear-control,73,2,2,4,0.223684088,1
#4 linear-control,73,2,2,5,0.265061967,1
#4 linear-control,73,2,3,2,0.066234711,1
#4 linear-control,73,2,3,3,0.082817583,1
#4 linear-control,73,2,3,4,0.132468333,1
#4 linear-control,73,2,3,5,0.139119360,1
#4 linear-control,73,2,4,2,0.069114028,1
#4 linear-control,73,2,4,3,0.102863534,1
#4 linear-control,73,2,4,4,0.132502067,1
#4 linear-control,73,2,4,5,0.139119430,1
#4 linear-control,73,2,5,2,0.093301094,1
#4 linear-control,73,2,5,3,0.093400812,1
#4 linear-control,73,2,5,4,0.093301719,1
#4 linear-control,73,2,5,5,0.124302000,1
#4 linear-control,74,2,0,2,0.993508500,1
#4 linear-control,74,2,0,3,0.993508000,1
#4 linear-control,74,2,0,4,0.874355280,1
#4 linear-control,74,2,0,5,0.772784556,1
#4 linear-control,74,2,1,2,0.331169833,1
#4 linear-control,74,2,1,3,0.331169333,1
#4 linear-control,74,2,1,4,0.496754417,1
#4 linear-control,74,2,1,5,0.496754250,1
#4 linear-control,74,2,2,2,0.082817583,1
#4 linear-control,74,2,2,3,0.198821800,1
#4 linear-control,74,2,2,4,0.223684088,1
#4 linear-control,74,2,2,5,0.265061967,1
#4 linear-control,74,2,3,2,0.066234700,1
#4 linear-control,74,2,3,3,0.082817583,1
#4 linear-control,74,2,3,4,0.132468333,1
#4 linear-control,74,2,3,5,0.139119360,1
#4 linear-control,74,2,4,2,0.069114028,1
#4 linear-control,74,2,4,3,0.102863534,1
#4 linear-control,74,2,4,4,0.132502067,1
#4 linear-control,74,2,4,5,0.139119390,1
#4 linear-control,74,2,5,2,0.093301094,1
#4 linear-control,74,2,5,3,0.093400813,1
#4 linear-control,74,2,5,4,0.093301719,1
#4 linear-control,74,2,5,5,0.124302000,1
#4 linear-control,75,2,0,2,0.993508500,1
#4 linear-control,75,2,0,3,0.993508000,1
#4 linear-control,75,2,0,4,0.874355280,1
#4 linear-control,75,2,0,5,0.772784556,1
#4 linear-control,75,2,1,2,0.331169833,1
#4 linear-control,75,2,1,3,0.331169333,1
#4 linear-control,75,2,1,4,0.496754417,1
#4 linear-control,75,2,1,5,0.496754250,1
#4 linear-control,75,2,2,2,0.082817583,1
#4 linear-control,75,2,2,3,0.198821800,1
#4 linear-control,75,2,2,4,0.223684088,1
#4 linear-control,75,2,2,5,0.265061967,1
#4 linear-control,75,2,3,2,0.066234700,1
#4 linear-control,75,2,3,3,0.082817583,1
#4 linear-control,75,2,3,4,0.132468333,1
#4 linear-control,75,2,3,5,0.139119360,1
#4 linear-control,75,2,4,2,0.069114028,1
#4 linear-control,75,2,4,3,0.102863534,1
#4 linear-control,75,2,4,4,0.132502067,1
#4 linear-control,75,2,4,5,0.139119390,1
#4 linear-control,75,2,5,2,0.093301094,1
#4 linear-control,75,2,5,3,0.093400812,1
#4 linear-control,75,2,5,4,0.093301719,1
#4 linear-control,75,2,5,5,0.124302000,1
#4 linear-control,76,2,0,2,0.993308500,1
#4 linear-control,76,2,0,3,0.993309000,1
#4 linear-control,76,2,0,4,0.869170250,1
#4 linear-control,76,2,0,5,0.772628889,1
#4 linear-control,76,2,1,2,0.331103000,1
#4 linear-control,76,2,1,3,0.331103000,1
#4 linear-control,76,2,1,4,0.496655750,1
#4 linear-control,76,2,1,5,0.496654250,1
#4 linear-control,76,2,2,2,0.082817583,1
#4 linear-control,76,2,2,3,0.198742200,1
#4 linear-control,76,2,2,4,0.215988609,1
#4 linear-control,76,2,2,5,0.264969033,1
#4 linear-control,76,2,3,2,0.066228067,1
#4 linear-control,76,2,3,3,0.082817583,1
#4 linear-control,76,2,3,4,0.132455133,1
#4 linear-control,76,2,3,5,0.139103360,1
#4 linear-control,76,2,4,2,0.069114028,1
#4 linear-control,76,2,4,3,0.102842845,1
#4 linear-control,76,2,4,4,0.132502067,1
#4 linear-control,76,2,4,5,0.139103430,1
#4 linear-control,76,2,5,2,0.093282437,1
#4 linear-control,76,2,5,3,0.093400812,1
#4 linear-control,76,2,5,4,0.093283062,1
#4 linear-control,76,2,5,5,0.124277125,1
#4 linear-control,77,2,0,2,0.993308500,1
#4 linear-control,77,2,0,3,0.993309000,1
#4 linear-control,77,2,0,4,0.869170250,1
#4 linear-control,77,2,0,5,0.772628889,1
#4 linear-control,77,2,1,2,0.331103000,1
#4 linear-control,77,2,1,3,0.331103000,1
#4 linear-control,77,2,1,4,0.496655750,1
#4 linear-control,77,2,1,5,0.496654250,1
#4 linear-control,77,2,2,2,0.082817583,1
#4 linear-control,77,2,2,3,0.198742200,1
#4 linear-control,77,2,2,4,0.215988609,1
#4 linear-control,77,2,2,5,0.264969033,1
#4 linear-control,77,2,3,2,0.066228067,1
#4 linear-control,77,2,3,3,0.082817583,1
#4 linear-control,77,2,3,4,0.132455133,1
#4 linear-control,77,2,3,5,0.139103360,1
#4 linear-control,77,2,4,2,0.069114028,1
#4 linear-control,77,2,4,3,0.102842845,1
#4 linear-control,77,2,4,4,0.132502067,1
#4 linear-control,77,2,4,5,0.139103430,1
#4 linear-control,77,2,5,2,0.093282437,1
#4 linear-control,77,2,5,3,0.093400812,1
#4 linear-control,77,2,5,4,0.093283062,1
#4 linear-control,77,2,5,5,0.124277125,1
#4 linear-control,78,2,0,2,0.993308500,1
#4 linear-control,78,2,0,3,0.993309000,1
#4 linear-control,78,2,0,4,0.869170250,1
#4 linear-control,78,2,0,5,0.772628889,1
#4 linear-control,78,2,1,2,0.331103000,1
#4 linear-control,78,2,1,3,0.331103000,1
#4 linear-control,78,2,1,4,0.496654750,1
#4 linear-control,78,2,1,5,0.496654250,1
#4 linear-control,78,2,2,2,0.082817417,1
#4 linear-control,78,2,2,3,0.198742200,1
#4 linear-control,78,2,2,4,0.215988522,1
#4 linear-control,78,2,2,5,0.264968700,1
#4 linear-control,78,2,3,2,0.066228067,1
#4 linear-control,78,2,3,3,0.082817542,1
#4 linear-control,78,2,3,4,0.132455133,1
#4 linear-control,78,2,3,5,0.139103360,1
#4 linear-control,78,2,4,2,0.069114028,1
#4 linear-control,78,2,4,3,0.102842845,1
#4 linear-control,78,2,4,4,0.132501800,1
#4 linear-control,78,2,4,5,0.139103430,1
#4 linear-control,78,2,5,2,0.093282438,1
#4 linear-control,78,2,5,3,0.093400813,1
#4 linear-control,78,2,5,4,0.093283063,1
#4 linear-control,78,2,5,5,0.124277125,1
#4 linear-control,79,2,0,2,0.993308500,1
#4 linear-control,79,2,0,3,0.993309000,1
#4 linear-control,79,2,0,4,0.869170250,1
#4 linear-control,79,2,0,5,0.772628889,1
#4 linear-control,79,2,1,2,0.331103000,1
#4 linear-control,79,2,1,3,0.331103000,1
#4 linear-control,79,2,1,4,0.496654750,1
#4 linear-control,79,2,1,5,0.496654250,1
#4 linear-control,79,2,2,2,0.082817417,1
#4 linear-control,79,2,2,3,0.198742200,1
#4 linear-control,79,2,2,4,0.215988522,1
#4 linear-control,79,2,2,5,0.264968700,1
#4 linear-control,79,2,3,2,0.066228067,1
#4 linear-control,79,2,3,3,0.082817542,1
#4 linear-control,79,2,3,4,0.132455133,1
#4 linear-control,79,2,3,5,0.139103360,1
#4 linear-control,79,2,4,2,0.069114028,1
#4 linear-control,79,2,4,3,0.102842845,1
#4 linear-control,79,2,4,4,0.132501800,1
#4 linear-control,79,2,4,5,0.139103430,1
#4 linear-control,79,2,5,2,0.093282437,1
#4 linear-control,79,2,5,3,0.093400812,1
#4 linear-control,79,2,5,4,0.093283063,1
#4 linear-control,79,2,5,5,0.124277125,1
#4 linear-control,80,2,0,2,0.993308500,1
#4 linear-control,80,2,0,3,0.993309000,1
#4 linear-control,80,2,0,4,0.869170250,1
#4 linear-control,80,2,0,5,0.772628889,1
#4 linear-control,80,2,1,2,0.331103000,1
#4 linear-control,80,2,1,3,0.331103000,1
#4 linear-control,80,2,1,4,0.496654750,1
#4 linear-control,80,2,1,5,0.496654250,1
#4 linear-control,80,2,2,2,0.082817417,1
#4 linear-control,80,2,2,3,0.198742200,1
#4 linear-control,80,2,2,4,0.215988522,1
#4 linear-control,80,2,2,5,0.264968700,1
#4 linear-control,80,2,3,2,0.066228067,1
#4 linear-control,80,2,3,3,0.082817533,1
#4 linear-control,80,2,3,4,0.132455133,1
#4 linear-control,80,2,3,5,0.139103360,1
#4 linear-control,80,2,4,2,0.069114028,1
#4 linear-control,80,2,4,3,0.102842793,1
#4 linear-control,80,2,4,4,0.132501800,1
#4 linear-control,80,2,4,5,0.139103430,1
#4 linear-control,80,2,5,2,0.093282438,1
#4 linear-control,80,2,5,3,0.093400813,1
#4 linear-control,80,2,5,4,0.093283062,1
#4 linear-control,80,2,5,5,0.124277125,1
#4 linear-control,81,2,0,2,0.993308500,1
#4 linear-control,81,2,0,3,0.993309000,1
#4 linear-control,81,2,0,4,0.869170250,1
#4 linear-control,81,2,0,5,0.772628889,1
#4 linear-control,81,2,1,2,0.331103000,1
#4 linear-control,81,2,1,3,0.331103000,1
#4 linear-control,81,2,1,4,0.496654750,1
#4 linear-control,81,2,1,5,0.496654250,1
#4 linear-control,81,2,2,2,0.082817417,1
#4 linear-control,81,2,2,3,0.198742200,1
#4 linear-control,81,2,2,4,0.215988522,1
#4 linear-control,81,2,2,5,0.264968700,1
#4 linear-control,81,2,3,2,0.066228067,1
#4 linear-control,81,2,3,3,0.082817533,1
#4 linear-control,81,2,3,4,0.132455133,1
#4 linear-control,81,2,3,5,0.139103360,1
#4 linear-control,81,2,4,2,0.069114028,1
#4 linear-control,81,2,4,3,0.102842793,1
#4 linear-control,81,2,4,4,0.132501800,1
#4 linear-control,81,2,4,5,0.139103430,1
#4 linear-control,81,2,5,2,0.093282438,1
#4 linear-control,81,2,5,3,0.093400813,1
#4 linear-control,81,2,5,4,0.093283063,1
#4 linear-control,81,2,5,5,0.124277125,1
#4 linear-control,82,2,0,2,0.993308500,1
#4 linear-control,82,2,0,3,0.993309000,1
#4 linear-control,82,2,0,4,0.869170250,1
#4 linear-control,82,2,0,5,0.772628889,1
#4 linear-control,82,2,1,2,0.331103000,1
#4 linear-control,82,2,1,3,0.331103000,1
#4 linear-control,82,2,1,4,0.496654750,1
#4 linear-control,82,2,1,5,0.496654250,1
#4 linear-control,82,2,2,2,0.082817417,1
#4 linear-control,82,2,2,3,0.198742200,1
#4 linear-control,82,2,2,4,0.215988522,1
#4 linear-control,82,2,2,5,0.264968700,1
#4 linear-control,82,2,3,2,0.066228067,1
#4 linear-control,82,2,3,3,0.082817533,1
#4 linear-control,82,2,3,4,0.132455133,1
#4 linear-control,82,2,3,5,0.139103360,1
#4 linear-control,82,2,4,2,0.069114028,1
#4 linear-control,82,2,4,3,0.102842793,1
#4 linear-control,82,2,4,4,0.132501800,1
#4 linear-control,82,2,4,5,0.139103430,1
#4 linear-control,82,2,5,2,0.093282438,1
#4 linear-control,82,2,5,3,0.093400813,1
#4 linear-control,82,2,5,4,0.093283063,1
#4 linear-control,82,2,5,5,0.124277125,1
#4 linear-control,83,2,0,2,0.993308500,1
#4 linear-control,83,2,0,3,0.993309000,1
#4 linear-control,83,2,0,4,0.869170250,1
#4 linear-control,83,2,0,5,0.772628889,1
#4 linear-control,83,2,1,2,0.331103000,1
#4 linear-control,83,2,1,3,0.331103000,1
#4 linear-control,83,2,1,4,0.496654750,1
#4 linear-control,83,2,1,5,0.496654250,1
#4 linear-control,83,2,2,2,0.082817417,1
#4 linear-control,83,2,2,3,0.198742200,1
#4 linear-control,83,2,2,4,0.215988522,1
#4 linear-control,83,2,2,5,0.264968700,1
#4 linear-control,83,2,3,2,0.066228067,1
#4 linear-control,83,2,3,3,0.082817533,1
#4 linear-control,83,2,3,4,0.132455133,1
#4 linear-control,83,2,3,5,0.139103360,1
#4 linear-control,83,2,4,2,0.069114028,1
#4 linear-control,83,2,4,3,0.102842793,1
#4 linear-control,83,2,4,4,0.132501800,1
#4 linear-control,83,2,4,5,0.139103430,1
#4 linear-control,83,2,5,2,0.093282437,1
#4 linear-control,83,2,5,3,0.093400812,1
#4 linear-control,83,2,5,4,0.093283063,1
#4 linear-control,83,2,5,5,0.124277125,1
#4 linear-control,84,2,0,2,0.993308500,1
#4 linear-control,84,2,0,3,0.993309000,1
#4 linear-control,84,2,0,4,0.869170250,1
#4 linear-control,84,2,0,5,0.772628889,1
#4 linear-control,84,2,1,2,0.124289125,1
#4 linear-control,84,2,1,3,0.187569358,1
#4 linear-control,84,2,1,4,0.496654750,1
#4 linear-control,84,2,1,5,0.496654250,1
#4 linear-control,84,2,2,2,0.082817417,1
#4 linear-control,84,2,2,3,0.198742200,1
#4 linear-control,84,2,2,4,0.215988522,1
#4 linear-control,84,2,2,5,0.264968700,1
#4 linear-control,84,2,3,2,0.066228067,1
#4 linear-control,84,2,3,3,0.082817533,1
#4 linear-control,84,2,3,4,0.132455133,1
#4 linear-control,84,2,3,5,0.139103360,1
#4 linear-control,84,2,4,2,0.069114028,1
#4 linear-control,84,2,4,3,0.102842793,1
#4 linear-control,84,2,4,4,0.132501800,1
#4 linear-control,84,2,4,5,0.139103430,1
#4 linear-control,84,2,5,2,0.093282437,1
#4 linear-control,84,2,5,3,0.093400812,1
#4 linear-control,84,2,5,4,0.093283062,1
#4 linear-control,84,2,5,5,0.124277125,1
#4 linear-control,85,2,0,2,0.993307500,1
#4 linear-control,85,2,0,3,0.993308000,1
#4 linear-control,85,2,0,4,0.869169250,1
#4 linear-control,85,2,0,5,0.772627889,1
#4 linear-control,85,2,1,2,0.124226625,1
#4 linear-control,85,2,1,3,0.187569358,1
#4 linear-control,85,2,1,4,0.496654000,1
#4 linear-control,85,2,1,5,0.496653625,1
#4 linear-control,85,2,2,2,0.082817250,1
#4 linear-control,85,2,2,3,0.198742000,1
#4 linear-control,85,2,2,4,0.203249136,1
#4 linear-control,85,2,2,5,0.264968450,1
#4 linear-control,85,2,3,2,0.066227567,1
#4 linear-control,85,2,3,3,0.082817367,1
#4 linear-control,85,2,3,4,0.132454800,1
#4 linear-control,85,2,3,5,0.139093380,1
#4 linear-control,85,2,4,2,0.068615276,1
#4 linear-control,85,2,4,3,0.102791069,1
#4 linear-control,85,2,4,4,0.132491450,1
#4 linear-control,85,2,4,5,0.139093430,1
#4 linear-control,85,2,5,2,0.093229406,1
#4 linear-control,85,2,5,3,0.093382156,1
#4 linear-control,85,2,5,4,0.093229875,1
#4 linear-control,85,2,5,5,0.124277125,1
#4 linear-control,86,2,0,2,0.993307500,1
#4 linear-control,86,2,0,3,0.993308000,1
#4 linear-control,86,2,0,4,0.869169250,1
#4 linear-control,86,2,0,5,0.772627889,1
#4 linear-control,86,2,1,2,0.124226625,1
#4 linear-control,86,2,1,3,0.187569358,1
#4 linear-control,86,2,1,4,0.496654000,1
#4 linear-control,86,2,1,5,0.496653625,1
#4 linear-control,86,2,2,2,0.082817250,1
#4 linear-control,86,2,2,3,0.198742000,1
#4 linear-control,86,2,2,4,0.203249136,1
#4 linear-control,86,2,2,5,0.264968450,1
#4 linear-control,86,2,3,2,0.066227567,1
#4 linear-control,86,2,3,3,0.082817367,1
#4 linear-control,86,2,3,4,0.132454800,1
#4 linear-control,86,2,3,5,0.139093380,1
#4 linear-control,86,2,4,2,0.068615276,1
#4 linear-control,86,2,4,3,0.102791069,1
#4 linear-control,86,2,4,4,0.132491450,1
#4 linear-control,86,2,4,5,0.139093430,1
#4 linear-control,86,2,5,2,0.093229406,1
#4 linear-control,86,2,5,3,0.093382156,1
#4 linear-control,86,2,5,4,0.093229875,1
#4 linear-control,86,2,5,5,0.124277125,1
#4 linear-control,87,2,0,2,0.992614000,1
#4 linear-control,87,2,0,3,0.992614000,1
#4 linear-control,87,2,0,4,0.868674250,1
#4 linear-control,87,2,0,5,0.772099667,1
#4 linear-control,87,2,1,2,0.116931059,1
#4 linear-control,87,2,1,3,0.185234661,1
#4 linear-control,87,2,1,4,0.496356500,1
#4 linear-control,87,2,1,5,0.496356500,1
#4 linear-control,87,2,2,2,0.066174567,1
#4 linear-control,87,2,2,3,0.162211755,1
#4 linear-control,87,2,2,4,0.203150136,1
#4 linear-control,87,2,2,5,0.248228500,1
#4 linear-control,87,2,3,2,0.066174767,1
#4 linear-control,87,2,3,3,0.066174800,1
#4 linear-control,87,2,3,4,0.132348533,1
#4 linear-control,87,2,3,5,0.132349000,1
#4 linear-control,87,2,4,2,0.066175000,1
#4 linear-control,87,2,4,3,0.066175000,1
#4 linear-control,87,2,4,4,0.132349183,1
#4 linear-control,87,2,4,5,0.132349100,1
#4 linear-control,87,2,5,2,0.062132312,1
#4 linear-control,87,2,5,3,0.062332187,1
#4 linear-control,87,2,5,4,0.062133187,1
#4 linear-control,87,2,5,5,0.124164563,1
#4 linear-control,88,2,0,2,0.992416000,1
#4 linear-control,88,2,0,3,0.992416000,1
#4 linear-control,88,2,0,4,0.839798308,1
#4 linear-control,88,2,0,5,0.771901667,1
#4 linear-control,88,2,1,2,0.104612211,1
#4 linear-control,88,2,1,3,0.180548091,1
#4 linear-control,88,2,1,4,0.496208000,1
#4 linear-control,88,2,1,5,0.496208000,1
#4 linear-control,88,2,2,2,0.062026250,1
#4 linear-control,88,2,2,3,0.124052625,1
#4 linear-control,88,2,2,4,0.186078438,1
#4 linear-control,88,2,2,5,0.248104438,1
#4 linear-control,88,2,3,2,0.058377912,1
#4 linear-control,88,2,3,3,0.062026438,1
#4 linear-control,88,2,3,4,0.116754824,1
#4 linear-control,88,2,3,5,0.124052250,1
#4 linear-control,88,2,4,2,0.062026563,1
#4 linear-control,88,2,4,3,0.062026563,1
#4 linear-control,88,2,4,4,0.124052563,1
#4 linear-control,88,2,4,5,0.124052437,1
#4 linear-control,88,2,5,2,0.058471588,1
#4 linear-control,88,2,5,3,0.058677412,1
#4 linear-control,88,2,5,4,0.058478412,1
#4 linear-control,88,2,5,5,0.110357556,1
#4 linear-control,89,2,0,2,0.992409000,1
#4 linear-control,89,2,0,3,0.992409500,1
#4 linear-control,89,2,0,4,0.839792308,1
#4 linear-control,89,2,0,5,0.771896167,1
#4 linear-control,89,2,1,2,0.104611711,1
#4 linear-control,89,2,1,3,0.180547091,1
#4 linear-control,89,2,1,4,0.496204500,1
#4 linear-control,89,2,1,5,0.496204250,1
#4 linear-control,89,2,2,2,0.062026250,1
#4 linear-control,89,2,2,3,0.124052625,1
#4 linear-control,89,2,2,4,0.186077438,1
#4 linear-control,89,2,2,5,0.248103437,1
#4 linear-control,89,2,3,2,0.058377441,1
#4 linear-control,89,2,3,3,0.062026437,1
#4 linear-control,89,2,3,4,0.116754382,1
#4 linear-control,89,2,3,5,0.124051250,1
#4 linear-control,89,2,4,2,0.062026063,1
#4 linear-control,89,2,4,3,0.062026062,1
#4 linear-control,89,2,4,4,0.124051562,1
#4 linear-control,89,2,4,5,0.124051375,1
#4 linear-control,89,2,5,2,0.058471588,1
#4 linear-control,89,2,5,3,0.058677412,1
#4 linear-control,89,2,5,4,0.058378412,1
#4 linear-control,89,2,5,5,0.110357056,1
#4 linear-control,90,2,0,2,0.992409000,1
#4 linear-control,90,2,0,3,0.992409500,1
#4 linear-control,90,2,0,4,0.839792308,1
#4 linear-control,90,2,0,5,0.765595843,1
#4 linear-control,90,2,1,2,0.104611711,1
#4 linear-control,90,2,1,3,0.180547091,1
#4 linear-control,90,2,1,4,0.496204500,1
#4 linear-control,90,2,1,5,0.496204250,1
#4 linear-control,90,2,2,2,0.062026250,1
#4 linear-control,90,2,2,3,0.124052625,1
#4 linear-control,90,2,2,4,0.186077438,1
#4 linear-control,90,2,2,5,0.248103437,1
#4 linear-control,90,2,3,2,0.058377441,1
#4 linear-control,90,2,3,3,0.062026437,1
#4 linear-control,90,2,3,4,0.116754382,1
#4 linear-control,90,2,3,5,0.124051250,1
#4 linear-control,90,2,4,2,0.062026062,1
#4 linear-control,90,2,4,3,0.062026062,1
#4 linear-control,90,2,4,4,0.124051562,1
#4 linear-control,90,2,4,5,0.124051375,1
#4 linear-control,90,2,5,2,0.058471588,1
#4 linear-control,90,2,5,3,0.058677412,1
#4 linear-control,90,2,5,4,0.058378412,1
#4 linear-control,90,2,5,5,0.085155700,1
#5 front-loaded,1,2,0,2,1.000000000,0
#5 front-loaded,1,2,0,3,1.000000000,0
#5 front-loaded,1,2,0,4,1.000000000,0
#5 front-loaded,1,2,0,5,0.999901000,1
#5 front-loaded,1,2,1,2,0.499950500,0
#5 front-loaded,1,2,1,3,0.499950500,0
#5 front-loaded,1,2,1,4,0.499950500,0
#5 front-loaded,1,2,1,5,0.499950500,1
#5 front-loaded,1,2,2,2,0.999901000,0
#5 front-loaded,1,2,2,3,0.999901000,0
#5 front-loaded,1,2,2,4,0.999901000,0
#5 front-loaded,1,2,2,5,0.999901000,0
#5 front-loaded,1,2,3,2,0.999901000,0
#5 front-loaded,1,2,3,3,0.999901000,0
#5 front-loaded,1,2,3,4,0.999901000,0
#5 front-loaded,1,2,3,5,0.999901000,0
#5 front-loaded,1,2,4,2,0.999901000,0
#5 front-loaded,1,2,4,3,0.999901000,0
#5 front-loaded,1,2,4,4,0.999901000,0
#5 front-loaded,1,2,4,5,0.999901000,0
#5 front-loaded,1,2,5,2,0.999901000,0
#5 front-loaded,1,2,5,3,0.999901000,0
#5 front-loaded,1,2,5,4,0.999901000,0
#5 front-loaded,1,2,5,5,0.999901000,0
#5 front-loaded,2,2,0,2,1.000000000,0
#5 front-loaded,2,2,0,3,1.000000000,0
#5 front-loaded,2,2,0,4,1.000000000,0
#5 front-loaded,2,2,0,5,0.999900500,1
#5 front-loaded,2,2,1,2,0.499950500,0
#5 front-loaded,2,2,1,3,0.499950500,0
#5 front-loaded,2,2,1,4,0.499950500,0
#5 front-loaded,2,2,1,5,0.499950500,1
#5 front-loaded,2,2,2,2,0.499950500,0
#5 front-loaded,2,2,2,3,0.499950500,0
#5 front-loaded,2,2,2,4,0.499950500,0
#5 front-loaded,2,2,2,5,0.499950500,1
#5 front-loaded,2,2,3,2,0.999900500,0
#5 front-loaded,2,2,3,3,0.999900500,0
#5 front-loaded,2,2,3,4,0.999900500,0
#5 front-loaded,2,2,3,5,0.999900500,0
#5 front-loaded,2,2,4,2,0.999900500,0
#5 front-loaded,2,2,4,3,0.999900500,0
#5 front-loaded,2,2,4,4,0.999900500,0
#5 front-loaded,2,2,4,5,0.999900500,0
#5 front-loaded,2,2,5,2,0.999900500,0
#5 front-loaded,2,2,5,3,0.999900500,0
#5 front-loaded,2,2,5,4,0.999900500,0
#5 front-loaded,2,2,5,5,0.999900500,0
#5 front-loaded,3,2,0,2,1.000000000,0
#5 front-loaded,3,2,0,3,1.000000000,0
#5 front-loaded,3,2,0,4,1.000000000,0
#5 front-loaded,3,2,0,5,0.999900333,1
#5 front-loaded,3,2,1,2,0.499950500,0
#5 front-loaded,3,2,1,3,0.499950500,0
#5 front-loaded,3,2,1,4,0.499950500,0
#5 front-loaded,3,2,1,5,0.499950500,1
#5 front-loaded,3,2,2,2,0.499950500,0
#5 front-loaded,3,2,2,3,0.499950500,0
#5 front-loaded,3,2,2,4,0.499950500,0
#5 front-loaded,3,2,2,5,0.499950500,1
#5 front-loaded,3,2,3,2,0.499950500,0
#5 front-loaded,3,2,3,3,0.499950500,0
#5 front-loaded,3,2,3,4,0.499950500,0
#5 front-loaded,3,2,3,5,0.499950500,1
#5 front-loaded,3,2,4,2,0.999900333,0
#5 front-loaded,3,2,4,3,0.999900333,0
#5 front-loaded,3,2,4,4,0.999900333,0
#5 front-loaded,3,2,4,5,0.999900333,0
#5 front-loaded,3,2,5,2,0.999900333,0
#5 front-loaded,3,2,5,3,0.999900333,0
#5 front-loaded,3,2,5,4,0.999900333,0
#5 front-loaded,3,2,5,5,0.999900333,0
#5 front-loaded,4,2,0,2,1.000000000,0
#5 front-loaded,4,2,0,3,1.000000000,0
#5 front-loaded,4,2,0,4,1.000000000,0
#5 front-loaded,4,2,0,5,0.999900250,1
#5 front-loaded,4,2,1,2,0.499950500,0
#5 front-loaded,4,2,1,3,0.499950500,0
#5 front-loaded,4,2,1,4,0.499950500,0
#5 front-loaded,4,2,1,5,0.499950500,1
#5 front-loaded,4,2,2,2,0.499950500,0
#5 front-loaded,4,2,2,3,0.499950500,0
#5 front-loaded,4,2,2,4,0.499950500,0
#5 front-loaded,4,2,2,5,0.499950500,1
#5 front-loaded,4,2,3,2,0.499950500,0
#5 front-loaded,4,2,3,3,0.499950500,0
#5 front-loaded,4,2,3,4,0.499950500,0
#5 front-loaded,4,2,3,5,0.499950500,1
#5 front-loaded,4,2,4,2,0.499950500,0
#5 front-loaded,4,2,4,3,0.499950500,0
#5 front-loaded,4,2,4,4,0.499950500,0
#5 front-loaded,4,2,4,5,0.499950500,1
#5 front-loaded,4,2,5,2,0.999900250,0
#5 front-loaded,4,2,5,3,0.999900250,0
#5 front-loaded,4,2,5,4,0.999900250,0
#5 front-loaded,4,2,5,5,0.999900250,0
#5 front-loaded,5,2,0,2,1.000000000,0
#5 front-loaded,5,2,0,3,1.000000000,0
#5 front-loaded,5,2,0,4,1.000000000,0
#5 front-loaded,5,2,0,5,0.833250167,1
#5 front-loaded,5,2,1,2,0.499950500,0
#5 front-loaded,5,2,1,3,0.499950500,0
#5 front-loaded,5,2,1,4,0.499950500,0
#5 front-loaded,5,2,1,5,0.499950500,1
#5 front-loaded,5,2,2,2,0.499950500,0
#5 front-loaded,5,2,2,3,0.499950500,0
#5 front-loaded,5,2,2,4,0.499950500,0
#5 front-loaded,5,2,2,5,0.499950500,1
#5 front-loaded,5,2,3,2,0.499950500,0
#5 front-loaded,5,2,3,3,0.499950500,0
#5 front-loaded,5,2,3,4,0.499950500,0
#5 front-loaded,5,2,3,5,0.499950500,1
#5 front-loaded,5,2,4,2,0.499950500,0
#5 front-loaded,5,2,4,3,0.499950500,0
#5 front-loaded,5,2,4,4,0.499950500,0
#5 front-loaded,5,2,4,5,0.499950500,1
#5 front-loaded,5,2,5,2,0.499950500,0
#5 front-loaded,5,2,5,3,0.499950500,0
#5 front-loaded,5,2,5,4,0.499950500,0
#5 front-loaded,5,2,5,5,0.499950500,1
#5 front-loaded,6,2,0,2,0.999901000,0
#5 front-loaded,6,2,0,3,0.999901000,0
#5 front-loaded,6,2,0,4,0.999901000,0
#5 front-loaded,6,2,0,5,0.833134667,1
#5 front-loaded,6,2,1,2,0.499950500,0
#5 front-loaded,6,2,1,3,0.499950500,0
#5 front-loaded,6,2,1,4,0.499950500,0
#5 front-loaded,6,2,1,5,0.499851500,1
#5 front-loaded,6,2,2,2,0.333234000,0
#5 front-loaded,6,2,2,3,0.333234000,0
#5 front-loaded,6,2,2,4,0.333234000,0
#5 front-loaded,6,2,2,5,0.333234000,1
#5 front-loaded,6,2,3,2,0.499900500,0
#5 front-loaded,6,2,3,3,0.499900500,0
#5 front-loaded,6,2,3,4,0.499900500,0
#5 front-loaded,6,2,3,5,0.499900500,1
#5 front-loaded,6,2,4,2,0.499900500,0
#5 front-loaded,6,2,4,3,0.499900500,0
#5 front-loaded,6,2,4,4,0.499900500,0
#5 front-loaded,6,2,4,5,0.499900500,1
#5 front-loaded,6,2,5,2,0.499900500,0
#5 front-loaded,6,2,5,3,0.499900500,0
#5 front-loaded,6,2,5,4,0.499900500,0
#5 front-loaded,6,2,5,5,0.499900500,1
#5 front-loaded,7,2,0,2,0.999900500,0
#5 front-loaded,7,2,0,3,0.999900500,0
#5 front-loaded,7,2,0,4,0.999900500,0
#5 front-loaded,7,2,0,5,0.833117667,1
#5 front-loaded,7,2,1,2,0.499950500,0
#5 front-loaded,7,2,1,3,0.499950500,0
#5 front-loaded,7,2,1,4,0.499950500,0
#5 front-loaded,7,2,1,5,0.499851000,1
#5 front-loaded,7,2,2,2,0.333234000,0
#5 front-loaded,7,2,2,3,0.333234000,0
#5 front-loaded,7,2,2,4,0.333234000,0
#5 front-loaded,7,2,2,5,0.333234000,1
#5 front-loaded,7,2,3,2,0.333234000,0
#5 front-loaded,7,2,3,3,0.333234000,0
#5 front-loaded,7,2,3,4,0.333234000,0
#5 front-loaded,7,2,3,5,0.333234000,1
#5 front-loaded,7,2,4,2,0.499900500,0
#5 front-loaded,7,2,4,3,0.499900500,0
#5 front-loaded,7,2,4,4,0.499900500,0
#5 front-loaded,7,2,4,5,0.499900500,1
#5 front-loaded,7,2,5,2,0.499900500,0
#5 front-loaded,7,2,5,3,0.499900500,0
#5 front-loaded,7,2,5,4,0.499900500,0
#5 front-loaded,7,2,5,5,0.499900500,1
#5 front-loaded,8,2,0,2,0.999900333,0
#5 front-loaded,8,2,0,3,0.999900333,0
#5 front-loaded,8,2,0,4,0.999900333,0
#5 front-loaded,8,2,0,5,0.833101000,1
#5 front-loaded,8,2,1,2,0.499950500,0
#5 front-loaded,8,2,1,3,0.499950500,0
#5 front-loaded,8,2,1,4,0.499950500,0
#5 front-loaded,8,2,1,5,0.499850833,1
#5 front-loaded,8,2,2,2,0.333234000,0
#5 front-loaded,8,2,2,3,0.333234000,0
#5 front-loaded,8,2,2,4,0.333234000,0
#5 front-loaded,8,2,2,5,0.333234000,1
#5 front-loaded,8,2,3,2,0.333234000,0
#5 front-loaded,8,2,3,3,0.333234000,0
#5 front-loaded,8,2,3,4,0.333234000,0
#5 front-loaded,8,2,3,5,0.333234000,1
#5 front-loaded,8,2,4,2,0.333234000,0
#5 front-loaded,8,2,4,3,0.333234000,0
#5 front-loaded,8,2,4,4,0.333234000,0
#5 front-loaded,8,2,4,5,0.333234000,1
#5 front-loaded,8,2,5,2,0.499900500,0
#5 front-loaded,8,2,5,3,0.499900500,0
#5 front-loaded,8,2,5,4,0.499900500,0
#5 front-loaded,8,2,5,5,0.499900500,1
#5 front-loaded,9,2,0,2,0.999900250,0
#5 front-loaded,9,2,0,3,0.999900250,0
#5 front-loaded,9,2,0,4,0.999900250,0
#5 front-loaded,9,2,0,5,0.833084417,1
#5 front-loaded,9,2,1,2,0.499950500,0
#5 front-loaded,9,2,1,3,0.499950500,0
#5 front-loaded,9,2,1,4,0.499950500,0
#5 front-loaded,9,2,1,5,0.499850750,1
#5 front-loaded,9,2,2,2,0.333234000,0
#5 front-loaded,9,2,2,3,0.333234000,0
#5 front-loaded,9,2,2,4,0.333234000,0
#5 front-loaded,9,2,2,5,0.333234000,1
#5 front-loaded,9,2,3,2,0.333234000,0
#5 front-loaded,9,2,3,3,0.333234000,0
#5 front-loaded,9,2,3,4,0.333234000,0
#5 front-loaded,9,2,3,5,0.333234000,1
#5 front-loaded,9,2,4,2,0.333234000,0
#5 front-loaded,9,2,4,3,0.333234000,0
#5 front-loaded,9,2,4,4,0.333234000,0
#5 front-loaded,9,2,4,5,0.333234000,1
#5 front-loaded,9,2,5,2,0.333234000,0
#5 front-loaded,9,2,5,3,0.333234000,0
#5 front-loaded,9,2,5,4,0.333234000,0
#5 front-loaded,9,2,5,5,0.333234000,1
#5 front-loaded,10,2,0,2,0.999702000,0
#5 front-loaded,10,2,0,3,0.999702000,0
#5 front-loaded,10,2,0,4,0.999702000,0
#5 front-loaded,10,2,0,5,0.832869500,1
#5 front-loaded,10,2,1,2,0.499900500,0
#5 front-loaded,10,2,1,3,0.499900500,0
#5 front-loaded,10,2,1,4,0.499900500,0
#5 front-loaded,10,2,1,5,0.499701500,1
#5 front-loaded,10,2,2,2,0.333234000,0
#5 front-loaded,10,2,2,3,0.333234000,0
#5 front-loaded,10,2,2,4,0.333234000,0
#5 front-loaded,10,2,2,5,0.333135000,1
#5 front-loaded,10,2,3,2,0.249850750,0
#5 front-loaded,10,2,3,3,0.249850750,0
#5 front-loaded,10,2,3,4,0.249850750,0
#5 front-loaded,10,2,3,5,0.249850750,1
#5 front-loaded,10,2,4,2,0.333200667,0
#5 front-loaded,10,2,4,3,0.333200667,0
#5 front-loaded,10,2,4,4,0.333200667,0
#5 front-loaded,10,2,4,5,0.333200667,1
#5 front-loaded,10,2,5,2,0.333200667,0
#5 front-loaded,10,2,5,3,0.333200667,0
#5 front-loaded,10,2,5,4,0.333200667,0
#5 front-loaded,10,2,5,5,0.333200667,1
#5 front-loaded,11,2,0,2,0.999701000,0
#5 front-loaded,11,2,0,3,0.999701000,0
#5 front-loaded,11,2,0,4,0.999701000,0
#5 front-loaded,11,2,0,5,0.832851833,1
#5 front-loaded,11,2,1,2,0.499900500,0
#5 front-loaded,11,2,1,3,0.499900500,0
#5 front-loaded,11,2,1,4,0.499900500,0
#5 front-loaded,11,2,1,5,0.499701500,1
#5 front-loaded,11,2,2,2,0.333234000,0
#5 front-loaded,11,2,2,3,0.333234000,0
#5 front-loaded,11,2,2,4,0.333234000,0
#5 front-loaded,11,2,2,5,0.333134500,1
#5 front-loaded,11,2,3,2,0.249850750,0
#5 front-loaded,11,2,3,3,0.249850750,0
#5 front-loaded,11,2,3,4,0.249850750,0
#5 front-loaded,11,2,3,5,0.249850750,1
#5 front-loaded,11,2,4,2,0.249850750,0
#5 front-loaded,11,2,4,3,0.249850750,0
#5 front-loaded,11,2,4,4,0.249850750,0
#5 front-loaded,11,2,4,5,0.249850750,1
#5 front-loaded,11,2,5,2,0.333200667,0
#5 front-loaded,11,2,5,3,0.333200667,0
#5 front-loaded,11,2,5,4,0.333200667,0
#5 front-loaded,11,2,5,5,0.333200667,1
#5 front-loaded,12,2,0,2,0.999701000,0
#5 front-loaded,12,2,0,3,0.999701000,0
#5 front-loaded,12,2,0,4,0.999701000,0
#5 front-loaded,12,2,0,5,0.832835167,1
#5 front-loaded,12,2,1,2,0.499900500,0
#5 front-loaded,12,2,1,3,0.499900500,0
#5 front-loaded,12,2,1,4,0.499900500,0
#5 front-loaded,12,2,1,5,0.499701500,1
#5 front-loaded,12,2,2,2,0.333234000,0
#5 front-loaded,12,2,2,3,0.333234000,0
#5 front-loaded,12,2,2,4,0.333234000,0
#5 front-loaded,12,2,2,5,0.333134333,1
#5 front-loaded,12,2,3,2,0.249850750,0
#5 front-loaded,12,2,3,3,0.249850750,0
#5 front-loaded,12,2,3,4,0.249850750,0
#5 front-loaded,12,2,3,5,0.249850750,1
#5 front-loaded,12,2,4,2,0.249850750,0
#5 front-loaded,12,2,4,3,0.249850750,0
#5 front-loaded,12,2,4,4,0.249850750,0
#5 front-loaded,12,2,4,5,0.249850750,1
#5 front-loaded,12,2,5,2,0.249850750,0
#5 front-loaded,12,2,5,3,0.249850750,0
#5 front-loaded,12,2,5,4,0.249850750,0
#5 front-loaded,12,2,5,5,0.249850750,1
#5 front-loaded,13,2,0,2,0.999701000,0
#5 front-loaded,13,2,0,3,0.999701000,0
#5 front-loaded,13,2,0,4,0.999701000,0
#5 front-loaded,13,2,0,5,0.832835167,1
#5 front-loaded,13,2,1,2,0.499900500,0
#5 front-loaded,13,2,1,3,0.499900500,0
#5 front-loaded,13,2,1,4,0.499900500,0
#5 front-loaded,13,2,1,5,0.499701500,1
#5 front-loaded,13,2,2,2,0.333234000,0
#5 front-loaded,13,2,2,3,0.333234000,0
#5 front-loaded,13,2,2,4,0.333234000,0
#5 front-loaded,13,2,2,5,0.333134333,1
#5 front-loaded,13,2,3,2,0.199880400,0
#5 front-loaded,13,2,3,3,0.199880400,0
#5 front-loaded,13,2,3,4,0.199880400,0
#5 front-loaded,13,2,3,5,0.199880400,1
#5 front-loaded,13,2,4,2,0.199880400,0
#5 front-loaded,13,2,4,3,0.199880400,0
#5 front-loaded,13,2,4,4,0.199880400,0
#5 front-loaded,13,2,4,5,0.199880400,1
#5 front-loaded,13,2,5,2,0.249850750,0
#5 front-loaded,13,2,5,3,0.249850750,0
#5 front-loaded,13,2,5,4,0.249850750,0
#5 front-loaded,13,2,5,5,0.249850750,1
#5 front-loaded,14,2,0,2,0.999304000,0
#5 front-loaded,14,2,0,3,0.999304000,0
#5 front-loaded,14,2,0,4,0.999304000,0
#5 front-loaded,14,2,0,5,0.832421500,1
#5 front-loaded,14,2,1,2,0.499751500,0
#5 front-loaded,14,2,1,3,0.499751500,0
#5 front-loaded,14,2,1,4,0.499751500,0
#5 front-loaded,14,2,1,5,0.499452500,1
#5 front-loaded,14,2,2,2,0.333167333,0
#5 front-loaded,14,2,2,3,0.333167333,0
#5 front-loaded,14,2,2,4,0.333167333,0
#5 front-loaded,14,2,2,5,0.332968333,1
#5 front-loaded,14,2,3,2,0.199880400,0
#5 front-loaded,14,2,3,3,0.199880400,0
#5 front-loaded,14,2,3,4,0.199880400,0
#5 front-loaded,14,2,3,5,0.199781400,1
#5 front-loaded,14,2,4,2,0.199880400,0
#5 front-loaded,14,2,4,3,0.199880400,0
#5 front-loaded,14,2,4,4,0.199880400,0
#5 front-loaded,14,2,4,5,0.199781400,1
#5 front-loaded,14,2,5,2,0.166484167,0
#5 front-loaded,14,2,5,3,0.166484167,0
#5 front-loaded,14,2,5,4,0.166484167,0
#5 front-loaded,14,2,5,5,0.166484167,1
#5 front-loaded,15,2,0,2,0.999302000,0
#5 front-loaded,15,2,0,3,0.999302000,0
#5 front-loaded,15,2,0,4,0.999302000,0
#5 front-loaded,15,2,0,5,0.832419500,1
#5 front-loaded,15,2,1,2,0.499750750,0
#5 front-loaded,15,2,1,3,0.499750750,0
#5 front-loaded,15,2,1,4,0.499750750,0
#5 front-loaded,15,2,1,5,0.499451750,1
#5 front-loaded,15,2,2,2,0.333167333,0
#5 front-loaded,15,2,2,3,0.333167333,0
#5 front-loaded,15,2,2,4,0.333167333,0
#5 front-loaded,15,2,2,5,0.332967833,1
#5 front-loaded,15,2,3,2,0.199880400,0
#5 front-loaded,15,2,3,3,0.199880400,0
#5 front-loaded,15,2,3,4,0.199880400,0
#5 front-loaded,15,2,3,5,0.199780900,1
#5 front-loaded,15,2,4,2,0.199880400,0
#5 front-loaded,15,2,4,3,0.199880400,0
#5 front-loaded,15,2,4,4,0.199880400,0
#5 front-loaded,15,2,4,5,0.199780900,1
#5 front-loaded,15,2,5,2,0.166483750,0
#5 front-loaded,15,2,5,3,0.166483750,0
#5 front-loaded,15,2,5,4,0.166483750,0
#5 front-loaded,15,2,5,5,0.166483750,1
#5 front-loaded,16,2,0,2,0.999202000,0
#5 front-loaded,16,2,0,3,0.999202000,1
#5 front-loaded,16,2,0,4,0.999203000,1
#5 front-loaded,16,2,0,5,0.832419500,1
#5 front-loaded,16,2,1,2,0.499750750,0
#5 front-loaded,16,2,1,3,0.499750750,1
#5 front-loaded,16,2,1,4,0.499750750,1
#5 front-loaded,16,2,1,5,0.499451750,1
#5 front-loaded,16,2,2,2,0.333167333,0
#5 front-loaded,16,2,2,3,0.333167333,0
#5 front-loaded,16,2,2,4,0.333167333,0
#5 front-loaded,16,2,2,5,0.332967833,1
#5 front-loaded,16,2,3,2,0.199880400,0
#5 front-loaded,16,2,3,3,0.199880400,0
#5 front-loaded,16,2,3,4,0.199880400,0
#5 front-loaded,16,2,3,5,0.199780900,1
#5 front-loaded,16,2,4,2,0.199880400,0
#5 front-loaded,16,2,4,3,0.199880400,0
#5 front-loaded,16,2,4,4,0.199880400,0
#5 front-loaded,16,2,4,5,0.199780900,1
#5 front-loaded,16,2,5,2,0.166483750,0
#5 front-loaded,16,2,5,3,0.166483750,0
#5 front-loaded,16,2,5,4,0.166483750,0
#5 front-loaded,16,2,5,5,0.166483750,1
#5 front-loaded,17,2,0,2,0.999102000,1
#5 front-loaded,17,2,0,3,0.999103000,1
#5 front-loaded,17,2,0,4,0.999103000,1
#5 front-loaded,17,2,0,5,0.832419500,1
#5 front-loaded,17,2,1,2,0.499750750,0
#5 front-loaded,17,2,1,3,0.499750750,1
#5 front-loaded,17,2,1,4,0.499750750,1
#5 front-loaded,17,2,1,5,0.499451750,1
#5 front-loaded,17,2,2,2,0.333167333,1
#5 front-loaded,17,2,2,3,0.333167333,1
#5 front-loaded,17,2,2,4,0.333167333,0
#5 front-loaded,17,2,2,5,0.332967833,1
#5 front-loaded,17,2,3,2,0.199880400,0
#5 front-loaded,17,2,3,3,0.199880400,0
#5 front-loaded,17,2,3,4,0.199880400,0
#5 front-loaded,17,2,3,5,0.199780900,1
#5 front-loaded,17,2,4,2,0.199880400,0
#5 front-loaded,17,2,4,3,0.199880400,0
#5 front-loaded,17,2,4,4,0.199880400,0
#5 front-loaded,17,2,4,5,0.199780900,1
#5 front-loaded,17,2,5,2,0.166483750,0
#5 front-loaded,17,2,5,3,0.166483750,0
#5 front-loaded,17,2,5,4,0.166483750,0
#5 front-loaded,17,2,5,5,0.166483750,1
#5 front-loaded,18,2,0,2,0.999002000,1
#5 front-loaded,18,2,0,3,0.999003000,1
#5 front-loaded,18,2,0,4,0.999003000,1
#5 front-loaded,18,2,0,5,0.832419500,1
#5 front-loaded,18,2,1,2,0.499750750,0
#5 front-loaded,18,2,1,3,0.499750750,1
#5 front-loaded,18,2,1,4,0.499750750,1
#5 front-loaded,18,2,1,5,0.499451750,1
#5 front-loaded,18,2,2,2,0.333167333,1
#5 front-loaded,18,2,2,3,0.333167333,1
#5 front-loaded,18,2,2,4,0.333167333,0
#5 front-loaded,18,2,2,5,0.332967833,1
#5 front-loaded,18,2,3,2,0.199880400,0
#5 front-loaded,18,2,3,3,0.199880400,1
#5 front-loaded,18,2,3,4,0.199880400,1
#5 front-loaded,18,2,3,5,0.199780900,1
#5 front-loaded,18,2,4,2,0.199880400,0
#5 front-loaded,18,2,4,3,0.199880400,0
#5 front-loaded,18,2,4,4,0.199880400,0
#5 front-loaded,18,2,4,5,0.199780900,1
#5 front-loaded,18,2,5,2,0.166483750,0
#5 front-loaded,18,2,5,3,0.166483750,0
#5 front-loaded,18,2,5,4,0.166483750,0
#5 front-loaded,18,2,5,5,0.166483750,1
#5 front-loaded,19,2,0,2,0.999002000,1
#5 front-loaded,19,2,0,3,0.999003000,1
#5 front-loaded,19,2,0,4,0.999003000,1
#5 front-loaded,19,2,0,5,0.832419500,1
#5 front-loaded,19,2,1,2,0.499651000,1
#5 front-loaded,19,2,1,3,0.499651750,1
#5 front-loaded,19,2,1,4,0.499651750,1
#5 front-loaded,19,2,1,5,0.499451750,1
#5 front-loaded,19,2,2,2,0.333167333,1
#5 front-loaded,19,2,2,3,0.333167333,1
#5 front-loaded,19,2,2,4,0.333167333,0
#5 front-loaded,19,2,2,5,0.332967833,1
#5 front-loaded,19,2,3,2,0.199880400,1
#5 front-loaded,19,2,3,3,0.199880400,1
#5 front-loaded,19,2,3,4,0.199880400,1
#5 front-loaded,19,2,3,5,0.199780900,1
#5 front-loaded,19,2,4,2,0.199880400,0
#5 front-loaded,19,2,4,3,0.199880400,0
#5 front-loaded,19,2,4,4,0.199880400,0
#5 front-loaded,19,2,4,5,0.199780900,1
#5 front-loaded,19,2,5,2,0.166483750,0
#5 front-loaded,19,2,5,3,0.166483750,0
#5 front-loaded,19,2,5,4,0.166483750,0
#5 front-loaded,19,2,5,5,0.166483750,1
#5 front-loaded,20,2,0,2,0.998902000,1
#5 front-loaded,20,2,0,3,0.998903000,1
#5 front-loaded,20,2,0,4,0.998903000,1
#5 front-loaded,20,2,0,5,0.832419500,1
#5 front-loaded,20,2,1,2,0.499551000,1
#5 front-loaded,20,2,1,3,0.499552000,1
#5 front-loaded,20,2,1,4,0.499551750,1
#5 front-loaded,20,2,1,5,0.499451750,1
#5 front-loaded,20,2,2,2,0.333167333,1
#5 front-loaded,20,2,2,3,0.333167333,1
#5 front-loaded,20,2,2,4,0.333167333,0
#5 front-loaded,20,2,2,5,0.332967833,1
#5 front-loaded,20,2,3,2,0.199880400,1
#5 front-loaded,20,2,3,3,0.199880400,1
#5 front-loaded,20,2,3,4,0.199880400,1
#5 front-loaded,20,2,3,5,0.199780900,1
#5 front-loaded,20,2,4,2,0.199880400,0
#5 front-loaded,20,2,4,3,0.199880400,1
#5 front-loaded,20,2,4,4,0.199880400,1
#5 front-loaded,20,2,4,5,0.199780900,1
#5 front-loaded,20,2,5,2,0.166483750,0
#5 front-loaded,20,2,5,3,0.166483750,0
#5 front-loaded,20,2,5,4,0.166483750,0
#5 front-loaded,20,2,5,5,0.166483750,1
#5 front-loaded,21,2,0,2,0.998902000,1
#5 front-loaded,21,2,0,3,0.998903000,1
#5 front-loaded,21,2,0,4,0.998903000,1
#5 front-loaded,21,2,0,5,0.832419500,1
#5 front-loaded,21,2,1,2,0.499551000,1
#5 front-loaded,21,2,1,3,0.499552000,1
#5 front-loaded,21,2,1,4,0.499551750,1
#5 front-loaded,21,2,1,5,0.499451750,1
#5 front-loaded,21,2,2,2,0.333067667,1
#5 front-loaded,21,2,2,3,0.333067667,1
#5 front-loaded,21,2,2,4,0.333068333,1
#5 front-loaded,21,2,2,5,0.332967833,1
#5 front-loaded,21,2,3,2,0.199880400,1
#5 front-loaded,21,2,3,3,0.199880400,1
#5 front-loaded,21,2,3,4,0.199880400,1
#5 front-loaded,21,2,3,5,0.199780900,1
#5 front-loaded,21,2,4,2,0.199880400,1
#5 front-loaded,21,2,4,3,0.199880400,1
#5 front-loaded,21,2,4,4,0.199880400,1
#5 front-loaded,21,2,4,5,0.199780900,1
#5 front-loaded,21,2,5,2,0.166483750,0
#5 front-loaded,21,2,5,3,0.166483750,0
#5 front-loaded,21,2,5,4,0.166483750,0
#5 front-loaded,21,2,5,5,0.166483750,1
#5 front-loaded,22,2,0,2,0.998901667,1
#5 front-loaded,22,2,0,3,0.998902667,1
#5 front-loaded,22,2,0,4,0.998902500,1
#5 front-loaded,22,2,0,5,0.832419000,1
#5 front-loaded,22,2,1,2,0.499451000,1
#5 front-loaded,22,2,1,3,0.499452000,1
#5 front-loaded,22,2,1,4,0.499452000,1
#5 front-loaded,22,2,1,5,0.499451250,1
#5 front-loaded,22,2,2,2,0.333067667,1
#5 front-loaded,22,2,2,3,0.333067667,1
#5 front-loaded,22,2,2,4,0.333068333,1
#5 front-loaded,22,2,2,5,0.332967833,1
#5 front-loaded,22,2,3,2,0.199880400,1
#5 front-loaded,22,2,3,3,0.199880400,1
#5 front-loaded,22,2,3,4,0.199880400,1
#5 front-loaded,22,2,3,5,0.199780900,1
#5 front-loaded,22,2,4,2,0.199880400,1
#5 front-loaded,22,2,4,3,0.199880400,1
#5 front-loaded,22,2,4,4,0.199880400,1
#5 front-loaded,22,2,4,5,0.199780900,1
#5 front-loaded,22,2,5,2,0.166483750,0
#5 front-loaded,22,2,5,3,0.166483750,0
#5 front-loaded,22,2,5,4,0.166483750,0
#5 front-loaded,22,2,5,5,0.166483750,1
#5 front-loaded,23,2,0,2,0.998901250,1
#5 front-loaded,23,2,0,3,0.998902250,1
#5 front-loaded,23,2,0,4,0.998902000,1
#5 front-loaded,23,2,0,5,0.832418500,1
#5 front-loaded,23,2,1,2,0.499451000,1
#5 front-loaded,23,2,1,3,0.499452000,1
#5 front-loaded,23,2,1,4,0.499452000,1
#5 front-loaded,23,2,1,5,0.499451000,1
#5 front-loaded,23,2,2,2,0.332967667,1
#5 front-loaded,23,2,2,3,0.332967667,1
#5 front-loaded,23,2,2,4,0.332968667,1
#5 front-loaded,23,2,2,5,0.332967667,1
#5 front-loaded,23,2,3,2,0.199880400,1
#5 front-loaded,23,2,3,3,0.199880400,1
#5 front-loaded,23,2,3,4,0.199880400,1
#5 front-loaded,23,2,3,5,0.199780900,1
#5 front-loaded,23,2,4,2,0.199880400,1
#5 front-loaded,23,2,4,3,0.199880400,1
#5 front-loaded,23,2,4,4,0.199880400,1
#5 front-loaded,23,2,4,5,0.199780900,1
#5 front-loaded,23,2,5,2,0.166483750,0
#5 front-loaded,23,2,5,3,0.166483750,0
#5 front-loaded,23,2,5,4,0.166483750,0
#5 front-loaded,23,2,5,5,0.166483750,1
#5 front-loaded,24,2,0,2,0.998801250,1
#5 front-loaded,24,2,0,3,0.998802250,1
#5 front-loaded,24,2,0,4,0.998802000,1
#5 front-loaded,24,2,0,5,0.832418500,1
#5 front-loaded,24,2,1,2,0.499451000,1
#5 front-loaded,24,2,1,3,0.499452000,1
#5 front-loaded,24,2,1,4,0.499452000,1
#5 front-loaded,24,2,1,5,0.499451000,1
#5 front-loaded,24,2,2,2,0.332967667,1
#5 front-loaded,24,2,2,3,0.332967667,1
#5 front-loaded,24,2,2,4,0.332968667,1
#5 front-loaded,24,2,2,5,0.332967667,1
#5 front-loaded,24,2,3,2,0.199880400,1
#5 front-loaded,24,2,3,3,0.199880400,1
#5 front-loaded,24,2,3,4,0.199880400,1
#5 front-loaded,24,2,3,5,0.199780900,1
#5 front-loaded,24,2,4,2,0.199880400,1
#5 front-loaded,24,2,4,3,0.199880400,1
#5 front-loaded,24,2,4,4,0.199880400,1
#5 front-loaded,24,2,4,5,0.199780900,1
#5 front-loaded,24,2,5,2,0.166483750,0
#5 front-loaded,24,2,5,3,0.166483750,0
#5 front-loaded,24,2,5,4,0.166483750,0
#5 front-loaded,24,2,5,5,0.166483750,1
#5 front-loaded,25,2,0,2,0.998702250,1
#5 front-loaded,25,2,0,3,0.998702250,1
#5 front-loaded,25,2,0,4,0.998702000,1
#5 front-loaded,25,2,0,5,0.832418500,1
#5 front-loaded,25,2,1,2,0.499451000,1
#5 front-loaded,25,2,1,3,0.499452000,1
#5 front-loaded,25,2,1,4,0.499452000,1
#5 front-loaded,25,2,1,5,0.499451000,1
#5 front-loaded,25,2,2,2,0.332900667,1
#5 front-loaded,25,2,2,3,0.332934000,1
#5 front-loaded,25,2,2,4,0.332968667,1
#5 front-loaded,25,2,2,5,0.332967667,1
#5 front-loaded,25,2,3,2,0.199880400,1
#5 front-loaded,25,2,3,3,0.199880400,1
#5 front-loaded,25,2,3,4,0.199880400,1
#5 front-loaded,25,2,3,5,0.199780900,1
#5 front-loaded,25,2,4,2,0.199880400,1
#5 front-loaded,25,2,4,3,0.199880400,1
#5 front-loaded,25,2,4,4,0.199880400,1
#5 front-loaded,25,2,4,5,0.199780900,1
#5 front-loaded,25,2,5,2,0.166483750,0
#5 front-loaded,25,2,5,3,0.166483750,0
#5 front-loaded,25,2,5,4,0.166483750,0
#5 front-loaded,25,2,5,5,0.166483750,1
#5 front-loaded,26,2,0,2,0.998603000,1
#5 front-loaded,26,2,0,3,0.998603000,1
#5 front-loaded,26,2,0,4,0.998602000,1
#5 front-loaded,26,2,0,5,0.832318500,1
#5 front-loaded,26,2,1,2,0.499351000,1
#5 front-loaded,26,2,1,3,0.499352000,1
#5 front-loaded,26,2,1,4,0.499352000,1
#5 front-loaded,26,2,1,5,0.499351500,1
#5 front-loaded,26,2,2,2,0.332900667,1
#5 front-loaded,26,2,2,3,0.332934000,1
#5 front-loaded,26,2,2,4,0.332968667,1
#5 front-loaded,26,2,2,5,0.332967667,1
#5 front-loaded,26,2,3,2,0.199781000,1
#5 front-loaded,26,2,3,3,0.199781400,1
#5 front-loaded,26,2,3,4,0.199781400,1
#5 front-loaded,26,2,3,5,0.199780733,1
#5 front-loaded,26,2,4,2,0.199880400,1
#5 front-loaded,26,2,4,3,0.199880400,1
#5 front-loaded,26,2,4,4,0.199880400,1
#5 front-loaded,26,2,4,5,0.199780900,1
#5 front-loaded,26,2,5,2,0.166483750,1
#5 front-loaded,26,2,5,3,0.166483750,1
#5 front-loaded,26,2,5,4,0.166483750,0
#5 front-loaded,26,2,5,5,0.166483750,1
#5 front-loaded,27,2,0,2,0.998503000,1
#5 front-loaded,27,2,0,3,0.998503000,1
#5 front-loaded,27,2,0,4,0.998503000,1
#5 front-loaded,27,2,0,5,0.832219500,1
#5 front-loaded,27,2,1,2,0.499301500,1
#5 front-loaded,27,2,1,3,0.499302000,1
#5 front-loaded,27,2,1,4,0.499302000,1
#5 front-loaded,27,2,1,5,0.499301500,1
#5 front-loaded,27,2,2,2,0.332834000,1
#5 front-loaded,27,2,2,3,0.332867333,1
#5 front-loaded,27,2,2,4,0.332868667,1
#5 front-loaded,27,2,2,5,0.332868333,1
#5 front-loaded,27,2,3,2,0.199781000,1
#5 front-loaded,27,2,3,3,0.199781400,1
#5 front-loaded,27,2,3,4,0.199781400,1
#5 front-loaded,27,2,3,5,0.199780733,1
#5 front-loaded,27,2,4,2,0.199880400,1
#5 front-loaded,27,2,4,3,0.199880400,1
#5 front-loaded,27,2,4,4,0.199880400,1
#5 front-loaded,27,2,4,5,0.199780900,1
#5 front-loaded,27,2,5,2,0.166483750,1
#5 front-loaded,27,2,5,3,0.166483750,1
#5 front-loaded,27,2,5,4,0.166483750,0
#5 front-loaded,27,2,5,5,0.166483750,1
#5 front-loaded,28,2,0,2,0.998204500,1
#5 front-loaded,28,2,0,3,0.998204500,1
#5 front-loaded,28,2,0,4,0.998204500,1
#5 front-loaded,28,2,0,5,0.832020500,1
#5 front-loaded,28,2,1,2,0.499202000,1
#5 front-loaded,28,2,1,3,0.499202250,1
#5 front-loaded,28,2,1,4,0.499202250,1
#5 front-loaded,28,2,1,5,0.499201750,1
#5 front-loaded,28,2,2,2,0.332734500,1
#5 front-loaded,28,2,2,3,0.332767833,1
#5 front-loaded,28,2,2,4,0.332802167,1
#5 front-loaded,28,2,2,5,0.332801333,1
#5 front-loaded,28,2,3,2,0.199681000,1
#5 front-loaded,28,2,3,3,0.199682000,1
#5 front-loaded,28,2,3,4,0.199681400,1
#5 front-loaded,28,2,3,5,0.199681400,1
#5 front-loaded,28,2,4,2,0.199880400,1
#5 front-loaded,28,2,4,3,0.199880400,1
#5 front-loaded,28,2,4,4,0.199880400,1
#5 front-loaded,28,2,4,5,0.199681400,1
#5 front-loaded,28,2,5,2,0.166483750,1
#5 front-loaded,28,2,5,3,0.166483750,1
#5 front-loaded,28,2,5,4,0.166483750,1
#5 front-loaded,28,2,5,5,0.166483750,1
#5 front-loaded,29,2,0,2,0.997905000,1
#5 front-loaded,29,2,0,3,0.997905000,1
#5 front-loaded,29,2,0,4,0.997805000,1
#5 front-loaded,29,2,0,5,0.831721000,1
#5 front-loaded,29,2,1,2,0.498903000,1
#5 front-loaded,29,2,1,3,0.498902250,1
#5 front-loaded,29,2,1,4,0.498902250,1
#5 front-loaded,29,2,1,5,0.498902250,1
#5 front-loaded,29,2,2,2,0.332734500,1
#5 front-loaded,29,2,2,3,0.332767833,1
#5 front-loaded,29,2,2,4,0.332802167,1
#5 front-loaded,29,2,2,5,0.332801333,1
#5 front-loaded,29,2,3,2,0.199681000,1
#5 front-loaded,29,2,3,3,0.199682000,1
#5 front-loaded,29,2,3,4,0.199681400,1
#5 front-loaded,29,2,3,5,0.199681400,1
#5 front-loaded,29,2,4,2,0.199880400,1
#5 front-loaded,29,2,4,3,0.199880400,1
#5 front-loaded,29,2,4,4,0.199880400,1
#5 front-loaded,29,2,4,5,0.199681400,1
#5 front-loaded,29,2,5,2,0.166483750,1
#5 front-loaded,29,2,5,3,0.166483750,1
#5 front-loaded,29,2,5,4,0.166483750,1
#5 front-loaded,29,2,5,5,0.166483750,1
#5 front-loaded,30,2,0,2,0.997705000,1
#5 front-loaded,30,2,0,3,0.997705000,1
#5 front-loaded,30,2,0,4,0.997705000,1
#5 front-loaded,30,2,0,5,0.831621000,1
#5 front-loaded,30,2,1,2,0.498853000,1
#5 front-loaded,30,2,1,3,0.498852250,1
#5 front-loaded,30,2,1,4,0.498852250,1
#5 front-loaded,30,2,1,5,0.498852250,1
#5 front-loaded,30,2,2,2,0.332635500,1
#5 front-loaded,30,2,2,3,0.332668833,1
#5 front-loaded,30,2,2,4,0.332702167,1
#5 front-loaded,30,2,2,5,0.332701667,1
#5 front-loaded,30,2,3,2,0.199681000,1
#5 front-loaded,30,2,3,3,0.199682000,1
#5 front-loaded,30,2,3,4,0.199681400,1
#5 front-loaded,30,2,3,5,0.199681400,1
#5 front-loaded,30,2,4,2,0.199880400,1
#5 front-loaded,30,2,4,3,0.199880400,1
#5 front-loaded,30,2,4,4,0.199880400,1
#5 front-loaded,30,2,4,5,0.199681400,1
#5 front-loaded,30,2,5,2,0.166483750,1
#5 front-loaded,30,2,5,3,0.166483750,1
#5 front-loaded,30,2,5,4,0.166483750,1
#5 front-loaded,30,2,5,5,0.166483750,1
#5 front-loaded,31,2,0,2,0.997705000,1
#5 front-loaded,31,2,0,3,0.997705000,1
#5 front-loaded,31,2,0,4,0.997705000,1
#5 front-loaded,31,2,0,5,0.831621000,1
#5 front-loaded,31,2,1,2,0.498853000,1
#5 front-loaded,31,2,1,3,0.498852250,1
#5 front-loaded,31,2,1,4,0.498852250,1
#5 front-loaded,31,2,1,5,0.498852250,1
#5 front-loaded,31,2,2,2,0.332635500,1
#5 front-loaded,31,2,2,3,0.332668833,1
#5 front-loaded,31,2,2,4,0.332702167,1
#5 front-loaded,31,2,2,5,0.332701667,1
#5 front-loaded,31,2,3,2,0.199681000,1
#5 front-loaded,31,2,3,3,0.199682000,1
#5 front-loaded,31,2,3,4,0.199681400,1
#5 front-loaded,31,2,3,5,0.199681400,1
#5 front-loaded,31,2,4,2,0.199880400,1
#5 front-loaded,31,2,4,3,0.199880400,1
#5 front-loaded,31,2,4,4,0.199880400,1
#5 front-loaded,31,2,4,5,0.199681400,1
#5 front-loaded,31,2,5,2,0.166483750,1
#5 front-loaded,31,2,5,3,0.166483750,1
#5 front-loaded,31,2,5,4,0.166483750,1
#5 front-loaded,31,2,5,5,0.166483750,1
#5 front-loaded,32,2,0,2,0.997606000,1
#5 front-loaded,32,2,0,3,0.997606000,1
#5 front-loaded,32,2,0,4,0.997606000,1
#5 front-loaded,32,2,0,5,0.831521500,1
#5 front-loaded,32,2,1,2,0.498803000,1
#5 front-loaded,32,2,1,3,0.498802500,1
#5 front-loaded,32,2,1,4,0.498802500,1
#5 front-loaded,32,2,1,5,0.498802500,1
#5 front-loaded,32,2,2,2,0.332635500,1
#5 front-loaded,32,2,2,3,0.332568833,1
#5 front-loaded,32,2,2,4,0.332602167,1
#5 front-loaded,32,2,2,5,0.332601667,1
#5 front-loaded,32,2,3,2,0.199681000,1
#5 front-loaded,32,2,3,3,0.199682000,1
#5 front-loaded,32,2,3,4,0.199681400,1
#5 front-loaded,32,2,3,5,0.199681400,1
#5 front-loaded,32,2,4,2,0.199880400,1
#5 front-loaded,32,2,4,3,0.199880400,1
#5 front-loaded,32,2,4,4,0.199880400,1
#5 front-loaded,32,2,4,5,0.199681400,1
#5 front-loaded,32,2,5,2,0.166483750,1
#5 front-loaded,32,2,5,3,0.166483750,1
#5 front-loaded,32,2,5,4,0.166483750,1
#5 front-loaded,32,2,5,5,0.166483750,1
#5 front-loaded,33,2,0,2,0.997505500,1
#5 front-loaded,33,2,0,3,0.997405500,1
#5 front-loaded,33,2,0,4,0.997405500,1
#5 front-loaded,33,2,0,5,0.831421500,1
#5 front-loaded,33,2,1,2,0.498753500,1
#5 front-loaded,33,2,1,3,0.498752500,1
#5 front-loaded,33,2,1,4,0.498752500,1
#5 front-loaded,33,2,1,5,0.498752500,1
#5 front-loaded,33,2,2,2,0.332635500,1
#5 front-loaded,33,2,2,3,0.332468833,1
#5 front-loaded,33,2,2,4,0.332502167,1
#5 front-loaded,33,2,2,5,0.332501667,1
#5 front-loaded,33,2,3,2,0.199681000,1
#5 front-loaded,33,2,3,3,0.199682000,1
#5 front-loaded,33,2,3,4,0.199681400,1
#5 front-loaded,33,2,3,5,0.199681400,1
#5 front-loaded,33,2,4,2,0.199880400,1
#5 front-loaded,33,2,4,3,0.199880400,1
#5 front-loaded,33,2,4,4,0.199880400,1
#5 front-loaded,33,2,4,5,0.199681400,1
#5 front-loaded,33,2,5,2,0.166483750,1
#5 front-loaded,33,2,5,3,0.166483750,1
#5 front-loaded,33,2,5,4,0.166483750,1
#5 front-loaded,33,2,5,5,0.166483750,1
#5 front-loaded,34,2,0,2,0.997505500,1
#5 front-loaded,34,2,0,3,0.997405500,1
#5 front-loaded,34,2,0,4,0.997305500,1
#5 front-loaded,34,2,0,5,0.831421500,1
#5 front-loaded,34,2,1,2,0.498753500,1
#5 front-loaded,34,2,1,3,0.498752500,1
#5 front-loaded,34,2,1,4,0.498752500,1
#5 front-loaded,34,2,1,5,0.498752500,1
#5 front-loaded,34,2,2,2,0.332635500,1
#5 front-loaded,34,2,2,3,0.332435500,1
#5 front-loaded,34,2,2,4,0.332435500,1
#5 front-loaded,34,2,2,5,0.332501667,1
#5 front-loaded,34,2,3,2,0.199681000,1
#5 front-loaded,34,2,3,3,0.199682000,1
#5 front-loaded,34,2,3,4,0.199681400,1
#5 front-loaded,34,2,3,5,0.199681400,1
#5 front-loaded,34,2,4,2,0.199880400,1
#5 front-loaded,34,2,4,3,0.199880400,1
#5 front-loaded,34,2,4,4,0.199880400,1
#5 front-loaded,34,2,4,5,0.199681400,1
#5 front-loaded,34,2,5,2,0.166483750,1
#5 front-loaded,34,2,5,3,0.166483750,1
#5 front-loaded,34,2,5,4,0.166483750,1
#5 front-loaded,34,2,5,5,0.166483750,1
#5 front-loaded,35,2,0,2,0.997505500,1
#5 front-loaded,35,2,0,3,0.997405500,1
#5 front-loaded,35,2,0,4,0.997305500,1
#5 front-loaded,35,2,0,5,0.831421500,1
#5 front-loaded,35,2,1,2,0.498753500,1
#5 front-loaded,35,2,1,3,0.498752500,1
#5 front-loaded,35,2,1,4,0.498752500,1
#5 front-loaded,35,2,1,5,0.498752500,1
#5 front-loaded,35,2,2,2,0.332635500,1
#5 front-loaded,35,2,2,3,0.332435500,1
#5 front-loaded,35,2,2,4,0.332435500,1
#5 front-loaded,35,2,2,5,0.332501667,1
#5 front-loaded,35,2,3,2,0.199681000,1
#5 front-loaded,35,2,3,3,0.199682000,1
#5 front-loaded,35,2,3,4,0.199681400,1
#5 front-loaded,35,2,3,5,0.199681400,1
#5 front-loaded,35,2,4,2,0.199781400,1
#5 front-loaded,35,2,4,3,0.199781400,1
#5 front-loaded,35,2,4,4,0.199781400,1
#5 front-loaded,35,2,4,5,0.199681400,1
#5 front-loaded,35,2,5,2,0.166483750,1
#5 front-loaded,35,2,5,3,0.166483750,1
#5 front-loaded,35,2,5,4,0.166483750,1
#5 front-loaded,35,2,5,5,0.166483750,1
#5 front-loaded,36,2,0,2,0.996805000,1
#5 front-loaded,36,2,0,3,0.996705000,1
#5 front-loaded,36,2,0,4,0.996605000,1
#5 front-loaded,36,2,0,5,0.830721000,1
#5 front-loaded,36,2,1,2,0.498402750,1
#5 front-loaded,36,2,1,3,0.498402500,1
#5 front-loaded,36,2,1,4,0.498402500,1
#5 front-loaded,36,2,1,5,0.498402500,1
#5 front-loaded,36,2,2,2,0.332402000,1
#5 front-loaded,36,2,2,3,0.332202000,1
#5 front-loaded,36,2,2,4,0.332202000,1
#5 front-loaded,36,2,2,5,0.332202000,1
#5 front-loaded,36,2,3,2,0.199581200,1
#5 front-loaded,36,2,3,3,0.199582200,1
#5 front-loaded,36,2,3,4,0.199581400,1
#5 front-loaded,36,2,3,5,0.199381400,1
#5 front-loaded,36,2,4,2,0.199681400,1
#5 front-loaded,36,2,4,3,0.199681400,1
#5 front-loaded,36,2,4,4,0.199681400,1
#5 front-loaded,36,2,4,5,0.199381400,1
#5 front-loaded,36,2,5,2,0.166184750,1
#5 front-loaded,36,2,5,3,0.166184750,1
#5 front-loaded,36,2,5,4,0.166184750,1
#5 front-loaded,36,2,5,5,0.166184750,1
#5 front-loaded,37,2,0,2,0.996805000,1
#5 front-loaded,37,2,0,3,0.996705000,1
#5 front-loaded,37,2,0,4,0.996605000,1
#5 front-loaded,37,2,0,5,0.830721000,1
#5 front-loaded,37,2,1,2,0.498402750,1
#5 front-loaded,37,2,1,3,0.498402500,1
#5 front-loaded,37,2,1,4,0.498402500,1
#5 front-loaded,37,2,1,5,0.498402500,1
#5 front-loaded,37,2,2,2,0.332402000,1
#5 front-loaded,37,2,2,3,0.332202000,1
#5 front-loaded,37,2,2,4,0.332202000,1
#5 front-loaded,37,2,2,5,0.332202000,1
#5 front-loaded,37,2,3,2,0.199581200,1
#5 front-loaded,37,2,3,3,0.199582200,1
#5 front-loaded,37,2,3,4,0.199581400,1
#5 front-loaded,37,2,3,5,0.199381400,1
#5 front-loaded,37,2,4,2,0.199681400,1
#5 front-loaded,37,2,4,3,0.199681400,1
#5 front-loaded,37,2,4,4,0.199681400,1
#5 front-loaded,37,2,4,5,0.199381400,1
#5 front-loaded,37,2,5,2,0.166184750,1
#5 front-loaded,37,2,5,3,0.166184750,1
#5 front-loaded,37,2,5,4,0.166184750,1
#5 front-loaded,37,2,5,5,0.166184750,1
#5 front-loaded,38,2,0,2,0.996705000,1
#5 front-loaded,38,2,0,3,0.996705000,1
#5 front-loaded,38,2,0,4,0.996605000,1
#5 front-loaded,38,2,0,5,0.830721000,1
#5 front-loaded,38,2,1,2,0.498402750,1
#5 front-loaded,38,2,1,3,0.498402500,1
#5 front-loaded,38,2,1,4,0.498402500,1
#5 front-loaded,38,2,1,5,0.498402500,1
#5 front-loaded,38,2,2,2,0.332302000,1
#5 front-loaded,38,2,2,3,0.332202000,1
#5 front-loaded,38,2,2,4,0.332202000,1
#5 front-loaded,38,2,2,5,0.332202000,1
#5 front-loaded,38,2,3,2,0.199581200,1
#5 front-loaded,38,2,3,3,0.199582200,1
#5 front-loaded,38,2,3,4,0.199581400,1
#5 front-loaded,38,2,3,5,0.199381400,1
#5 front-loaded,38,2,4,2,0.199681400,1
#5 front-loaded,38,2,4,3,0.199681400,1
#5 front-loaded,38,2,4,4,0.199681400,1
#5 front-loaded,38,2,4,5,0.199381400,1
#5 front-loaded,38,2,5,2,0.166184750,1
#5 front-loaded,38,2,5,3,0.166184750,1
#5 front-loaded,38,2,5,4,0.166184750,1
#5 front-loaded,38,2,5,5,0.166184750,1
#5 front-loaded,39,2,0,2,0.996705000,1
#5 front-loaded,39,2,0,3,0.996705000,1
#5 front-loaded,39,2,0,4,0.996605000,1
#5 front-loaded,39,2,0,5,0.830721000,1
#5 front-loaded,39,2,1,2,0.498402750,1
#5 front-loaded,39,2,1,3,0.498402500,1
#5 front-loaded,39,2,1,4,0.498402500,1
#5 front-loaded,39,2,1,5,0.498402500,1
#5 front-loaded,39,2,2,2,0.332302000,1
#5 front-loaded,39,2,2,3,0.332202000,1
#5 front-loaded,39,2,2,4,0.332202000,1
#5 front-loaded,39,2,2,5,0.332202000,1
#5 front-loaded,39,2,3,2,0.199581200,1
#5 front-loaded,39,2,3,3,0.199582200,1
#5 front-loaded,39,2,3,4,0.199581400,1
#5 front-loaded,39,2,3,5,0.199381400,1
#5 front-loaded,39,2,4,2,0.199681400,1
#5 front-loaded,39,2,4,3,0.199681400,1
#5 front-loaded,39,2,4,4,0.199681400,1
#5 front-loaded,39,2,4,5,0.199381400,1
#5 front-loaded,39,2,5,2,0.166184750,1
#5 front-loaded,39,2,5,3,0.166184750,1
#5 front-loaded,39,2,5,4,0.166184750,1
#5 front-loaded,39,2,5,5,0.166184750,1
#5 front-loaded,40,2,0,2,0.996605000,1
#5 front-loaded,40,2,0,3,0.996605000,1
#5 front-loaded,40,2,0,4,0.996605000,1
#5 front-loaded,40,2,0,5,0.830721000,1
#5 front-loaded,40,2,1,2,0.498402750,1
#5 front-loaded,40,2,1,3,0.498402500,1
#5 front-loaded,40,2,1,4,0.498402500,1
#5 front-loaded,40,2,1,5,0.498402500,1
#5 front-loaded,40,2,2,2,0.332202000,1
#5 front-loaded,40,2,2,3,0.332202000,1
#5 front-loaded,40,2,2,4,0.332202000,1
#5 front-loaded,40,2,2,5,0.332202000,1
#5 front-loaded,40,2,3,2,0.199581200,1
#5 front-loaded,40,2,3,3,0.199582200,1
#5 front-loaded,40,2,3,4,0.199581400,1
#5 front-loaded,40,2,3,5,0.199381400,1
#5 front-loaded,40,2,4,2,0.199681400,1
#5 front-loaded,40,2,4,3,0.199681400,1
#5 front-loaded,40,2,4,4,0.199681400,1
#5 front-loaded,40,2,4,5,0.199381400,1
#5 front-loaded,40,2,5,2,0.166184750,1
#5 front-loaded,40,2,5,3,0.166184750,1
#5 front-loaded,40,2,5,4,0.166184750,1
#5 front-loaded,40,2,5,5,0.166184750,1
#5 front-loaded,41,2,0,2,0.996605000,1
#5 front-loaded,41,2,0,3,0.996605000,1
#5 front-loaded,41,2,0,4,0.996605000,1
#5 front-loaded,41,2,0,5,0.830721000,1
#5 front-loaded,41,2,1,2,0.498402750,1
#5 front-loaded,41,2,1,3,0.498402500,1
#5 front-loaded,41,2,1,4,0.498402500,1
#5 front-loaded,41,2,1,5,0.498402500,1
#5 front-loaded,41,2,2,2,0.332202000,1
#5 front-loaded,41,2,2,3,0.332202000,1
#5 front-loaded,41,2,2,4,0.332202000,1
#5 front-loaded,41,2,2,5,0.332202000,1
#5 front-loaded,41,2,3,2,0.199581200,1
#5 front-loaded,41,2,3,3,0.199582200,1
#5 front-loaded,41,2,3,4,0.199581400,1
#5 front-loaded,41,2,3,5,0.199381400,1
#5 front-loaded,41,2,4,2,0.199681400,1
#5 front-loaded,41,2,4,3,0.199681400,1
#5 front-loaded,41,2,4,4,0.199681400,1
#5 front-loaded,41,2,4,5,0.199381400,1
#5 front-loaded,41,2,5,2,0.166184750,1
#5 front-loaded,41,2,5,3,0.166184750,1
#5 front-loaded,41,2,5,4,0.166184750,1
#5 front-loaded,41,2,5,5,0.166184750,1
#5 front-loaded,42,2,0,2,0.996605000,1
#5 front-loaded,42,2,0,3,0.996605000,1
#5 front-loaded,42,2,0,4,0.996605000,1
#5 front-loaded,42,2,0,5,0.830721000,1
#5 front-loaded,42,2,1,2,0.498402750,1
#5 front-loaded,42,2,1,3,0.498402500,1
#5 front-loaded,42,2,1,4,0.498402500,1
#5 front-loaded,42,2,1,5,0.498402500,1
#5 front-loaded,42,2,2,2,0.332202000,1
#5 front-loaded,42,2,2,3,0.332202000,1
#5 front-loaded,42,2,2,4,0.332202000,1
#5 front-loaded,42,2,2,5,0.332202000,1
#5 front-loaded,42,2,3,2,0.199482200,1
#5 front-loaded,42,2,3,3,0.199482200,1
#5 front-loaded,42,2,3,4,0.199481400,1
#5 front-loaded,42,2,3,5,0.199381400,1
#5 front-loaded,42,2,4,2,0.199681400,1
#5 front-loaded,42,2,4,3,0.199681400,1
#5 front-loaded,42,2,4,4,0.199481400,1
#5 front-loaded,42,2,4,5,0.199381400,1
#5 front-loaded,42,2,5,2,0.166184750,1
#5 front-loaded,42,2,5,3,0.166184750,1
#5 front-loaded,42,2,5,4,0.166184750,1
#5 front-loaded,42,2,5,5,0.166184750,1
#5 front-loaded,43,2,0,2,0.996605000,1
#5 front-loaded,43,2,0,3,0.996605000,1
#5 front-loaded,43,2,0,4,0.996605000,1
#5 front-loaded,43,2,0,5,0.830721000,1
#5 front-loaded,43,2,1,2,0.498402750,1
#5 front-loaded,43,2,1,3,0.498402500,1
#5 front-loaded,43,2,1,4,0.498402500,1
#5 front-loaded,43,2,1,5,0.498402500,1
#5 front-loaded,43,2,2,2,0.332202000,1
#5 front-loaded,43,2,2,3,0.332202000,1
#5 front-loaded,43,2,2,4,0.332202000,1
#5 front-loaded,43,2,2,5,0.332202000,1
#5 front-loaded,43,2,3,2,0.199482200,1
#5 front-loaded,43,2,3,3,0.199482200,1
#5 front-loaded,43,2,3,4,0.199481400,1
#5 front-loaded,43,2,3,5,0.199381400,1
#5 front-loaded,43,2,4,2,0.199681400,1
#5 front-loaded,43,2,4,3,0.199681400,1
#5 front-loaded,43,2,4,4,0.199481400,1
#5 front-loaded,43,2,4,5,0.199381400,1
#5 front-loaded,43,2,5,2,0.166184750,1
#5 front-loaded,43,2,5,3,0.166184750,1
#5 front-loaded,43,2,5,4,0.166184750,1
#5 front-loaded,43,2,5,5,0.166184750,1
#5 front-loaded,44,2,0,2,0.996605000,1
#5 front-loaded,44,2,0,3,0.996605000,1
#5 front-loaded,44,2,0,4,0.996605000,1
#5 front-loaded,44,2,0,5,0.830721000,1
#5 front-loaded,44,2,1,2,0.498402750,1
#5 front-loaded,44,2,1,3,0.498402500,1
#5 front-loaded,44,2,1,4,0.498402500,1
#5 front-loaded,44,2,1,5,0.498402500,1
#5 front-loaded,44,2,2,2,0.332202000,1
#5 front-loaded,44,2,2,3,0.332202000,1
#5 front-loaded,44,2,2,4,0.332202000,1
#5 front-loaded,44,2,2,5,0.332202000,1
#5 front-loaded,44,2,3,2,0.199482200,1
#5 front-loaded,44,2,3,3,0.199482200,1
#5 front-loaded,44,2,3,4,0.199481400,1
#5 front-loaded,44,2,3,5,0.199381400,1
#5 front-loaded,44,2,4,2,0.199681400,1
#5 front-loaded,44,2,4,3,0.199681400,1
#5 front-loaded,44,2,4,4,0.199481400,1
#5 front-loaded,44,2,4,5,0.199381400,1
#5 front-loaded,44,2,5,2,0.166184750,1
#5 front-loaded,44,2,5,3,0.166184750,1
#5 front-loaded,44,2,5,4,0.166184750,1
#5 front-loaded,44,2,5,5,0.166184750,1
#5 front-loaded,45,2,0,2,0.996605000,1
#5 front-loaded,45,2,0,3,0.996605000,1
#5 front-loaded,45,2,0,4,0.996605000,1
#5 front-loaded,45,2,0,5,0.830721000,1
#5 front-loaded,45,2,1,2,0.498402750,1
#5 front-loaded,45,2,1,3,0.498402250,1
#5 front-loaded,45,2,1,4,0.498402250,1
#5 front-loaded,45,2,1,5,0.498402250,1
#5 front-loaded,45,2,2,2,0.332202000,1
#5 front-loaded,45,2,2,3,0.332202000,1
#5 front-loaded,45,2,2,4,0.332202000,1
#5 front-loaded,45,2,2,5,0.332201667,1
#5 front-loaded,45,2,3,2,0.199482200,1
#5 front-loaded,45,2,3,3,0.199382200,1
#5 front-loaded,45,2,3,4,0.199381400,1
#5 front-loaded,45,2,3,5,0.199380900,1
#5 front-loaded,45,2,4,2,0.199681400,1
#5 front-loaded,45,2,4,3,0.199681400,1
#5 front-loaded,45,2,4,4,0.199481400,1
#5 front-loaded,45,2,4,5,0.199380900,1
#5 front-loaded,45,2,5,2,0.166184750,1
#5 front-loaded,45,2,5,3,0.166184750,1
#5 front-loaded,45,2,5,4,0.166184750,1
#5 front-loaded,45,2,5,5,0.166184750,1
#5 front-loaded,46,2,0,2,0.996605000,1
#5 front-loaded,46,2,0,3,0.996605000,1
#5 front-loaded,46,2,0,4,0.996605000,1
#5 front-loaded,46,2,0,5,0.830721000,1
#5 front-loaded,46,2,1,2,0.498402750,1
#5 front-loaded,46,2,1,3,0.498402250,1
#5 front-loaded,46,2,1,4,0.498402250,1
#5 front-loaded,46,2,1,5,0.498402250,1
#5 front-loaded,46,2,2,2,0.332202000,1
#5 front-loaded,46,2,2,3,0.332202000,1
#5 front-loaded,46,2,2,4,0.332202000,1
#5 front-loaded,46,2,2,5,0.332201667,1
#5 front-loaded,46,2,3,2,0.199382200,1
#5 front-loaded,46,2,3,3,0.199381700,1
#5 front-loaded,46,2,3,4,0.199381400,1
#5 front-loaded,46,2,3,5,0.199380900,1
#5 front-loaded,46,2,4,2,0.199681400,1
#5 front-loaded,46,2,4,3,0.199681400,1
#5 front-loaded,46,2,4,4,0.199481400,1
#5 front-loaded,46,2,4,5,0.199380900,1
#5 front-loaded,46,2,5,2,0.166184750,1
#5 front-loaded,46,2,5,3,0.166184750,1
#5 front-loaded,46,2,5,4,0.166184750,1
#5 front-loaded,46,2,5,5,0.166184750,1
#5 front-loaded,47,2,0,2,0.996605000,1
#5 front-loaded,47,2,0,3,0.996605000,1
#5 front-loaded,47,2,0,4,0.996605000,1
#5 front-loaded,47,2,0,5,0.830721000,1
#5 front-loaded,47,2,1,2,0.498402750,1
#5 front-loaded,47,2,1,3,0.498402250,1
#5 front-loaded,47,2,1,4,0.498402250,1
#5 front-loaded,47,2,1,5,0.498402250,1
#5 front-loaded,47,2,2,2,0.332202000,1
#5 front-loaded,47,2,2,3,0.332202000,1
#5 front-loaded,47,2,2,4,0.332202000,1
#5 front-loaded,47,2,2,5,0.332201667,1
#5 front-loaded,47,2,3,2,0.199382200,1
#5 front-loaded,47,2,3,3,0.199381700,1
#5 front-loaded,47,2,3,4,0.199381300,1
#5 front-loaded,47,2,3,5,0.199380900,1
#5 front-loaded,47,2,4,2,0.199681400,1
#5 front-loaded,47,2,4,3,0.199681400,1
#5 front-loaded,47,2,4,4,0.199481400,1
#5 front-loaded,47,2,4,5,0.199380900,1
#5 front-loaded,47,2,5,2,0.166184750,1
#5 front-loaded,47,2,5,3,0.166184750,1
#5 front-loaded,47,2,5,4,0.166184750,1
#5 front-loaded,47,2,5,5,0.166184750,1
#5 front-loaded,48,2,0,2,0.996405000,1
#5 front-loaded,48,2,0,3,0.996405000,1
#5 front-loaded,48,2,0,4,0.996405000,1
#5 front-loaded,48,2,0,5,0.830420833,1
#5 front-loaded,48,2,1,2,0.498302750,1
#5 front-loaded,48,2,1,3,0.498302250,1
#5 front-loaded,48,2,1,4,0.498302250,1
#5 front-loaded,48,2,1,5,0.498302250,1
#5 front-loaded,48,2,2,2,0.332168667,1
#5 front-loaded,48,2,2,3,0.332168667,1
#5 front-loaded,48,2,2,4,0.332168667,1
#5 front-loaded,48,2,2,5,0.332168250,1
#5 front-loaded,48,2,3,2,0.199362100,1
#5 front-loaded,48,2,3,3,0.199361500,1
#5 front-loaded,48,2,3,4,0.199361300,1
#5 front-loaded,48,2,3,5,0.199360900,1
#5 front-loaded,48,2,4,2,0.199661400,1
#5 front-loaded,48,2,4,3,0.199661400,1
#5 front-loaded,48,2,4,4,0.199461400,1
#5 front-loaded,48,2,4,5,0.199360900,1
#5 front-loaded,48,2,5,2,0.166134750,1
#5 front-loaded,48,2,5,3,0.166134750,1
#5 front-loaded,48,2,5,4,0.166134750,1
#5 front-loaded,48,2,5,5,0.166134750,1
#5 front-loaded,49,2,0,2,0.996405000,1
#5 front-loaded,49,2,0,3,0.996405000,1
#5 front-loaded,49,2,0,4,0.996405000,1
#5 front-loaded,49,2,0,5,0.830420833,1
#5 front-loaded,49,2,1,2,0.498302750,1
#5 front-loaded,49,2,1,3,0.498302250,1
#5 front-loaded,49,2,1,4,0.498302250,1
#5 front-loaded,49,2,1,5,0.498302250,1
#5 front-loaded,49,2,2,2,0.332168667,1
#5 front-loaded,49,2,2,3,0.332168667,1
#5 front-loaded,49,2,2,4,0.332168667,1
#5 front-loaded,49,2,2,5,0.332168250,1
#5 front-loaded,49,2,3,2,0.199362100,1
#5 front-loaded,49,2,3,3,0.199361500,1
#5 front-loaded,49,2,3,4,0.199361300,1
#5 front-loaded,49,2,3,5,0.199360900,1
#5 front-loaded,49,2,4,2,0.199661400,1
#5 front-loaded,49,2,4,3,0.199661400,1
#5 front-loaded,49,2,4,4,0.199361400,1
#5 front-loaded,49,2,4,5,0.199360900,1
#5 front-loaded,49,2,5,2,0.166134611,1
#5 front-loaded,49,2,5,3,0.166134611,1
#5 front-loaded,49,2,5,4,0.166134611,1
#5 front-loaded,49,2,5,5,0.166134750,1
#5 front-loaded,50,2,0,2,0.996405000,1
#5 front-loaded,50,2,0,3,0.996405000,1
#5 front-loaded,50,2,0,4,0.996405000,1
#5 front-loaded,50,2,0,5,0.830420833,1
#5 front-loaded,50,2,1,2,0.498302750,1
#5 front-loaded,50,2,1,3,0.498302250,1
#5 front-loaded,50,2,1,4,0.498302250,1
#5 front-loaded,50,2,1,5,0.498302250,1
#5 front-loaded,50,2,2,2,0.332168667,1
#5 front-loaded,50,2,2,3,0.332168667,1
#5 front-loaded,50,2,2,4,0.332168667,1
#5 front-loaded,50,2,2,5,0.332168250,1
#5 front-loaded,50,2,3,2,0.199362100,1
#5 front-loaded,50,2,3,3,0.199361500,1
#5 front-loaded,50,2,3,4,0.199361300,1
#5 front-loaded,50,2,3,5,0.199360900,1
#5 front-loaded,50,2,4,2,0.199661400,1
#5 front-loaded,50,2,4,3,0.199661400,1
#5 front-loaded,50,2,4,4,0.199361400,1
#5 front-loaded,50,2,4,5,0.199360900,1
#5 front-loaded,50,2,5,2,0.166134611,1
#5 front-loaded,50,2,5,3,0.166134611,1
#5 front-loaded,50,2,5,4,0.166134611,1
#5 front-loaded,50,2,5,5,0.166134750,1
#5 front-loaded,51,2,0,2,0.996105000,1
#5 front-loaded,51,2,0,3,0.996105000,1
#5 front-loaded,51,2,0,4,0.996105000,1
#5 front-loaded,51,2,0,5,0.830220833,1
#5 front-loaded,51,2,1,2,0.498152750,1
#5 front-loaded,51,2,1,3,0.498152500,1
#5 front-loaded,51,2,1,4,0.498252250,1
#5 front-loaded,51,2,1,5,0.498152250,1
#5 front-loaded,51,2,2,2,0.332068667,1
#5 front-loaded,51,2,2,3,0.332068667,1
#5 front-loaded,51,2,2,4,0.332068667,1
#5 front-loaded,51,2,2,5,0.332068167,1
#5 front-loaded,51,2,3,2,0.199362100,1
#5 front-loaded,51,2,3,3,0.199361500,1
#5 front-loaded,51,2,3,4,0.199361300,1
#5 front-loaded,51,2,3,5,0.199360900,1
#5 front-loaded,51,2,4,2,0.199661400,1
#5 front-loaded,51,2,4,3,0.199661400,1
#5 front-loaded,51,2,4,4,0.199361400,1
#5 front-loaded,51,2,4,5,0.199360900,1
#5 front-loaded,51,2,5,2,0.166134611,1
#5 front-loaded,51,2,5,3,0.166134611,1
#5 front-loaded,51,2,5,4,0.166134611,1
#5 front-loaded,51,2,5,5,0.166134750,1
#5 front-loaded,52,2,0,2,0.996105000,1
#5 front-loaded,52,2,0,3,0.996105000,1
#5 front-loaded,52,2,0,4,0.996105000,1
#5 front-loaded,52,2,0,5,0.830220833,1
#5 front-loaded,52,2,1,2,0.498152750,1
#5 front-loaded,52,2,1,3,0.498152500,1
#5 front-loaded,52,2,1,4,0.498252250,1
#5 front-loaded,52,2,1,5,0.498152250,1
#5 front-loaded,52,2,2,2,0.332068667,1
#5 front-loaded,52,2,2,3,0.332068667,1
#5 front-loaded,52,2,2,4,0.332068667,1
#5 front-loaded,52,2,2,5,0.332068167,1
#5 front-loaded,52,2,3,2,0.199362100,1
#5 front-loaded,52,2,3,3,0.199361500,1
#5 front-loaded,52,2,3,4,0.199361300,1
#5 front-loaded,52,2,3,5,0.199360900,1
#5 front-loaded,52,2,4,2,0.199661400,1
#5 front-loaded,52,2,4,3,0.199661400,1
#5 front-loaded,52,2,4,4,0.199361400,1
#5 front-loaded,52,2,4,5,0.199360900,1
#5 front-loaded,52,2,5,2,0.166134611,1
#5 front-loaded,52,2,5,3,0.166134611,1
#5 front-loaded,52,2,5,4,0.166134611,1
#5 front-loaded,52,2,5,5,0.166134750,1
#5 front-loaded,53,2,0,2,0.996105000,1
#5 front-loaded,53,2,0,3,0.996105000,1
#5 front-loaded,53,2,0,4,0.996105000,1
#5 front-loaded,53,2,0,5,0.830220833,1
#5 front-loaded,53,2,1,2,0.498152750,1
#5 front-loaded,53,2,1,3,0.498152500,1
#5 front-loaded,53,2,1,4,0.498252250,1
#5 front-loaded,53,2,1,5,0.498152250,1
#5 front-loaded,53,2,2,2,0.332068667,1
#5 front-loaded,53,2,2,3,0.332068667,1
#5 front-loaded,53,2,2,4,0.332068667,1
#5 front-loaded,53,2,2,5,0.332068167,1
#5 front-loaded,53,2,3,2,0.199362100,1
#5 front-loaded,53,2,3,3,0.199361500,1
#5 front-loaded,53,2,3,4,0.199361300,1
#5 front-loaded,53,2,3,5,0.199360900,1
#5 front-loaded,53,2,4,2,0.199661400,1
#5 front-loaded,53,2,4,3,0.199661400,1
#5 front-loaded,53,2,4,4,0.199361400,1
#5 front-loaded,53,2,4,5,0.199360900,1
#5 front-loaded,53,2,5,2,0.166134611,1
#5 front-loaded,53,2,5,3,0.166134611,1
#5 front-loaded,53,2,5,4,0.166134611,1
#5 front-loaded,53,2,5,5,0.166134750,1
#5 front-loaded,54,2,0,2,0.996105000,1
#5 front-loaded,54,2,0,3,0.996105000,1
#5 front-loaded,54,2,0,4,0.996105000,1
#5 front-loaded,54,2,0,5,0.830220833,1
#5 front-loaded,54,2,1,2,0.498152750,1
#5 front-loaded,54,2,1,3,0.498152500,1
#5 front-loaded,54,2,1,4,0.498252250,1
#5 front-loaded,54,2,1,5,0.498152250,1
#5 front-loaded,54,2,2,2,0.332068667,1
#5 front-loaded,54,2,2,3,0.332068667,1
#5 front-loaded,54,2,2,4,0.332068667,1
#5 front-loaded,54,2,2,5,0.332068167,1
#5 front-loaded,54,2,3,2,0.199362100,1
#5 front-loaded,54,2,3,3,0.199361500,1
#5 front-loaded,54,2,3,4,0.199361300,1
#5 front-loaded,54,2,3,5,0.199360900,1
#5 front-loaded,54,2,4,2,0.199661267,1
#5 front-loaded,54,2,4,3,0.199661267,1
#5 front-loaded,54,2,4,4,0.199361400,1
#5 front-loaded,54,2,4,5,0.199360900,1
#5 front-loaded,54,2,5,2,0.166134611,1
#5 front-loaded,54,2,5,3,0.166134611,1
#5 front-loaded,54,2,5,4,0.166134611,1
#5 front-loaded,54,2,5,5,0.166134750,1
#5 front-loaded,55,2,0,2,0.994808000,1
#5 front-loaded,55,2,0,3,0.994808000,1
#5 front-loaded,55,2,0,4,0.994808000,1
#5 front-loaded,55,2,0,5,0.829322333,1
#5 front-loaded,55,2,1,2,0.497554500,1
#5 front-loaded,55,2,1,3,0.497554500,1
#5 front-loaded,55,2,1,4,0.497553500,1
#5 front-loaded,55,2,1,5,0.497553500,1
#5 front-loaded,55,2,2,2,0.331703000,1
#5 front-loaded,55,2,2,3,0.331736000,1
#5 front-loaded,55,2,2,4,0.331735333,1
#5 front-loaded,55,2,2,5,0.331735333,1
#5 front-loaded,55,2,3,2,0.199322200,1
#5 front-loaded,55,2,3,3,0.199122000,1
#5 front-loaded,55,2,3,4,0.199121300,1
#5 front-loaded,55,2,3,5,0.199161400,1
#5 front-loaded,55,2,4,2,0.199263000,1
#5 front-loaded,55,2,4,3,0.199262000,1
#5 front-loaded,55,2,4,4,0.199262400,1
#5 front-loaded,55,2,4,5,0.199161400,1
#5 front-loaded,55,2,5,2,0.166134611,1
#5 front-loaded,55,2,5,3,0.166134611,1
#5 front-loaded,55,2,5,4,0.166134611,1
#5 front-loaded,55,2,5,5,0.166134750,1
#5 front-loaded,56,2,0,2,0.994808000,1
#5 front-loaded,56,2,0,3,0.994808000,1
#5 front-loaded,56,2,0,4,0.994808000,1
#5 front-loaded,56,2,0,5,0.829322333,1
#5 front-loaded,56,2,1,2,0.497554500,1
#5 front-loaded,56,2,1,3,0.497554500,1
#5 front-loaded,56,2,1,4,0.497553500,1
#5 front-loaded,56,2,1,5,0.497553500,1
#5 front-loaded,56,2,2,2,0.331703000,1
#5 front-loaded,56,2,2,3,0.331736000,1
#5 front-loaded,56,2,2,4,0.331735333,1
#5 front-loaded,56,2,2,5,0.331735333,1
#5 front-loaded,56,2,3,2,0.199322200,1
#5 front-loaded,56,2,3,3,0.199122000,1
#5 front-loaded,56,2,3,4,0.199121300,1
#5 front-loaded,56,2,3,5,0.199161400,1
#5 front-loaded,56,2,4,2,0.199263000,1
#5 front-loaded,56,2,4,3,0.199262000,1
#5 front-loaded,56,2,4,4,0.199262400,1
#5 front-loaded,56,2,4,5,0.199161400,1
#5 front-loaded,56,2,5,2,0.166134611,1
#5 front-loaded,56,2,5,3,0.166134611,1
#5 front-loaded,56,2,5,4,0.166134611,1
#5 front-loaded,56,2,5,5,0.166134750,1
#5 front-loaded,57,2,0,2,0.994609000,1
#5 front-loaded,57,2,0,3,0.994609000,1
#5 front-loaded,57,2,0,4,0.994609000,1
#5 front-loaded,57,2,0,5,0.829123333,1
#5 front-loaded,57,2,1,2,0.497455000,1
#5 front-loaded,57,2,1,3,0.497455000,1
#5 front-loaded,57,2,1,4,0.497454000,1
#5 front-loaded,57,2,1,5,0.497454000,1
#5 front-loaded,57,2,2,2,0.331636667,1
#5 front-loaded,57,2,2,3,0.331636667,1
#5 front-loaded,57,2,2,4,0.331635667,1
#5 front-loaded,57,2,2,5,0.331635667,1
#5 front-loaded,57,2,3,2,0.199282100,1
#5 front-loaded,57,2,3,3,0.199082000,1
#5 front-loaded,57,2,3,4,0.199081400,1
#5 front-loaded,57,2,3,5,0.199101400,1
#5 front-loaded,57,2,4,2,0.199203400,1
#5 front-loaded,57,2,4,3,0.199102400,1
#5 front-loaded,57,2,4,4,0.199101400,1
#5 front-loaded,57,2,4,5,0.199101400,1
#5 front-loaded,57,2,5,2,0.165934611,1
#5 front-loaded,57,2,5,3,0.165934611,1
#5 front-loaded,57,2,5,4,0.165934611,1
#5 front-loaded,57,2,5,5,0.165934750,1
#5 front-loaded,58,2,0,2,0.994609000,1
#5 front-loaded,58,2,0,3,0.994609000,1
#5 front-loaded,58,2,0,4,0.994609000,1
#5 front-loaded,58,2,0,5,0.829123333,1
#5 front-loaded,58,2,1,2,0.497455000,1
#5 front-loaded,58,2,1,3,0.497455000,1
#5 front-loaded,58,2,1,4,0.497454000,1
#5 front-loaded,58,2,1,5,0.497454000,1
#5 front-loaded,58,2,2,2,0.331636667,1
#5 front-loaded,58,2,2,3,0.331636667,1
#5 front-loaded,58,2,2,4,0.331635667,1
#5 front-loaded,58,2,2,5,0.331635667,1
#5 front-loaded,58,2,3,2,0.199282100,1
#5 front-loaded,58,2,3,3,0.199082000,1
#5 front-loaded,58,2,3,4,0.199081400,1
#5 front-loaded,58,2,3,5,0.199101400,1
#5 front-loaded,58,2,4,2,0.199103400,1
#5 front-loaded,58,2,4,3,0.199102400,1
#5 front-loaded,58,2,4,4,0.199101400,1
#5 front-loaded,58,2,4,5,0.199101400,1
#5 front-loaded,58,2,5,2,0.165934611,1
#5 front-loaded,58,2,5,3,0.165934611,1
#5 front-loaded,58,2,5,4,0.165934611,1
#5 front-loaded,58,2,5,5,0.165934750,1
#5 front-loaded,59,2,0,2,0.994609000,1
#5 front-loaded,59,2,0,3,0.994609000,1
#5 front-loaded,59,2,0,4,0.994609000,1
#5 front-loaded,59,2,0,5,0.829123333,1
#5 front-loaded,59,2,1,2,0.497455000,1
#5 front-loaded,59,2,1,3,0.497455000,1
#5 front-loaded,59,2,1,4,0.497454000,1
#5 front-loaded,59,2,1,5,0.497454000,1
#5 front-loaded,59,2,2,2,0.331636667,1
#5 front-loaded,59,2,2,3,0.331636667,1
#5 front-loaded,59,2,2,4,0.331635667,1
#5 front-loaded,59,2,2,5,0.331635667,1
#5 front-loaded,59,2,3,2,0.199282100,1
#5 front-loaded,59,2,3,3,0.199082000,1
#5 front-loaded,59,2,3,4,0.199081400,1
#5 front-loaded,59,2,3,5,0.199101400,1
#5 front-loaded,59,2,4,2,0.199103400,1
#5 front-loaded,59,2,4,3,0.199102400,1
#5 front-loaded,59,2,4,4,0.199101400,1
#5 front-loaded,59,2,4,5,0.199101400,1
#5 front-loaded,59,2,5,2,0.165934611,1
#5 front-loaded,59,2,5,3,0.165934611,1
#5 front-loaded,59,2,5,4,0.165934611,1
#5 front-loaded,59,2,5,5,0.165934750,1
#5 front-loaded,60,2,0,2,0.994510000,1
#5 front-loaded,60,2,0,3,0.994510000,1
#5 front-loaded,60,2,0,4,0.994510000,1
#5 front-loaded,60,2,0,5,0.829024333,1
#5 front-loaded,60,2,1,2,0.497405500,1
#5 front-loaded,60,2,1,3,0.497405500,1
#5 front-loaded,60,2,1,4,0.497404500,1
#5 front-loaded,60,2,1,5,0.497404500,1
#5 front-loaded,60,2,2,2,0.331536667,1
#5 front-loaded,60,2,2,3,0.331536667,1
#5 front-loaded,60,2,2,4,0.331536667,1
#5 front-loaded,60,2,2,5,0.331536667,1
#5 front-loaded,60,2,3,2,0.199282100,1
#5 front-loaded,60,2,3,3,0.199082000,1
#5 front-loaded,60,2,3,4,0.199081400,1
#5 front-loaded,60,2,3,5,0.199101400,1
#5 front-loaded,60,2,4,2,0.199103400,1
#5 front-loaded,60,2,4,3,0.199102400,1
#5 front-loaded,60,2,4,4,0.199101400,1
#5 front-loaded,60,2,4,5,0.199101400,1
#5 front-loaded,60,2,5,2,0.165934611,1
#5 front-loaded,60,2,5,3,0.165934611,1
#5 front-loaded,60,2,5,4,0.165934611,1
#5 front-loaded,60,2,5,5,0.165934750,1
#5 front-loaded,61,2,0,2,0.994010000,1
#5 front-loaded,61,2,0,3,0.994010000,1
#5 front-loaded,61,2,0,4,0.994010000,1
#5 front-loaded,61,2,0,5,0.828724333,1
#5 front-loaded,61,2,1,2,0.497305500,1
#5 front-loaded,61,2,1,3,0.497305500,1
#5 front-loaded,61,2,1,4,0.497204500,1
#5 front-loaded,61,2,1,5,0.497204500,1
#5 front-loaded,61,2,2,2,0.331336667,1
#5 front-loaded,61,2,2,3,0.331336667,1
#5 front-loaded,61,2,2,4,0.331336667,1
#5 front-loaded,61,2,2,5,0.331336667,1
#5 front-loaded,61,2,3,2,0.199002000,1
#5 front-loaded,61,2,3,3,0.198802000,1
#5 front-loaded,61,2,3,4,0.198802000,1
#5 front-loaded,61,2,3,5,0.199101400,1
#5 front-loaded,61,2,4,2,0.199103400,1
#5 front-loaded,61,2,4,3,0.199102400,1
#5 front-loaded,61,2,4,4,0.199101400,1
#5 front-loaded,61,2,4,5,0.199101400,1
#5 front-loaded,61,2,5,2,0.165934611,1
#5 front-loaded,61,2,5,3,0.165934611,1
#5 front-loaded,61,2,5,4,0.165934611,1
#5 front-loaded,61,2,5,5,0.165934750,1
#5 front-loaded,62,2,0,2,0.994010000,1
#5 front-loaded,62,2,0,3,0.994010000,1
#5 front-loaded,62,2,0,4,0.994010000,1
#5 front-loaded,62,2,0,5,0.828724333,1
#5 front-loaded,62,2,1,2,0.497305500,1
#5 front-loaded,62,2,1,3,0.497305500,1
#5 front-loaded,62,2,1,4,0.497204500,1
#5 front-loaded,62,2,1,5,0.497204500,1
#5 front-loaded,62,2,2,2,0.331336667,1
#5 front-loaded,62,2,2,3,0.331336667,1
#5 front-loaded,62,2,2,4,0.331336667,1
#5 front-loaded,62,2,2,5,0.331336667,1
#5 front-loaded,62,2,3,2,0.199002000,1
#5 front-loaded,62,2,3,3,0.198802000,1
#5 front-loaded,62,2,3,4,0.198802000,1
#5 front-loaded,62,2,3,5,0.199101400,1
#5 front-loaded,62,2,4,2,0.199103400,1
#5 front-loaded,62,2,4,3,0.199102400,1
#5 front-loaded,62,2,4,4,0.199101400,1
#5 front-loaded,62,2,4,5,0.199101400,1
#5 front-loaded,62,2,5,2,0.165934611,1
#5 front-loaded,62,2,5,3,0.165934611,1
#5 front-loaded,62,2,5,4,0.165934611,1
#5 front-loaded,62,2,5,5,0.165934750,1
#5 front-loaded,63,2,0,2,0.994010000,1
#5 front-loaded,63,2,0,3,0.994010000,1
#5 front-loaded,63,2,0,4,0.994010000,1
#5 front-loaded,63,2,0,5,0.828724333,1
#5 front-loaded,63,2,1,2,0.497305500,1
#5 front-loaded,63,2,1,3,0.497305500,1
#5 front-loaded,63,2,1,4,0.497204500,1
#5 front-loaded,63,2,1,5,0.497204500,1
#5 front-loaded,63,2,2,2,0.331336667,1
#5 front-loaded,63,2,2,3,0.331336667,1
#5 front-loaded,63,2,2,4,0.331336667,1
#5 front-loaded,63,2,2,5,0.331336667,1
#5 front-loaded,63,2,3,2,0.199002000,1
#5 front-loaded,63,2,3,3,0.198802000,1
#5 front-loaded,63,2,3,4,0.198802000,1
#5 front-loaded,63,2,3,5,0.199101400,1
#5 front-loaded,63,2,4,2,0.199103400,1
#5 front-loaded,63,2,4,3,0.199102400,1
#5 front-loaded,63,2,4,4,0.199101400,1
#5 front-loaded,63,2,4,5,0.199101400,1
#5 front-loaded,63,2,5,2,0.165934611,1
#5 front-loaded,63,2,5,3,0.165934611,1
#5 front-loaded,63,2,5,4,0.165934611,1
#5 front-loaded,63,2,5,5,0.165934750,1
#5 front-loaded,64,2,0,2,0.994010000,1
#5 front-loaded,64,2,0,3,0.994010000,1
#5 front-loaded,64,2,0,4,0.994010000,1
#5 front-loaded,64,2,0,5,0.828724333,1
#5 front-loaded,64,2,1,2,0.497305500,1
#5 front-loaded,64,2,1,3,0.497305500,1
#5 front-loaded,64,2,1,4,0.497204500,1
#5 front-loaded,64,2,1,5,0.497204500,1
#5 front-loaded,64,2,2,2,0.331336667,1
#5 front-loaded,64,2,2,3,0.331336667,1
#5 front-loaded,64,2,2,4,0.331336667,1
#5 front-loaded,64,2,2,5,0.331336667,1
#5 front-loaded,64,2,3,2,0.199002000,1
#5 front-loaded,64,2,3,3,0.198802000,1
#5 front-loaded,64,2,3,4,0.198802000,1
#5 front-loaded,64,2,3,5,0.199101400,1
#5 front-loaded,64,2,4,2,0.199103400,1
#5 front-loaded,64,2,4,3,0.199102400,1
#5 front-loaded,64,2,4,4,0.199101400,1
#5 front-loaded,64,2,4,5,0.199101400,1
#5 front-loaded,64,2,5,2,0.165934611,1
#5 front-loaded,64,2,5,3,0.165934611,1
#5 front-loaded,64,2,5,4,0.165934611,1
#5 front-loaded,64,2,5,5,0.165934750,1
#5 front-loaded,65,2,0,2,0.994010000,1
#5 front-loaded,65,2,0,3,0.994010000,1
#5 front-loaded,65,2,0,4,0.994010000,1
#5 front-loaded,65,2,0,5,0.828724333,1
#5 front-loaded,65,2,1,2,0.497305500,1
#5 front-loaded,65,2,1,3,0.497305500,1
#5 front-loaded,65,2,1,4,0.497204500,1
#5 front-loaded,65,2,1,5,0.497204500,1
#5 front-loaded,65,2,2,2,0.331336667,1
#5 front-loaded,65,2,2,3,0.331336667,1
#5 front-loaded,65,2,2,4,0.331336667,1
#5 front-loaded,65,2,2,5,0.331336667,1
#5 front-loaded,65,2,3,2,0.199002000,1
#5 front-loaded,65,2,3,3,0.198802000,1
#5 front-loaded,65,2,3,4,0.198802000,1
#5 front-loaded,65,2,3,5,0.199101400,1
#5 front-loaded,65,2,4,2,0.199103400,1
#5 front-loaded,65,2,4,3,0.199102400,1
#5 front-loaded,65,2,4,4,0.199101400,1
#5 front-loaded,65,2,4,5,0.199101400,1
#5 front-loaded,65,2,5,2,0.165917889,1
#5 front-loaded,65,2,5,3,0.165917889,1
#5 front-loaded,65,2,5,4,0.165917889,1
#5 front-loaded,65,2,5,5,0.165918000,1
#5 front-loaded,66,2,0,2,0.994010000,1
#5 front-loaded,66,2,0,3,0.994010000,1
#5 front-loaded,66,2,0,4,0.994010000,1
#5 front-loaded,66,2,0,5,0.828707667,1
#5 front-loaded,66,2,1,2,0.497305500,1
#5 front-loaded,66,2,1,3,0.497305500,1
#5 front-loaded,66,2,1,4,0.497204500,1
#5 front-loaded,66,2,1,5,0.497204500,1
#5 front-loaded,66,2,2,2,0.331336667,1
#5 front-loaded,66,2,2,3,0.331336667,1
#5 front-loaded,66,2,2,4,0.331336667,1
#5 front-loaded,66,2,2,5,0.331336667,1
#5 front-loaded,66,2,3,2,0.199002000,1
#5 front-loaded,66,2,3,3,0.198802000,1
#5 front-loaded,66,2,3,4,0.198802000,1
#5 front-loaded,66,2,3,5,0.199101400,1
#5 front-loaded,66,2,4,2,0.199103400,1
#5 front-loaded,66,2,4,3,0.199102400,1
#5 front-loaded,66,2,4,4,0.199101400,1
#5 front-loaded,66,2,4,5,0.199101400,1
#5 front-loaded,66,2,5,2,0.165884667,1
#5 front-loaded,66,2,5,3,0.165884667,1
#5 front-loaded,66,2,5,4,0.165884667,1
#5 front-loaded,66,2,5,5,0.165884667,1
#5 front-loaded,67,2,0,2,0.994010000,1
#5 front-loaded,67,2,0,3,0.994010000,1
#5 front-loaded,67,2,0,4,0.994010000,1
#5 front-loaded,67,2,0,5,0.828707667,1
#5 front-loaded,67,2,1,2,0.497305500,1
#5 front-loaded,67,2,1,3,0.497305500,1
#5 front-loaded,67,2,1,4,0.497204500,1
#5 front-loaded,67,2,1,5,0.497204500,1
#5 front-loaded,67,2,2,2,0.331336667,1
#5 front-loaded,67,2,2,3,0.331336667,1
#5 front-loaded,67,2,2,4,0.331336667,1
#5 front-loaded,67,2,2,5,0.331336667,1
#5 front-loaded,67,2,3,2,0.199002000,1
#5 front-loaded,67,2,3,3,0.198802000,1
#5 front-loaded,67,2,3,4,0.198802000,1
#5 front-loaded,67,2,3,5,0.199101400,1
#5 front-loaded,67,2,4,2,0.199103400,1
#5 front-loaded,67,2,4,3,0.199102400,1
#5 front-loaded,67,2,4,4,0.199101400,1
#5 front-loaded,67,2,4,5,0.199101400,1
#5 front-loaded,67,2,5,2,0.165884667,1
#5 front-loaded,67,2,5,3,0.165884667,1
#5 front-loaded,67,2,5,4,0.165884667,1
#5 front-loaded,67,2,5,5,0.165884667,1
#5 front-loaded,68,2,0,2,0.993762500,1
#5 front-loaded,68,2,0,3,0.993762500,1
#5 front-loaded,68,2,0,4,0.993762500,1
#5 front-loaded,68,2,0,5,0.828509667,1
#5 front-loaded,68,2,1,2,0.497131750,1
#5 front-loaded,68,2,1,3,0.497156000,1
#5 front-loaded,68,2,1,4,0.497105500,1
#5 front-loaded,68,2,1,5,0.497105500,1
#5 front-loaded,68,2,2,2,0.331254167,1
#5 front-loaded,68,2,2,3,0.331254167,1
#5 front-loaded,68,2,2,4,0.331254167,1
#5 front-loaded,68,2,2,5,0.331287167,1
#5 front-loaded,68,2,3,2,0.198903000,1
#5 front-loaded,68,2,3,3,0.198752500,1
#5 front-loaded,68,2,3,4,0.198802000,1
#5 front-loaded,68,2,3,5,0.199101400,1
#5 front-loaded,68,2,4,2,0.199103400,1
#5 front-loaded,68,2,4,3,0.199102400,1
#5 front-loaded,68,2,4,4,0.199101400,1
#5 front-loaded,68,2,4,5,0.199101400,1
#5 front-loaded,68,2,5,2,0.165868000,1
#5 front-loaded,68,2,5,3,0.165868000,1
#5 front-loaded,68,2,5,4,0.165868000,1
#5 front-loaded,68,2,5,5,0.165884667,1
#5 front-loaded,69,2,0,2,0.993762500,1
#5 front-loaded,69,2,0,3,0.993762500,1
#5 front-loaded,69,2,0,4,0.993762500,1
#5 front-loaded,69,2,0,5,0.828509667,1
#5 front-loaded,69,2,1,2,0.497131750,1
#5 front-loaded,69,2,1,3,0.497156000,1
#5 front-loaded,69,2,1,4,0.497105500,1
#5 front-loaded,69,2,1,5,0.497105500,1
#5 front-loaded,69,2,2,2,0.331254167,1
#5 front-loaded,69,2,2,3,0.331254167,1
#5 front-loaded,69,2,2,4,0.331254167,1
#5 front-loaded,69,2,2,5,0.331287167,1
#5 front-loaded,69,2,3,2,0.198903000,1
#5 front-loaded,69,2,3,3,0.198752500,1
#5 front-loaded,69,2,3,4,0.198802000,1
#5 front-loaded,69,2,3,5,0.199101400,1
#5 front-loaded,69,2,4,2,0.199103400,1
#5 front-loaded,69,2,4,3,0.199102400,1
#5 front-loaded,69,2,4,4,0.199101400,1
#5 front-loaded,69,2,4,5,0.199101400,1
#5 front-loaded,69,2,5,2,0.165868000,1
#5 front-loaded,69,2,5,3,0.165868000,1
#5 front-loaded,69,2,5,4,0.165868000,1
#5 front-loaded,69,2,5,5,0.165884667,1
#5 front-loaded,70,2,0,2,0.993762500,1
#5 front-loaded,70,2,0,3,0.993762500,1
#5 front-loaded,70,2,0,4,0.993762500,1
#5 front-loaded,70,2,0,5,0.828509667,1
#5 front-loaded,70,2,1,2,0.497131750,1
#5 front-loaded,70,2,1,3,0.497156000,1
#5 front-loaded,70,2,1,4,0.497105500,1
#5 front-loaded,70,2,1,5,0.497105500,1
#5 front-loaded,70,2,2,2,0.331254167,1
#5 front-loaded,70,2,2,3,0.331254167,1
#5 front-loaded,70,2,2,4,0.331254167,1
#5 front-loaded,70,2,2,5,0.331287167,1
#5 front-loaded,70,2,3,2,0.198903000,1
#5 front-loaded,70,2,3,3,0.198752500,1
#5 front-loaded,70,2,3,4,0.198802000,1
#5 front-loaded,70,2,3,5,0.199101400,1
#5 front-loaded,70,2,4,2,0.199103400,1
#5 front-loaded,70,2,4,3,0.199102400,1
#5 front-loaded,70,2,4,4,0.199101400,1
#5 front-loaded,70,2,4,5,0.199101400,1
#5 front-loaded,70,2,5,2,0.165868000,1
#5 front-loaded,70,2,5,3,0.165868000,1
#5 front-loaded,70,2,5,4,0.165868000,1
#5 front-loaded,70,2,5,5,0.165884667,1
#5 front-loaded,71,2,0,2,0.993762500,1
#5 front-loaded,71,2,0,3,0.993762500,1
#5 front-loaded,71,2,0,4,0.877236500,1
#5 front-loaded,71,2,0,5,0.828509667,1
#5 front-loaded,71,2,1,2,0.497106500,1
#5 front-loaded,71,2,1,3,0.497106000,1
#5 front-loaded,71,2,1,4,0.497055500,1
#5 front-loaded,71,2,1,5,0.497055500,1
#5 front-loaded,71,2,2,2,0.331254167,1
#5 front-loaded,71,2,2,3,0.331254167,1
#5 front-loaded,71,2,2,4,0.331254167,1
#5 front-loaded,71,2,2,5,0.331287167,1
#5 front-loaded,71,2,3,2,0.198903000,1
#5 front-loaded,71,2,3,3,0.198752500,1
#5 front-loaded,71,2,3,4,0.198802000,1
#5 front-loaded,71,2,3,5,0.199101400,1
#5 front-loaded,71,2,4,2,0.199103400,1
#5 front-loaded,71,2,4,3,0.199102400,1
#5 front-loaded,71,2,4,4,0.199101400,1
#5 front-loaded,71,2,4,5,0.199101400,1
#5 front-loaded,71,2,5,2,0.165868000,1
#5 front-loaded,71,2,5,3,0.165868000,1
#5 front-loaded,71,2,5,4,0.165868000,1
#5 front-loaded,71,2,5,5,0.165884667,1
#5 front-loaded,72,2,0,2,0.993262500,1
#5 front-loaded,72,2,0,3,0.993262500,1
#5 front-loaded,72,2,0,4,0.876768824,1
#5 front-loaded,72,2,0,5,0.828026333,1
#5 front-loaded,72,2,1,2,0.496956500,1
#5 front-loaded,72,2,1,3,0.496956000,1
#5 front-loaded,72,2,1,4,0.496905500,1
#5 front-loaded,72,2,1,5,0.496855500,1
#5 front-loaded,72,2,2,2,0.331087500,1
#5 front-loaded,72,2,2,3,0.331088000,1
#5 front-loaded,72,2,2,4,0.331087500,1
#5 front-loaded,72,2,2,5,0.331120500,1
#5 front-loaded,72,2,3,2,0.198902500,1
#5 front-loaded,72,2,3,3,0.198652500,1
#5 front-loaded,72,2,3,4,0.198702000,1
#5 front-loaded,72,2,3,5,0.199001400,1
#5 front-loaded,72,2,4,2,0.199103400,1
#5 front-loaded,72,2,4,3,0.199101900,1
#5 front-loaded,72,2,4,4,0.199101400,1
#5 front-loaded,72,2,4,5,0.199001400,1
#5 front-loaded,72,2,5,2,0.165543750,1
#5 front-loaded,72,2,5,3,0.165585083,1
#5 front-loaded,72,2,5,4,0.165610083,1
#5 front-loaded,72,2,5,5,0.165634833,1
#5 front-loaded,73,2,0,2,0.993262500,1
#5 front-loaded,73,2,0,3,0.993262500,1
#5 front-loaded,73,2,0,4,0.876768824,1
#5 front-loaded,73,2,0,5,0.828026333,1
#5 front-loaded,73,2,1,2,0.496956500,1
#5 front-loaded,73,2,1,3,0.496956000,1
#5 front-loaded,73,2,1,4,0.496905500,1
#5 front-loaded,73,2,1,5,0.496855500,1
#5 front-loaded,73,2,2,2,0.331087500,1
#5 front-loaded,73,2,2,3,0.331088000,1
#5 front-loaded,73,2,2,4,0.331087500,1
#5 front-loaded,73,2,2,5,0.331120500,1
#5 front-loaded,73,2,3,2,0.198902500,1
#5 front-loaded,73,2,3,3,0.198652500,1
#5 front-loaded,73,2,3,4,0.198702000,1
#5 front-loaded,73,2,3,5,0.199001400,1
#5 front-loaded,73,2,4,2,0.199103400,1
#5 front-loaded,73,2,4,3,0.199101900,1
#5 front-loaded,73,2,4,4,0.199101400,1
#5 front-loaded,73,2,4,5,0.199001400,1
#5 front-loaded,73,2,5,2,0.165543750,1
#5 front-loaded,73,2,5,3,0.165585083,1
#5 front-loaded,73,2,5,4,0.165610083,1
#5 front-loaded,73,2,5,5,0.165634833,1
#5 front-loaded,74,2,0,2,0.993014000,1
#5 front-loaded,74,2,0,3,0.993014000,1
#5 front-loaded,74,2,0,4,0.876446941,1
#5 front-loaded,74,2,0,5,0.827777833,1
#5 front-loaded,74,2,1,2,0.496557000,1
#5 front-loaded,74,2,1,3,0.496557000,1
#5 front-loaded,74,2,1,4,0.496557000,1
#5 front-loaded,74,2,1,5,0.496607000,1
#5 front-loaded,74,2,2,2,0.331087500,1
#5 front-loaded,74,2,2,3,0.331088000,1
#5 front-loaded,74,2,2,4,0.331087500,1
#5 front-loaded,74,2,2,5,0.331120500,1
#5 front-loaded,74,2,3,2,0.198902500,1
#5 front-loaded,74,2,3,3,0.198652500,1
#5 front-loaded,74,2,3,4,0.198702000,1
#5 front-loaded,74,2,3,5,0.199001400,1
#5 front-loaded,74,2,4,2,0.199103400,1
#5 front-loaded,74,2,4,3,0.199101900,1
#5 front-loaded,74,2,4,4,0.199101400,1
#5 front-loaded,74,2,4,5,0.199001400,1
#5 front-loaded,74,2,5,2,0.165543750,1
#5 front-loaded,74,2,5,3,0.165585000,1
#5 front-loaded,74,2,5,4,0.165610083,1
#5 front-loaded,74,2,5,5,0.165634833,1
#5 front-loaded,75,2,0,2,0.993014000,1
#5 front-loaded,75,2,0,3,0.993014000,1
#5 front-loaded,75,2,0,4,0.876446941,1
#5 front-loaded,75,2,0,5,0.827777833,1
#5 front-loaded,75,2,1,2,0.496557000,1
#5 front-loaded,75,2,1,3,0.496557000,1
#5 front-loaded,75,2,1,4,0.496557000,1
#5 front-loaded,75,2,1,5,0.496607000,1
#5 front-loaded,75,2,2,2,0.331087500,1
#5 front-loaded,75,2,2,3,0.331088000,1
#5 front-loaded,75,2,2,4,0.331087500,1
#5 front-loaded,75,2,2,5,0.331120500,1
#5 front-loaded,75,2,3,2,0.198902500,1
#5 front-loaded,75,2,3,3,0.198652500,1
#5 front-loaded,75,2,3,4,0.198702000,1
#5 front-loaded,75,2,3,5,0.199001400,1
#5 front-loaded,75,2,4,2,0.199103400,1
#5 front-loaded,75,2,4,3,0.199101900,1
#5 front-loaded,75,2,4,4,0.199101400,1
#5 front-loaded,75,2,4,5,0.199001400,1
#5 front-loaded,75,2,5,2,0.165543750,1
#5 front-loaded,75,2,5,3,0.165585000,1
#5 front-loaded,75,2,5,4,0.165610083,1
#5 front-loaded,75,2,5,5,0.165634833,1
#5 front-loaded,76,2,0,2,0.993014000,1
#5 front-loaded,76,2,0,3,0.993014000,1
#5 front-loaded,76,2,0,4,0.876446941,1
#5 front-loaded,76,2,0,5,0.827777833,1
#5 front-loaded,76,2,1,2,0.496557000,1
#5 front-loaded,76,2,1,3,0.496557000,1
#5 front-loaded,76,2,1,4,0.496557000,1
#5 front-loaded,76,2,1,5,0.496607000,1
#5 front-loaded,76,2,2,2,0.331087500,1
#5 front-loaded,76,2,2,3,0.331088000,1
#5 front-loaded,76,2,2,4,0.331087500,1
#5 front-loaded,76,2,2,5,0.331120500,1
#5 front-loaded,76,2,3,2,0.198902500,1
#5 front-loaded,76,2,3,3,0.198652500,1
#5 front-loaded,76,2,3,4,0.198702000,1
#5 front-loaded,76,2,3,5,0.199001400,1
#5 front-loaded,76,2,4,2,0.199103400,1
#5 front-loaded,76,2,4,3,0.199101900,1
#5 front-loaded,76,2,4,4,0.199101400,1
#5 front-loaded,76,2,4,5,0.199001400,1
#5 front-loaded,76,2,5,2,0.165543750,1
#5 front-loaded,76,2,5,3,0.165585000,1
#5 front-loaded,76,2,5,4,0.165610083,1
#5 front-loaded,76,2,5,5,0.165634833,1
#5 front-loaded,77,2,0,2,0.993014000,1
#5 front-loaded,77,2,0,3,0.993014000,1
#5 front-loaded,77,2,0,4,0.876446941,1
#5 front-loaded,77,2,0,5,0.827777833,1
#5 front-loaded,77,2,1,2,0.496557000,1
#5 front-loaded,77,2,1,3,0.496557000,1
#5 front-loaded,77,2,1,4,0.496557000,1
#5 front-loaded,77,2,1,5,0.496607000,1
#5 front-loaded,77,2,2,2,0.331087500,1
#5 front-loaded,77,2,2,3,0.331088000,1
#5 front-loaded,77,2,2,4,0.331087500,1
#5 front-loaded,77,2,2,5,0.331120500,1
#5 front-loaded,77,2,3,2,0.198902500,1
#5 front-loaded,77,2,3,3,0.198652500,1
#5 front-loaded,77,2,3,4,0.198702000,1
#5 front-loaded,77,2,3,5,0.199001400,1
#5 front-loaded,77,2,4,2,0.199103400,1
#5 front-loaded,77,2,4,3,0.199101900,1
#5 front-loaded,77,2,4,4,0.199101400,1
#5 front-loaded,77,2,4,5,0.199001400,1
#5 front-loaded,77,2,5,2,0.165543750,1
#5 front-loaded,77,2,5,3,0.165585000,1
#5 front-loaded,77,2,5,4,0.165610083,1
#5 front-loaded,77,2,5,5,0.165634833,1
#5 front-loaded,78,2,0,2,0.993014000,1
#5 front-loaded,78,2,0,3,0.993014000,1
#5 front-loaded,78,2,0,4,0.876408735,1
#5 front-loaded,78,2,0,5,0.827777833,1
#5 front-loaded,78,2,1,2,0.496557000,1
#5 front-loaded,78,2,1,3,0.496557000,1
#5 front-loaded,78,2,1,4,0.496557000,1
#5 front-loaded,78,2,1,5,0.496607000,1
#5 front-loaded,78,2,2,2,0.331087500,1
#5 front-loaded,78,2,2,3,0.331088000,1
#5 front-loaded,78,2,2,4,0.331087500,1
#5 front-loaded,78,2,2,5,0.331120500,1
#5 front-loaded,78,2,3,2,0.198902500,1
#5 front-loaded,78,2,3,3,0.198652500,1
#5 front-loaded,78,2,3,4,0.198702000,1
#5 front-loaded,78,2,3,5,0.199001400,1
#5 front-loaded,78,2,4,2,0.199103400,1
#5 front-loaded,78,2,4,3,0.199101900,1
#5 front-loaded,78,2,4,4,0.199101400,1
#5 front-loaded,78,2,4,5,0.199001400,1
#5 front-loaded,78,2,5,2,0.165543750,1
#5 front-loaded,78,2,5,3,0.165585000,1
#5 front-loaded,78,2,5,4,0.165610083,1
#5 front-loaded,78,2,5,5,0.165626583,1
#5 front-loaded,79,2,0,2,0.945166690,1
#5 front-loaded,79,2,0,3,0.904947824,1
#5 front-loaded,79,2,0,4,0.875711735,1
#5 front-loaded,79,2,0,5,0.827080833,1
#5 front-loaded,79,2,1,2,0.496208500,1
#5 front-loaded,79,2,1,3,0.496208500,1
#5 front-loaded,79,2,1,4,0.496208500,1
#5 front-loaded,79,2,1,5,0.496208500,1
#5 front-loaded,79,2,2,2,0.330855167,1
#5 front-loaded,79,2,2,3,0.330855667,1
#5 front-loaded,79,2,2,4,0.330855167,1
#5 front-loaded,79,2,2,5,0.330855167,1
#5 front-loaded,79,2,3,2,0.198902500,1
#5 front-loaded,79,2,3,3,0.198652500,1
#5 front-loaded,79,2,3,4,0.198702000,1
#5 front-loaded,79,2,3,5,0.198603400,1
#5 front-loaded,79,2,4,2,0.198603400,1
#5 front-loaded,79,2,4,3,0.198603400,1
#5 front-loaded,79,2,4,4,0.198603400,1
#5 front-loaded,79,2,4,5,0.198603400,1
#5 front-loaded,79,2,5,2,0.165543750,1
#5 front-loaded,79,2,5,3,0.165585000,1
#5 front-loaded,79,2,5,4,0.165610083,1
#5 front-loaded,79,2,5,5,0.165626583,1
#5 front-loaded,80,2,0,2,0.944782452,1
#5 front-loaded,80,2,0,3,0.904599324,1
#5 front-loaded,80,2,0,4,0.859692833,1
#5 front-loaded,80,2,0,5,0.793515400,1
#5 front-loaded,80,2,1,2,0.495860000,1
#5 front-loaded,80,2,1,3,0.495909500,1
#5 front-loaded,80,2,1,4,0.495909500,1
#5 front-loaded,80,2,1,5,0.495909500,1
#5 front-loaded,80,2,2,2,0.330855167,1
#5 front-loaded,80,2,2,3,0.330855667,1
#5 front-loaded,80,2,2,4,0.330855167,1
#5 front-loaded,80,2,2,5,0.330855167,1
#5 front-loaded,80,2,3,2,0.198862700,1
#5 front-loaded,80,2,3,3,0.198602800,1
#5 front-loaded,80,2,3,4,0.198662200,1
#5 front-loaded,80,2,3,5,0.198364000,1
#5 front-loaded,80,2,4,2,0.198364000,1
#5 front-loaded,80,2,4,3,0.198364000,1
#5 front-loaded,80,2,4,4,0.198364000,1
#5 front-loaded,80,2,4,5,0.198364000,1
#5 front-loaded,80,2,5,2,0.124226625,1
#5 front-loaded,80,2,5,3,0.124276250,1
#5 front-loaded,80,2,5,4,0.124282500,1
#5 front-loaded,80,2,5,5,0.124288750,1
#5 front-loaded,81,2,0,2,0.944782452,1
#5 front-loaded,81,2,0,3,0.904599324,1
#5 front-loaded,81,2,0,4,0.859692833,1
#5 front-loaded,81,2,0,5,0.793515400,1
#5 front-loaded,81,2,1,2,0.495860000,1
#5 front-loaded,81,2,1,3,0.495909500,1
#5 front-loaded,81,2,1,4,0.495909500,1
#5 front-loaded,81,2,1,5,0.495909500,1
#5 front-loaded,81,2,2,2,0.330855167,1
#5 front-loaded,81,2,2,3,0.330855667,1
#5 front-loaded,81,2,2,4,0.330855167,1
#5 front-loaded,81,2,2,5,0.330855167,1
#5 front-loaded,81,2,3,2,0.198862700,1
#5 front-loaded,81,2,3,3,0.198602800,1
#5 front-loaded,81,2,3,4,0.198662200,1
#5 front-loaded,81,2,3,5,0.198364000,1
#5 front-loaded,81,2,4,2,0.198364000,1
#5 front-loaded,81,2,4,3,0.198364000,1
#5 front-loaded,81,2,4,4,0.198364000,1
#5 front-loaded,81,2,4,5,0.198364000,1
#5 front-loaded,81,2,5,2,0.124226625,1
#5 front-loaded,81,2,5,3,0.124276250,1
#5 front-loaded,81,2,5,4,0.124282500,1
#5 front-loaded,81,2,5,5,0.124288750,1
#5 front-loaded,82,2,0,2,0.944732952,1
#5 front-loaded,82,2,0,3,0.904549824,1
#5 front-loaded,82,2,0,4,0.859626867,1
#5 front-loaded,82,2,0,5,0.793456000,1
#5 front-loaded,82,2,1,2,0.495810500,1
#5 front-loaded,82,2,1,3,0.495810500,1
#5 front-loaded,82,2,1,4,0.495810500,1
#5 front-loaded,82,2,1,5,0.495810500,1
#5 front-loaded,82,2,2,2,0.330855167,1
#5 front-loaded,82,2,2,3,0.330855667,1
#5 front-loaded,82,2,2,4,0.330855167,1
#5 front-loaded,82,2,2,5,0.330855167,1
#5 front-loaded,82,2,3,2,0.198842900,1
#5 front-loaded,82,2,3,3,0.198602800,1
#5 front-loaded,82,2,3,4,0.198642400,1
#5 front-loaded,82,2,3,5,0.198354100,1
#5 front-loaded,82,2,4,2,0.198354100,1
#5 front-loaded,82,2,4,3,0.198354100,1
#5 front-loaded,82,2,4,4,0.198354100,1
#5 front-loaded,82,2,4,5,0.198354100,1
#5 front-loaded,82,2,5,2,0.124226625,1
#5 front-loaded,82,2,5,3,0.124276250,1
#5 front-loaded,82,2,5,4,0.124282500,1
#5 front-loaded,82,2,5,5,0.124288750,1
#5 front-loaded,83,2,0,2,0.944732952,1
#5 front-loaded,83,2,0,3,0.904549824,1
#5 front-loaded,83,2,0,4,0.859626867,1
#5 front-loaded,83,2,0,5,0.793456000,1
#5 front-loaded,83,2,1,2,0.495810500,1
#5 front-loaded,83,2,1,3,0.495810500,1
#5 front-loaded,83,2,1,4,0.495810500,1
#5 front-loaded,83,2,1,5,0.495810500,1
#5 front-loaded,83,2,2,2,0.330855167,1
#5 front-loaded,83,2,2,3,0.330855667,1
#5 front-loaded,83,2,2,4,0.330855167,1
#5 front-loaded,83,2,2,5,0.330855167,1
#5 front-loaded,83,2,3,2,0.198842900,1
#5 front-loaded,83,2,3,3,0.198602800,1
#5 front-loaded,83,2,3,4,0.198642400,1
#5 front-loaded,83,2,3,5,0.198354100,1
#5 front-loaded,83,2,4,2,0.198354100,1
#5 front-loaded,83,2,4,3,0.198354100,1
#5 front-loaded,83,2,4,4,0.198354100,1
#5 front-loaded,83,2,4,5,0.198354100,1
#5 front-loaded,83,2,5,2,0.124226625,1
#5 front-loaded,83,2,5,3,0.124276250,1
#5 front-loaded,83,2,5,4,0.124282500,1
#5 front-loaded,83,2,5,5,0.124288750,1
#5 front-loaded,84,2,0,2,0.944732952,1
#5 front-loaded,84,2,0,3,0.904549824,1
#5 front-loaded,84,2,0,4,0.859626867,1
#5 front-loaded,84,2,0,5,0.793456000,1
#5 front-loaded,84,2,1,2,0.495810500,1
#5 front-loaded,84,2,1,3,0.495810500,1
#5 front-loaded,84,2,1,4,0.495810500,1
#5 front-loaded,84,2,1,5,0.495810500,1
#5 front-loaded,84,2,2,2,0.330855167,1
#5 front-loaded,84,2,2,3,0.330855667,1
#5 front-loaded,84,2,2,4,0.330855167,1
#5 front-loaded,84,2,2,5,0.330855167,1
#5 front-loaded,84,2,3,2,0.198643400,1
#5 front-loaded,84,2,3,3,0.198602800,1
#5 front-loaded,84,2,3,4,0.198642400,1
#5 front-loaded,84,2,3,5,0.198354100,1
#5 front-loaded,84,2,4,2,0.198354100,1
#5 front-loaded,84,2,4,3,0.198354100,1
#5 front-loaded,84,2,4,4,0.198354100,1
#5 front-loaded,84,2,4,5,0.198354100,1
#5 front-loaded,84,2,5,2,0.124226625,1
#5 front-loaded,84,2,5,3,0.124276250,1
#5 front-loaded,84,2,5,4,0.124282500,1
#5 front-loaded,84,2,5,5,0.124288750,1
#5 front-loaded,85,2,0,2,0.944699619,1
#5 front-loaded,85,2,0,3,0.904461735,1
#5 front-loaded,85,2,0,4,0.859626867,1
#5 front-loaded,85,2,0,5,0.793456000,1
#5 front-loaded,85,2,1,2,0.495810500,1
#5 front-loaded,85,2,1,3,0.495810500,1
#5 front-loaded,85,2,1,4,0.495810500,1
#5 front-loaded,85,2,1,5,0.495810500,1
#5 front-loaded,85,2,2,2,0.330855167,1
#5 front-loaded,85,2,2,3,0.330855667,1
#5 front-loaded,85,2,2,4,0.330855167,1
#5 front-loaded,85,2,2,5,0.330855167,1
#5 front-loaded,85,2,3,2,0.198643400,1
#5 front-loaded,85,2,3,3,0.198602800,1
#5 front-loaded,85,2,3,4,0.198642400,1
#5 front-loaded,85,2,3,5,0.198354100,1
#5 front-loaded,85,2,4,2,0.198354100,1
#5 front-loaded,85,2,4,3,0.198354100,1
#5 front-loaded,85,2,4,4,0.198354100,1
#5 front-loaded,85,2,4,5,0.198354100,1
#5 front-loaded,85,2,5,2,0.124226625,1
#5 front-loaded,85,2,5,3,0.124276250,1
#5 front-loaded,85,2,5,4,0.124282500,1
#5 front-loaded,85,2,5,5,0.124288750,1
#5 front-loaded,86,2,0,2,0.944690095,1
#5 front-loaded,86,2,0,3,0.904461735,1
#5 front-loaded,86,2,0,4,0.859626867,1
#5 front-loaded,86,2,0,5,0.793456000,1
#5 front-loaded,86,2,1,2,0.495810500,1
#5 front-loaded,86,2,1,3,0.495810500,1
#5 front-loaded,86,2,1,4,0.495810500,1
#5 front-loaded,86,2,1,5,0.495810500,1
#5 front-loaded,86,2,2,2,0.330855167,1
#5 front-loaded,86,2,2,3,0.330855167,1
#5 front-loaded,86,2,2,4,0.330855167,1
#5 front-loaded,86,2,2,5,0.330855167,1
#5 front-loaded,86,2,3,2,0.198643400,1
#5 front-loaded,86,2,3,3,0.198602800,1
#5 front-loaded,86,2,3,4,0.198642400,1
#5 front-loaded,86,2,3,5,0.198354100,1
#5 front-loaded,86,2,4,2,0.198354100,1
#5 front-loaded,86,2,4,3,0.198354100,1
#5 front-loaded,86,2,4,4,0.198354100,1
#5 front-loaded,86,2,4,5,0.198354100,1
#5 front-loaded,86,2,5,2,0.124226625,1
#5 front-loaded,86,2,5,3,0.124276250,1
#5 front-loaded,86,2,5,4,0.124282500,1
#5 front-loaded,86,2,5,5,0.124288750,1
#5 front-loaded,87,2,0,2,0.944639595,1
#5 front-loaded,87,2,0,3,0.897495643,1
#5 front-loaded,87,2,0,4,0.859576367,1
#5 front-loaded,87,2,0,5,0.793405500,1
#5 front-loaded,87,2,1,2,0.495785250,1
#5 front-loaded,87,2,1,3,0.495785250,1
#5 front-loaded,87,2,1,4,0.495785250,1
#5 front-loaded,87,2,1,5,0.495785250,1
#5 front-loaded,87,2,2,2,0.330855167,1
#5 front-loaded,87,2,2,3,0.330855167,1
#5 front-loaded,87,2,2,4,0.330855167,1
#5 front-loaded,87,2,2,5,0.330804667,1
#5 front-loaded,87,2,3,2,0.198643400,1
#5 front-loaded,87,2,3,3,0.198602800,1
#5 front-loaded,87,2,3,4,0.198542400,1
#5 front-loaded,87,2,3,5,0.198314100,1
#5 front-loaded,87,2,4,2,0.198314100,1
#5 front-loaded,87,2,4,3,0.198314100,1
#5 front-loaded,87,2,4,4,0.198314100,1
#5 front-loaded,87,2,4,5,0.198314100,1
#5 front-loaded,87,2,5,2,0.124226625,1
#5 front-loaded,87,2,5,3,0.124276250,1
#5 front-loaded,87,2,5,4,0.124282500,1
#5 front-loaded,87,2,5,5,0.124288750,1
#5 front-loaded,88,2,0,2,0.944634833,1
#5 front-loaded,88,2,0,3,0.897476595,1
#5 front-loaded,88,2,0,4,0.859563033,1
#5 front-loaded,88,2,0,5,0.793405500,1
#5 front-loaded,88,2,1,2,0.495785250,1
#5 front-loaded,88,2,1,3,0.495785250,1
#5 front-loaded,88,2,1,4,0.495785250,1
#5 front-loaded,88,2,1,5,0.495785250,1
#5 front-loaded,88,2,2,2,0.330855167,1
#5 front-loaded,88,2,2,3,0.330855167,1
#5 front-loaded,88,2,2,4,0.330855167,1
#5 front-loaded,88,2,2,5,0.330804667,1
#5 front-loaded,88,2,3,2,0.198643400,1
#5 front-loaded,88,2,3,3,0.198602800,1
#5 front-loaded,88,2,3,4,0.198542400,1
#5 front-loaded,88,2,3,5,0.198314100,1
#5 front-loaded,88,2,4,2,0.198314100,1
#5 front-loaded,88,2,4,3,0.198314100,1
#5 front-loaded,88,2,4,4,0.198314100,1
#5 front-loaded,88,2,4,5,0.198314100,1
#5 front-loaded,88,2,5,2,0.124226625,1
#5 front-loaded,88,2,5,3,0.124276250,1
#5 front-loaded,88,2,5,4,0.124282500,1
#5 front-loaded,88,2,5,5,0.124288750,1
#5 front-loaded,89,2,0,2,0.944634833,1
#5 front-loaded,89,2,0,3,0.897476595,1
#5 front-loaded,89,2,0,4,0.859563033,1
#5 front-loaded,89,2,0,5,0.793405500,1
#5 front-loaded,89,2,1,2,0.495785250,1
#5 front-loaded,89,2,1,3,0.495785250,1
#5 front-loaded,89,2,1,4,0.495785250,1
#5 front-loaded,89,2,1,5,0.495785250,1
#5 front-loaded,89,2,2,2,0.330855167,1
#5 front-loaded,89,2,2,3,0.330855167,1
#5 front-loaded,89,2,2,4,0.330855167,1
#5 front-loaded,89,2,2,5,0.330804667,1
#5 front-loaded,89,2,3,2,0.198643400,1
#5 front-loaded,89,2,3,3,0.198602800,1
#5 front-loaded,89,2,3,4,0.198542400,1
#5 front-loaded,89,2,3,5,0.198314100,1
#5 front-loaded,89,2,4,2,0.198314100,1
#5 front-loaded,89,2,4,3,0.198314100,1
#5 front-loaded,89,2,4,4,0.198314100,1
#5 front-loaded,89,2,4,5,0.198314100,1
#5 front-loaded,89,2,5,2,0.124226625,1
#5 front-loaded,89,2,5,3,0.124276250,1
#5 front-loaded,89,2,5,4,0.124282500,1
#5 front-loaded,89,2,5,5,0.124288750,1
#5 front-loaded,90,2,0,2,0.944634833,1
#5 front-loaded,90,2,0,3,0.897476595,1
#5 front-loaded,90,2,0,4,0.859563033,1
#5 front-loaded,90,2,0,5,0.793405500,1
#5 front-loaded,90,2,1,2,0.495785250,1
#5 front-loaded,90,2,1,3,0.495785250,1
#5 front-loaded,90,2,1,4,0.495785250,1
#5 front-loaded,90,2,1,5,0.495785250,1
#5 front-loaded,90,2,2,2,0.330855167,1
#5 front-loaded,90,2,2,3,0.330855167,1
#5 front-loaded,90,2,2,4,0.330855167,1
#5 front-loaded,90,2,2,5,0.330804667,1
#5 front-loaded,90,2,3,2,0.198643400,1
#5 front-loaded,90,2,3,3,0.198602800,1
#5 front-loaded,90,2,3,4,0.198542400,1
#5 front-loaded,90,2,3,5,0.198314100,1
#5 front-loaded,90,2,4,2,0.198314100,1
#5 front-loaded,90,2,4,3,0.198314100,1
#5 front-loaded,90,2,4,4,0.198314100,1
#5 front-loaded,90,2,4,5,0.198314100,1
#5 front-loaded,90,2,5,2,0.124226625,1
#5 front-loaded,90,2,5,3,0.124276250,1
#5 front-loaded,90,2,5,4,0.124282500,1
#5 front-loaded,90,2,5,5,0.124288750,1
#6 back-loaded,1,2,0,2,1.000000000,0
#6 back-loaded,1,2,0,3,1.000000000,0
#6 back-loaded,1,2,0,4,1.000000000,0
#6 back-loaded,1,2,0,5,0.999901000,1
#6 back-loaded,1,2,1,2,0.499950500,0
#6 back-loaded,1,2,1,3,0.499950500,0
#6 back-loaded,1,2,1,4,0.499950500,0
#6 back-loaded,1,2,1,5,0.499950500,1
#6 back-loaded,1,2,2,2,0.999901000,0
#6 back-loaded,1,2,2,3,0.999901000,0
#6 back-loaded,1,2,2,4,0.999901000,0
#6 back-loaded,1,2,2,5,0.999901000,0
#6 back-loaded,1,2,3,2,0.999901000,0
#6 back-loaded,1,2,3,3,0.999901000,0
#6 back-loaded,1,2,3,4,0.999901000,0
#6 back-loaded,1,2,3,5,0.999901000,0
#6 back-loaded,1,2,4,2,0.999901000,0
#6 back-loaded,1,2,4,3,0.999901000,0
#6 back-loaded,1,2,4,4,0.999901000,0
#6 back-loaded,1,2,4,5,0.999901000,0
#6 back-loaded,1,2,5,2,0.999901000,0
#6 back-loaded,1,2,5,3,0.999901000,0
#6 back-loaded,1,2,5,4,0.999901000,0
#6 back-loaded,1,2,5,5,0.999901000,0
#6 back-loaded,2,2,0,2,1.000000000,0
#6 back-loaded,2,2,0,3,1.000000000,0
#6 back-loaded,2,2,0,4,1.000000000,0
#6 back-loaded,2,2,0,5,0.999900500,1
#6 back-loaded,2,2,1,2,0.499950500,0
#6 back-loaded,2,2,1,3,0.499950500,0
#6 back-loaded,2,2,1,4,0.499950500,0
#6 back-loaded,2,2,1,5,0.499950500,1
#6 back-loaded,2,2,2,2,0.499950500,0
#6 back-loaded,2,2,2,3,0.499950500,0
#6 back-loaded,2,2,2,4,0.499950500,0
#6 back-loaded,2,2,2,5,0.499950500,1
#6 back-loaded,2,2,3,2,0.999900500,0
#6 back-loaded,2,2,3,3,0.999900500,0
#6 back-loaded,2,2,3,4,0.999900500,0
#6 back-loaded,2,2,3,5,0.999900500,0
#6 back-loaded,2,2,4,2,0.999900500,0
#6 back-loaded,2,2,4,3,0.999900500,0
#6 back-loaded,2,2,4,4,0.999900500,0
#6 back-loaded,2,2,4,5,0.999900500,0
#6 back-loaded,2,2,5,2,0.999900500,0
#6 back-loaded,2,2,5,3,0.999900500,0
#6 back-loaded,2,2,5,4,0.999900500,0
#6 back-loaded,2,2,5,5,0.999900500,0
#6 back-loaded,3,2,0,2,1.000000000,0
#6 back-loaded,3,2,0,3,1.000000000,0
#6 back-loaded,3,2,0,4,1.000000000,0
#6 back-loaded,3,2,0,5,0.999900333,1
#6 back-loaded,3,2,1,2,0.499950500,0
#6 back-loaded,3,2,1,3,0.499950500,0
#6 back-loaded,3,2,1,4,0.499950500,0
#6 back-loaded,3,2,1,5,0.499950500,1
#6 back-loaded,3,2,2,2,0.499950500,0
#6 back-loaded,3,2,2,3,0.499950500,0
#6 back-loaded,3,2,2,4,0.499950500,0
#6 back-loaded,3,2,2,5,0.499950500,1
#6 back-loaded,3,2,3,2,0.499950500,0
#6 back-loaded,3,2,3,3,0.499950500,0
#6 back-loaded,3,2,3,4,0.499950500,0
#6 back-loaded,3,2,3,5,0.499950500,1
#6 back-loaded,3,2,4,2,0.999900333,0
#6 back-loaded,3,2,4,3,0.999900333,0
#6 back-loaded,3,2,4,4,0.999900333,0
#6 back-loaded,3,2,4,5,0.999900333,0
#6 back-loaded,3,2,5,2,0.999900333,0
#6 back-loaded,3,2,5,3,0.999900333,0
#6 back-loaded,3,2,5,4,0.999900333,0
#6 back-loaded,3,2,5,5,0.999900333,0
#6 back-loaded,4,2,0,2,1.000000000,0
#6 back-loaded,4,2,0,3,1.000000000,0
#6 back-loaded,4,2,0,4,1.000000000,0
#6 back-loaded,4,2,0,5,0.999900250,1
#6 back-loaded,4,2,1,2,0.499950500,0
#6 back-loaded,4,2,1,3,0.499950500,0
#6 back-loaded,4,2,1,4,0.499950500,0
#6 back-loaded,4,2,1,5,0.499950500,1
#6 back-loaded,4,2,2,2,0.499950500,0
#6 back-loaded,4,2,2,3,0.499950500,0
#6 back-loaded,4,2,2,4,0.499950500,0
#6 back-loaded,4,2,2,5,0.499950500,1
#6 back-loaded,4,2,3,2,0.499950500,0
#6 back-loaded,4,2,3,3,0.499950500,0
#6 back-loaded,4,2,3,4,0.499950500,0
#6 back-loaded,4,2,3,5,0.499950500,1
#6 back-loaded,4,2,4,2,0.499950500,0
#6 back-loaded,4,2,4,3,0.499950500,0
#6 back-loaded,4,2,4,4,0.499950500,0
#6 back-loaded,4,2,4,5,0.499950500,1
#6 back-loaded,4,2,5,2,0.999900250,0
#6 back-loaded,4,2,5,3,0.999900250,0
#6 back-loaded,4,2,5,4,0.999900250,0
#6 back-loaded,4,2,5,5,0.999900250,0
#6 back-loaded,5,2,0,2,1.000000000,0
#6 back-loaded,5,2,0,3,1.000000000,0
#6 back-loaded,5,2,0,4,1.000000000,0
#6 back-loaded,5,2,0,5,0.833250167,1
#6 back-loaded,5,2,1,2,0.499950500,0
#6 back-loaded,5,2,1,3,0.499950500,0
#6 back-loaded,5,2,1,4,0.499950500,0
#6 back-loaded,5,2,1,5,0.499950500,1
#6 back-loaded,5,2,2,2,0.499950500,0
#6 back-loaded,5,2,2,3,0.499950500,0
#6 back-loaded,5,2,2,4,0.499950500,0
#6 back-loaded,5,2,2,5,0.499950500,1
#6 back-loaded,5,2,3,2,0.499950500,0
#6 back-loaded,5,2,3,3,0.499950500,0
#6 back-loaded,5,2,3,4,0.499950500,0
#6 back-loaded,5,2,3,5,0.499950500,1
#6 back-loaded,5,2,4,2,0.499950500,0
#6 back-loaded,5,2,4,3,0.499950500,0
#6 back-loaded,5,2,4,4,0.499950500,0
#6 back-loaded,5,2,4,5,0.499950500,1
#6 back-loaded,5,2,5,2,0.499950500,0
#6 back-loaded,5,2,5,3,0.499950500,0
#6 back-loaded,5,2,5,4,0.499950500,0
#6 back-loaded,5,2,5,5,0.499950500,1
#6 back-loaded,6,2,0,2,0.999901000,0
#6 back-loaded,6,2,0,3,0.999901000,0
#6 back-loaded,6,2,0,4,0.999901000,0
#6 back-loaded,6,2,0,5,0.833134667,1
#6 back-loaded,6,2,1,2,0.499950500,0
#6 back-loaded,6,2,1,3,0.499950500,0
#6 back-loaded,6,2,1,4,0.499950500,0
#6 back-loaded,6,2,1,5,0.499851500,1
#6 back-loaded,6,2,2,2,0.333234000,0
#6 back-loaded,6,2,2,3,0.333234000,0
#6 back-loaded,6,2,2,4,0.333234000,0
#6 back-loaded,6,2,2,5,0.333234000,1
#6 back-loaded,6,2,3,2,0.499900500,0
#6 back-loaded,6,2,3,3,0.499900500,0
#6 back-loaded,6,2,3,4,0.499900500,0
#6 back-loaded,6,2,3,5,0.499900500,1
#6 back-loaded,6,2,4,2,0.499900500,0
#6 back-loaded,6,2,4,3,0.499900500,0
#6 back-loaded,6,2,4,4,0.499900500,0
#6 back-loaded,6,2,4,5,0.499900500,1
#6 back-loaded,6,2,5,2,0.499900500,0
#6 back-loaded,6,2,5,3,0.499900500,0
#6 back-loaded,6,2,5,4,0.499900500,0
#6 back-loaded,6,2,5,5,0.499900500,1
#6 back-loaded,7,2,0,2,0.999900500,0
#6 back-loaded,7,2,0,3,0.999900500,0
#6 back-loaded,7,2,0,4,0.999900500,0
#6 back-loaded,7,2,0,5,0.833117667,1
#6 back-loaded,7,2,1,2,0.499950500,0
#6 back-loaded,7,2,1,3,0.499950500,0
#6 back-loaded,7,2,1,4,0.499950500,0
#6 back-loaded,7,2,1,5,0.499851000,1
#6 back-loaded,7,2,2,2,0.333234000,0
#6 back-loaded,7,2,2,3,0.333234000,0
#6 back-loaded,7,2,2,4,0.333234000,0
#6 back-loaded,7,2,2,5,0.333234000,1
#6 back-loaded,7,2,3,2,0.333234000,0
#6 back-loaded,7,2,3,3,0.333234000,0
#6 back-loaded,7,2,3,4,0.333234000,0
#6 back-loaded,7,2,3,5,0.333234000,1
#6 back-loaded,7,2,4,2,0.499900500,0
#6 back-loaded,7,2,4,3,0.499900500,0
#6 back-loaded,7,2,4,4,0.499900500,0
#6 back-loaded,7,2,4,5,0.499900500,1
#6 back-loaded,7,2,5,2,0.499900500,0
#6 back-loaded,7,2,5,3,0.499900500,0
#6 back-loaded,7,2,5,4,0.499900500,0
#6 back-loaded,7,2,5,5,0.499900500,1
#6 back-loaded,8,2,0,2,0.999900333,0
#6 back-loaded,8,2,0,3,0.999900333,0
#6 back-loaded,8,2,0,4,0.999900333,0
#6 back-loaded,8,2,0,5,0.833101000,1
#6 back-loaded,8,2,1,2,0.499950500,0
#6 back-loaded,8,2,1,3,0.499950500,0
#6 back-loaded,8,2,1,4,0.499950500,0
#6 back-loaded,8,2,1,5,0.499850833,1
#6 back-loaded,8,2,2,2,0.333234000,0
#6 back-loaded,8,2,2,3,0.333234000,0
#6 back-loaded,8,2,2,4,0.333234000,0
#6 back-loaded,8,2,2,5,0.333234000,1
#6 back-loaded,8,2,3,2,0.333234000,0
#6 back-loaded,8,2,3,3,0.333234000,0
#6 back-loaded,8,2,3,4,0.333234000,0
#6 back-loaded,8,2,3,5,0.333234000,1
#6 back-loaded,8,2,4,2,0.333234000,0
#6 back-loaded,8,2,4,3,0.333234000,0
#6 back-loaded,8,2,4,4,0.333234000,0
#6 back-loaded,8,2,4,5,0.333234000,1
#6 back-loaded,8,2,5,2,0.499900500,0
#6 back-loaded,8,2,5,3,0.499900500,0
#6 back-loaded,8,2,5,4,0.499900500,0
#6 back-loaded,8,2,5,5,0.499900500,1
#6 back-loaded,9,2,0,2,0.999900250,0
#6 back-loaded,9,2,0,3,0.999900250,0
#6 back-loaded,9,2,0,4,0.999900250,0
#6 back-loaded,9,2,0,5,0.833084417,1
#6 back-loaded,9,2,1,2,0.499950500,0
#6 back-loaded,9,2,1,3,0.499950500,0
#6 back-loaded,9,2,1,4,0.499950500,0
#6 back-loaded,9,2,1,5,0.499850750,1
#6 back-loaded,9,2,2,2,0.333234000,0
#6 back-loaded,9,2,2,3,0.333234000,0
#6 back-loaded,9,2,2,4,0.333234000,0
#6 back-loaded,9,2,2,5,0.333234000,1
#6 back-loaded,9,2,3,2,0.333234000,0
#6 back-loaded,9,2,3,3,0.333234000,0
#6 back-loaded,9,2,3,4,0.333234000,0
#6 back-loaded,9,2,3,5,0.333234000,1
#6 back-loaded,9,2,4,2,0.333234000,0
#6 back-loaded,9,2,4,3,0.333234000,0
#6 back-loaded,9,2,4,4,0.333234000,0
#6 back-loaded,9,2,4,5,0.333234000,1
#6 back-loaded,9,2,5,2,0.333234000,0
#6 back-loaded,9,2,5,3,0.333234000,0
#6 back-loaded,9,2,5,4,0.333234000,0
#6 back-loaded,9,2,5,5,0.333234000,1
#6 back-loaded,10,2,0,2,0.999702000,0
#6 back-loaded,10,2,0,3,0.999702000,0
#6 back-loaded,10,2,0,4,0.999702000,0
#6 back-loaded,10,2,0,5,0.832869500,1
#6 back-loaded,10,2,1,2,0.499900500,0
#6 back-loaded,10,2,1,3,0.499900500,0
#6 back-loaded,10,2,1,4,0.499900500,0
#6 back-loaded,10,2,1,5,0.499701500,1
#6 back-loaded,10,2,2,2,0.333234000,0
#6 back-loaded,10,2,2,3,0.333234000,0
#6 back-loaded,10,2,2,4,0.333234000,0
#6 back-loaded,10,2,2,5,0.333135000,1
#6 back-loaded,10,2,3,2,0.249850750,0
#6 back-loaded,10,2,3,3,0.249850750,0
#6 back-loaded,10,2,3,4,0.249850750,0
#6 back-loaded,10,2,3,5,0.249850750,1
#6 back-loaded,10,2,4,2,0.333200667,0
#6 back-loaded,10,2,4,3,0.333200667,0
#6 back-loaded,10,2,4,4,0.333200667,0
#6 back-loaded,10,2,4,5,0.333200667,1
#6 back-loaded,10,2,5,2,0.333200667,0
#6 back-loaded,10,2,5,3,0.333200667,0
#6 back-loaded,10,2,5,4,0.333200667,0
#6 back-loaded,10,2,5,5,0.333200667,1
#6 back-loaded,11,2,0,2,0.999701000,0
#6 back-loaded,11,2,0,3,0.999701000,0
#6 back-loaded,11,2,0,4,0.999701000,0
#6 back-loaded,11,2,0,5,0.832851833,1
#6 back-loaded,11,2,1,2,0.499900500,0
#6 back-loaded,11,2,1,3,0.499900500,0
#6 back-loaded,11,2,1,4,0.499900500,0
#6 back-loaded,11,2,1,5,0.499701500,1
#6 back-loaded,11,2,2,2,0.333234000,0
#6 back-loaded,11,2,2,3,0.333234000,0
#6 back-loaded,11,2,2,4,0.333234000,0
#6 back-loaded,11,2,2,5,0.333134500,1
#6 back-loaded,11,2,3,2,0.249850750,0
#6 back-loaded,11,2,3,3,0.249850750,0
#6 back-loaded,11,2,3,4,0.249850750,0
#6 back-loaded,11,2,3,5,0.249850750,1
#6 back-loaded,11,2,4,2,0.249850750,0
#6 back-loaded,11,2,4,3,0.249850750,0
#6 back-loaded,11,2,4,4,0.249850750,0
#6 back-loaded,11,2,4,5,0.249850750,1
#6 back-loaded,11,2,5,2,0.333200667,0
#6 back-loaded,11,2,5,3,0.333200667,0
#6 back-loaded,11,2,5,4,0.333200667,0
#6 back-loaded,11,2,5,5,0.333200667,1
#6 back-loaded,12,2,0,2,0.999701000,0
#6 back-loaded,12,2,0,3,0.999701000,0
#6 back-loaded,12,2,0,4,0.999701000,0
#6 back-loaded,12,2,0,5,0.832835167,1
#6 back-loaded,12,2,1,2,0.499900500,0
#6 back-loaded,12,2,1,3,0.499900500,0
#6 back-loaded,12,2,1,4,0.499900500,0
#6 back-loaded,12,2,1,5,0.499701500,1
#6 back-loaded,12,2,2,2,0.333234000,0
#6 back-loaded,12,2,2,3,0.333234000,0
#6 back-loaded,12,2,2,4,0.333234000,0
#6 back-loaded,12,2,2,5,0.333134333,1
#6 back-loaded,12,2,3,2,0.249850750,0
#6 back-loaded,12,2,3,3,0.249850750,0
#6 back-loaded,12,2,3,4,0.249850750,0
#6 back-loaded,12,2,3,5,0.249850750,1
#6 back-loaded,12,2,4,2,0.249850750,0
#6 back-loaded,12,2,4,3,0.249850750,0
#6 back-loaded,12,2,4,4,0.249850750,0
#6 back-loaded,12,2,4,5,0.249850750,1
#6 back-loaded,12,2,5,2,0.249850750,0
#6 back-loaded,12,2,5,3,0.249850750,0
#6 back-loaded,12,2,5,4,0.249850750,0
#6 back-loaded,12,2,5,5,0.249850750,1
#6 back-loaded,13,2,0,2,0.999701000,0
#6 back-loaded,13,2,0,3,0.999701000,0
#6 back-loaded,13,2,0,4,0.999701000,0
#6 back-loaded,13,2,0,5,0.832835167,1
#6 back-loaded,13,2,1,2,0.499900500,0
#6 back-loaded,13,2,1,3,0.499900500,0
#6 back-loaded,13,2,1,4,0.499900500,0
#6 back-loaded,13,2,1,5,0.499701500,1
#6 back-loaded,13,2,2,2,0.333234000,0
#6 back-loaded,13,2,2,3,0.333234000,0
#6 back-loaded,13,2,2,4,0.333234000,0
#6 back-loaded,13,2,2,5,0.333134333,1
#6 back-loaded,13,2,3,2,0.199880400,0
#6 back-loaded,13,2,3,3,0.199880400,0
#6 back-loaded,13,2,3,4,0.199880400,0
#6 back-loaded,13,2,3,5,0.199880400,1
#6 back-loaded,13,2,4,2,0.199880400,0
#6 back-loaded,13,2,4,3,0.199880400,0
#6 back-loaded,13,2,4,4,0.199880400,0
#6 back-loaded,13,2,4,5,0.199880400,1
#6 back-loaded,13,2,5,2,0.249850750,0
#6 back-loaded,13,2,5,3,0.249850750,0
#6 back-loaded,13,2,5,4,0.249850750,0
#6 back-loaded,13,2,5,5,0.249850750,1
#6 back-loaded,14,2,0,2,0.999304000,0
#6 back-loaded,14,2,0,3,0.999304000,0
#6 back-loaded,14,2,0,4,0.999304000,0
#6 back-loaded,14,2,0,5,0.832421500,1
#6 back-loaded,14,2,1,2,0.499751500,0
#6 back-loaded,14,2,1,3,0.499751500,0
#6 back-loaded,14,2,1,4,0.499751500,0
#6 back-loaded,14,2,1,5,0.499452500,1
#6 back-loaded,14,2,2,2,0.333167333,0
#6 back-loaded,14,2,2,3,0.333167333,0
#6 back-loaded,14,2,2,4,0.333167333,0
#6 back-loaded,14,2,2,5,0.332968333,1
#6 back-loaded,14,2,3,2,0.199880400,0
#6 back-loaded,14,2,3,3,0.199880400,0
#6 back-loaded,14,2,3,4,0.199880400,0
#6 back-loaded,14,2,3,5,0.199781400,1
#6 back-loaded,14,2,4,2,0.199880400,0
#6 back-loaded,14,2,4,3,0.199880400,0
#6 back-loaded,14,2,4,4,0.199880400,0
#6 back-loaded,14,2,4,5,0.199781400,1
#6 back-loaded,14,2,5,2,0.166484167,0
#6 back-loaded,14,2,5,3,0.166484167,0
#6 back-loaded,14,2,5,4,0.166484167,0
#6 back-loaded,14,2,5,5,0.166484167,1
#6 back-loaded,15,2,0,2,0.999302000,0
#6 back-loaded,15,2,0,3,0.999302000,0
#6 back-loaded,15,2,0,4,0.999302000,0
#6 back-loaded,15,2,0,5,0.832419500,1
#6 back-loaded,15,2,1,2,0.499750750,0
#6 back-loaded,15,2,1,3,0.499750750,0
#6 back-loaded,15,2,1,4,0.499750750,0
#6 back-loaded,15,2,1,5,0.499451750,1
#6 back-loaded,15,2,2,2,0.333167333,0
#6 back-loaded,15,2,2,3,0.333167333,0
#6 back-loaded,15,2,2,4,0.333167333,0
#6 back-loaded,15,2,2,5,0.332967833,1
#6 back-loaded,15,2,3,2,0.199880400,0
#6 back-loaded,15,2,3,3,0.199880400,0
#6 back-loaded,15,2,3,4,0.199880400,0
#6 back-loaded,15,2,3,5,0.199780900,1
#6 back-loaded,15,2,4,2,0.199880400,0
#6 back-loaded,15,2,4,3,0.199880400,0
#6 back-loaded,15,2,4,4,0.199880400,0
#6 back-loaded,15,2,4,5,0.199780900,1
#6 back-loaded,15,2,5,2,0.166483750,0
#6 back-loaded,15,2,5,3,0.166483750,0
#6 back-loaded,15,2,5,4,0.166483750,0
#6 back-loaded,15,2,5,5,0.166483750,1
#6 back-loaded,16,2,0,2,0.999202000,0
#6 back-loaded,16,2,0,3,0.999202000,1
#6 back-loaded,16,2,0,4,0.999203000,1
#6 back-loaded,16,2,0,5,0.832419500,1
#6 back-loaded,16,2,1,2,0.499750750,0
#6 back-loaded,16,2,1,3,0.499750750,1
#6 back-loaded,16,2,1,4,0.499750750,1
#6 back-loaded,16,2,1,5,0.499451750,1
#6 back-loaded,16,2,2,2,0.333167333,0
#6 back-loaded,16,2,2,3,0.333167333,0
#6 back-loaded,16,2,2,4,0.333167333,0
#6 back-loaded,16,2,2,5,0.332967833,1
#6 back-loaded,16,2,3,2,0.199880400,0
#6 back-loaded,16,2,3,3,0.199880400,0
#6 back-loaded,16,2,3,4,0.199880400,0
#6 back-loaded,16,2,3,5,0.199780900,1
#6 back-loaded,16,2,4,2,0.199880400,0
#6 back-loaded,16,2,4,3,0.199880400,0
#6 back-loaded,16,2,4,4,0.199880400,0
#6 back-loaded,16,2,4,5,0.199780900,1
#6 back-loaded,16,2,5,2,0.166483750,0
#6 back-loaded,16,2,5,3,0.166483750,0
#6 back-loaded,16,2,5,4,0.166483750,0
#6 back-loaded,16,2,5,5,0.166483750,1
#6 back-loaded,17,2,0,2,0.999102000,1
#6 back-loaded,17,2,0,3,0.999103000,1
#6 back-loaded,17,2,0,4,0.999103000,1
#6 back-loaded,17,2,0,5,0.832419500,1
#6 back-loaded,17,2,1,2,0.499750750,0
#6 back-loaded,17,2,1,3,0.499750750,1
#6 back-loaded,17,2,1,4,0.499750750,1
#6 back-loaded,17,2,1,5,0.499451750,1
#6 back-loaded,17,2,2,2,0.333167333,1
#6 back-loaded,17,2,2,3,0.333167333,1
#6 back-loaded,17,2,2,4,0.333167333,0
#6 back-loaded,17,2,2,5,0.332967833,1
#6 back-loaded,17,2,3,2,0.199880400,0
#6 back-loaded,17,2,3,3,0.199880400,0
#6 back-loaded,17,2,3,4,0.199880400,0
#6 back-loaded,17,2,3,5,0.199780900,1
#6 back-loaded,17,2,4,2,0.199880400,0
#6 back-loaded,17,2,4,3,0.199880400,0
#6 back-loaded,17,2,4,4,0.199880400,0
#6 back-loaded,17,2,4,5,0.199780900,1
#6 back-loaded,17,2,5,2,0.166483750,0
#6 back-loaded,17,2,5,3,0.166483750,0
#6 back-loaded,17,2,5,4,0.166483750,0
#6 back-loaded,17,2,5,5,0.166483750,1
#6 back-loaded,18,2,0,2,0.999002000,1
#6 back-loaded,18,2,0,3,0.999003000,1
#6 back-loaded,18,2,0,4,0.999003000,1
#6 back-loaded,18,2,0,5,0.832419500,1
#6 back-loaded,18,2,1,2,0.499750750,0
#6 back-loaded,18,2,1,3,0.499750750,1
#6 back-loaded,18,2,1,4,0.499750750,1
#6 back-loaded,18,2,1,5,0.499451750,1
#6 back-loaded,18,2,2,2,0.333167333,1
#6 back-loaded,18,2,2,3,0.333167333,1
#6 back-loaded,18,2,2,4,0.333167333,0
#6 back-loaded,18,2,2,5,0.332967833,1
#6 back-loaded,18,2,3,2,0.199880400,0
#6 back-loaded,18,2,3,3,0.199880400,1
#6 back-loaded,18,2,3,4,0.199880400,1
#6 back-loaded,18,2,3,5,0.199780900,1
#6 back-loaded,18,2,4,2,0.199880400,0
#6 back-loaded,18,2,4,3,0.199880400,0
#6 back-loaded,18,2,4,4,0.199880400,0
#6 back-loaded,18,2,4,5,0.199780900,1
#6 back-loaded,18,2,5,2,0.166483750,0
#6 back-loaded,18,2,5,3,0.166483750,0
#6 back-loaded,18,2,5,4,0.166483750,0
#6 back-loaded,18,2,5,5,0.166483750,1
#6 back-loaded,19,2,0,2,0.999002000,1
#6 back-loaded,19,2,0,3,0.999003000,1
#6 back-loaded,19,2,0,4,0.999003000,1
#6 back-loaded,19,2,0,5,0.832419500,1
#6 back-loaded,19,2,1,2,0.499651000,1
#6 back-loaded,19,2,1,3,0.499651750,1
#6 back-loaded,19,2,1,4,0.499651750,1
#6 back-loaded,19,2,1,5,0.499451750,1
#6 back-loaded,19,2,2,2,0.333167333,1
#6 back-loaded,19,2,2,3,0.333167333,1
#6 back-loaded,19,2,2,4,0.333167333,0
#6 back-loaded,19,2,2,5,0.332967833,1
#6 back-loaded,19,2,3,2,0.199880400,1
#6 back-loaded,19,2,3,3,0.199880400,1
#6 back-loaded,19,2,3,4,0.199880400,1
#6 back-loaded,19,2,3,5,0.199780900,1
#6 back-loaded,19,2,4,2,0.199880400,0
#6 back-loaded,19,2,4,3,0.199880400,0
#6 back-loaded,19,2,4,4,0.199880400,0
#6 back-loaded,19,2,4,5,0.199780900,1
#6 back-loaded,19,2,5,2,0.166483750,0
#6 back-loaded,19,2,5,3,0.166483750,0
#6 back-loaded,19,2,5,4,0.166483750,0
#6 back-loaded,19,2,5,5,0.166483750,1
#6 back-loaded,20,2,0,2,0.998902000,1
#6 back-loaded,20,2,0,3,0.998903000,1
#6 back-loaded,20,2,0,4,0.998903000,1
#6 back-loaded,20,2,0,5,0.832419500,1
#6 back-loaded,20,2,1,2,0.499551000,1
#6 back-loaded,20,2,1,3,0.499552000,1
#6 back-loaded,20,2,1,4,0.499551750,1
#6 back-loaded,20,2,1,5,0.499451750,1
#6 back-loaded,20,2,2,2,0.333167333,1
#6 back-loaded,20,2,2,3,0.333167333,1
#6 back-loaded,20,2,2,4,0.333167333,0
#6 back-loaded,20,2,2,5,0.332967833,1
#6 back-loaded,20,2,3,2,0.199880400,1
#6 back-loaded,20,2,3,3,0.199880400,1
#6 back-loaded,20,2,3,4,0.199880400,1
#6 back-loaded,20,2,3,5,0.199780900,1
#6 back-loaded,20,2,4,2,0.199880400,0
#6 back-loaded,20,2,4,3,0.199880400,1
#6 back-loaded,20,2,4,4,0.199880400,1
#6 back-loaded,20,2,4,5,0.199780900,1
#6 back-loaded,20,2,5,2,0.166483750,0
#6 back-loaded,20,2,5,3,0.166483750,0
#6 back-loaded,20,2,5,4,0.166483750,0
#6 back-loaded,20,2,5,5,0.166483750,1
#6 back-loaded,21,2,0,2,0.998902000,1
#6 back-loaded,21,2,0,3,0.998903000,1
#6 back-loaded,21,2,0,4,0.998903000,1
#6 back-loaded,21,2,0,5,0.832419500,1
#6 back-loaded,21,2,1,2,0.499551000,1
#6 back-loaded,21,2,1,3,0.499552000,1
#6 back-loaded,21,2,1,4,0.499551750,1
#6 back-loaded,21,2,1,5,0.499451750,1
#6 back-loaded,21,2,2,2,0.333067667,1
#6 back-loaded,21,2,2,3,0.333067667,1
#6 back-loaded,21,2,2,4,0.333068333,1
#6 back-loaded,21,2,2,5,0.332967833,1
#6 back-loaded,21,2,3,2,0.199880400,1
#6 back-loaded,21,2,3,3,0.199880400,1
#6 back-loaded,21,2,3,4,0.199880400,1
#6 back-loaded,21,2,3,5,0.199780900,1
#6 back-loaded,21,2,4,2,0.199880400,1
#6 back-loaded,21,2,4,3,0.199880400,1
#6 back-loaded,21,2,4,4,0.199880400,1
#6 back-loaded,21,2,4,5,0.199780900,1
#6 back-loaded,21,2,5,2,0.166483750,0
#6 back-loaded,21,2,5,3,0.166483750,0
#6 back-loaded,21,2,5,4,0.166483750,0
#6 back-loaded,21,2,5,5,0.166483750,1
#6 back-loaded,22,2,0,2,0.998901667,1
#6 back-loaded,22,2,0,3,0.998902667,1
#6 back-loaded,22,2,0,4,0.998902500,1
#6 back-loaded,22,2,0,5,0.832419000,1
#6 back-loaded,22,2,1,2,0.499451000,1
#6 back-loaded,22,2,1,3,0.499452000,1
#6 back-loaded,22,2,1,4,0.499452000,1
#6 back-loaded,22,2,1,5,0.499451250,1
#6 back-loaded,22,2,2,2,0.333067667,1
#6 back-loaded,22,2,2,3,0.333067667,1
#6 back-loaded,22,2,2,4,0.333068333,1
#6 back-loaded,22,2,2,5,0.332967833,1
#6 back-loaded,22,2,3,2,0.199880400,1
#6 back-loaded,22,2,3,3,0.199880400,1
#6 back-loaded,22,2,3,4,0.199880400,1
#6 back-loaded,22,2,3,5,0.199780900,1
#6 back-loaded,22,2,4,2,0.199880400,1
#6 back-loaded,22,2,4,3,0.199880400,1
#6 back-loaded,22,2,4,4,0.199880400,1
#6 back-loaded,22,2,4,5,0.199780900,1
#6 back-loaded,22,2,5,2,0.166483750,0
#6 back-loaded,22,2,5,3,0.166483750,0
#6 back-loaded,22,2,5,4,0.166483750,0
#6 back-loaded,22,2,5,5,0.166483750,1
#6 back-loaded,23,2,0,2,0.998901250,1
#6 back-loaded,23,2,0,3,0.998902250,1
#6 back-loaded,23,2,0,4,0.998902000,1
#6 back-loaded,23,2,0,5,0.832418500,1
#6 back-loaded,23,2,1,2,0.499451000,1
#6 back-loaded,23,2,1,3,0.499452000,1
#6 back-loaded,23,2,1,4,0.499452000,1
#6 back-loaded,23,2,1,5,0.499451000,1
#6 back-loaded,23,2,2,2,0.332967667,1
#6 back-loaded,23,2,2,3,0.332967667,1
#6 back-loaded,23,2,2,4,0.332968667,1
#6 back-loaded,23,2,2,5,0.332967667,1
#6 back-loaded,23,2,3,2,0.199880400,1
#6 back-loaded,23,2,3,3,0.199880400,1
#6 back-loaded,23,2,3,4,0.199880400,1
#6 back-loaded,23,2,3,5,0.199780900,1
#6 back-loaded,23,2,4,2,0.199880400,1
#6 back-loaded,23,2,4,3,0.199880400,1
#6 back-loaded,23,2,4,4,0.199880400,1
#6 back-loaded,23,2,4,5,0.199780900,1
#6 back-loaded,23,2,5,2,0.166483750,0
#6 back-loaded,23,2,5,3,0.166483750,0
#6 back-loaded,23,2,5,4,0.166483750,0
#6 back-loaded,23,2,5,5,0.166483750,1
#6 back-loaded,24,2,0,2,0.998802000,1
#6 back-loaded,24,2,0,3,0.998803000,1
#6 back-loaded,24,2,0,4,0.998802000,1
#6 back-loaded,24,2,0,5,0.832318500,1
#6 back-loaded,24,2,1,2,0.499351000,1
#6 back-loaded,24,2,1,3,0.499352000,1
#6 back-loaded,24,2,1,4,0.499352000,1
#6 back-loaded,24,2,1,5,0.499351500,1
#6 back-loaded,24,2,2,2,0.332967667,1
#6 back-loaded,24,2,2,3,0.332967667,1
#6 back-loaded,24,2,2,4,0.332968667,1
#6 back-loaded,24,2,2,5,0.332967667,1
#6 back-loaded,24,2,3,2,0.199880400,1
#6 back-loaded,24,2,3,3,0.199880400,1
#6 back-loaded,24,2,3,4,0.199880400,1
#6 back-loaded,24,2,3,5,0.199780900,1
#6 back-loaded,24,2,4,2,0.199880400,1
#6 back-loaded,24,2,4,3,0.199880400,1
#6 back-loaded,24,2,4,4,0.199880400,1
#6 back-loaded,24,2,4,5,0.199780900,1
#6 back-loaded,24,2,5,2,0.166483750,0
#6 back-loaded,24,2,5,3,0.166483750,0
#6 back-loaded,24,2,5,4,0.166483750,0
#6 back-loaded,24,2,5,5,0.166483750,1
#6 back-loaded,25,2,0,2,0.998802000,1
#6 back-loaded,25,2,0,3,0.998802500,1
#6 back-loaded,25,2,0,4,0.998802000,1
#6 back-loaded,25,2,0,5,0.832318500,1
#6 back-loaded,25,2,1,2,0.499351000,1
#6 back-loaded,25,2,1,3,0.499352000,1
#6 back-loaded,25,2,1,4,0.499352000,1
#6 back-loaded,25,2,1,5,0.499351500,1
#6 back-loaded,25,2,2,2,0.332967667,1
#6 back-loaded,25,2,2,3,0.332967667,1
#6 back-loaded,25,2,2,4,0.332968667,1
#6 back-loaded,25,2,2,5,0.332967667,1
#6 back-loaded,25,2,3,2,0.199880400,1
#6 back-loaded,25,2,3,3,0.199880400,1
#6 back-loaded,25,2,3,4,0.199880400,1
#6 back-loaded,25,2,3,5,0.199780900,1
#6 back-loaded,25,2,4,2,0.199880400,1
#6 back-loaded,25,2,4,3,0.199880400,1
#6 back-loaded,25,2,4,4,0.199880400,1
#6 back-loaded,25,2,4,5,0.199780900,1
#6 back-loaded,25,2,5,2,0.166483750,0
#6 back-loaded,25,2,5,3,0.166483750,0
#6 back-loaded,25,2,5,4,0.166483750,0
#6 back-loaded,25,2,5,5,0.166483750,1
#6 back-loaded,26,2,0,2,0.998702000,1
#6 back-loaded,26,2,0,3,0.998702500,1
#6 back-loaded,26,2,0,4,0.998702000,1
#6 back-loaded,26,2,0,5,0.832218500,1
#6 back-loaded,26,2,1,2,0.499252000,1
#6 back-loaded,26,2,1,3,0.499252000,1
#6 back-loaded,26,2,1,4,0.499252000,1
#6 back-loaded,26,2,1,5,0.499251500,1
#6 back-loaded,26,2,2,2,0.332834000,1
#6 back-loaded,26,2,2,3,0.332834000,1
#6 back-loaded,26,2,2,4,0.332968667,1
#6 back-loaded,26,2,2,5,0.332967667,1
#6 back-loaded,26,2,3,2,0.199880400,1
#6 back-loaded,26,2,3,3,0.199880400,1
#6 back-loaded,26,2,3,4,0.199880400,1
#6 back-loaded,26,2,3,5,0.199780900,1
#6 back-loaded,26,2,4,2,0.199880400,1
#6 back-loaded,26,2,4,3,0.199880400,1
#6 back-loaded,26,2,4,4,0.199880400,1
#6 back-loaded,26,2,4,5,0.199780900,1
#6 back-loaded,26,2,5,2,0.166483750,0
#6 back-loaded,26,2,5,3,0.166483750,0
#6 back-loaded,26,2,5,4,0.166483750,0
#6 back-loaded,26,2,5,5,0.166483750,1
#6 back-loaded,27,2,0,2,0.998602000,1
#6 back-loaded,27,2,0,3,0.998602500,1
#6 back-loaded,27,2,0,4,0.998602000,1
#6 back-loaded,27,2,0,5,0.832118500,1
#6 back-loaded,27,2,1,2,0.499152000,1
#6 back-loaded,27,2,1,3,0.499152000,1
#6 back-loaded,27,2,1,4,0.499152000,1
#6 back-loaded,27,2,1,5,0.499151500,1
#6 back-loaded,27,2,2,2,0.332767333,1
#6 back-loaded,27,2,2,3,0.332767333,1
#6 back-loaded,27,2,2,4,0.332968667,1
#6 back-loaded,27,2,2,5,0.332967667,1
#6 back-loaded,27,2,3,2,0.199781000,1
#6 back-loaded,27,2,3,3,0.199781400,1
#6 back-loaded,27,2,3,4,0.199781400,1
#6 back-loaded,27,2,3,5,0.199780733,1
#6 back-loaded,27,2,4,2,0.199880400,1
#6 back-loaded,27,2,4,3,0.199880400,1
#6 back-loaded,27,2,4,4,0.199880400,1
#6 back-loaded,27,2,4,5,0.199780900,1
#6 back-loaded,27,2,5,2,0.166483750,1
#6 back-loaded,27,2,5,3,0.166483750,1
#6 back-loaded,27,2,5,4,0.166483750,0
#6 back-loaded,27,2,5,5,0.166483750,1
#6 back-loaded,28,2,0,2,0.998502000,1
#6 back-loaded,28,2,0,3,0.998502500,1
#6 back-loaded,28,2,0,4,0.998503000,1
#6 back-loaded,28,2,0,5,0.832019500,1
#6 back-loaded,28,2,1,2,0.499102500,1
#6 back-loaded,28,2,1,3,0.499102000,1
#6 back-loaded,28,2,1,4,0.499102000,1
#6 back-loaded,28,2,1,5,0.499101500,1
#6 back-loaded,28,2,2,2,0.332734333,1
#6 back-loaded,28,2,2,3,0.332734333,1
#6 back-loaded,28,2,2,4,0.332868667,1
#6 back-loaded,28,2,2,5,0.332868333,1
#6 back-loaded,28,2,3,2,0.199781000,1
#6 back-loaded,28,2,3,3,0.199781400,1
#6 back-loaded,28,2,3,4,0.199781400,1
#6 back-loaded,28,2,3,5,0.199780733,1
#6 back-loaded,28,2,4,2,0.199880400,1
#6 back-loaded,28,2,4,3,0.199880400,1
#6 back-loaded,28,2,4,4,0.199880400,1
#6 back-loaded,28,2,4,5,0.199780900,1
#6 back-loaded,28,2,5,2,0.166483750,1
#6 back-loaded,28,2,5,3,0.166483750,1
#6 back-loaded,28,2,5,4,0.166483750,0
#6 back-loaded,28,2,5,5,0.166483750,1
#6 back-loaded,29,2,0,2,0.998302000,1
#6 back-loaded,29,2,0,3,0.998302500,1
#6 back-loaded,29,2,0,4,0.998303000,1
#6 back-loaded,29,2,0,5,0.831819500,1
#6 back-loaded,29,2,1,2,0.498952500,1
#6 back-loaded,29,2,1,3,0.498952000,1
#6 back-loaded,29,2,1,4,0.498952000,1
#6 back-loaded,29,2,1,5,0.498951500,1
#6 back-loaded,29,2,2,2,0.332635333,1
#6 back-loaded,29,2,2,3,0.332635333,1
#6 back-loaded,29,2,2,4,0.332768667,1
#6 back-loaded,29,2,2,5,0.332768333,1
#6 back-loaded,29,2,3,2,0.199781000,1
#6 back-loaded,29,2,3,3,0.199781400,1
#6 back-loaded,29,2,3,4,0.199781400,1
#6 back-loaded,29,2,3,5,0.199780733,1
#6 back-loaded,29,2,4,2,0.199880400,1
#6 back-loaded,29,2,4,3,0.199880400,1
#6 back-loaded,29,2,4,4,0.199880400,1
#6 back-loaded,29,2,4,5,0.199780900,1
#6 back-loaded,29,2,5,2,0.166483750,1
#6 back-loaded,29,2,5,3,0.166483750,1
#6 back-loaded,29,2,5,4,0.166483750,0
#6 back-loaded,29,2,5,5,0.166483750,1
#6 back-loaded,30,2,0,2,0.998003000,1
#6 back-loaded,30,2,0,3,0.998003500,1
#6 back-loaded,30,2,0,4,0.998004000,1
#6 back-loaded,30,2,0,5,0.831520500,1
#6 back-loaded,30,2,1,2,0.498802500,1
#6 back-loaded,30,2,1,3,0.498802500,1
#6 back-loaded,30,2,1,4,0.498802500,1
#6 back-loaded,30,2,1,5,0.498802500,1
#6 back-loaded,30,2,2,2,0.332535333,1
#6 back-loaded,30,2,2,3,0.332535333,1
#6 back-loaded,30,2,2,4,0.332668667,1
#6 back-loaded,30,2,2,5,0.332668667,1
#6 back-loaded,30,2,3,2,0.199761000,1
#6 back-loaded,30,2,3,3,0.199761400,1
#6 back-loaded,30,2,3,4,0.199761400,1
#6 back-loaded,30,2,3,5,0.199661400,1
#6 back-loaded,30,2,4,2,0.166384333,1
#6 back-loaded,30,2,4,3,0.199760300,1
#6 back-loaded,30,2,4,4,0.199760300,1
#6 back-loaded,30,2,4,5,0.199661400,1
#6 back-loaded,30,2,5,2,0.166384333,1
#6 back-loaded,30,2,5,3,0.166384333,1
#6 back-loaded,30,2,5,4,0.166384333,1
#6 back-loaded,30,2,5,5,0.166384750,1
#6 back-loaded,31,2,0,2,0.998002500,1
#6 back-loaded,31,2,0,3,0.998003000,1
#6 back-loaded,31,2,0,4,0.998003500,1
#6 back-loaded,31,2,0,5,0.831520000,1
#6 back-loaded,31,2,1,2,0.498802500,1
#6 back-loaded,31,2,1,3,0.498802000,1
#6 back-loaded,31,2,1,4,0.498802000,1
#6 back-loaded,31,2,1,5,0.498802000,1
#6 back-loaded,31,2,2,2,0.199521600,1
#6 back-loaded,31,2,2,3,0.332535333,1
#6 back-loaded,31,2,2,4,0.332668667,1
#6 back-loaded,31,2,2,5,0.332668333,1
#6 back-loaded,31,2,3,2,0.199761000,1
#6 back-loaded,31,2,3,3,0.199661400,1
#6 back-loaded,31,2,3,4,0.199661400,1
#6 back-loaded,31,2,3,5,0.199660900,1
#6 back-loaded,31,2,4,2,0.166384333,1
#6 back-loaded,31,2,4,3,0.199760300,1
#6 back-loaded,31,2,4,4,0.199760300,1
#6 back-loaded,31,2,4,5,0.199660900,1
#6 back-loaded,31,2,5,2,0.166384333,1
#6 back-loaded,31,2,5,3,0.166384333,1
#6 back-loaded,31,2,5,4,0.166384333,1
#6 back-loaded,31,2,5,5,0.166384750,1
#6 back-loaded,32,2,0,2,0.998002500,1
#6 back-loaded,32,2,0,3,0.998003000,1
#6 back-loaded,32,2,0,4,0.998003000,1
#6 back-loaded,32,2,0,5,0.831520000,1
#6 back-loaded,32,2,1,2,0.498802500,1
#6 back-loaded,32,2,1,3,0.498802000,1
#6 back-loaded,32,2,1,4,0.498802000,1
#6 back-loaded,32,2,1,5,0.498802000,1
#6 back-loaded,32,2,2,2,0.199521600,1
#6 back-loaded,32,2,2,3,0.332535333,1
#6 back-loaded,32,2,2,4,0.332668667,1
#6 back-loaded,32,2,2,5,0.332668333,1
#6 back-loaded,32,2,3,2,0.199761000,1
#6 back-loaded,32,2,3,3,0.199661400,1
#6 back-loaded,32,2,3,4,0.199661400,1
#6 back-loaded,32,2,3,5,0.199660900,1
#6 back-loaded,32,2,4,2,0.166384333,1
#6 back-loaded,32,2,4,3,0.199760300,1
#6 back-loaded,32,2,4,4,0.199760300,1
#6 back-loaded,32,2,4,5,0.199660900,1
#6 back-loaded,32,2,5,2,0.166384333,1
#6 back-loaded,32,2,5,3,0.166384333,1
#6 back-loaded,32,2,5,4,0.166384333,1
#6 back-loaded,32,2,5,5,0.166384750,1
#6 back-loaded,33,2,0,2,0.998002500,1
#6 back-loaded,33,2,0,3,0.998003000,1
#6 back-loaded,33,2,0,4,0.998003000,1
#6 back-loaded,33,2,0,5,0.831520000,1
#6 back-loaded,33,2,1,2,0.498802500,1
#6 back-loaded,33,2,1,3,0.498802000,1
#6 back-loaded,33,2,1,4,0.498802000,1
#6 back-loaded,33,2,1,5,0.498802000,1
#6 back-loaded,33,2,2,2,0.199521600,1
#6 back-loaded,33,2,2,3,0.332535333,1
#6 back-loaded,33,2,2,4,0.332668667,1
#6 back-loaded,33,2,2,5,0.332668333,1
#6 back-loaded,33,2,3,2,0.199761000,1
#6 back-loaded,33,2,3,3,0.199661400,1
#6 back-loaded,33,2,3,4,0.199661400,1
#6 back-loaded,33,2,3,5,0.199660900,1
#6 back-loaded,33,2,4,2,0.166384333,1
#6 back-loaded,33,2,4,3,0.181654864,1
#6 back-loaded,33,2,4,4,0.181654864,1
#6 back-loaded,33,2,4,5,0.199660900,1
#6 back-loaded,33,2,5,2,0.166384333,1
#6 back-loaded,33,2,5,3,0.166384333,1
#6 back-loaded,33,2,5,4,0.166384333,1
#6 back-loaded,33,2,5,5,0.166384750,1
#6 back-loaded,34,2,0,2,0.998002500,1
#6 back-loaded,34,2,0,3,0.998003000,1
#6 back-loaded,34,2,0,4,0.998003000,1
#6 back-loaded,34,2,0,5,0.831520000,1
#6 back-loaded,34,2,1,2,0.498802500,1
#6 back-loaded,34,2,1,3,0.498802000,1
#6 back-loaded,34,2,1,4,0.498802000,1
#6 back-loaded,34,2,1,5,0.498802000,1
#6 back-loaded,34,2,2,2,0.199521600,1
#6 back-loaded,34,2,2,3,0.332535333,1
#6 back-loaded,34,2,2,4,0.332668667,1
#6 back-loaded,34,2,2,5,0.332668333,1
#6 back-loaded,34,2,3,2,0.199761000,1
#6 back-loaded,34,2,3,3,0.199661400,1
#6 back-loaded,34,2,3,4,0.199661400,1
#6 back-loaded,34,2,3,5,0.199660900,1
#6 back-loaded,34,2,4,2,0.166384333,1
#6 back-loaded,34,2,4,3,0.181654864,1
#6 back-loaded,34,2,4,4,0.181654864,1
#6 back-loaded,34,2,4,5,0.199660900,1
#6 back-loaded,34,2,5,2,0.166384333,1
#6 back-loaded,34,2,5,3,0.166384333,1
#6 back-loaded,34,2,5,4,0.166384333,1
#6 back-loaded,34,2,5,5,0.166384750,1
#6 back-loaded,35,2,0,2,0.997803000,1
#6 back-loaded,35,2,0,3,0.997803500,1
#6 back-loaded,35,2,0,4,0.997803500,1
#6 back-loaded,35,2,0,5,0.831520000,1
#6 back-loaded,35,2,1,2,0.498802500,1
#6 back-loaded,35,2,1,3,0.498802000,1
#6 back-loaded,35,2,1,4,0.498802000,1
#6 back-loaded,35,2,1,5,0.498802000,1
#6 back-loaded,35,2,2,2,0.199521600,1
#6 back-loaded,35,2,2,3,0.332535333,1
#6 back-loaded,35,2,2,4,0.332668667,1
#6 back-loaded,35,2,2,5,0.332668333,1
#6 back-loaded,35,2,3,2,0.199761000,1
#6 back-loaded,35,2,3,3,0.199661400,1
#6 back-loaded,35,2,3,4,0.199661400,1
#6 back-loaded,35,2,3,5,0.199660900,1
#6 back-loaded,35,2,4,2,0.166384333,1
#6 back-loaded,35,2,4,3,0.181654864,1
#6 back-loaded,35,2,4,4,0.181654864,1
#6 back-loaded,35,2,4,5,0.199660900,1
#6 back-loaded,35,2,5,2,0.166384333,1
#6 back-loaded,35,2,5,3,0.166384333,1
#6 back-loaded,35,2,5,4,0.166384333,1
#6 back-loaded,35,2,5,5,0.166384750,1
#6 back-loaded,36,2,0,2,0.997802500,1
#6 back-loaded,36,2,0,3,0.997803000,1
#6 back-loaded,36,2,0,4,0.997803000,1
#6 back-loaded,36,2,0,5,0.831520000,1
#6 back-loaded,36,2,1,2,0.498802000,1
#6 back-loaded,36,2,1,3,0.498802000,1
#6 back-loaded,36,2,1,4,0.498802000,1
#6 back-loaded,36,2,1,5,0.498802000,1
#6 back-loaded,36,2,2,2,0.199521400,1
#6 back-loaded,36,2,2,3,0.332535000,1
#6 back-loaded,36,2,2,4,0.332668667,1
#6 back-loaded,36,2,2,5,0.332668333,1
#6 back-loaded,36,2,3,2,0.199760500,1
#6 back-loaded,36,2,3,3,0.199661400,1
#6 back-loaded,36,2,3,4,0.199661400,1
#6 back-loaded,36,2,3,5,0.199660900,1
#6 back-loaded,36,2,4,2,0.166384333,1
#6 back-loaded,36,2,4,3,0.181573545,1
#6 back-loaded,36,2,4,4,0.181573545,1
#6 back-loaded,36,2,4,5,0.199660900,1
#6 back-loaded,36,2,5,2,0.166384333,1
#6 back-loaded,36,2,5,3,0.166384333,1
#6 back-loaded,36,2,5,4,0.166384333,1
#6 back-loaded,36,2,5,5,0.166384750,1
#6 back-loaded,37,2,0,2,0.997802500,1
#6 back-loaded,37,2,0,3,0.997803000,1
#6 back-loaded,37,2,0,4,0.997803000,1
#6 back-loaded,37,2,0,5,0.831520000,1
#6 back-loaded,37,2,1,2,0.498802000,1
#6 back-loaded,37,2,1,3,0.498802000,1
#6 back-loaded,37,2,1,4,0.498802000,1
#6 back-loaded,37,2,1,5,0.498802000,1
#6 back-loaded,37,2,2,2,0.142515857,1
#6 back-loaded,37,2,2,3,0.332535000,1
#6 back-loaded,37,2,2,4,0.332668667,1
#6 back-loaded,37,2,2,5,0.332668333,1
#6 back-loaded,37,2,3,2,0.199640700,1
#6 back-loaded,37,2,3,3,0.199541600,1
#6 back-loaded,37,2,3,4,0.199541600,1
#6 back-loaded,37,2,3,5,0.199600900,1
#6 back-loaded,37,2,4,2,0.166384333,1
#6 back-loaded,37,2,4,3,0.181573545,1
#6 back-loaded,37,2,4,4,0.181573545,1
#6 back-loaded,37,2,4,5,0.199600800,1
#6 back-loaded,37,2,5,2,0.166284333,1
#6 back-loaded,37,2,5,3,0.166284333,1
#6 back-loaded,37,2,5,4,0.166284333,1
#6 back-loaded,37,2,5,5,0.166384750,1
#6 back-loaded,38,2,0,2,0.996306000,1
#6 back-loaded,38,2,0,3,0.996306500,1
#6 back-loaded,38,2,0,4,0.996306500,1
#6 back-loaded,38,2,0,5,0.830022500,1
#6 back-loaded,38,2,1,2,0.498054000,1
#6 back-loaded,38,2,1,3,0.498053000,1
#6 back-loaded,38,2,1,4,0.498053000,1
#6 back-loaded,38,2,1,5,0.498152500,1
#6 back-loaded,38,2,2,2,0.142301857,1
#6 back-loaded,38,2,2,3,0.332269333,1
#6 back-loaded,38,2,2,4,0.332402667,1
#6 back-loaded,38,2,2,5,0.332101667,1
#6 back-loaded,38,2,3,2,0.199302200,1
#6 back-loaded,38,2,3,3,0.199202200,1
#6 back-loaded,38,2,3,4,0.199202200,1
#6 back-loaded,38,2,3,5,0.199201400,1
#6 back-loaded,38,2,4,2,0.166384333,1
#6 back-loaded,38,2,4,3,0.181573545,1
#6 back-loaded,38,2,4,4,0.181573545,1
#6 back-loaded,38,2,4,5,0.199201300,1
#6 back-loaded,38,2,5,2,0.166284333,1
#6 back-loaded,38,2,5,3,0.166284333,1
#6 back-loaded,38,2,5,4,0.166284333,1
#6 back-loaded,38,2,5,5,0.166384750,1
#6 back-loaded,39,2,0,2,0.996306000,1
#6 back-loaded,39,2,0,3,0.996306500,1
#6 back-loaded,39,2,0,4,0.996306500,1
#6 back-loaded,39,2,0,5,0.830022500,1
#6 back-loaded,39,2,1,2,0.498054000,1
#6 back-loaded,39,2,1,3,0.498053000,1
#6 back-loaded,39,2,1,4,0.498053000,1
#6 back-loaded,39,2,1,5,0.498152500,1
#6 back-loaded,39,2,2,2,0.142301857,1
#6 back-loaded,39,2,2,3,0.332269333,1
#6 back-loaded,39,2,2,4,0.332402667,1
#6 back-loaded,39,2,2,5,0.332101667,1
#6 back-loaded,39,2,3,2,0.199302200,1
#6 back-loaded,39,2,3,3,0.199202200,1
#6 back-loaded,39,2,3,4,0.199202200,1
#6 back-loaded,39,2,3,5,0.199201400,1
#6 back-loaded,39,2,4,2,0.166384333,1
#6 back-loaded,39,2,4,3,0.181573545,1
#6 back-loaded,39,2,4,4,0.181573545,1
#6 back-loaded,39,2,4,5,0.199201300,1
#6 back-loaded,39,2,5,2,0.166284333,1
#6 back-loaded,39,2,5,3,0.166284333,1
#6 back-loaded,39,2,5,4,0.166284333,1
#6 back-loaded,39,2,5,5,0.166384750,1
#6 back-loaded,40,2,0,2,0.996204800,1
#6 back-loaded,40,2,0,3,0.996305500,1
#6 back-loaded,40,2,0,4,0.996305167,1
#6 back-loaded,40,2,0,5,0.830022500,1
#6 back-loaded,40,2,1,2,0.498054000,1
#6 back-loaded,40,2,1,3,0.498053000,1
#6 back-loaded,40,2,1,4,0.498053000,1
#6 back-loaded,40,2,1,5,0.498052500,1
#6 back-loaded,40,2,2,2,0.142301857,1
#6 back-loaded,40,2,2,3,0.332202667,1
#6 back-loaded,40,2,2,4,0.332302000,1
#6 back-loaded,40,2,2,5,0.332035000,1
#6 back-loaded,40,2,3,2,0.199302200,1
#6 back-loaded,40,2,3,3,0.199202200,1
#6 back-loaded,40,2,3,4,0.199202200,1
#6 back-loaded,40,2,3,5,0.199201400,1
#6 back-loaded,40,2,4,2,0.166384333,1
#6 back-loaded,40,2,4,3,0.181573545,1
#6 back-loaded,40,2,4,4,0.181374545,1
#6 back-loaded,40,2,4,5,0.199201300,1
#6 back-loaded,40,2,5,2,0.166251000,1
#6 back-loaded,40,2,5,3,0.166251000,1
#6 back-loaded,40,2,5,4,0.166251000,1
#6 back-loaded,40,2,5,5,0.166384750,1
#6 back-loaded,41,2,0,2,0.996204800,1
#6 back-loaded,41,2,0,3,0.996305500,1
#6 back-loaded,41,2,0,4,0.996005667,1
#6 back-loaded,41,2,0,5,0.830022500,1
#6 back-loaded,41,2,1,2,0.498003750,1
#6 back-loaded,41,2,1,3,0.498003500,1
#6 back-loaded,41,2,1,4,0.498003000,1
#6 back-loaded,41,2,1,5,0.498052500,1
#6 back-loaded,41,2,2,2,0.142301857,1
#6 back-loaded,41,2,2,3,0.332202667,1
#6 back-loaded,41,2,2,4,0.332302000,1
#6 back-loaded,41,2,2,5,0.332035000,1
#6 back-loaded,41,2,3,2,0.199302200,1
#6 back-loaded,41,2,3,3,0.199202200,1
#6 back-loaded,41,2,3,4,0.199202200,1
#6 back-loaded,41,2,3,5,0.199201400,1
#6 back-loaded,41,2,4,2,0.166384333,1
#6 back-loaded,41,2,4,3,0.181573545,1
#6 back-loaded,41,2,4,4,0.181374545,1
#6 back-loaded,41,2,4,5,0.199201300,1
#6 back-loaded,41,2,5,2,0.166251000,1
#6 back-loaded,41,2,5,3,0.166251000,1
#6 back-loaded,41,2,5,4,0.166251000,1
#6 back-loaded,41,2,5,5,0.166384750,1
#6 back-loaded,42,2,0,2,0.996105000,1
#6 back-loaded,42,2,0,3,0.996105500,1
#6 back-loaded,42,2,0,4,0.995806000,1
#6 back-loaded,42,2,0,5,0.830022500,1
#6 back-loaded,42,2,1,2,0.497928250,1
#6 back-loaded,42,2,1,3,0.497928250,1
#6 back-loaded,42,2,1,4,0.497928250,1
#6 back-loaded,42,2,1,5,0.498052500,1
#6 back-loaded,42,2,2,2,0.142301714,1
#6 back-loaded,42,2,2,3,0.199202000,1
#6 back-loaded,42,2,2,4,0.249251500,1
#6 back-loaded,42,2,2,5,0.331935000,1
#6 back-loaded,42,2,3,2,0.199261200,1
#6 back-loaded,42,2,3,3,0.199161800,1
#6 back-loaded,42,2,3,4,0.199161800,1
#6 back-loaded,42,2,3,5,0.199201400,1
#6 back-loaded,42,2,4,2,0.166384333,1
#6 back-loaded,42,2,4,3,0.181573545,1
#6 back-loaded,42,2,4,4,0.181374545,1
#6 back-loaded,42,2,4,5,0.199201300,1
#6 back-loaded,42,2,5,2,0.166251000,1
#6 back-loaded,42,2,5,3,0.166251000,1
#6 back-loaded,42,2,5,4,0.166251000,1
#6 back-loaded,42,2,5,5,0.166384750,1
#6 back-loaded,43,2,0,2,0.996104500,1
#6 back-loaded,43,2,0,3,0.996105000,1
#6 back-loaded,43,2,0,4,0.995805500,1
#6 back-loaded,43,2,0,5,0.830022500,1
#6 back-loaded,43,2,1,2,0.497903250,1
#6 back-loaded,43,2,1,3,0.497903250,1
#6 back-loaded,43,2,1,4,0.497903250,1
#6 back-loaded,43,2,1,5,0.498052500,1
#6 back-loaded,43,2,2,2,0.142301714,1
#6 back-loaded,43,2,2,3,0.199202000,1
#6 back-loaded,43,2,2,4,0.249226500,1
#6 back-loaded,43,2,2,5,0.331935000,1
#6 back-loaded,43,2,3,2,0.199261200,1
#6 back-loaded,43,2,3,3,0.199161800,1
#6 back-loaded,43,2,3,4,0.199161800,1
#6 back-loaded,43,2,3,5,0.199201400,1
#6 back-loaded,43,2,4,2,0.166350500,1
#6 back-loaded,43,2,4,3,0.166400500,1
#6 back-loaded,43,2,4,4,0.166201500,1
#6 back-loaded,43,2,4,5,0.199201300,1
#6 back-loaded,43,2,5,2,0.166251000,1
#6 back-loaded,43,2,5,3,0.166251000,1
#6 back-loaded,43,2,5,4,0.166251000,1
#6 back-loaded,43,2,5,5,0.166384750,1
#6 back-loaded,44,2,0,2,0.995705000,1
#6 back-loaded,44,2,0,3,0.995705500,1
#6 back-loaded,44,2,0,4,0.995456000,1
#6 back-loaded,44,2,0,5,0.829822500,1
#6 back-loaded,44,2,1,2,0.142258857,1
#6 back-loaded,44,2,1,3,0.142316000,1
#6 back-loaded,44,2,1,4,0.248926750,1
#6 back-loaded,44,2,1,5,0.497803500,1
#6 back-loaded,44,2,2,2,0.142230286,1
#6 back-loaded,44,2,2,3,0.199202000,1
#6 back-loaded,44,2,2,4,0.230067038,1
#6 back-loaded,44,2,2,5,0.331851667,1
#6 back-loaded,44,2,3,2,0.199261200,1
#6 back-loaded,44,2,3,3,0.199161800,1
#6 back-loaded,44,2,3,4,0.199161800,1
#6 back-loaded,44,2,3,5,0.199151400,1
#6 back-loaded,44,2,4,2,0.166134167,1
#6 back-loaded,44,2,4,3,0.166150833,1
#6 back-loaded,44,2,4,4,0.166051833,1
#6 back-loaded,44,2,4,5,0.199151300,1
#6 back-loaded,44,2,5,2,0.166251000,1
#6 back-loaded,44,2,5,3,0.166251000,1
#6 back-loaded,44,2,5,4,0.166251000,1
#6 back-loaded,44,2,5,5,0.166384750,1
#6 back-loaded,45,2,0,2,0.995705000,1
#6 back-loaded,45,2,0,3,0.995606000,1
#6 back-loaded,45,2,0,4,0.995456000,1
#6 back-loaded,45,2,0,5,0.829822500,1
#6 back-loaded,45,2,1,2,0.142258857,1
#6 back-loaded,45,2,1,3,0.142316000,1
#6 back-loaded,45,2,1,4,0.248926750,1
#6 back-loaded,45,2,1,5,0.497803500,1
#6 back-loaded,45,2,2,2,0.142230286,1
#6 back-loaded,45,2,2,3,0.199182000,1
#6 back-loaded,45,2,2,4,0.230047808,1
#6 back-loaded,45,2,2,5,0.331851667,1
#6 back-loaded,45,2,3,2,0.199261200,1
#6 back-loaded,45,2,3,3,0.199161800,1
#6 back-loaded,45,2,3,4,0.199161800,1
#6 back-loaded,45,2,3,5,0.199131400,1
#6 back-loaded,45,2,4,2,0.166117500,1
#6 back-loaded,45,2,4,3,0.166134167,1
#6 back-loaded,45,2,4,4,0.166001833,1
#6 back-loaded,45,2,4,5,0.199131300,1
#6 back-loaded,45,2,5,2,0.166251000,1
#6 back-loaded,45,2,5,3,0.166251000,1
#6 back-loaded,45,2,5,4,0.166251000,1
#6 back-loaded,45,2,5,5,0.166384750,1
#6 back-loaded,46,2,0,2,0.995605000,1
#6 back-loaded,46,2,0,3,0.995506000,1
#6 back-loaded,46,2,0,4,0.995356000,1
#6 back-loaded,46,2,0,5,0.829722500,1
#6 back-loaded,46,2,1,2,0.142244571,1
#6 back-loaded,46,2,1,3,0.142301714,1
#6 back-loaded,46,2,1,4,0.248901750,1
#6 back-loaded,46,2,1,5,0.497753500,1
#6 back-loaded,46,2,2,2,0.142216000,1
#6 back-loaded,46,2,2,3,0.199162000,1
#6 back-loaded,46,2,2,4,0.221512889,1
#6 back-loaded,46,2,2,5,0.331818333,1
#6 back-loaded,46,2,3,2,0.199241200,1
#6 back-loaded,46,2,3,3,0.199141800,1
#6 back-loaded,46,2,3,4,0.199141800,1
#6 back-loaded,46,2,3,5,0.199111400,1
#6 back-loaded,46,2,4,2,0.166100833,1
#6 back-loaded,46,2,4,3,0.166100833,1
#6 back-loaded,46,2,4,4,0.165985167,1
#6 back-loaded,46,2,4,5,0.199111300,1
#6 back-loaded,46,2,5,2,0.166251000,1
#6 back-loaded,46,2,5,3,0.166251000,1
#6 back-loaded,46,2,5,4,0.166152000,1
#6 back-loaded,46,2,5,5,0.166284750,1
#6 back-loaded,47,2,0,2,0.995605000,1
#6 back-loaded,47,2,0,3,0.995506000,1
#6 back-loaded,47,2,0,4,0.995356000,1
#6 back-loaded,47,2,0,5,0.829722500,1
#6 back-loaded,47,2,1,2,0.142244571,1
#6 back-loaded,47,2,1,3,0.142301714,1
#6 back-loaded,47,2,1,4,0.248901750,1
#6 back-loaded,47,2,1,5,0.497753500,1
#6 back-loaded,47,2,2,2,0.142216000,1
#6 back-loaded,47,2,2,3,0.199162000,1
#6 back-loaded,47,2,2,4,0.221512889,1
#6 back-loaded,47,2,2,5,0.331818333,1
#6 back-loaded,47,2,3,2,0.199241200,1
#6 back-loaded,47,2,3,3,0.199141800,1
#6 back-loaded,47,2,3,4,0.199141800,1
#6 back-loaded,47,2,3,5,0.199111400,1
#6 back-loaded,47,2,4,2,0.166100833,1
#6 back-loaded,47,2,4,3,0.166100833,1
#6 back-loaded,47,2,4,4,0.165985167,1
#6 back-loaded,47,2,4,5,0.199111300,1
#6 back-loaded,47,2,5,2,0.166251000,1
#6 back-loaded,47,2,5,3,0.166251000,1
#6 back-loaded,47,2,5,4,0.166152000,1
#6 back-loaded,47,2,5,5,0.166284750,1
#6 back-loaded,48,2,0,2,0.995605000,1
#6 back-loaded,48,2,0,3,0.995506000,1
#6 back-loaded,48,2,0,4,0.995356000,1
#6 back-loaded,48,2,0,5,0.829722500,1
#6 back-loaded,48,2,1,2,0.142244571,1
#6 back-loaded,48,2,1,3,0.142301714,1
#6 back-loaded,48,2,1,4,0.248901750,1
#6 back-loaded,48,2,1,5,0.497753500,1
#6 back-loaded,48,2,2,2,0.124470312,1
#6 back-loaded,48,2,2,3,0.199162000,1
#6 back-loaded,48,2,2,4,0.221435333,1
#6 back-loaded,48,2,2,5,0.331818333,1
#6 back-loaded,48,2,3,2,0.199241200,1
#6 back-loaded,48,2,3,3,0.199141800,1
#6 back-loaded,48,2,3,4,0.199141800,1
#6 back-loaded,48,2,3,5,0.199111400,1
#6 back-loaded,48,2,4,2,0.166100833,1
#6 back-loaded,48,2,4,3,0.166100833,1
#6 back-loaded,48,2,4,4,0.165985167,1
#6 back-loaded,48,2,4,5,0.199111300,1
#6 back-loaded,48,2,5,2,0.166251000,1
#6 back-loaded,48,2,5,3,0.166251000,1
#6 back-loaded,48,2,5,4,0.166152000,1
#6 back-loaded,48,2,5,5,0.166284750,1
#6 back-loaded,49,2,0,2,0.995206000,1
#6 back-loaded,49,2,0,3,0.995056000,1
#6 back-loaded,49,2,0,4,0.995056000,1
#6 back-loaded,49,2,0,5,0.829322500,1
#6 back-loaded,49,2,1,2,0.142244571,1
#6 back-loaded,49,2,1,3,0.142301714,1
#6 back-loaded,49,2,1,4,0.248851750,1
#6 back-loaded,49,2,1,5,0.497553500,1
#6 back-loaded,49,2,2,2,0.124408125,1
#6 back-loaded,49,2,2,3,0.199162000,1
#6 back-loaded,49,2,2,4,0.221235333,1
#6 back-loaded,49,2,2,5,0.331701750,1
#6 back-loaded,49,2,3,2,0.199241200,1
#6 back-loaded,49,2,3,3,0.199141600,1
#6 back-loaded,49,2,3,4,0.199141600,1
#6 back-loaded,49,2,3,5,0.199011400,1
#6 back-loaded,49,2,4,2,0.166100833,1
#6 back-loaded,49,2,4,3,0.166100833,1
#6 back-loaded,49,2,4,4,0.165985167,1
#6 back-loaded,49,2,4,5,0.199011300,1
#6 back-loaded,49,2,5,2,0.166251000,1
#6 back-loaded,49,2,5,3,0.166251000,1
#6 back-loaded,49,2,5,4,0.166152000,1
#6 back-loaded,49,2,5,5,0.166284750,1
#6 back-loaded,50,2,0,2,0.995206000,1
#6 back-loaded,50,2,0,3,0.995056000,1
#6 back-loaded,50,2,0,4,0.995056000,1
#6 back-loaded,50,2,0,5,0.829322500,1
#6 back-loaded,50,2,1,2,0.142244571,1
#6 back-loaded,50,2,1,3,0.142301714,1
#6 back-loaded,50,2,1,4,0.248851750,1
#6 back-loaded,50,2,1,5,0.497553500,1
#6 back-loaded,50,2,2,2,0.124408125,1
#6 back-loaded,50,2,2,3,0.199162000,1
#6 back-loaded,50,2,2,4,0.221235333,1
#6 back-loaded,50,2,2,5,0.331701750,1
#6 back-loaded,50,2,3,2,0.199241200,1
#6 back-loaded,50,2,3,3,0.199141600,1
#6 back-loaded,50,2,3,4,0.199141600,1
#6 back-loaded,50,2,3,5,0.199011400,1
#6 back-loaded,50,2,4,2,0.166100833,1
#6 back-loaded,50,2,4,3,0.166100833,1
#6 back-loaded,50,2,4,4,0.165984833,1
#6 back-loaded,50,2,4,5,0.199011300,1
#6 back-loaded,50,2,5,2,0.166251000,1
#6 back-loaded,50,2,5,3,0.166251000,1
#6 back-loaded,50,2,5,4,0.166152000,1
#6 back-loaded,50,2,5,5,0.166284750,1
#6 back-loaded,51,2,0,2,0.995206000,1
#6 back-loaded,51,2,0,3,0.995056000,1
#6 back-loaded,51,2,0,4,0.995056000,1
#6 back-loaded,51,2,0,5,0.829322500,1
#6 back-loaded,51,2,1,2,0.142244571,1
#6 back-loaded,51,2,1,3,0.142301714,1
#6 back-loaded,51,2,1,4,0.248851750,1
#6 back-loaded,51,2,1,5,0.497553500,1
#6 back-loaded,51,2,2,2,0.124408125,1
#6 back-loaded,51,2,2,3,0.199162000,1
#6 back-loaded,51,2,2,4,0.221235333,1
#6 back-loaded,51,2,2,5,0.331701750,1
#6 back-loaded,51,2,3,2,0.199241200,1
#6 back-loaded,51,2,3,3,0.199141600,1
#6 back-loaded,51,2,3,4,0.199141600,1
#6 back-loaded,51,2,3,5,0.199011400,1
#6 back-loaded,51,2,4,2,0.166100833,1
#6 back-loaded,51,2,4,3,0.166100833,1
#6 back-loaded,51,2,4,4,0.165984833,1
#6 back-loaded,51,2,4,5,0.199011300,1
#6 back-loaded,51,2,5,2,0.166251000,1
#6 back-loaded,51,2,5,3,0.166251000,1
#6 back-loaded,51,2,5,4,0.166152000,1
#6 back-loaded,51,2,5,5,0.166284750,1
#6 back-loaded,52,2,0,2,0.166017500,1
#6 back-loaded,52,2,0,3,0.199041800,1
#6 back-loaded,52,2,0,4,0.284301714,1
#6 back-loaded,52,2,0,5,0.829322500,1
#6 back-loaded,52,2,1,2,0.142244571,1
#6 back-loaded,52,2,1,3,0.142301714,1
#6 back-loaded,52,2,1,4,0.248789250,1
#6 back-loaded,52,2,1,5,0.497553500,1
#6 back-loaded,52,2,2,2,0.124408125,1
#6 back-loaded,52,2,2,3,0.199162000,1
#6 back-loaded,52,2,2,4,0.199041533,1
#6 back-loaded,52,2,2,5,0.331701750,1
#6 back-loaded,52,2,3,2,0.199241200,1
#6 back-loaded,52,2,3,3,0.199141600,1
#6 back-loaded,52,2,3,4,0.199141600,1
#6 back-loaded,52,2,3,5,0.199011400,1
#6 back-loaded,52,2,4,2,0.166100833,1
#6 back-loaded,52,2,4,3,0.166100833,1
#6 back-loaded,52,2,4,4,0.165901833,1
#6 back-loaded,52,2,4,5,0.199011300,1
#6 back-loaded,52,2,5,2,0.166251000,1
#6 back-loaded,52,2,5,3,0.166251000,1
#6 back-loaded,52,2,5,4,0.166152000,1
#6 back-loaded,52,2,5,5,0.166284750,1
#6 back-loaded,53,2,0,2,0.165984333,1
#6 back-loaded,53,2,0,3,0.199041800,1
#6 back-loaded,53,2,0,4,0.284301714,1
#6 back-loaded,53,2,0,5,0.829126083,1
#6 back-loaded,53,2,1,2,0.142244571,1
#6 back-loaded,53,2,1,3,0.142301714,1
#6 back-loaded,53,2,1,4,0.248789250,1
#6 back-loaded,53,2,1,5,0.497504000,1
#6 back-loaded,53,2,2,2,0.090437909,1
#6 back-loaded,53,2,2,3,0.199162000,1
#6 back-loaded,53,2,2,4,0.198962000,1
#6 back-loaded,53,2,2,5,0.331636000,1
#6 back-loaded,53,2,3,2,0.199062200,1
#6 back-loaded,53,2,3,3,0.198962200,1
#6 back-loaded,53,2,3,4,0.198962200,1
#6 back-loaded,53,2,3,5,0.198962400,1
#6 back-loaded,53,2,4,2,0.166100833,1
#6 back-loaded,53,2,4,3,0.166100833,1
#6 back-loaded,53,2,4,4,0.165901833,1
#6 back-loaded,53,2,4,5,0.198962300,1
#6 back-loaded,53,2,5,2,0.166251000,1
#6 back-loaded,53,2,5,3,0.166251000,1
#6 back-loaded,53,2,5,4,0.166152000,1
#6 back-loaded,53,2,5,5,0.166284750,1
#6 back-loaded,54,2,0,2,0.165984250,1
#6 back-loaded,54,2,0,3,0.165851833,1
#6 back-loaded,54,2,0,4,0.284301714,1
#6 back-loaded,54,2,0,5,0.828926333,1
#6 back-loaded,54,2,1,2,0.142244571,1
#6 back-loaded,54,2,1,3,0.142301714,1
#6 back-loaded,54,2,1,4,0.248789250,1
#6 back-loaded,54,2,1,5,0.497504000,1
#6 back-loaded,54,2,2,2,0.090419818,1
#6 back-loaded,54,2,2,3,0.165968500,1
#6 back-loaded,54,2,2,4,0.165768500,1
#6 back-loaded,54,2,2,5,0.331569667,1
#6 back-loaded,54,2,3,2,0.199022400,1
#6 back-loaded,54,2,3,3,0.198922400,1
#6 back-loaded,54,2,3,4,0.198922400,1
#6 back-loaded,54,2,3,5,0.198922400,1
#6 back-loaded,54,2,4,2,0.166067667,1
#6 back-loaded,54,2,4,3,0.166067667,1
#6 back-loaded,54,2,4,4,0.165885333,1
#6 back-loaded,54,2,4,5,0.198922400,1
#6 back-loaded,54,2,5,2,0.166251000,1
#6 back-loaded,54,2,5,3,0.166251000,1
#6 back-loaded,54,2,5,4,0.166152000,1
#6 back-loaded,54,2,5,5,0.166234750,1
#6 back-loaded,55,2,0,2,0.165967667,1
#6 back-loaded,55,2,0,3,0.165851833,1
#6 back-loaded,55,2,0,4,0.284301714,1
#6 back-loaded,55,2,0,5,0.828926333,1
#6 back-loaded,55,2,1,2,0.142244571,1
#6 back-loaded,55,2,1,3,0.142301714,1
#6 back-loaded,55,2,1,4,0.248776750,1
#6 back-loaded,55,2,1,5,0.497504000,1
#6 back-loaded,55,2,2,2,0.090419818,1
#6 back-loaded,55,2,2,3,0.165868500,1
#6 back-loaded,55,2,2,4,0.165768500,1
#6 back-loaded,55,2,2,5,0.331569667,1
#6 back-loaded,55,2,3,2,0.199022400,1
#6 back-loaded,55,2,3,3,0.198922400,1
#6 back-loaded,55,2,3,4,0.198922400,1
#6 back-loaded,55,2,3,5,0.198922400,1
#6 back-loaded,55,2,4,2,0.166067667,1
#6 back-loaded,55,2,4,3,0.166067667,1
#6 back-loaded,55,2,4,4,0.165885333,1
#6 back-loaded,55,2,4,5,0.198922400,1
#6 back-loaded,55,2,5,2,0.166251000,1
#6 back-loaded,55,2,5,3,0.166251000,1
#6 back-loaded,55,2,5,4,0.166152000,1
#6 back-loaded,55,2,5,5,0.166234750,1
#6 back-loaded,56,2,0,2,0.165967667,1
#6 back-loaded,56,2,0,3,0.165851833,1
#6 back-loaded,56,2,0,4,0.284301714,1
#6 back-loaded,56,2,0,5,0.828926333,1
#6 back-loaded,56,2,1,2,0.142244571,1
#6 back-loaded,56,2,1,3,0.142301714,1
#6 back-loaded,56,2,1,4,0.213265929,1
#6 back-loaded,56,2,1,5,0.497504000,1
#6 back-loaded,56,2,2,2,0.090419818,1
#6 back-loaded,56,2,2,3,0.165868500,1
#6 back-loaded,56,2,2,4,0.165768500,1
#6 back-loaded,56,2,2,5,0.331569667,1
#6 back-loaded,56,2,3,2,0.199022400,1
#6 back-loaded,56,2,3,3,0.198922400,1
#6 back-loaded,56,2,3,4,0.198922400,1
#6 back-loaded,56,2,3,5,0.198922400,1
#6 back-loaded,56,2,4,2,0.166067667,1
#6 back-loaded,56,2,4,3,0.166067667,1
#6 back-loaded,56,2,4,4,0.165885333,1
#6 back-loaded,56,2,4,5,0.198922400,1
#6 back-loaded,56,2,5,2,0.166251000,1
#6 back-loaded,56,2,5,3,0.166251000,1
#6 back-loaded,56,2,5,4,0.166152000,1
#6 back-loaded,56,2,5,5,0.166234750,1
#6 back-loaded,57,2,0,2,0.165967667,1
#6 back-loaded,57,2,0,3,0.165851833,1
#6 back-loaded,57,2,0,4,0.284301714,1
#6 back-loaded,57,2,0,5,0.828522333,1
#6 back-loaded,57,2,1,2,0.142244571,1
#6 back-loaded,57,2,1,3,0.142301714,1
#6 back-loaded,57,2,1,4,0.213265786,1
#6 back-loaded,57,2,1,5,0.497203500,1
#6 back-loaded,57,2,2,2,0.090419818,1
#6 back-loaded,57,2,2,3,0.165827000,1
#6 back-loaded,57,2,2,4,0.165726833,1
#6 back-loaded,57,2,2,5,0.331435167,1
#6 back-loaded,57,2,3,2,0.199022400,1
#6 back-loaded,57,2,3,3,0.198922400,1
#6 back-loaded,57,2,3,4,0.198922400,1
#6 back-loaded,57,2,3,5,0.198821400,1
#6 back-loaded,57,2,4,2,0.117282941,1
#6 back-loaded,57,2,4,3,0.117282941,1
#6 back-loaded,57,2,4,4,0.132787967,1
#6 back-loaded,57,2,4,5,0.198821400,1
#6 back-loaded,57,2,5,2,0.166251000,1
#6 back-loaded,57,2,5,3,0.166251000,1
#6 back-loaded,57,2,5,4,0.166152000,1
#6 back-loaded,57,2,5,5,0.166234750,1
#6 back-loaded,58,2,0,2,0.165967667,1
#6 back-loaded,58,2,0,3,0.165851833,1
#6 back-loaded,58,2,0,4,0.284301714,1
#6 back-loaded,58,2,0,5,0.828522333,1
#6 back-loaded,58,2,1,2,0.142244571,1
#6 back-loaded,58,2,1,3,0.142301714,1
#6 back-loaded,58,2,1,4,0.213265786,1
#6 back-loaded,58,2,1,5,0.497203500,1
#6 back-loaded,58,2,2,2,0.090419818,1
#6 back-loaded,58,2,2,3,0.165827000,1
#6 back-loaded,58,2,2,4,0.165726833,1
#6 back-loaded,58,2,2,5,0.331435167,1
#6 back-loaded,58,2,3,2,0.199022400,1
#6 back-loaded,58,2,3,3,0.198922400,1
#6 back-loaded,58,2,3,4,0.198922400,1
#6 back-loaded,58,2,3,5,0.198821400,1
#6 back-loaded,58,2,4,2,0.117282941,1
#6 back-loaded,58,2,4,3,0.117282941,1
#6 back-loaded,58,2,4,4,0.129866652,1
#6 back-loaded,58,2,4,5,0.198821400,1
#6 back-loaded,58,2,5,2,0.166251000,1
#6 back-loaded,58,2,5,3,0.166251000,1
#6 back-loaded,58,2,5,4,0.166152000,1
#6 back-loaded,58,2,5,5,0.166234750,1
#6 back-loaded,59,2,0,2,0.165967667,1
#6 back-loaded,59,2,0,3,0.165851833,1
#6 back-loaded,59,2,0,4,0.284301714,1
#6 back-loaded,59,2,0,5,0.828522333,1
#6 back-loaded,59,2,1,2,0.142244571,1
#6 back-loaded,59,2,1,3,0.142301714,1
#6 back-loaded,59,2,1,4,0.213265786,1
#6 back-loaded,59,2,1,5,0.497203500,1
#6 back-loaded,59,2,2,2,0.090419818,1
#6 back-loaded,59,2,2,3,0.165827000,1
#6 back-loaded,59,2,2,4,0.165726833,1
#6 back-loaded,59,2,2,5,0.331435167,1
#6 back-loaded,59,2,3,2,0.199022400,1
#6 back-loaded,59,2,3,3,0.198922400,1
#6 back-loaded,59,2,3,4,0.198922400,1
#6 back-loaded,59,2,3,5,0.198821400,1
#6 back-loaded,59,2,4,2,0.090627818,1
#6 back-loaded,59,2,4,3,0.103166034,1
#6 back-loaded,59,2,4,4,0.129844870,1
#6 back-loaded,59,2,4,5,0.198821400,1
#6 back-loaded,59,2,5,2,0.166251000,1
#6 back-loaded,59,2,5,3,0.166251000,1
#6 back-loaded,59,2,5,4,0.166152000,1
#6 back-loaded,59,2,5,5,0.166234750,1
#6 back-loaded,60,2,0,2,0.165967667,1
#6 back-loaded,60,2,0,3,0.165851833,1
#6 back-loaded,60,2,0,4,0.284301714,1
#6 back-loaded,60,2,0,5,0.828522333,1
#6 back-loaded,60,2,1,2,0.142244571,1
#6 back-loaded,60,2,1,3,0.142301714,1
#6 back-loaded,60,2,1,4,0.213265786,1
#6 back-loaded,60,2,1,5,0.497203500,1
#6 back-loaded,60,2,2,2,0.090419818,1
#6 back-loaded,60,2,2,3,0.165826833,1
#6 back-loaded,60,2,2,4,0.165726833,1
#6 back-loaded,60,2,2,5,0.331435167,1
#6 back-loaded,60,2,3,2,0.199022400,1
#6 back-loaded,60,2,3,3,0.198922400,1
#6 back-loaded,60,2,3,4,0.198922400,1
#6 back-loaded,60,2,3,5,0.198821400,1
#6 back-loaded,60,2,4,2,0.090627818,1
#6 back-loaded,60,2,4,3,0.103166034,1
#6 back-loaded,60,2,4,4,0.129844370,1
#6 back-loaded,60,2,4,5,0.198821400,1
#6 back-loaded,60,2,5,2,0.166251000,1
#6 back-loaded,60,2,5,3,0.166251000,1
#6 back-loaded,60,2,5,4,0.166152000,1
#6 back-loaded,60,2,5,5,0.166234750,1
#6 back-loaded,61,2,0,2,0.165951167,1
#6 back-loaded,61,2,0,3,0.165851833,1
#6 back-loaded,61,2,0,4,0.284301714,1
#6 back-loaded,61,2,0,5,0.828522333,1
#6 back-loaded,61,2,1,2,0.142244571,1
#6 back-loaded,61,2,1,3,0.142301714,1
#6 back-loaded,61,2,1,4,0.213265786,1
#6 back-loaded,61,2,1,5,0.497203500,1
#6 back-loaded,61,2,2,2,0.090419818,1
#6 back-loaded,61,2,2,3,0.165726833,1
#6 back-loaded,61,2,2,4,0.165726833,1
#6 back-loaded,61,2,2,5,0.331435167,1
#6 back-loaded,61,2,3,2,0.199022400,1
#6 back-loaded,61,2,3,3,0.198922400,1
#6 back-loaded,61,2,3,4,0.198922400,1
#6 back-loaded,61,2,3,5,0.198821400,1
#6 back-loaded,61,2,4,2,0.090627818,1
#6 back-loaded,61,2,4,3,0.103110862,1
#6 back-loaded,61,2,4,4,0.129788022,1
#6 back-loaded,61,2,4,5,0.198821400,1
#6 back-loaded,61,2,5,2,0.166251000,1
#6 back-loaded,61,2,5,3,0.166251000,1
#6 back-loaded,61,2,5,4,0.166152000,1
#6 back-loaded,61,2,5,5,0.166234750,1
#6 back-loaded,62,2,0,2,0.165918000,1
#6 back-loaded,62,2,0,3,0.165818500,1
#6 back-loaded,62,2,0,4,0.284301714,1
#6 back-loaded,62,2,0,5,0.828389167,1
#6 back-loaded,62,2,1,2,0.142144571,1
#6 back-loaded,62,2,1,3,0.142158714,1
#6 back-loaded,62,2,1,4,0.192540258,1
#6 back-loaded,62,2,1,5,0.497003750,1
#6 back-loaded,62,2,2,2,0.090392636,1
#6 back-loaded,62,2,2,3,0.165676833,1
#6 back-loaded,62,2,2,4,0.165676833,1
#6 back-loaded,62,2,2,5,0.331401833,1
#6 back-loaded,62,2,3,2,0.199002400,1
#6 back-loaded,62,2,3,3,0.198902400,1
#6 back-loaded,62,2,3,4,0.198902400,1
#6 back-loaded,62,2,3,5,0.198801400,1
#6 back-loaded,62,2,4,2,0.090618727,1
#6 back-loaded,62,2,4,3,0.103100517,1
#6 back-loaded,62,2,4,4,0.129774978,1
#6 back-loaded,62,2,4,5,0.198801400,1
#6 back-loaded,62,2,5,2,0.166167667,1
#6 back-loaded,62,2,5,3,0.166167667,1
#6 back-loaded,62,2,5,4,0.166068667,1
#6 back-loaded,62,2,5,5,0.166218083,1
#6 back-loaded,63,2,0,2,0.165918000,1
#6 back-loaded,63,2,0,3,0.165818500,1
#6 back-loaded,63,2,0,4,0.284301714,1
#6 back-loaded,63,2,0,5,0.828389167,1
#6 back-loaded,63,2,1,2,0.142144571,1
#6 back-loaded,63,2,1,3,0.142158714,1
#6 back-loaded,63,2,1,4,0.192540258,1
#6 back-loaded,63,2,1,5,0.497003750,1
#6 back-loaded,63,2,2,2,0.090392636,1
#6 back-loaded,63,2,2,3,0.165676833,1
#6 back-loaded,63,2,2,4,0.165676833,1
#6 back-loaded,63,2,2,5,0.331401833,1
#6 back-loaded,63,2,3,2,0.199002400,1
#6 back-loaded,63,2,3,3,0.198902400,1
#6 back-loaded,63,2,3,4,0.198902400,1
#6 back-loaded,63,2,3,5,0.198801400,1
#6 back-loaded,63,2,4,2,0.090618727,1
#6 back-loaded,63,2,4,3,0.103100517,1
#6 back-loaded,63,2,4,4,0.129774978,1
#6 back-loaded,63,2,4,5,0.198801400,1
#6 back-loaded,63,2,5,2,0.166167667,1
#6 back-loaded,63,2,5,3,0.166167667,1
#6 back-loaded,63,2,5,4,0.166068667,1
#6 back-loaded,63,2,5,5,0.166218083,1
#6 back-loaded,64,2,0,2,0.165901333,1
#6 back-loaded,64,2,0,3,0.165801833,1
#6 back-loaded,64,2,0,4,0.284244571,1
#6 back-loaded,64,2,0,5,0.828188167,1
#6 back-loaded,64,2,1,2,0.124201687,1
#6 back-loaded,64,2,1,3,0.124201625,1
#6 back-loaded,64,2,1,4,0.172971087,1
#6 back-loaded,64,2,1,5,0.496803500,1
#6 back-loaded,64,2,2,2,0.090329000,1
#6 back-loaded,64,2,2,3,0.165643500,1
#6 back-loaded,64,2,2,4,0.165643500,1
#6 back-loaded,64,2,2,5,0.331335000,1
#6 back-loaded,64,2,3,2,0.198902200,1
#6 back-loaded,64,2,3,3,0.198802200,1
#6 back-loaded,64,2,3,4,0.198802200,1
#6 back-loaded,64,2,3,5,0.198801400,1
#6 back-loaded,64,2,4,2,0.090618727,1
#6 back-loaded,64,2,4,3,0.103090172,1
#6 back-loaded,64,2,4,4,0.129774978,1
#6 back-loaded,64,2,4,5,0.198801333,1
#6 back-loaded,64,2,5,2,0.165917833,1
#6 back-loaded,64,2,5,3,0.165917833,1
#6 back-loaded,64,2,5,4,0.166018500,1
#6 back-loaded,64,2,5,5,0.165918083,1
#6 back-loaded,65,2,0,2,0.165901000,1
#6 back-loaded,65,2,0,3,0.165801833,1
#6 back-loaded,65,2,0,4,0.284244071,1
#6 back-loaded,65,2,0,5,0.828188167,1
#6 back-loaded,65,2,1,2,0.124201625,1
#6 back-loaded,65,2,1,3,0.124201625,1
#6 back-loaded,65,2,1,4,0.172971087,1
#6 back-loaded,65,2,1,5,0.496803500,1
#6 back-loaded,65,2,2,2,0.049681450,1
#6 back-loaded,65,2,2,3,0.165635167,1
#6 back-loaded,65,2,2,4,0.165634833,1
#6 back-loaded,65,2,2,5,0.331335000,1
#6 back-loaded,65,2,3,2,0.198901700,1
#6 back-loaded,65,2,3,3,0.198802200,1
#6 back-loaded,65,2,3,4,0.198802200,1
#6 back-loaded,65,2,3,5,0.198801400,1
#6 back-loaded,65,2,4,2,0.087974088,1
#6 back-loaded,65,2,4,3,0.103090172,1
#6 back-loaded,65,2,4,4,0.129774978,1
#6 back-loaded,65,2,4,5,0.198801300,1
#6 back-loaded,65,2,5,2,0.165917667,1
#6 back-loaded,65,2,5,3,0.165917667,1
#6 back-loaded,65,2,5,4,0.166018500,1
#6 back-loaded,65,2,5,5,0.165918083,1
#6 back-loaded,66,2,0,2,0.165901000,1
#6 back-loaded,66,2,0,3,0.165801833,1
#6 back-loaded,66,2,0,4,0.284244071,1
#6 back-loaded,66,2,0,5,0.828188167,1
#6 back-loaded,66,2,1,2,0.124201625,1
#6 back-loaded,66,2,1,3,0.124201625,1
#6 back-loaded,66,2,1,4,0.172971087,1
#6 back-loaded,66,2,1,5,0.496803500,1
#6 back-loaded,66,2,2,2,0.049681450,1
#6 back-loaded,66,2,2,3,0.165635167,1
#6 back-loaded,66,2,2,4,0.165634833,1
#6 back-loaded,66,2,2,5,0.331335000,1
#6 back-loaded,66,2,3,2,0.198901700,1
#6 back-loaded,66,2,3,3,0.198802200,1
#6 back-loaded,66,2,3,4,0.198802200,1
#6 back-loaded,66,2,3,5,0.198801400,1
#6 back-loaded,66,2,4,2,0.087974088,1
#6 back-loaded,66,2,4,3,0.103090172,1
#6 back-loaded,66,2,4,4,0.129774978,1
#6 back-loaded,66,2,4,5,0.198801300,1
#6 back-loaded,66,2,5,2,0.165917667,1
#6 back-loaded,66,2,5,3,0.165917667,1
#6 back-loaded,66,2,5,4,0.166018333,1
#6 back-loaded,66,2,5,5,0.165918083,1
#6 back-loaded,67,2,0,2,0.165901000,1
#6 back-loaded,67,2,0,3,0.165801833,1
#6 back-loaded,67,2,0,4,0.284244071,1
#6 back-loaded,67,2,0,5,0.805915351,1
#6 back-loaded,67,2,1,2,0.124201625,1
#6 back-loaded,67,2,1,3,0.124201625,1
#6 back-loaded,67,2,1,4,0.172971087,1
#6 back-loaded,67,2,1,5,0.496803500,1
#6 back-loaded,67,2,2,2,0.049681450,1
#6 back-loaded,67,2,2,3,0.165635167,1
#6 back-loaded,67,2,2,4,0.165634833,1
#6 back-loaded,67,2,2,5,0.331335000,1
#6 back-loaded,67,2,3,2,0.198901700,1
#6 back-loaded,67,2,3,3,0.198802200,1
#6 back-loaded,67,2,3,4,0.198802200,1
#6 back-loaded,67,2,3,5,0.198801400,1
#6 back-loaded,67,2,4,2,0.087974088,1
#6 back-loaded,67,2,4,3,0.103090172,1
#6 back-loaded,67,2,4,4,0.129774978,1
#6 back-loaded,67,2,4,5,0.198801300,1
#6 back-loaded,67,2,5,2,0.142357857,1
#6 back-loaded,67,2,5,3,0.142357857,1
#6 back-loaded,67,2,5,4,0.153363154,1
#6 back-loaded,67,2,5,5,0.161463568,1
#6 back-loaded,68,2,0,2,0.165901000,1
#6 back-loaded,68,2,0,3,0.165801833,1
#6 back-loaded,68,2,0,4,0.284244071,1
#6 back-loaded,68,2,0,5,0.805915351,1
#6 back-loaded,68,2,1,2,0.124201625,1
#6 back-loaded,68,2,1,3,0.124201625,1
#6 back-loaded,68,2,1,4,0.172971087,1
#6 back-loaded,68,2,1,5,0.496803500,1
#6 back-loaded,68,2,2,2,0.049681450,1
#6 back-loaded,68,2,2,3,0.165635167,1
#6 back-loaded,68,2,2,4,0.165634833,1
#6 back-loaded,68,2,2,5,0.331335000,1
#6 back-loaded,68,2,3,2,0.198901700,1
#6 back-loaded,68,2,3,3,0.198802200,1
#6 back-loaded,68,2,3,4,0.198802200,1
#6 back-loaded,68,2,3,5,0.198801400,1
#6 back-loaded,68,2,4,2,0.087974088,1
#6 back-loaded,68,2,4,3,0.103090172,1
#6 back-loaded,68,2,4,4,0.129774812,1
#6 back-loaded,68,2,4,5,0.198801300,1
#6 back-loaded,68,2,5,2,0.104900553,1
#6 back-loaded,68,2,5,3,0.104900632,1
#6 back-loaded,68,2,5,4,0.104801632,1
#6 back-loaded,68,2,5,5,0.161463568,1
#6 back-loaded,69,2,0,2,0.165784333,1
#6 back-loaded,69,2,0,3,0.165701833,1
#6 back-loaded,69,2,0,4,0.283859143,1
#6 back-loaded,69,2,0,5,0.800496720,1
#6 back-loaded,69,2,1,2,0.084501596,1
#6 back-loaded,69,2,1,3,0.110385000,1
#6 back-loaded,69,2,1,4,0.172672087,1
#6 back-loaded,69,2,1,5,0.496204500,1
#6 back-loaded,69,2,2,2,0.049676450,1
#6 back-loaded,69,2,2,3,0.165468833,1
#6 back-loaded,69,2,2,4,0.165485111,1
#6 back-loaded,69,2,2,5,0.330935667,1
#6 back-loaded,69,2,3,2,0.198661400,1
#6 back-loaded,69,2,3,3,0.198562400,1
#6 back-loaded,69,2,3,4,0.198562400,1
#6 back-loaded,69,2,3,5,0.198561400,1
#6 back-loaded,69,2,4,2,0.086678826,1
#6 back-loaded,69,2,4,3,0.101334407,1
#6 back-loaded,69,2,4,4,0.129753072,1
#6 back-loaded,69,2,4,5,0.198561400,1
#6 back-loaded,69,2,5,2,0.104900553,1
#6 back-loaded,69,2,5,3,0.104900632,1
#6 back-loaded,69,2,5,4,0.104801632,1
#6 back-loaded,69,2,5,5,0.160565919,1
#6 back-loaded,70,2,0,2,0.165784333,1
#6 back-loaded,70,2,0,3,0.165701833,1
#6 back-loaded,70,2,0,4,0.283859143,1
#6 back-loaded,70,2,0,5,0.800496720,1
#6 back-loaded,70,2,1,2,0.070908667,1
#6 back-loaded,70,2,1,3,0.110384722,1
#6 back-loaded,70,2,1,4,0.148912550,1
#6 back-loaded,70,2,1,5,0.496204500,1
#6 back-loaded,70,2,2,2,0.049666550,1
#6 back-loaded,70,2,2,3,0.165468833,1
#6 back-loaded,70,2,2,4,0.165485111,1
#6 back-loaded,70,2,2,5,0.330935667,1
#6 back-loaded,70,2,3,2,0.198661400,1
#6 back-loaded,70,2,3,3,0.198562400,1
#6 back-loaded,70,2,3,4,0.198562400,1
#6 back-loaded,70,2,3,5,0.198561400,1
#6 back-loaded,70,2,4,2,0.086620130,1
#6 back-loaded,70,2,4,3,0.099615500,1
#6 back-loaded,70,2,4,4,0.129726986,1
#6 back-loaded,70,2,4,5,0.198561400,1
#6 back-loaded,70,2,5,2,0.104892737,1
#6 back-loaded,70,2,5,3,0.104892737,1
#6 back-loaded,70,2,5,4,0.104793737,1
#6 back-loaded,70,2,5,5,0.160565919,1
#6 back-loaded,71,2,0,2,0.165734500,1
#6 back-loaded,71,2,0,3,0.165701833,1
#6 back-loaded,71,2,0,4,0.283859143,1
#6 back-loaded,71,2,0,5,0.800438656,1
#6 back-loaded,71,2,1,2,0.070908667,1
#6 back-loaded,71,2,1,3,0.110384722,1
#6 back-loaded,71,2,1,4,0.148912550,1
#6 back-loaded,71,2,1,5,0.496154750,1
#6 back-loaded,71,2,2,2,0.049661550,1
#6 back-loaded,71,2,2,3,0.165468833,1
#6 back-loaded,71,2,2,4,0.165485111,1
#6 back-loaded,71,2,2,5,0.330935667,1
#6 back-loaded,71,2,3,2,0.090382818,1
#6 back-loaded,71,2,3,3,0.090328818,1
#6 back-loaded,71,2,3,4,0.090328818,1
#6 back-loaded,71,2,3,5,0.198561400,1
#6 back-loaded,71,2,4,2,0.082929667,1
#6 back-loaded,71,2,4,3,0.085293771,1
#6 back-loaded,71,2,4,4,0.116959745,1
#6 back-loaded,71,2,4,5,0.198561400,1
#6 back-loaded,71,2,5,2,0.104737737,1
#6 back-loaded,71,2,5,3,0.104748263,1
#6 back-loaded,71,2,5,4,0.104649263,1
#6 back-loaded,71,2,5,5,0.160540097,1
#6 back-loaded,72,2,0,2,0.165676125,1
#6 back-loaded,72,2,0,3,0.165601833,1
#6 back-loaded,72,2,0,4,0.283787786,1
#6 back-loaded,72,2,0,5,0.800371323,1
#6 back-loaded,72,2,1,2,0.070908167,1
#6 back-loaded,72,2,1,3,0.110284472,1
#6 back-loaded,72,2,1,4,0.141858857,1
#6 back-loaded,72,2,1,5,0.496104000,1
#6 back-loaded,72,2,2,2,0.049661550,1
#6 back-loaded,72,2,2,3,0.114605846,1
#6 back-loaded,72,2,2,4,0.114604923,1
#6 back-loaded,72,2,2,5,0.330935667,1
#6 back-loaded,72,2,3,2,0.090364636,1
#6 back-loaded,72,2,3,3,0.090328818,1
#6 back-loaded,72,2,3,4,0.090328818,1
#6 back-loaded,72,2,3,5,0.198541300,1
#6 back-loaded,72,2,4,2,0.082929667,1
#6 back-loaded,72,2,4,3,0.085293771,1
#6 back-loaded,72,2,4,4,0.116959745,1
#6 back-loaded,72,2,4,5,0.198541400,1
#6 back-loaded,72,2,5,2,0.104737737,1
#6 back-loaded,72,2,5,3,0.104748263,1
#6 back-loaded,72,2,5,4,0.104649263,1
#6 back-loaded,72,2,5,5,0.160440597,1
#6 back-loaded,73,2,0,2,0.165676125,1
#6 back-loaded,73,2,0,3,0.165601833,1
#6 back-loaded,73,2,0,4,0.283787786,1
#6 back-loaded,73,2,0,5,0.793966800,1
#6 back-loaded,73,2,1,2,0.070908167,1
#6 back-loaded,73,2,1,3,0.110284472,1
#6 back-loaded,73,2,1,4,0.141858857,1
#6 back-loaded,73,2,1,5,0.496104000,1
#6 back-loaded,73,2,2,2,0.049661550,1
#6 back-loaded,73,2,2,3,0.114605846,1
#6 back-loaded,73,2,2,4,0.114604923,1
#6 back-loaded,73,2,2,5,0.330935667,1
#6 back-loaded,73,2,3,2,0.090364636,1
#6 back-loaded,73,2,3,3,0.090328818,1
#6 back-loaded,73,2,3,4,0.090328818,1
#6 back-loaded,73,2,3,5,0.198541300,1
#6 back-loaded,73,2,4,2,0.082929667,1
#6 back-loaded,73,2,4,3,0.085293771,1
#6 back-loaded,73,2,4,4,0.116959745,1
#6 back-loaded,73,2,4,5,0.198541400,1
#6 back-loaded,73,2,5,2,0.076593000,1
#6 back-loaded,73,2,5,3,0.104732421,1
#6 back-loaded,73,2,5,4,0.104643947,1
#6 back-loaded,73,2,5,5,0.157844690,1
#6 back-loaded,74,2,0,2,0.165634333,1
#6 back-loaded,74,2,0,3,0.165601833,1
#6 back-loaded,74,2,0,4,0.283773095,1
#6 back-loaded,74,2,0,5,0.793884800,1
#6 back-loaded,74,2,1,2,0.070908167,1
#6 back-loaded,74,2,1,3,0.110284389,1
#6 back-loaded,74,2,1,4,0.141858675,1
#6 back-loaded,74,2,1,5,0.496102750,1
#6 back-loaded,74,2,2,2,0.049656450,1
#6 back-loaded,74,2,2,3,0.114605346,1
#6 back-loaded,74,2,2,4,0.114604923,1
#6 back-loaded,74,2,2,5,0.330935250,1
#6 back-loaded,74,2,3,2,0.082742667,1
#6 back-loaded,74,2,3,3,0.082705917,1
#6 back-loaded,74,2,3,4,0.087620676,1
#6 back-loaded,74,2,3,5,0.198441400,1
#6 back-loaded,74,2,4,2,0.082888000,1
#6 back-loaded,74,2,4,3,0.082900750,1
#6 back-loaded,74,2,4,4,0.116918569,1
#6 back-loaded,74,2,4,5,0.198441600,1
#6 back-loaded,74,2,5,2,0.076592923,1
#6 back-loaded,74,2,5,3,0.104690316,1
#6 back-loaded,74,2,5,4,0.104607105,1
#6 back-loaded,74,2,5,5,0.157844190,1
#6 back-loaded,75,2,0,2,0.165634333,1
#6 back-loaded,75,2,0,3,0.165601833,1
#6 back-loaded,75,2,0,4,0.283773095,1
#6 back-loaded,75,2,0,5,0.793884800,1
#6 back-loaded,75,2,1,2,0.070908167,1
#6 back-loaded,75,2,1,3,0.110284389,1
#6 back-loaded,75,2,1,4,0.141858675,1
#6 back-loaded,75,2,1,5,0.496102750,1
#6 back-loaded,75,2,2,2,0.049656450,1
#6 back-loaded,75,2,2,3,0.114605346,1
#6 back-loaded,75,2,2,4,0.114604923,1
#6 back-loaded,75,2,2,5,0.330935250,1
#6 back-loaded,75,2,3,2,0.082742667,1
#6 back-loaded,75,2,3,3,0.082705917,1
#6 back-loaded,75,2,3,4,0.087620676,1
#6 back-loaded,75,2,3,5,0.198441400,1
#6 back-loaded,75,2,4,2,0.082888000,1
#6 back-loaded,75,2,4,3,0.082900750,1
#6 back-loaded,75,2,4,4,0.106536548,1
#6 back-loaded,75,2,4,5,0.198441600,1
#6 back-loaded,75,2,5,2,0.076592923,1
#6 back-loaded,75,2,5,3,0.094805619,1
#6 back-loaded,75,2,5,4,0.094720905,1
#6 back-loaded,75,2,5,5,0.157038105,1
#6 back-loaded,76,2,0,2,0.165634333,1
#6 back-loaded,76,2,0,3,0.165535167,1
#6 back-loaded,76,2,0,4,0.283772743,1
#6 back-loaded,76,2,0,5,0.793884800,1
#6 back-loaded,76,2,1,2,0.070908143,1
#6 back-loaded,76,2,1,3,0.110284333,1
#6 back-loaded,76,2,1,4,0.141858657,1
#6 back-loaded,76,2,1,5,0.496102500,1
#6 back-loaded,76,2,2,2,0.049631350,1
#6 back-loaded,76,2,2,3,0.114543423,1
#6 back-loaded,76,2,2,4,0.114601077,1
#6 back-loaded,76,2,2,5,0.330935000,1
#6 back-loaded,76,2,3,2,0.082684083,1
#6 back-loaded,76,2,3,3,0.082705917,1
#6 back-loaded,76,2,3,4,0.087620676,1
#6 back-loaded,76,2,3,5,0.198441400,1
#6 back-loaded,76,2,4,2,0.082888000,1
#6 back-loaded,76,2,4,3,0.082900750,1
#6 back-loaded,76,2,4,4,0.106437214,1
#6 back-loaded,76,2,4,5,0.198441600,1
#6 back-loaded,76,2,5,2,0.076592923,1
#6 back-loaded,76,2,5,3,0.094805619,1
#6 back-loaded,76,2,5,4,0.094720905,1
#6 back-loaded,76,2,5,5,0.157038105,1
#6 back-loaded,77,2,0,2,0.165634333,1
#6 back-loaded,77,2,0,3,0.165535167,1
#6 back-loaded,77,2,0,4,0.283772743,1
#6 back-loaded,77,2,0,5,0.793884800,1
#6 back-loaded,77,2,1,2,0.070908143,1
#6 back-loaded,77,2,1,3,0.110284333,1
#6 back-loaded,77,2,1,4,0.141858657,1
#6 back-loaded,77,2,1,5,0.496102500,1
#6 back-loaded,77,2,2,2,0.049631350,1
#6 back-loaded,77,2,2,3,0.114543423,1
#6 back-loaded,77,2,2,4,0.114601077,1
#6 back-loaded,77,2,2,5,0.330935000,1
#6 back-loaded,77,2,3,2,0.082684083,1
#6 back-loaded,77,2,3,3,0.082705917,1
#6 back-loaded,77,2,3,4,0.085131486,1
#6 back-loaded,77,2,3,5,0.198441400,1
#6 back-loaded,77,2,4,2,0.082883917,1
#6 back-loaded,77,2,4,3,0.082888417,1
#6 back-loaded,77,2,4,4,0.104585711,1
#6 back-loaded,77,2,4,5,0.198441600,1
#6 back-loaded,77,2,5,2,0.076592923,1
#6 back-loaded,77,2,5,3,0.094805619,1
#6 back-loaded,77,2,5,4,0.094716190,1
#6 back-loaded,77,2,5,5,0.157038105,1
#6 back-loaded,78,2,0,2,0.165634333,1
#6 back-loaded,78,2,0,3,0.165535167,1
#6 back-loaded,78,2,0,4,0.283772743,1
#6 back-loaded,78,2,0,5,0.793884800,1
#6 back-loaded,78,2,1,2,0.070908143,1
#6 back-loaded,78,2,1,3,0.110284333,1
#6 back-loaded,78,2,1,4,0.141858657,1
#6 back-loaded,78,2,1,5,0.496102500,1
#6 back-loaded,78,2,2,2,0.049631350,1
#6 back-loaded,78,2,2,3,0.114543423,1
#6 back-loaded,78,2,2,4,0.114601077,1
#6 back-loaded,78,2,2,5,0.330935000,1
#6 back-loaded,78,2,3,2,0.082684083,1
#6 back-loaded,78,2,3,3,0.082705917,1
#6 back-loaded,78,2,3,4,0.085131486,1
#6 back-loaded,78,2,3,5,0.198441400,1
#6 back-loaded,78,2,4,2,0.082883917,1
#6 back-loaded,78,2,4,3,0.082888417,1
#6 back-loaded,78,2,4,4,0.104585711,1
#6 back-loaded,78,2,4,5,0.198441600,1
#6 back-loaded,78,2,5,2,0.076592923,1
#6 back-loaded,78,2,5,3,0.094805619,1
#6 back-loaded,78,2,5,4,0.094716190,1
#6 back-loaded,78,2,5,5,0.157038105,1
#6 back-loaded,79,2,0,2,0.165634333,1
#6 back-loaded,79,2,0,3,0.165535167,1
#6 back-loaded,79,2,0,4,0.283772743,1
#6 back-loaded,79,2,0,5,0.793884800,1
#6 back-loaded,79,2,1,2,0.070908143,1
#6 back-loaded,79,2,1,3,0.110284333,1
#6 back-loaded,79,2,1,4,0.141858657,1
#6 back-loaded,79,2,1,5,0.496102500,1
#6 back-loaded,79,2,2,2,0.049631350,1
#6 back-loaded,79,2,2,3,0.114543423,1
#6 back-loaded,79,2,2,4,0.114601077,1
#6 back-loaded,79,2,2,5,0.330935000,1
#6 back-loaded,79,2,3,2,0.082684083,1
#6 back-loaded,79,2,3,3,0.082705917,1
#6 back-loaded,79,2,3,4,0.085131486,1
#6 back-loaded,79,2,3,5,0.198441400,1
#6 back-loaded,79,2,4,2,0.082883917,1
#6 back-loaded,79,2,4,3,0.082888417,1
#6 back-loaded,79,2,4,4,0.104585711,1
#6 back-loaded,79,2,4,5,0.198441600,1
#6 back-loaded,79,2,5,2,0.076592923,1
#6 back-loaded,79,2,5,3,0.094805619,1
#6 back-loaded,79,2,5,4,0.094716190,1
#6 back-loaded,79,2,5,5,0.157038105,1
#6 back-loaded,80,2,0,2,0.165634333,1
#6 back-loaded,80,2,0,3,0.165535167,1
#6 back-loaded,80,2,0,4,0.283772743,1
#6 back-loaded,80,2,0,5,0.793884800,1
#6 back-loaded,80,2,1,2,0.070908143,1
#6 back-loaded,80,2,1,3,0.110284333,1
#6 back-loaded,80,2,1,4,0.141858657,1
#6 back-loaded,80,2,1,5,0.496102500,1
#6 back-loaded,80,2,2,2,0.049631350,1
#6 back-loaded,80,2,2,3,0.114543423,1
#6 back-loaded,80,2,2,4,0.114601077,1
#6 back-loaded,80,2,2,5,0.330935000,1
#6 back-loaded,80,2,3,2,0.082684083,1
#6 back-loaded,80,2,3,3,0.082705917,1
#6 back-loaded,80,2,3,4,0.085131486,1
#6 back-loaded,80,2,3,5,0.198441400,1
#6 back-loaded,80,2,4,2,0.082883917,1
#6 back-loaded,80,2,4,3,0.082888417,1
#6 back-loaded,80,2,4,4,0.104585711,1
#6 back-loaded,80,2,4,5,0.198441600,1
#6 back-loaded,80,2,5,2,0.076592923,1
#6 back-loaded,80,2,5,3,0.094805619,1
#6 back-loaded,80,2,5,4,0.094716190,1
#6 back-loaded,80,2,5,5,0.157038105,1
#6 back-loaded,81,2,0,2,0.165634333,1
#6 back-loaded,81,2,0,3,0.165535167,1
#6 back-loaded,81,2,0,4,0.283772743,1
#6 back-loaded,81,2,0,5,0.793844800,1
#6 back-loaded,81,2,1,2,0.070908143,1
#6 back-loaded,81,2,1,3,0.110284333,1
#6 back-loaded,81,2,1,4,0.141858657,1
#6 back-loaded,81,2,1,5,0.496102500,1
#6 back-loaded,81,2,2,2,0.049631350,1
#6 back-loaded,81,2,2,3,0.114543423,1
#6 back-loaded,81,2,2,4,0.114601077,1
#6 back-loaded,81,2,2,5,0.330935000,1
#6 back-loaded,81,2,3,2,0.082684083,1
#6 back-loaded,81,2,3,3,0.082705917,1
#6 back-loaded,81,2,3,4,0.085131486,1
#6 back-loaded,81,2,3,5,0.198441400,1
#6 back-loaded,81,2,4,2,0.082883917,1
#6 back-loaded,81,2,4,3,0.082888417,1
#6 back-loaded,81,2,4,4,0.104585711,1
#6 back-loaded,81,2,4,5,0.198441600,1
#6 back-loaded,81,2,5,2,0.066240933,1
#6 back-loaded,81,2,5,3,0.094771905,1
#6 back-loaded,81,2,5,4,0.094701810,1
#6 back-loaded,81,2,5,5,0.154513937,1
#6 back-loaded,82,2,0,2,0.165634333,1
#6 back-loaded,82,2,0,3,0.165535167,1
#6 back-loaded,82,2,0,4,0.283772743,1
#6 back-loaded,82,2,0,5,0.793844800,1
#6 back-loaded,82,2,1,2,0.070908143,1
#6 back-loaded,82,2,1,3,0.110284333,1
#6 back-loaded,82,2,1,4,0.141858657,1
#6 back-loaded,82,2,1,5,0.496102500,1
#6 back-loaded,82,2,2,2,0.049631350,1
#6 back-loaded,82,2,2,3,0.114543423,1
#6 back-loaded,82,2,2,4,0.114601077,1
#6 back-loaded,82,2,2,5,0.330935000,1
#6 back-loaded,82,2,3,2,0.082684083,1
#6 back-loaded,82,2,3,3,0.082705917,1
#6 back-loaded,82,2,3,4,0.085131486,1
#6 back-loaded,82,2,3,5,0.198441400,1
#6 back-loaded,82,2,4,2,0.082883917,1
#6 back-loaded,82,2,4,3,0.082888417,1
#6 back-loaded,82,2,4,4,0.104585711,1
#6 back-loaded,82,2,4,5,0.198441600,1
#6 back-loaded,82,2,5,2,0.066240933,1
#6 back-loaded,82,2,5,3,0.094771905,1
#6 back-loaded,82,2,5,4,0.094701810,1
#6 back-loaded,82,2,5,5,0.149181300,1
#6 back-loaded,83,2,0,2,0.165634333,1
#6 back-loaded,83,2,0,3,0.165535167,1
#6 back-loaded,83,2,0,4,0.283772743,1
#6 back-loaded,83,2,0,5,0.793844800,1
#6 back-loaded,83,2,1,2,0.070908143,1
#6 back-loaded,83,2,1,3,0.110284333,1
#6 back-loaded,83,2,1,4,0.141858657,1
#6 back-loaded,83,2,1,5,0.496102500,1
#6 back-loaded,83,2,2,2,0.049631350,1
#6 back-loaded,83,2,2,3,0.114543423,1
#6 back-loaded,83,2,2,4,0.114601077,1
#6 back-loaded,83,2,2,5,0.330935000,1
#6 back-loaded,83,2,3,2,0.082684083,1
#6 back-loaded,83,2,3,3,0.082705917,1
#6 back-loaded,83,2,3,4,0.085131486,1
#6 back-loaded,83,2,3,5,0.198441400,1
#6 back-loaded,83,2,4,2,0.082883917,1
#6 back-loaded,83,2,4,3,0.082888417,1
#6 back-loaded,83,2,4,4,0.104585711,1
#6 back-loaded,83,2,4,5,0.198441600,1
#6 back-loaded,83,2,5,2,0.066240933,1
#6 back-loaded,83,2,5,3,0.079632480,1
#6 back-loaded,83,2,5,4,0.094701810,1
#6 back-loaded,83,2,5,5,0.149181300,1
#6 back-loaded,84,2,0,2,0.165634333,1
#6 back-loaded,84,2,0,3,0.165535167,1
#6 back-loaded,84,2,0,4,0.283772743,1
#6 back-loaded,84,2,0,5,0.793844800,1
#6 back-loaded,84,2,1,2,0.070908143,1
#6 back-loaded,84,2,1,3,0.110284333,1
#6 back-loaded,84,2,1,4,0.141858657,1
#6 back-loaded,84,2,1,5,0.496102500,1
#6 back-loaded,84,2,2,2,0.049631350,1
#6 back-loaded,84,2,2,3,0.114543423,1
#6 back-loaded,84,2,2,4,0.114601077,1
#6 back-loaded,84,2,2,5,0.330935000,1
#6 back-loaded,84,2,3,2,0.082684083,1
#6 back-loaded,84,2,3,3,0.082705917,1
#6 back-loaded,84,2,3,4,0.085131486,1
#6 back-loaded,84,2,3,5,0.198441400,1
#6 back-loaded,84,2,4,2,0.082883917,1
#6 back-loaded,84,2,4,3,0.082888417,1
#6 back-loaded,84,2,4,4,0.104585711,1
#6 back-loaded,84,2,4,5,0.198441600,1
#6 back-loaded,84,2,5,2,0.066240933,1
#6 back-loaded,84,2,5,3,0.079632480,1
#6 back-loaded,84,2,5,4,0.094701810,1
#6 back-loaded,84,2,5,5,0.149181300,1
#6 back-loaded,85,2,0,2,0.165634333,1
#6 back-loaded,85,2,0,3,0.165535167,1
#6 back-loaded,85,2,0,4,0.283772743,1
#6 back-loaded,85,2,0,5,0.793844800,1
#6 back-loaded,85,2,1,2,0.070908143,1
#6 back-loaded,85,2,1,3,0.110284333,1
#6 back-loaded,85,2,1,4,0.141858657,1
#6 back-loaded,85,2,1,5,0.496102500,1
#6 back-loaded,85,2,2,2,0.049631350,1
#6 back-loaded,85,2,2,3,0.114543423,1
#6 back-loaded,85,2,2,4,0.114601077,1
#6 back-loaded,85,2,2,5,0.330935000,1
#6 back-loaded,85,2,3,2,0.082684083,1
#6 back-loaded,85,2,3,3,0.082705917,1
#6 back-loaded,85,2,3,4,0.085131486,1
#6 back-loaded,85,2,3,5,0.198441400,1
#6 back-loaded,85,2,4,2,0.082883917,1
#6 back-loaded,85,2,4,3,0.082888417,1
#6 back-loaded,85,2,4,4,0.104585711,1
#6 back-loaded,85,2,4,5,0.198441600,1
#6 back-loaded,85,2,5,2,0.066240933,1
#6 back-loaded,85,2,5,3,0.079632400,1
#6 back-loaded,85,2,5,4,0.086553913,1
#6 back-loaded,85,2,5,5,0.145489061,1
#6 back-loaded,86,2,0,2,0.165634333,1
#6 back-loaded,86,2,0,3,0.165535167,1
#6 back-loaded,86,2,0,4,0.283772743,1
#6 back-loaded,86,2,0,5,0.793844800,1
#6 back-loaded,86,2,1,2,0.070908143,1
#6 back-loaded,86,2,1,3,0.110284333,1
#6 back-loaded,86,2,1,4,0.141858657,1
#6 back-loaded,86,2,1,5,0.496102500,1
#6 back-loaded,86,2,2,2,0.049631350,1
#6 back-loaded,86,2,2,3,0.114543423,1
#6 back-loaded,86,2,2,4,0.114601077,1
#6 back-loaded,86,2,2,5,0.330935000,1
#6 back-loaded,86,2,3,2,0.082684083,1
#6 back-loaded,86,2,3,3,0.082705917,1
#6 back-loaded,86,2,3,4,0.085122914,1
#6 back-loaded,86,2,3,5,0.198441400,1
#6 back-loaded,86,2,4,2,0.082871333,1
#6 back-loaded,86,2,4,3,0.082871333,1
#6 back-loaded,86,2,4,4,0.104569947,1
#6 back-loaded,86,2,4,5,0.198441600,1
#6 back-loaded,86,2,5,2,0.066240933,1
#6 back-loaded,86,2,5,3,0.079632400,1
#6 back-loaded,86,2,5,4,0.086553913,1
#6 back-loaded,86,2,5,5,0.145489061,1
#6 back-loaded,87,2,0,2,0.165634333,1
#6 back-loaded,87,2,0,3,0.165535167,1
#6 back-loaded,87,2,0,4,0.283772743,1
#6 back-loaded,87,2,0,5,0.793824800,1
#6 back-loaded,87,2,1,2,0.070908143,1
#6 back-loaded,87,2,1,3,0.110273278,1
#6 back-loaded,87,2,1,4,0.141858657,1
#6 back-loaded,87,2,1,5,0.496102500,1
#6 back-loaded,87,2,2,2,0.046182744,1
#6 back-loaded,87,2,2,3,0.114543423,1
#6 back-loaded,87,2,2,4,0.114601077,1
#6 back-loaded,87,2,2,5,0.330935000,1
#6 back-loaded,87,2,3,2,0.082684083,1
#6 back-loaded,87,2,3,3,0.082685083,1
#6 back-loaded,87,2,3,4,0.085122914,1
#6 back-loaded,87,2,3,5,0.198441400,1
#6 back-loaded,87,2,4,2,0.082871333,1
#6 back-loaded,87,2,4,3,0.082871333,1
#6 back-loaded,87,2,4,4,0.104569947,1
#6 back-loaded,87,2,4,5,0.198441600,1
#6 back-loaded,87,2,5,2,0.066240467,1
#6 back-loaded,87,2,5,3,0.066265356,1
#6 back-loaded,87,2,5,4,0.086553848,1
#6 back-loaded,87,2,5,5,0.145459780,1
#6 back-loaded,88,2,0,2,0.165634333,1
#6 back-loaded,88,2,0,3,0.165535167,1
#6 back-loaded,88,2,0,4,0.283772743,1
#6 back-loaded,88,2,0,5,0.793824800,1
#6 back-loaded,88,2,1,2,0.070908143,1
#6 back-loaded,88,2,1,3,0.110273278,1
#6 back-loaded,88,2,1,4,0.141858657,1
#6 back-loaded,88,2,1,5,0.496102500,1
#6 back-loaded,88,2,2,2,0.046182744,1
#6 back-loaded,88,2,2,3,0.114543423,1
#6 back-loaded,88,2,2,4,0.114601077,1
#6 back-loaded,88,2,2,5,0.330935000,1
#6 back-loaded,88,2,3,2,0.082684083,1
#6 back-loaded,88,2,3,3,0.082685083,1
#6 back-loaded,88,2,3,4,0.085122914,1
#6 back-loaded,88,2,3,5,0.198441400,1
#6 back-loaded,88,2,4,2,0.082871333,1
#6 back-loaded,88,2,4,3,0.082871333,1
#6 back-loaded,88,2,4,4,0.104569947,1
#6 back-loaded,88,2,4,5,0.198441600,1
#6 back-loaded,88,2,5,2,0.052337158,1
#6 back-loaded,88,2,5,3,0.059905759,1
#6 back-loaded,88,2,5,4,0.086553848,1
#6 back-loaded,88,2,5,5,0.143644988,1
#6 back-loaded,89,2,0,2,0.165634333,1
#6 back-loaded,89,2,0,3,0.165535167,1
#6 back-loaded,89,2,0,4,0.283772743,1
#6 back-loaded,89,2,0,5,0.793824800,1
#6 back-loaded,89,2,1,2,0.070908143,1
#6 back-loaded,89,2,1,3,0.110273278,1
#6 back-loaded,89,2,1,4,0.141858657,1
#6 back-loaded,89,2,1,5,0.496102500,1
#6 back-loaded,89,2,2,2,0.046182744,1
#6 back-loaded,89,2,2,3,0.114543423,1
#6 back-loaded,89,2,2,4,0.114601077,1
#6 back-loaded,89,2,2,5,0.330935000,1
#6 back-loaded,89,2,3,2,0.082684083,1
#6 back-loaded,89,2,3,3,0.082685083,1
#6 back-loaded,89,2,3,4,0.082722417,1
#6 back-loaded,89,2,3,5,0.198441400,1
#6 back-loaded,89,2,4,2,0.082810979,1
#6 back-loaded,89,2,4,3,0.082817625,1
#6 back-loaded,89,2,4,4,0.104538368,1
#6 back-loaded,89,2,4,5,0.198441600,1
#6 back-loaded,89,2,5,2,0.052337158,1
#6 back-loaded,89,2,5,3,0.059905759,1
#6 back-loaded,89,2,5,4,0.086553848,1
#6 back-loaded,89,2,5,5,0.143644988,1
#6 back-loaded,90,2,0,2,0.165634333,1
#6 back-loaded,90,2,0,3,0.165535167,1
#6 back-loaded,90,2,0,4,0.283772743,1
#6 back-loaded,90,2,0,5,0.793824800,1
#6 back-loaded,90,2,1,2,0.070908143,1
#6 back-loaded,90,2,1,3,0.110273278,1
#6 back-loaded,90,2,1,4,0.141858657,1
#6 back-loaded,90,2,1,5,0.496102500,1
#6 back-loaded,90,2,2,2,0.046182744,1
#6 back-loaded,90,2,2,3,0.114543423,1
#6 back-loaded,90,2,2,4,0.114601077,1
#6 back-loaded,90,2,2,5,0.330935000,1
#6 back-loaded,90,2,3,2,0.082684083,1
#6 back-loaded,90,2,3,3,0.082685083,1
#6 back-loaded,90,2,3,4,0.082722417,1
#6 back-loaded,90,2,3,5,0.198441400,1
#6 back-loaded,90,2,4,2,0.082810979,1
#6 back-loaded,90,2,4,3,0.082817625,1
#6 back-loaded,90,2,4,4,0.104538368,1
#6 back-loaded,90,2,4,5,0.198441600,1
#6 back-loaded,90,2,5,2,0.052337158,1
#6 back-loaded,90,2,5,3,0.059905759,1
#6 back-loaded,90,2,5,4,0.086501370,1
#6 back-loaded,90,2,5,5,0.143644988,1
#7 near-tied,1,2,0,2,1.000000000,0
#7 near-tied,1,2,0,3,1.000000000,0
#7 near-tied,1,2,0,4,1.000000000,0
#7 near-tied,1,2,0,5,0.999901000,1
#7 near-tied,1,2,1,2,0.499950500,0
#7 near-tied,1,2,1,3,0.499950500,0
#7 near-tied,1,2,1,4,0.499950500,0
#7 near-tied,1,2,1,5,0.499950500,1
#7 near-tied,1,2,2,2,0.999901000,0
#7 near-tied,1,2,2,3,0.999901000,0
#7 near-tied,1,2,2,4,0.999901000,0
#7 near-tied,1,2,2,5,0.999901000,0
#7 near-tied,1,2,3,2,0.999901000,0
#7 near-tied,1,2,3,3,0.999901000,0
#7 near-tied,1,2,3,4,0.999901000,0
#7 near-tied,1,2,3,5,0.999901000,0
#7 near-tied,1,2,4,2,0.999901000,0
#7 near-tied,1,2,4,3,0.999901000,0
#7 near-tied,1,2,4,4,0.999901000,0
#7 near-tied,1,2,4,5,0.999901000,0
#7 near-tied,1,2,5,2,0.999901000,0
#7 near-tied,1,2,5,3,0.999901000,0
#7 near-tied,1,2,5,4,0.999901000,0
#7 near-tied,1,2,5,5,0.999901000,0
#7 near-tied,2,2,0,2,1.000000000,0
#7 near-tied,2,2,0,3,1.000000000,0
#7 near-tied,2,2,0,4,1.000000000,0
#7 near-tied,2,2,0,5,0.999900500,1
#7 near-tied,2,2,1,2,0.499950500,0
#7 near-tied,2,2,1,3,0.499950500,0
#7 near-tied,2,2,1,4,0.499950500,0
#7 near-tied,2,2,1,5,0.499950500,1
#7 near-tied,2,2,2,2,0.499950500,0
#7 near-tied,2,2,2,3,0.499950500,0
#7 near-tied,2,2,2,4,0.499950500,0
#7 near-tied,2,2,2,5,0.499950500,1
#7 near-tied,2,2,3,2,0.999900500,0
#7 near-tied,2,2,3,3,0.999900500,0
#7 near-tied,2,2,3,4,0.999900500,0
#7 near-tied,2,2,3,5,0.999900500,0
#7 near-tied,2,2,4,2,0.999900500,0
#7 near-tied,2,2,4,3,0.999900500,0
#7 near-tied,2,2,4,4,0.999900500,0
#7 near-tied,2,2,4,5,0.999900500,0
#7 near-tied,2,2,5,2,0.999900500,0
#7 near-tied,2,2,5,3,0.999900500,0
#7 near-tied,2,2,5,4,0.999900500,0
#7 near-tied,2,2,5,5,0.999900500,0
#7 near-tied,3,2,0,2,1.000000000,0
#7 near-tied,3,2,0,3,1.000000000,0
#7 near-tied,3,2,0,4,1.000000000,0
#7 near-tied,3,2,0,5,0.999900333,1
#7 near-tied,3,2,1,2,0.499950500,0
#7 near-tied,3,2,1,3,0.499950500,0
#7 near-tied,3,2,1,4,0.499950500,0
#7 near-tied,3,2,1,5,0.499950500,1
#7 near-tied,3,2,2,2,0.499950500,0
#7 near-tied,3,2,2,3,0.499950500,0
#7 near-tied,3,2,2,4,0.499950500,0
#7 near-tied,3,2,2,5,0.499950500,1
#7 near-tied,3,2,3,2,0.499950500,0
#7 near-tied,3,2,3,3,0.499950500,0
#7 near-tied,3,2,3,4,0.499950500,0
#7 near-tied,3,2,3,5,0.499950500,1
#7 near-tied,3,2,4,2,0.999900333,0
#7 near-tied,3,2,4,3,0.999900333,0
#7 near-tied,3,2,4,4,0.999900333,0
#7 near-tied,3,2,4,5,0.999900333,0
#7 near-tied,3,2,5,2,0.999900333,0
#7 near-tied,3,2,5,3,0.999900333,0
#7 near-tied,3,2,5,4,0.999900333,0
#7 near-tied,3,2,5,5,0.999900333,0
#7 near-tied,4,2,0,2,1.000000000,0
#7 near-tied,4,2,0,3,1.000000000,0
#7 near-tied,4,2,0,4,1.000000000,0
#7 near-tied,4,2,0,5,0.999900250,1
#7 near-tied,4,2,1,2,0.499950500,0
#7 near-tied,4,2,1,3,0.499950500,0
#7 near-tied,4,2,1,4,0.499950500,0
#7 near-tied,4,2,1,5,0.499950500,1
#7 near-tied,4,2,2,2,0.499950500,0
#7 near-tied,4,2,2,3,0.499950500,0
#7 near-tied,4,2,2,4,0.499950500,0
#7 near-tied,4,2,2,5,0.499950500,1
#7 near-tied,4,2,3,2,0.499950500,0
#7 near-tied,4,2,3,3,0.499950500,0
#7 near-tied,4,2,3,4,0.499950500,0
#7 near-tied,4,2,3,5,0.499950500,1
#7 near-tied,4,2,4,2,0.499950500,0
#7 near-tied,4,2,4,3,0.499950500,0
#7 near-tied,4,2,4,4,0.499950500,0
#7 near-tied,4,2,4,5,0.499950500,1
#7 near-tied,4,2,5,2,0.999900250,0
#7 near-tied,4,2,5,3,0.999900250,0
#7 near-tied,4,2,5,4,0.999900250,0
#7 near-tied,4,2,5,5,0.999900250,0
#7 near-tied,5,2,0,2,1.000000000,0
#7 near-tied,5,2,0,3,1.000000000,0
#7 near-tied,5,2,0,4,1.000000000,0
#7 near-tied,5,2,0,5,0.833250167,1
#7 near-tied,5,2,1,2,0.499950500,0
#7 near-tied,5,2,1,3,0.499950500,0
#7 near-tied,5,2,1,4,0.499950500,0
#7 near-tied,5,2,1,5,0.499950500,1
#7 near-tied,5,2,2,2,0.499950500,0
#7 near-tied,5,2,2,3,0.499950500,0
#7 near-tied,5,2,2,4,0.499950500,0
#7 near-tied,5,2,2,5,0.499950500,1
#7 near-tied,5,2,3,2,0.499950500,0
#7 near-tied,5,2,3,3,0.499950500,0
#7 near-tied,5,2,3,4,0.499950500,0
#7 near-tied,5,2,3,5,0.499950500,1
#7 near-tied,5,2,4,2,0.499950500,0
#7 near-tied,5,2,4,3,0.499950500,0
#7 near-tied,5,2,4,4,0.499950500,0
#7 near-tied,5,2,4,5,0.499950500,1
#7 near-tied,5,2,5,2,0.499950500,0
#7 near-tied,5,2,5,3,0.499950500,0
#7 near-tied,5,2,5,4,0.499950500,0
#7 near-tied,5,2,5,5,0.499950500,1
#7 near-tied,6,2,0,2,0.999901000,0
#7 near-tied,6,2,0,3,0.999901000,0
#7 near-tied,6,2,0,4,0.999901000,0
#7 near-tied,6,2,0,5,0.833134667,1
#7 near-tied,6,2,1,2,0.499950500,0
#7 near-tied,6,2,1,3,0.499950500,0
#7 near-tied,6,2,1,4,0.499950500,0
#7 near-tied,6,2,1,5,0.499851500,1
#7 near-tied,6,2,2,2,0.333234000,0
#7 near-tied,6,2,2,3,0.333234000,0
#7 near-tied,6,2,2,4,0.333234000,0
#7 near-tied,6,2,2,5,0.333234000,1
#7 near-tied,6,2,3,2,0.499900500,0
#7 near-tied,6,2,3,3,0.499900500,0
#7 near-tied,6,2,3,4,0.499900500,0
#7 near-tied,6,2,3,5,0.499900500,1
#7 near-tied,6,2,4,2,0.499900500,0
#7 near-tied,6,2,4,3,0.499900500,0
#7 near-tied,6,2,4,4,0.499900500,0
#7 near-tied,6,2,4,5,0.499900500,1
#7 near-tied,6,2,5,2,0.499900500,0
#7 near-tied,6,2,5,3,0.499900500,0
#7 near-tied,6,2,5,4,0.499900500,0
#7 near-tied,6,2,5,5,0.499900500,1
#7 near-tied,7,2,0,2,0.999900500,0
#7 near-tied,7,2,0,3,0.999900500,0
#7 near-tied,7,2,0,4,0.999900500,0
#7 near-tied,7,2,0,5,0.833117667,1
#7 near-tied,7,2,1,2,0.499950500,0
#7 near-tied,7,2,1,3,0.499950500,0
#7 near-tied,7,2,1,4,0.499950500,0
#7 near-tied,7,2,1,5,0.499851000,1
#7 near-tied,7,2,2,2,0.333234000,0
#7 near-tied,7,2,2,3,0.333234000,0
#7 near-tied,7,2,2,4,0.333234000,0
#7 near-tied,7,2,2,5,0.333234000,1
#7 near-tied,7,2,3,2,0.333234000,0
#7 near-tied,7,2,3,3,0.333234000,0
#7 near-tied,7,2,3,4,0.333234000,0
#7 near-tied,7,2,3,5,0.333234000,1
#7 near-tied,7,2,4,2,0.499900500,0
#7 near-tied,7,2,4,3,0.499900500,0
#7 near-tied,7,2,4,4,0.499900500,0
#7 near-tied,7,2,4,5,0.499900500,1
#7 near-tied,7,2,5,2,0.499900500,0
#7 near-tied,7,2,5,3,0.499900500,0
#7 near-tied,7,2,5,4,0.499900500,0
#7 near-tied,7,2,5,5,0.499900500,1
#7 near-tied,8,2,0,2,0.999900333,0
#7 near-tied,8,2,0,3,0.999900333,0
#7 near-tied,8,2,0,4,0.999900333,0
#7 near-tied,8,2,0,5,0.833101000,1
#7 near-tied,8,2,1,2,0.499950500,0
#7 near-tied,8,2,1,3,0.499950500,0
#7 near-tied,8,2,1,4,0.499950500,0
#7 near-tied,8,2,1,5,0.499850833,1
#7 near-tied,8,2,2,2,0.333234000,0
#7 near-tied,8,2,2,3,0.333234000,0
#7 near-tied,8,2,2,4,0.333234000,0
#7 near-tied,8,2,2,5,0.333234000,1
#7 near-tied,8,2,3,2,0.333234000,0
#7 near-tied,8,2,3,3,0.333234000,0
#7 near-tied,8,2,3,4,0.333234000,0
#7 near-tied,8,2,3,5,0.333234000,1
#7 near-tied,8,2,4,2,0.333234000,0
#7 near-tied,8,2,4,3,0.333234000,0
#7 near-tied,8,2,4,4,0.333234000,0
#7 near-tied,8,2,4,5,0.333234000,1
#7 near-tied,8,2,5,2,0.499900500,0
#7 near-tied,8,2,5,3,0.499900500,0
#7 near-tied,8,2,5,4,0.499900500,0
#7 near-tied,8,2,5,5,0.499900500,1
#7 near-tied,9,2,0,2,0.999900250,0
#7 near-tied,9,2,0,3,0.999900250,0
#7 near-tied,9,2,0,4,0.999900250,0
#7 near-tied,9,2,0,5,0.833084417,1
#7 near-tied,9,2,1,2,0.499950500,0
#7 near-tied,9,2,1,3,0.499950500,0
#7 near-tied,9,2,1,4,0.499950500,0
#7 near-tied,9,2,1,5,0.499850750,1
#7 near-tied,9,2,2,2,0.333234000,0
#7 near-tied,9,2,2,3,0.333234000,0
#7 near-tied,9,2,2,4,0.333234000,0
#7 near-tied,9,2,2,5,0.333234000,1
#7 near-tied,9,2,3,2,0.333234000,0
#7 near-tied,9,2,3,3,0.333234000,0
#7 near-tied,9,2,3,4,0.333234000,0
#7 near-tied,9,2,3,5,0.333234000,1
#7 near-tied,9,2,4,2,0.333234000,0
#7 near-tied,9,2,4,3,0.333234000,0
#7 near-tied,9,2,4,4,0.333234000,0
#7 near-tied,9,2,4,5,0.333234000,1
#7 near-tied,9,2,5,2,0.333234000,0
#7 near-tied,9,2,5,3,0.333234000,0
#7 near-tied,9,2,5,4,0.333234000,0
#7 near-tied,9,2,5,5,0.333234000,1
#7 near-tied,10,2,0,2,0.999702000,0
#7 near-tied,10,2,0,3,0.999702000,0
#7 near-tied,10,2,0,4,0.999702000,0
#7 near-tied,10,2,0,5,0.832869500,1
#7 near-tied,10,2,1,2,0.499900500,0
#7 near-tied,10,2,1,3,0.499900500,0
#7 near-tied,10,2,1,4,0.499900500,0
#7 near-tied,10,2,1,5,0.499701500,1
#7 near-tied,10,2,2,2,0.333234000,0
#7 near-tied,10,2,2,3,0.333234000,0
#7 near-tied,10,2,2,4,0.333234000,0
#7 near-tied,10,2,2,5,0.333135000,1
#7 near-tied,10,2,3,2,0.249850750,0
#7 near-tied,10,2,3,3,0.249850750,0
#7 near-tied,10,2,3,4,0.249850750,0
#7 near-tied,10,2,3,5,0.249850750,1
#7 near-tied,10,2,4,2,0.333200667,0
#7 near-tied,10,2,4,3,0.333200667,0
#7 near-tied,10,2,4,4,0.333200667,0
#7 near-tied,10,2,4,5,0.333200667,1
#7 near-tied,10,2,5,2,0.333200667,0
#7 near-tied,10,2,5,3,0.333200667,0
#7 near-tied,10,2,5,4,0.333200667,0
#7 near-tied,10,2,5,5,0.333200667,1
#7 near-tied,11,2,0,2,0.999701000,0
#7 near-tied,11,2,0,3,0.999701000,0
#7 near-tied,11,2,0,4,0.999701000,0
#7 near-tied,11,2,0,5,0.832851833,1
#7 near-tied,11,2,1,2,0.499900500,0
#7 near-tied,11,2,1,3,0.499900500,0
#7 near-tied,11,2,1,4,0.499900500,0
#7 near-tied,11,2,1,5,0.499701500,1
#7 near-tied,11,2,2,2,0.333234000,0
#7 near-tied,11,2,2,3,0.333234000,0
#7 near-tied,11,2,2,4,0.333234000,0
#7 near-tied,11,2,2,5,0.333134500,1
#7 near-tied,11,2,3,2,0.249850750,0
#7 near-tied,11,2,3,3,0.249850750,0
#7 near-tied,11,2,3,4,0.249850750,0
#7 near-tied,11,2,3,5,0.249850750,1
#7 near-tied,11,2,4,2,0.249850750,0
#7 near-tied,11,2,4,3,0.249850750,0
#7 near-tied,11,2,4,4,0.249850750,0
#7 near-tied,11,2,4,5,0.249850750,1
#7 near-tied,11,2,5,2,0.333200667,0
#7 near-tied,11,2,5,3,0.333200667,0
#7 near-tied,11,2,5,4,0.333200667,0
#7 near-tied,11,2,5,5,0.333200667,1
#7 near-tied,12,2,0,2,0.999701000,0
#7 near-tied,12,2,0,3,0.999701000,0
#7 near-tied,12,2,0,4,0.999701000,0
#7 near-tied,12,2,0,5,0.832835167,1
#7 near-tied,12,2,1,2,0.499900500,0
#7 near-tied,12,2,1,3,0.499900500,0
#7 near-tied,12,2,1,4,0.499900500,0
#7 near-tied,12,2,1,5,0.499701500,1
#7 near-tied,12,2,2,2,0.333234000,0
#7 near-tied,12,2,2,3,0.333234000,0
#7 near-tied,12,2,2,4,0.333234000,0
#7 near-tied,12,2,2,5,0.333134333,1
#7 near-tied,12,2,3,2,0.249850750,0
#7 near-tied,12,2,3,3,0.249850750,0
#7 near-tied,12,2,3,4,0.249850750,0
#7 near-tied,12,2,3,5,0.249850750,1
#7 near-tied,12,2,4,2,0.249850750,0
#7 near-tied,12,2,4,3,0.249850750,0
#7 near-tied,12,2,4,4,0.249850750,0
#7 near-tied,12,2,4,5,0.249850750,1
#7 near-tied,12,2,5,2,0.249850750,0
#7 near-tied,12,2,5,3,0.249850750,0
#7 near-tied,12,2,5,4,0.249850750,0
#7 near-tied,12,2,5,5,0.249850750,1
#7 near-tied,13,2,0,2,0.999403000,0
#7 near-tied,13,2,0,3,0.999403000,0
#7 near-tied,13,2,0,4,0.999403000,0
#7 near-tied,13,2,0,5,0.832520500,1
#7 near-tied,13,2,1,2,0.499801000,0
#7 near-tied,13,2,1,3,0.499801000,0
#7 near-tied,13,2,1,4,0.499801000,0
#7 near-tied,13,2,1,5,0.499502000,1
#7 near-tied,13,2,2,2,0.333200667,0
#7 near-tied,13,2,2,3,0.333200667,0
#7 near-tied,13,2,2,4,0.333200667,0
#7 near-tied,13,2,2,5,0.333001667,1
#7 near-tied,13,2,3,2,0.249850750,0
#7 near-tied,13,2,3,3,0.249850750,0
#7 near-tied,13,2,3,4,0.249850750,0
#7 near-tied,13,2,3,5,0.249751750,1
#7 near-tied,13,2,4,2,0.199800800,0
#7 near-tied,13,2,4,3,0.199800800,0
#7 near-tied,13,2,4,4,0.199800800,0
#7 near-tied,13,2,4,5,0.199800800,1
#7 near-tied,13,2,5,2,0.249825750,0
#7 near-tied,13,2,5,3,0.249825750,0
#7 near-tied,13,2,5,4,0.249825750,0
#7 near-tied,13,2,5,5,0.249825750,1
#7 near-tied,14,2,0,2,0.999402000,0
#7 near-tied,14,2,0,3,0.999402000,0
#7 near-tied,14,2,0,4,0.999402000,0
#7 near-tied,14,2,0,5,0.832502833,1
#7 near-tied,14,2,1,2,0.499800500,0
#7 near-tied,14,2,1,3,0.499800500,0
#7 near-tied,14,2,1,4,0.499800500,0
#7 near-tied,14,2,1,5,0.499501500,1
#7 near-tied,14,2,2,2,0.333200667,0
#7 near-tied,14,2,2,3,0.333200667,0
#7 near-tied,14,2,2,4,0.333200667,0
#7 near-tied,14,2,2,5,0.333001667,1
#7 near-tied,14,2,3,2,0.249850750,0
#7 near-tied,14,2,3,3,0.249850750,0
#7 near-tied,14,2,3,4,0.249850750,0
#7 near-tied,14,2,3,5,0.249751250,1
#7 near-tied,14,2,4,2,0.199800800,0
#7 near-tied,14,2,4,3,0.199800800,0
#7 near-tied,14,2,4,4,0.199800800,0
#7 near-tied,14,2,4,5,0.199800800,1
#7 near-tied,14,2,5,2,0.199800800,0
#7 near-tied,14,2,5,3,0.199800800,0
#7 near-tied,14,2,5,4,0.199800800,0
#7 near-tied,14,2,5,5,0.199800800,1
#7 near-tied,15,2,0,2,0.999004000,0
#7 near-tied,15,2,0,3,0.999004000,0
#7 near-tied,15,2,0,4,0.999004000,0
#7 near-tied,15,2,0,5,0.832088167,1
#7 near-tied,15,2,1,2,0.499651500,0
#7 near-tied,15,2,1,3,0.499651500,0
#7 near-tied,15,2,1,4,0.499651500,0
#7 near-tied,15,2,1,5,0.499252500,1
#7 near-tied,15,2,2,2,0.333134000,0
#7 near-tied,15,2,2,3,0.333134000,0
#7 near-tied,15,2,2,4,0.333134000,0
#7 near-tied,15,2,2,5,0.332835000,1
#7 near-tied,15,2,3,2,0.249825750,0
#7 near-tied,15,2,3,3,0.249825750,0
#7 near-tied,15,2,3,4,0.249825750,0
#7 near-tied,15,2,3,5,0.249626750,1
#7 near-tied,15,2,4,2,0.199800800,0
#7 near-tied,15,2,4,3,0.199800800,0
#7 near-tied,15,2,4,4,0.199800800,0
#7 near-tied,15,2,4,5,0.199701800,1
#7 near-tied,15,2,5,2,0.166417500,0
#7 near-tied,15,2,5,3,0.166417500,0
#7 near-tied,15,2,5,4,0.166417500,0
#7 near-tied,15,2,5,5,0.166417500,1
#7 near-tied,16,2,0,2,0.998904000,0
#7 near-tied,16,2,0,3,0.998904000,1
#7 near-tied,16,2,0,4,0.998905000,1
#7 near-tied,16,2,0,5,0.832088167,1
#7 near-tied,16,2,1,2,0.499651500,0
#7 near-tied,16,2,1,3,0.499651500,1
#7 near-tied,16,2,1,4,0.499651500,1
#7 near-tied,16,2,1,5,0.499252500,1
#7 near-tied,16,2,2,2,0.333134000,0
#7 near-tied,16,2,2,3,0.333134000,0
#7 near-tied,16,2,2,4,0.333134000,0
#7 near-tied,16,2,2,5,0.332835000,1
#7 near-tied,16,2,3,2,0.249825750,0
#7 near-tied,16,2,3,3,0.249825750,0
#7 near-tied,16,2,3,4,0.249825750,0
#7 near-tied,16,2,3,5,0.249626750,1
#7 near-tied,16,2,4,2,0.199800800,0
#7 near-tied,16,2,4,3,0.199800800,0
#7 near-tied,16,2,4,4,0.199800800,0
#7 near-tied,16,2,4,5,0.199701800,1
#7 near-tied,16,2,5,2,0.166417500,0
#7 near-tied,16,2,5,3,0.166417500,0
#7 near-tied,16,2,5,4,0.166417500,0
#7 near-tied,16,2,5,5,0.166417500,1
#7 near-tied,17,2,0,2,0.998804000,1
#7 near-tied,17,2,0,3,0.998805000,1
#7 near-tied,17,2,0,4,0.998805000,1
#7 near-tied,17,2,0,5,0.832088167,1
#7 near-tied,17,2,1,2,0.499651500,0
#7 near-tied,17,2,1,3,0.499651500,1
#7 near-tied,17,2,1,4,0.499651500,1
#7 near-tied,17,2,1,5,0.499252500,1
#7 near-tied,17,2,2,2,0.333134000,1
#7 near-tied,17,2,2,3,0.333134000,1
#7 near-tied,17,2,2,4,0.333134000,0
#7 near-tied,17,2,2,5,0.332835000,1
#7 near-tied,17,2,3,2,0.249825750,0
#7 near-tied,17,2,3,3,0.249825750,0
#7 near-tied,17,2,3,4,0.249825750,0
#7 near-tied,17,2,3,5,0.249626750,1
#7 near-tied,17,2,4,2,0.199800800,0
#7 near-tied,17,2,4,3,0.199800800,0
#7 near-tied,17,2,4,4,0.199800800,0
#7 near-tied,17,2,4,5,0.199701800,1
#7 near-tied,17,2,5,2,0.166417500,0
#7 near-tied,17,2,5,3,0.166417500,0
#7 near-tied,17,2,5,4,0.166417500,0
#7 near-tied,17,2,5,5,0.166417500,1
#7 near-tied,18,2,0,2,0.998704000,1
#7 near-tied,18,2,0,3,0.998705000,1
#7 near-tied,18,2,0,4,0.998705000,1
#7 near-tied,18,2,0,5,0.832088167,1
#7 near-tied,18,2,1,2,0.499651500,0
#7 near-tied,18,2,1,3,0.499651500,1
#7 near-tied,18,2,1,4,0.499651500,1
#7 near-tied,18,2,1,5,0.499252500,1
#7 near-tied,18,2,2,2,0.333134000,1
#7 near-tied,18,2,2,3,0.333134000,1
#7 near-tied,18,2,2,4,0.333134000,0
#7 near-tied,18,2,2,5,0.332835000,1
#7 near-tied,18,2,3,2,0.249825750,0
#7 near-tied,18,2,3,3,0.249825750,1
#7 near-tied,18,2,3,4,0.249825750,1
#7 near-tied,18,2,3,5,0.249626750,1
#7 near-tied,18,2,4,2,0.199800800,0
#7 near-tied,18,2,4,3,0.199800800,0
#7 near-tied,18,2,4,4,0.199800800,0
#7 near-tied,18,2,4,5,0.199701800,1
#7 near-tied,18,2,5,2,0.166417500,0
#7 near-tied,18,2,5,3,0.166417500,0
#7 near-tied,18,2,5,4,0.166417500,0
#7 near-tied,18,2,5,5,0.166417500,1
#7 near-tied,19,2,0,2,0.998704000,1
#7 near-tied,19,2,0,3,0.998705000,1
#7 near-tied,19,2,0,4,0.998705000,1
#7 near-tied,19,2,0,5,0.832088167,1
#7 near-tied,19,2,1,2,0.499551500,1
#7 near-tied,19,2,1,3,0.499552500,1
#7 near-tied,19,2,1,4,0.499552500,1
#7 near-tied,19,2,1,5,0.499252500,1
#7 near-tied,19,2,2,2,0.333134000,1
#7 near-tied,19,2,2,3,0.333134000,1
#7 near-tied,19,2,2,4,0.333134000,0
#7 near-tied,19,2,2,5,0.332835000,1
#7 near-tied,19,2,3,2,0.249825750,1
#7 near-tied,19,2,3,3,0.249825750,1
#7 near-tied,19,2,3,4,0.249825750,1
#7 near-tied,19,2,3,5,0.249626750,1
#7 near-tied,19,2,4,2,0.199800800,0
#7 near-tied,19,2,4,3,0.199800800,0
#7 near-tied,19,2,4,4,0.199800800,0
#7 near-tied,19,2,4,5,0.199701800,1
#7 near-tied,19,2,5,2,0.166417500,0
#7 near-tied,19,2,5,3,0.166417500,0
#7 near-tied,19,2,5,4,0.166417500,0
#7 near-tied,19,2,5,5,0.166417500,1
#7 near-tied,20,2,0,2,0.998704000,1
#7 near-tied,20,2,0,3,0.998705000,1
#7 near-tied,20,2,0,4,0.998705000,1
#7 near-tied,20,2,0,5,0.832088167,1
#7 near-tied,20,2,1,2,0.499451500,1
#7 near-tied,20,2,1,3,0.499452500,1
#7 near-tied,20,2,1,4,0.499452500,1
#7 near-tied,20,2,1,5,0.499252500,1
#7 near-tied,20,2,2,2,0.333134000,1
#7 near-tied,20,2,2,3,0.333134000,1
#7 near-tied,20,2,2,4,0.333134000,0
#7 near-tied,20,2,2,5,0.332835000,1
#7 near-tied,20,2,3,2,0.249825750,1
#7 near-tied,20,2,3,3,0.249825750,1
#7 near-tied,20,2,3,4,0.249825750,1
#7 near-tied,20,2,3,5,0.249626750,1
#7 near-tied,20,2,4,2,0.199800800,0
#7 near-tied,20,2,4,3,0.199800800,1
#7 near-tied,20,2,4,4,0.199800800,1
#7 near-tied,20,2,4,5,0.199701800,1
#7 near-tied,20,2,5,2,0.166417500,0
#7 near-tied,20,2,5,3,0.166417500,0
#7 near-tied,20,2,5,4,0.166417500,0
#7 near-tied,20,2,5,5,0.166417500,1
#7 near-tied,21,2,0,2,0.998704000,1
#7 near-tied,21,2,0,3,0.998705000,1
#7 near-tied,21,2,0,4,0.998705000,1
#7 near-tied,21,2,0,5,0.832088167,1
#7 near-tied,21,2,1,2,0.499451500,1
#7 near-tied,21,2,1,3,0.499452500,1
#7 near-tied,21,2,1,4,0.499452500,1
#7 near-tied,21,2,1,5,0.499252500,1
#7 near-tied,21,2,2,2,0.333034333,1
#7 near-tied,21,2,2,3,0.333034333,1
#7 near-tied,21,2,2,4,0.333035000,1
#7 near-tied,21,2,2,5,0.332835000,1
#7 near-tied,21,2,3,2,0.249825750,1
#7 near-tied,21,2,3,3,0.249825750,1
#7 near-tied,21,2,3,4,0.249825750,1
#7 near-tied,21,2,3,5,0.249626750,1
#7 near-tied,21,2,4,2,0.199800800,1
#7 near-tied,21,2,4,3,0.199800800,1
#7 near-tied,21,2,4,4,0.199800800,1
#7 near-tied,21,2,4,5,0.199701800,1
#7 near-tied,21,2,5,2,0.166417500,0
#7 near-tied,21,2,5,3,0.166417500,0
#7 near-tied,21,2,5,4,0.166417500,0
#7 near-tied,21,2,5,5,0.166417500,1
#7 near-tied,22,2,0,2,0.998704000,1
#7 near-tied,22,2,0,3,0.998705000,1
#7 near-tied,22,2,0,4,0.998705000,1
#7 near-tied,22,2,0,5,0.832088167,1
#7 near-tied,22,2,1,2,0.499451500,1
#7 near-tied,22,2,1,3,0.499452500,1
#7 near-tied,22,2,1,4,0.499452500,1
#7 near-tied,22,2,1,5,0.499252500,1
#7 near-tied,22,2,2,2,0.332934333,1
#7 near-tied,22,2,2,3,0.332934333,1
#7 near-tied,22,2,2,4,0.332935333,1
#7 near-tied,22,2,2,5,0.332835000,1
#7 near-tied,22,2,3,2,0.249825750,1
#7 near-tied,22,2,3,3,0.249825750,1
#7 near-tied,22,2,3,4,0.249825750,1
#7 near-tied,22,2,3,5,0.249626750,1
#7 near-tied,22,2,4,2,0.199800800,1
#7 near-tied,22,2,4,3,0.199800800,1
#7 near-tied,22,2,4,4,0.199800800,1
#7 near-tied,22,2,4,5,0.199701800,1
#7 near-tied,22,2,5,2,0.166417500,0
#7 near-tied,22,2,5,3,0.166417500,0
#7 near-tied,22,2,5,4,0.166417500,0
#7 near-tied,22,2,5,5,0.166417500,1
#7 near-tied,23,2,0,2,0.998605000,1
#7 near-tied,23,2,0,3,0.998605000,1
#7 near-tied,23,2,0,4,0.998605000,1
#7 near-tied,23,2,0,5,0.832088167,1
#7 near-tied,23,2,1,2,0.499451500,1
#7 near-tied,23,2,1,3,0.499452500,1
#7 near-tied,23,2,1,4,0.499452500,1
#7 near-tied,23,2,1,5,0.499252500,1
#7 near-tied,23,2,2,2,0.332934000,1
#7 near-tied,23,2,2,3,0.332934000,1
#7 near-tied,23,2,2,4,0.332935333,1
#7 near-tied,23,2,2,5,0.332835000,1
#7 near-tied,23,2,3,2,0.249825750,1
#7 near-tied,23,2,3,3,0.249825750,1
#7 near-tied,23,2,3,4,0.249825750,1
#7 near-tied,23,2,3,5,0.249626750,1
#7 near-tied,23,2,4,2,0.199800800,1
#7 near-tied,23,2,4,3,0.199800800,1
#7 near-tied,23,2,4,4,0.199800800,1
#7 near-tied,23,2,4,5,0.199701800,1
#7 near-tied,23,2,5,2,0.166417500,0
#7 near-tied,23,2,5,3,0.166417500,0
#7 near-tied,23,2,5,4,0.166417500,0
#7 near-tied,23,2,5,5,0.166417500,1
#7 near-tied,24,2,0,2,0.998605000,1
#7 near-tied,24,2,0,3,0.998605000,1
#7 near-tied,24,2,0,4,0.998605000,1
#7 near-tied,24,2,0,5,0.832088167,1
#7 near-tied,24,2,1,2,0.499351500,1
#7 near-tied,24,2,1,3,0.499352500,1
#7 near-tied,24,2,1,4,0.499352500,1
#7 near-tied,24,2,1,5,0.499252500,1
#7 near-tied,24,2,2,2,0.332934000,1
#7 near-tied,24,2,2,3,0.332934000,1
#7 near-tied,24,2,2,4,0.332935333,1
#7 near-tied,24,2,2,5,0.332835000,1
#7 near-tied,24,2,3,2,0.249726000,1
#7 near-tied,24,2,3,3,0.249726750,1
#7 near-tied,24,2,3,4,0.249726750,1
#7 near-tied,24,2,3,5,0.249626750,1
#7 near-tied,24,2,4,2,0.199800800,1
#7 near-tied,24,2,4,3,0.199800800,1
#7 near-tied,24,2,4,4,0.199800800,1
#7 near-tied,24,2,4,5,0.199701800,1
#7 near-tied,24,2,5,2,0.166417500,1
#7 near-tied,24,2,5,3,0.166417500,1
#7 near-tied,24,2,5,4,0.166417500,0
#7 near-tied,24,2,5,5,0.166417500,1
#7 near-tied,25,2,0,2,0.998505000,1
#7 near-tied,25,2,0,3,0.998605000,1
#7 near-tied,25,2,0,4,0.998505000,1
#7 near-tied,25,2,0,5,0.832088167,1
#7 near-tied,25,2,1,2,0.499351500,1
#7 near-tied,25,2,1,3,0.499352500,1
#7 near-tied,25,2,1,4,0.499352500,1
#7 near-tied,25,2,1,5,0.499252500,1
#7 near-tied,25,2,2,2,0.332900667,1
#7 near-tied,25,2,2,3,0.332934000,1
#7 near-tied,25,2,2,4,0.332935333,1
#7 near-tied,25,2,2,5,0.332835000,1
#7 near-tied,25,2,3,2,0.249726000,1
#7 near-tied,25,2,3,3,0.249726750,1
#7 near-tied,25,2,3,4,0.249726750,1
#7 near-tied,25,2,3,5,0.249626750,1
#7 near-tied,25,2,4,2,0.199800800,1
#7 near-tied,25,2,4,3,0.199800800,1
#7 near-tied,25,2,4,4,0.199800800,1
#7 near-tied,25,2,4,5,0.199701800,1
#7 near-tied,25,2,5,2,0.166417500,1
#7 near-tied,25,2,5,3,0.166417500,1
#7 near-tied,25,2,5,4,0.166417500,0
#7 near-tied,25,2,5,5,0.166417500,1
#7 near-tied,26,2,0,2,0.998505000,1
#7 near-tied,26,2,0,3,0.998505000,1
#7 near-tied,26,2,0,4,0.998505000,1
#7 near-tied,26,2,0,5,0.832088167,1
#7 near-tied,26,2,1,2,0.499351500,1
#7 near-tied,26,2,1,3,0.499352500,1
#7 near-tied,26,2,1,4,0.499352500,1
#7 near-tied,26,2,1,5,0.499252500,1
#7 near-tied,26,2,2,2,0.332900667,1
#7 near-tied,26,2,2,3,0.332900667,1
#7 near-tied,26,2,2,4,0.332935333,1
#7 near-tied,26,2,2,5,0.332835000,1
#7 near-tied,26,2,3,2,0.249726000,1
#7 near-tied,26,2,3,3,0.249726750,1
#7 near-tied,26,2,3,4,0.249726750,1
#7 near-tied,26,2,3,5,0.249626750,1
#7 near-tied,26,2,4,2,0.199800800,1
#7 near-tied,26,2,4,3,0.199800800,1
#7 near-tied,26,2,4,4,0.199800800,1
#7 near-tied,26,2,4,5,0.199701800,1
#7 near-tied,26,2,5,2,0.166417500,1
#7 near-tied,26,2,5,3,0.166417500,1
#7 near-tied,26,2,5,4,0.166417500,0
#7 near-tied,26,2,5,5,0.166417500,1
#7 near-tied,27,2,0,2,0.998405000,1
#7 near-tied,27,2,0,3,0.998405000,1
#7 near-tied,27,2,0,4,0.998405000,1
#7 near-tied,27,2,0,5,0.832088167,1
#7 near-tied,27,2,1,2,0.499351500,1
#7 near-tied,27,2,1,3,0.499352500,1
#7 near-tied,27,2,1,4,0.499352500,1
#7 near-tied,27,2,1,5,0.499252500,1
#7 near-tied,27,2,2,2,0.332867667,1
#7 near-tied,27,2,2,3,0.332867667,1
#7 near-tied,27,2,2,4,0.332935333,1
#7 near-tied,27,2,2,5,0.332835000,1
#7 near-tied,27,2,3,2,0.249726000,1
#7 near-tied,27,2,3,3,0.249726750,1
#7 near-tied,27,2,3,4,0.249726750,1
#7 near-tied,27,2,3,5,0.249626750,1
#7 near-tied,27,2,4,2,0.199800800,1
#7 near-tied,27,2,4,3,0.199800800,1
#7 near-tied,27,2,4,4,0.199800800,1
#7 near-tied,27,2,4,5,0.199701800,1
#7 near-tied,27,2,5,2,0.166417500,1
#7 near-tied,27,2,5,3,0.166417500,1
#7 near-tied,27,2,5,4,0.166417500,0
#7 near-tied,27,2,5,5,0.166417500,1
#7 near-tied,28,2,0,2,0.998305000,1
#7 near-tied,28,2,0,3,0.998305000,1
#7 near-tied,28,2,0,4,0.998306000,1
#7 near-tied,28,2,0,5,0.832088167,1
#7 near-tied,28,2,1,2,0.499351500,1
#7 near-tied,28,2,1,3,0.499352500,1
#7 near-tied,28,2,1,4,0.499352500,1
#7 near-tied,28,2,1,5,0.499252500,1
#7 near-tied,28,2,2,2,0.332834333,1
#7 near-tied,28,2,2,3,0.332867667,1
#7 near-tied,28,2,2,4,0.332935333,1
#7 near-tied,28,2,2,5,0.332835000,1
#7 near-tied,28,2,3,2,0.249726000,1
#7 near-tied,28,2,3,3,0.249726750,1
#7 near-tied,28,2,3,4,0.249726750,1
#7 near-tied,28,2,3,5,0.249626750,1
#7 near-tied,28,2,4,2,0.199800800,1
#7 near-tied,28,2,4,3,0.199800800,1
#7 near-tied,28,2,4,4,0.199800800,1
#7 near-tied,28,2,4,5,0.199701800,1
#7 near-tied,28,2,5,2,0.166417500,1
#7 near-tied,28,2,5,3,0.166417500,1
#7 near-tied,28,2,5,4,0.166417500,0
#7 near-tied,28,2,5,5,0.166417500,1
#7 near-tied,29,2,0,2,0.998305000,1
#7 near-tied,29,2,0,3,0.998305000,1
#7 near-tied,29,2,0,4,0.998306000,1
#7 near-tied,29,2,0,5,0.832088167,1
#7 near-tied,29,2,1,2,0.499351500,1
#7 near-tied,29,2,1,3,0.499352500,1
#7 near-tied,29,2,1,4,0.499352500,1
#7 near-tied,29,2,1,5,0.499252500,1
#7 near-tied,29,2,2,2,0.332834333,1
#7 near-tied,29,2,2,3,0.332867667,1
#7 near-tied,29,2,2,4,0.332935333,1
#7 near-tied,29,2,2,5,0.332835000,1
#7 near-tied,29,2,3,2,0.249726000,1
#7 near-tied,29,2,3,3,0.249726750,1
#7 near-tied,29,2,3,4,0.249726750,1
#7 near-tied,29,2,3,5,0.249626750,1
#7 near-tied,29,2,4,2,0.199800800,1
#7 near-tied,29,2,4,3,0.199800800,1
#7 near-tied,29,2,4,4,0.199800800,1
#7 near-tied,29,2,4,5,0.199701800,1
#7 near-tied,29,2,5,2,0.166417500,1
#7 near-tied,29,2,5,3,0.166417500,1
#7 near-tied,29,2,5,4,0.166417500,0
#7 near-tied,29,2,5,5,0.166417500,1
#7 near-tied,30,2,0,2,0.998304000,1
#7 near-tied,30,2,0,3,0.998304000,1
#7 near-tied,30,2,0,4,0.998304000,1
#7 near-tied,30,2,0,5,0.832087167,1
#7 near-tied,30,2,1,2,0.499251500,1
#7 near-tied,30,2,1,3,0.499252500,1
#7 near-tied,30,2,1,4,0.499252500,1
#7 near-tied,30,2,1,5,0.499252000,1
#7 near-tied,30,2,2,2,0.332834333,1
#7 near-tied,30,2,2,3,0.332867667,1
#7 near-tied,30,2,2,4,0.332935333,1
#7 near-tied,30,2,2,5,0.332835000,1
#7 near-tied,30,2,3,2,0.249726000,1
#7 near-tied,30,2,3,3,0.249726750,1
#7 near-tied,30,2,3,4,0.249726750,1
#7 near-tied,30,2,3,5,0.249626750,1
#7 near-tied,30,2,4,2,0.199800800,1
#7 near-tied,30,2,4,3,0.199800800,1
#7 near-tied,30,2,4,4,0.199800800,1
#7 near-tied,30,2,4,5,0.199701800,1
#7 near-tied,30,2,5,2,0.166417500,1
#7 near-tied,30,2,5,3,0.166417500,1
#7 near-tied,30,2,5,4,0.166417500,1
#7 near-tied,30,2,5,5,0.166417500,1
#7 near-tied,31,2,0,2,0.998204000,1
#7 near-tied,31,2,0,3,0.998204000,1
#7 near-tied,31,2,0,4,0.998204000,1
#7 near-tied,31,2,0,5,0.831987167,1
#7 near-tied,31,2,1,2,0.499152500,1
#7 near-tied,31,2,1,3,0.499152500,1
#7 near-tied,31,2,1,4,0.499152500,1
#7 near-tied,31,2,1,5,0.499152500,1
#7 near-tied,31,2,2,2,0.332767333,1
#7 near-tied,31,2,2,3,0.332867667,1
#7 near-tied,31,2,2,4,0.332935333,1
#7 near-tied,31,2,2,5,0.332835000,1
#7 near-tied,31,2,3,2,0.249726000,1
#7 near-tied,31,2,3,3,0.249726750,1
#7 near-tied,31,2,3,4,0.249726750,1
#7 near-tied,31,2,3,5,0.249626750,1
#7 near-tied,31,2,4,2,0.199800800,1
#7 near-tied,31,2,4,3,0.199800800,1
#7 near-tied,31,2,4,4,0.199800800,1
#7 near-tied,31,2,4,5,0.199701800,1
#7 near-tied,31,2,5,2,0.166417500,1
#7 near-tied,31,2,5,3,0.166417500,1
#7 near-tied,31,2,5,4,0.166417500,1
#7 near-tied,31,2,5,5,0.166417500,1
#7 near-tied,32,2,0,2,0.998204000,1
#7 near-tied,32,2,0,3,0.998204000,1
#7 near-tied,32,2,0,4,0.998204000,1
#7 near-tied,32,2,0,5,0.831987167,1
#7 near-tied,32,2,1,2,0.499152500,1
#7 near-tied,32,2,1,3,0.499152500,1
#7 near-tied,32,2,1,4,0.499152500,1
#7 near-tied,32,2,1,5,0.499152500,1
#7 near-tied,32,2,2,2,0.332767333,1
#7 near-tied,32,2,2,3,0.332867667,1
#7 near-tied,32,2,2,4,0.332935333,1
#7 near-tied,32,2,2,5,0.332835000,1
#7 near-tied,32,2,3,2,0.249726000,1
#7 near-tied,32,2,3,3,0.249726750,1
#7 near-tied,32,2,3,4,0.249726750,1
#7 near-tied,32,2,3,5,0.249626750,1
#7 near-tied,32,2,4,2,0.199800800,1
#7 near-tied,32,2,4,3,0.199800800,1
#7 near-tied,32,2,4,4,0.199800800,1
#7 near-tied,32,2,4,5,0.199701800,1
#7 near-tied,32,2,5,2,0.166417500,1
#7 near-tied,32,2,5,3,0.166417500,1
#7 near-tied,32,2,5,4,0.166417500,1
#7 near-tied,32,2,5,5,0.166417500,1
#7 near-tied,33,2,0,2,0.998003000,1
#7 near-tied,33,2,0,3,0.998003000,1
#7 near-tied,33,2,0,4,0.998003000,1
#7 near-tied,33,2,0,5,0.831886167,1
#7 near-tied,33,2,1,2,0.499052000,1
#7 near-tied,33,2,1,3,0.499052000,1
#7 near-tied,33,2,1,4,0.499052000,1
#7 near-tied,33,2,1,5,0.499052000,1
#7 near-tied,33,2,2,2,0.332668333,1
#7 near-tied,33,2,2,3,0.332768667,1
#7 near-tied,33,2,2,4,0.332835333,1
#7 near-tied,33,2,2,5,0.332834500,1
#7 near-tied,33,2,3,2,0.249726000,1
#7 near-tied,33,2,3,3,0.249726750,1
#7 near-tied,33,2,3,4,0.249726750,1
#7 near-tied,33,2,3,5,0.249626750,1
#7 near-tied,33,2,4,2,0.199800800,1
#7 near-tied,33,2,4,3,0.199800800,1
#7 near-tied,33,2,4,4,0.199800800,1
#7 near-tied,33,2,4,5,0.199701800,1
#7 near-tied,33,2,5,2,0.166417500,1
#7 near-tied,33,2,5,3,0.166417500,1
#7 near-tied,33,2,5,4,0.166417500,1
#7 near-tied,33,2,5,5,0.166417500,1
#7 near-tied,34,2,0,2,0.997704000,1
#7 near-tied,34,2,0,3,0.997703000,1
#7 near-tied,34,2,0,4,0.997703000,1
#7 near-tied,34,2,0,5,0.831686167,1
#7 near-tied,34,2,1,2,0.498952500,1
#7 near-tied,34,2,1,3,0.498952000,1
#7 near-tied,34,2,1,4,0.498952000,1
#7 near-tied,34,2,1,5,0.498952000,1
#7 near-tied,34,2,2,2,0.332668333,1
#7 near-tied,34,2,2,3,0.332568667,1
#7 near-tied,34,2,2,4,0.332635333,1
#7 near-tied,34,2,2,5,0.332635000,1
#7 near-tied,34,2,3,2,0.249726000,1
#7 near-tied,34,2,3,3,0.249726750,1
#7 near-tied,34,2,3,4,0.249726750,1
#7 near-tied,34,2,3,5,0.249626750,1
#7 near-tied,34,2,4,2,0.199800800,1
#7 near-tied,34,2,4,3,0.199800800,1
#7 near-tied,34,2,4,4,0.199800800,1
#7 near-tied,34,2,4,5,0.199701800,1
#7 near-tied,34,2,5,2,0.166417500,1
#7 near-tied,34,2,5,3,0.166417500,1
#7 near-tied,34,2,5,4,0.166417500,1
#7 near-tied,34,2,5,5,0.166417500,1
#7 near-tied,35,2,0,2,0.996956000,1
#7 near-tied,35,2,0,3,0.996956500,1
#7 near-tied,35,2,0,4,0.996906000,1
#7 near-tied,35,2,0,5,0.831088167,1
#7 near-tied,35,2,1,2,0.498553500,1
#7 near-tied,35,2,1,3,0.498603500,1
#7 near-tied,35,2,1,4,0.498503500,1
#7 near-tied,35,2,1,5,0.498503500,1
#7 near-tied,35,2,2,2,0.332352167,1
#7 near-tied,35,2,2,3,0.332302667,1
#7 near-tied,35,2,2,4,0.332535333,1
#7 near-tied,35,2,2,5,0.332535333,1
#7 near-tied,35,2,3,2,0.249676000,1
#7 near-tied,35,2,3,3,0.249676750,1
#7 near-tied,35,2,3,4,0.249676750,1
#7 near-tied,35,2,3,5,0.249476750,1
#7 near-tied,35,2,4,2,0.199780800,1
#7 near-tied,35,2,4,3,0.199780800,1
#7 near-tied,35,2,4,4,0.199780800,1
#7 near-tied,35,2,4,5,0.199581800,1
#7 near-tied,35,2,5,2,0.166317667,1
#7 near-tied,35,2,5,3,0.166417500,1
#7 near-tied,35,2,5,4,0.166318500,1
#7 near-tied,35,2,5,5,0.166318500,1
#7 near-tied,36,2,0,2,0.996406000,1
#7 near-tied,36,2,0,3,0.996456500,1
#7 near-tied,36,2,0,4,0.996407000,1
#7 near-tied,36,2,0,5,0.830588167,1
#7 near-tied,36,2,1,2,0.498353000,1
#7 near-tied,36,2,1,3,0.498453500,1
#7 near-tied,36,2,1,4,0.498304000,1
#7 near-tied,36,2,1,5,0.498304000,1
#7 near-tied,36,2,2,2,0.332218833,1
#7 near-tied,36,2,2,3,0.332169333,1
#7 near-tied,36,2,2,4,0.332385833,1
#7 near-tied,36,2,2,5,0.332385333,1
#7 near-tied,36,2,3,2,0.249576000,1
#7 near-tied,36,2,3,3,0.249626750,1
#7 near-tied,36,2,3,4,0.249626750,1
#7 near-tied,36,2,3,5,0.249326750,1
#7 near-tied,36,2,4,2,0.199760800,1
#7 near-tied,36,2,4,3,0.199760800,1
#7 near-tied,36,2,4,4,0.199760800,1
#7 near-tied,36,2,4,5,0.199461800,1
#7 near-tied,36,2,5,2,0.166317667,1
#7 near-tied,36,2,5,3,0.166218500,1
#7 near-tied,36,2,5,4,0.166218500,1
#7 near-tied,36,2,5,5,0.166218500,1
#7 near-tied,37,2,0,2,0.995906000,1
#7 near-tied,37,2,0,3,0.995956500,1
#7 near-tied,37,2,0,4,0.995907000,1
#7 near-tied,37,2,0,5,0.830188167,1
#7 near-tied,37,2,1,2,0.498153000,1
#7 near-tied,37,2,1,3,0.498253500,1
#7 near-tied,37,2,1,4,0.498104000,1
#7 near-tied,37,2,1,5,0.498104000,1
#7 near-tied,37,2,2,2,0.332052167,1
#7 near-tied,37,2,2,3,0.332002667,1
#7 near-tied,37,2,2,4,0.332185833,1
#7 near-tied,37,2,2,5,0.332185333,1
#7 near-tied,37,2,3,2,0.249426500,1
#7 near-tied,37,2,3,3,0.249477500,1
#7 near-tied,37,2,3,4,0.249476750,1
#7 near-tied,37,2,3,5,0.249176750,1
#7 near-tied,37,2,4,2,0.199740800,1
#7 near-tied,37,2,4,3,0.199740800,1
#7 near-tied,37,2,4,4,0.199740800,1
#7 near-tied,37,2,4,5,0.199341800,1
#7 near-tied,37,2,5,2,0.166317667,1
#7 near-tied,37,2,5,3,0.166118500,1
#7 near-tied,37,2,5,4,0.166118500,1
#7 near-tied,37,2,5,5,0.166118500,1
#7 near-tied,38,2,0,2,0.995906000,1
#7 near-tied,38,2,0,3,0.995956500,1
#7 near-tied,38,2,0,4,0.995907000,1
#7 near-tied,38,2,0,5,0.830188167,1
#7 near-tied,38,2,1,2,0.498153000,1
#7 near-tied,38,2,1,3,0.498253500,1
#7 near-tied,38,2,1,4,0.498104000,1
#7 near-tied,38,2,1,5,0.498104000,1
#7 near-tied,38,2,2,2,0.332052167,1
#7 near-tied,38,2,2,3,0.332002667,1
#7 near-tied,38,2,2,4,0.332185833,1
#7 near-tied,38,2,2,5,0.332185333,1
#7 near-tied,38,2,3,2,0.249426500,1
#7 near-tied,38,2,3,3,0.249477500,1
#7 near-tied,38,2,3,4,0.249476750,1
#7 near-tied,38,2,3,5,0.249176750,1
#7 near-tied,38,2,4,2,0.199641800,1
#7 near-tied,38,2,4,3,0.199641800,1
#7 near-tied,38,2,4,4,0.199641800,1
#7 near-tied,38,2,4,5,0.199341800,1
#7 near-tied,38,2,5,2,0.166317667,1
#7 near-tied,38,2,5,3,0.166118500,1
#7 near-tied,38,2,5,4,0.166118500,1
#7 near-tied,38,2,5,5,0.166118500,1
#7 near-tied,39,2,0,2,0.995906000,1
#7 near-tied,39,2,0,3,0.995956500,1
#7 near-tied,39,2,0,4,0.995907000,1
#7 near-tied,39,2,0,5,0.830188167,1
#7 near-tied,39,2,1,2,0.498153000,1
#7 near-tied,39,2,1,3,0.498253500,1
#7 near-tied,39,2,1,4,0.498104000,1
#7 near-tied,39,2,1,5,0.498104000,1
#7 near-tied,39,2,2,2,0.332052167,1
#7 near-tied,39,2,2,3,0.332002667,1
#7 near-tied,39,2,2,4,0.332185833,1
#7 near-tied,39,2,2,5,0.332185333,1
#7 near-tied,39,2,3,2,0.249426500,1
#7 near-tied,39,2,3,3,0.249477500,1
#7 near-tied,39,2,3,4,0.249476750,1
#7 near-tied,39,2,3,5,0.249176750,1
#7 near-tied,39,2,4,2,0.199641800,1
#7 near-tied,39,2,4,3,0.199641800,1
#7 near-tied,39,2,4,4,0.199641800,1
#7 near-tied,39,2,4,5,0.199341800,1
#7 near-tied,39,2,5,2,0.166317667,1
#7 near-tied,39,2,5,3,0.166118500,1
#7 near-tied,39,2,5,4,0.166118500,1
#7 near-tied,39,2,5,5,0.166118500,1
#7 near-tied,40,2,0,2,0.995906000,1
#7 near-tied,40,2,0,3,0.995956500,1
#7 near-tied,40,2,0,4,0.995907000,1
#7 near-tied,40,2,0,5,0.830188167,1
#7 near-tied,40,2,1,2,0.498053500,1
#7 near-tied,40,2,1,3,0.498154000,1
#7 near-tied,40,2,1,4,0.498004500,1
#7 near-tied,40,2,1,5,0.498104000,1
#7 near-tied,40,2,2,2,0.332052167,1
#7 near-tied,40,2,2,3,0.332002667,1
#7 near-tied,40,2,2,4,0.332185833,1
#7 near-tied,40,2,2,5,0.332185333,1
#7 near-tied,40,2,3,2,0.249426500,1
#7 near-tied,40,2,3,3,0.249477500,1
#7 near-tied,40,2,3,4,0.249476750,1
#7 near-tied,40,2,3,5,0.249176750,1
#7 near-tied,40,2,4,2,0.199641800,1
#7 near-tied,40,2,4,3,0.199641800,1
#7 near-tied,40,2,4,4,0.199641800,1
#7 near-tied,40,2,4,5,0.199341800,1
#7 near-tied,40,2,5,2,0.166317667,1
#7 near-tied,40,2,5,3,0.166118500,1
#7 near-tied,40,2,5,4,0.166118500,1
#7 near-tied,40,2,5,5,0.166118500,1
#7 near-tied,41,2,0,2,0.995106500,1
#7 near-tied,41,2,0,3,0.995156500,1
#7 near-tied,41,2,0,4,0.995056500,1
#7 near-tied,41,2,0,5,0.829338667,1
#7 near-tied,41,2,1,2,0.497628750,1
#7 near-tied,41,2,1,3,0.497678750,1
#7 near-tied,41,2,1,4,0.497578750,1
#7 near-tied,41,2,1,5,0.497577750,1
#7 near-tied,41,2,2,2,0.331868667,1
#7 near-tied,41,2,2,3,0.331819167,1
#7 near-tied,41,2,2,4,0.331968500,1
#7 near-tied,41,2,2,5,0.331718500,1
#7 near-tied,41,2,3,2,0.249376250,1
#7 near-tied,41,2,3,3,0.249389750,1
#7 near-tied,41,2,3,4,0.248989250,1
#7 near-tied,41,2,3,5,0.248789250,1
#7 near-tied,41,2,4,2,0.199032100,1
#7 near-tied,41,2,4,3,0.199641800,1
#7 near-tied,41,2,4,4,0.199641800,1
#7 near-tied,41,2,4,5,0.199041800,1
#7 near-tied,41,2,5,2,0.166317667,1
#7 near-tied,41,2,5,3,0.166118500,1
#7 near-tied,41,2,5,4,0.166118500,1
#7 near-tied,41,2,5,5,0.166118500,1
#7 near-tied,42,2,0,2,0.993862000,1
#7 near-tied,42,2,0,3,0.993861500,1
#7 near-tied,42,2,0,4,0.994011000,1
#7 near-tied,42,2,0,5,0.828293167,1
#7 near-tied,42,2,1,2,0.497006500,1
#7 near-tied,42,2,1,3,0.497006000,1
#7 near-tied,42,2,1,4,0.497155500,1
#7 near-tied,42,2,1,5,0.496955500,1
#7 near-tied,42,2,2,2,0.331520167,1
#7 near-tied,42,2,2,3,0.331536667,1
#7 near-tied,42,2,2,4,0.331502667,1
#7 near-tied,42,2,2,5,0.331303667,1
#7 near-tied,42,2,3,2,0.249276750,1
#7 near-tied,42,2,3,3,0.249277250,1
#7 near-tied,42,2,3,4,0.248876750,1
#7 near-tied,42,2,3,5,0.248477750,1
#7 near-tied,42,2,4,2,0.198942400,1
#7 near-tied,42,2,4,3,0.199581800,1
#7 near-tied,42,2,4,4,0.199581800,1
#7 near-tied,42,2,4,5,0.198782800,1
#7 near-tied,42,2,5,2,0.166117667,1
#7 near-tied,42,2,5,3,0.165818667,1
#7 near-tied,42,2,5,4,0.165818500,1
#7 near-tied,42,2,5,5,0.165818500,1
#7 near-tied,43,2,0,2,0.993862000,1
#7 near-tied,43,2,0,3,0.993861500,1
#7 near-tied,43,2,0,4,0.994011000,1
#7 near-tied,43,2,0,5,0.828293167,1
#7 near-tied,43,2,1,2,0.497006500,1
#7 near-tied,43,2,1,3,0.497006000,1
#7 near-tied,43,2,1,4,0.497155500,1
#7 near-tied,43,2,1,5,0.496955500,1
#7 near-tied,43,2,2,2,0.331520167,1
#7 near-tied,43,2,2,3,0.331536667,1
#7 near-tied,43,2,2,4,0.331502667,1
#7 near-tied,43,2,2,5,0.331303667,1
#7 near-tied,43,2,3,2,0.249276750,1
#7 near-tied,43,2,3,3,0.249277250,1
#7 near-tied,43,2,3,4,0.248876750,1
#7 near-tied,43,2,3,5,0.248477750,1
#7 near-tied,43,2,4,2,0.198942400,1
#7 near-tied,43,2,4,3,0.199581800,1
#7 near-tied,43,2,4,4,0.199581800,1
#7 near-tied,43,2,4,5,0.198782800,1
#7 near-tied,43,2,5,2,0.166117667,1
#7 near-tied,43,2,5,3,0.165818667,1
#7 near-tied,43,2,5,4,0.165818500,1
#7 near-tied,43,2,5,5,0.165818500,1
#7 near-tied,44,2,0,2,0.993862000,1
#7 near-tied,44,2,0,3,0.993861500,1
#7 near-tied,44,2,0,4,0.994010500,1
#7 near-tied,44,2,0,5,0.828293167,1
#7 near-tied,44,2,1,2,0.497006500,1
#7 near-tied,44,2,1,3,0.497006000,1
#7 near-tied,44,2,1,4,0.497155500,1
#7 near-tied,44,2,1,5,0.496955500,1
#7 near-tied,44,2,2,2,0.331520167,1
#7 near-tied,44,2,2,3,0.331536667,1
#7 near-tied,44,2,2,4,0.331502667,1
#7 near-tied,44,2,2,5,0.331303667,1
#7 near-tied,44,2,3,2,0.249077250,1
#7 near-tied,44,2,3,3,0.249077250,1
#7 near-tied,44,2,3,4,0.248752000,1
#7 near-tied,44,2,3,5,0.248452750,1
#7 near-tied,44,2,4,2,0.198922400,1
#7 near-tied,44,2,4,3,0.199581800,1
#7 near-tied,44,2,4,4,0.199581800,1
#7 near-tied,44,2,4,5,0.198782800,1
#7 near-tied,44,2,5,2,0.166117667,1
#7 near-tied,44,2,5,3,0.165818667,1
#7 near-tied,44,2,5,4,0.165818500,1
#7 near-tied,44,2,5,5,0.165818500,1
#7 near-tied,45,2,0,2,0.993457250,1
#7 near-tied,45,2,0,3,0.993457500,1
#7 near-tied,45,2,0,4,0.993531750,1
#7 near-tied,45,2,0,5,0.828089417,1
#7 near-tied,45,2,1,2,0.496804000,1
#7 near-tied,45,2,1,3,0.496804500,1
#7 near-tied,45,2,1,4,0.496954500,1
#7 near-tied,45,2,1,5,0.496853250,1
#7 near-tied,45,2,2,2,0.331318833,1
#7 near-tied,45,2,2,3,0.331402667,1
#7 near-tied,45,2,2,4,0.331369000,1
#7 near-tied,45,2,2,5,0.331235667,1
#7 near-tied,45,2,3,2,0.124544438,1
#7 near-tied,45,2,3,3,0.181228818,1
#7 near-tied,45,2,3,4,0.199021400,1
#7 near-tied,45,2,3,5,0.209244070,1
#7 near-tied,45,2,4,2,0.165718889,1
#7 near-tied,45,2,4,3,0.199451800,1
#7 near-tied,45,2,4,4,0.199546800,1
#7 near-tied,45,2,4,5,0.198771800,1
#7 near-tied,45,2,5,2,0.166076000,1
#7 near-tied,45,2,5,3,0.165818667,1
#7 near-tied,45,2,5,4,0.165818500,1
#7 near-tied,45,2,5,5,0.165818500,1
#7 near-tied,46,2,0,2,0.993457250,1
#7 near-tied,46,2,0,3,0.993457500,1
#7 near-tied,46,2,0,4,0.993506500,1
#7 near-tied,46,2,0,5,0.828089417,1
#7 near-tied,46,2,1,2,0.496804000,1
#7 near-tied,46,2,1,3,0.496804500,1
#7 near-tied,46,2,1,4,0.496954500,1
#7 near-tied,46,2,1,5,0.496853250,1
#7 near-tied,46,2,2,2,0.331318833,1
#7 near-tied,46,2,2,3,0.331402667,1
#7 near-tied,46,2,2,4,0.331369000,1
#7 near-tied,46,2,2,5,0.331235667,1
#7 near-tied,46,2,3,2,0.124544438,1
#7 near-tied,46,2,3,3,0.181228818,1
#7 near-tied,46,2,3,4,0.199021400,1
#7 near-tied,46,2,3,5,0.209244070,1
#7 near-tied,46,2,4,2,0.165693944,1
#7 near-tied,46,2,4,3,0.199451800,1
#7 near-tied,46,2,4,4,0.199546800,1
#7 near-tied,46,2,4,5,0.198771800,1
#7 near-tied,46,2,5,2,0.166076000,1
#7 near-tied,46,2,5,3,0.165818667,1
#7 near-tied,46,2,5,4,0.165818500,1
#7 near-tied,46,2,5,5,0.165818500,1
#7 near-tied,47,2,0,2,0.993457250,1
#7 near-tied,47,2,0,3,0.993457500,1
#7 near-tied,47,2,0,4,0.993506500,1
#7 near-tied,47,2,0,5,0.828089417,1
#7 near-tied,47,2,1,2,0.496804000,1
#7 near-tied,47,2,1,3,0.496804500,1
#7 near-tied,47,2,1,4,0.496954500,1
#7 near-tied,47,2,1,5,0.496853250,1
#7 near-tied,47,2,2,2,0.331318833,1
#7 near-tied,47,2,2,3,0.331402667,1
#7 near-tied,47,2,2,4,0.331369000,1
#7 near-tied,47,2,2,5,0.331235667,1
#7 near-tied,47,2,3,2,0.124544437,1
#7 near-tied,47,2,3,3,0.181228818,1
#7 near-tied,47,2,3,4,0.199021400,1
#7 near-tied,47,2,3,5,0.209244070,1
#7 near-tied,47,2,4,2,0.165693944,1
#7 near-tied,47,2,4,3,0.199451800,1
#7 near-tied,47,2,4,4,0.199546800,1
#7 near-tied,47,2,4,5,0.198771800,1
#7 near-tied,47,2,5,2,0.166076000,1
#7 near-tied,47,2,5,3,0.165818667,1
#7 near-tied,47,2,5,4,0.165818500,1
#7 near-tied,47,2,5,5,0.165818500,1
#7 near-tied,48,2,0,2,0.331119667,1
#7 near-tied,48,2,0,3,0.331320167,1
#7 near-tied,48,2,0,4,0.331369000,1
#7 near-tied,48,2,0,5,0.827707000,1
#7 near-tied,48,2,1,2,0.331103000,1
#7 near-tied,48,2,1,3,0.331286833,1
#7 near-tied,48,2,1,4,0.331436333,1
#7 near-tied,48,2,1,5,0.397399233,1
#7 near-tied,48,2,2,2,0.165684500,1
#7 near-tied,48,2,2,3,0.191402000,1
#7 near-tied,48,2,2,4,0.331369000,1
#7 near-tied,48,2,2,5,0.331152167,1
#7 near-tied,48,2,3,2,0.110800556,1
#7 near-tied,48,2,3,3,0.181228818,1
#7 near-tied,48,2,3,4,0.199021400,1
#7 near-tied,48,2,3,5,0.209244070,1
#7 near-tied,48,2,4,2,0.165680571,1
#7 near-tied,48,2,4,3,0.199451800,1
#7 near-tied,48,2,4,4,0.199546800,1
#7 near-tied,48,2,4,5,0.198771800,1
#7 near-tied,48,2,5,2,0.166076000,1
#7 near-tied,48,2,5,3,0.165818667,1
#7 near-tied,48,2,5,4,0.165818500,1
#7 near-tied,48,2,5,5,0.165818500,1
#7 near-tied,49,2,0,2,0.331119667,1
#7 near-tied,49,2,0,3,0.331286000,1
#7 near-tied,49,2,0,4,0.331369000,1
#7 near-tied,49,2,0,5,0.827707000,1
#7 near-tied,49,2,1,2,0.331103000,1
#7 near-tied,49,2,1,3,0.331286833,1
#7 near-tied,49,2,1,4,0.331436333,1
#7 near-tied,49,2,1,5,0.397399233,1
#7 near-tied,49,2,2,2,0.165684500,1
#7 near-tied,49,2,2,3,0.191402000,1
#7 near-tied,49,2,2,4,0.331369000,1
#7 near-tied,49,2,2,5,0.331152167,1
#7 near-tied,49,2,3,2,0.110800556,1
#7 near-tied,49,2,3,3,0.181228818,1
#7 near-tied,49,2,3,4,0.199021400,1
#7 near-tied,49,2,3,5,0.209244070,1
#7 near-tied,49,2,4,2,0.165680571,1
#7 near-tied,49,2,4,3,0.165893667,1
#7 near-tied,49,2,4,4,0.190063714,1
#7 near-tied,49,2,4,5,0.192392129,1
#7 near-tied,49,2,5,2,0.161579216,1
#7 near-tied,49,2,5,3,0.165818667,1
#7 near-tied,49,2,5,4,0.165818500,1
#7 near-tied,49,2,5,5,0.165818500,1
#7 near-tied,50,2,0,2,0.331119667,1
#7 near-tied,50,2,0,3,0.303716306,1
#7 near-tied,50,2,0,4,0.250337898,1
#7 near-tied,50,2,0,5,0.331336167,1
#7 near-tied,50,2,1,2,0.331103000,1
#7 near-tied,50,2,1,3,0.331286833,1
#7 near-tied,50,2,1,4,0.331436333,1
#7 near-tied,50,2,1,5,0.273294775,1
#7 near-tied,50,2,2,2,0.165684500,1
#7 near-tied,50,2,2,3,0.191402000,1
#7 near-tied,50,2,2,4,0.269199750,1
#7 near-tied,50,2,2,5,0.231904833,1
#7 near-tied,50,2,3,2,0.110800556,1
#7 near-tied,50,2,3,3,0.181228818,1
#7 near-tied,50,2,3,4,0.199021400,1
#7 near-tied,50,2,3,5,0.209244070,1
#7 near-tied,50,2,4,2,0.165641583,1
#7 near-tied,50,2,4,3,0.165880333,1
#7 near-tied,50,2,4,4,0.190063714,1
#7 near-tied,50,2,4,5,0.192392129,1
#7 near-tied,50,2,5,2,0.157325404,1
#7 near-tied,50,2,5,3,0.165818667,1
#7 near-tied,50,2,5,4,0.165818500,1
#7 near-tied,50,2,5,5,0.165818500,1
#7 near-tied,51,2,0,2,0.331119667,1
#7 near-tied,51,2,0,3,0.299272296,1
#7 near-tied,51,2,0,4,0.250335878,1
#7 near-tied,51,2,0,5,0.331336167,1
#7 near-tied,51,2,1,2,0.331103000,1
#7 near-tied,51,2,1,3,0.331286833,1
#7 near-tied,51,2,1,4,0.331436333,1
#7 near-tied,51,2,1,5,0.273294775,1
#7 near-tied,51,2,2,2,0.165684500,1
#7 near-tied,51,2,2,3,0.191402000,1
#7 near-tied,51,2,2,4,0.269199750,1
#7 near-tied,51,2,2,5,0.231904833,1
#7 near-tied,51,2,3,2,0.110800556,1
#7 near-tied,51,2,3,3,0.181228818,1
#7 near-tied,51,2,3,4,0.199021400,1
#7 near-tied,51,2,3,5,0.209244070,1
#7 near-tied,51,2,4,2,0.165641583,1
#7 near-tied,51,2,4,3,0.165880333,1
#7 near-tied,51,2,4,4,0.189687714,1
#7 near-tied,51,2,4,5,0.192392129,1
#7 near-tied,51,2,5,2,0.157324526,1
#7 near-tied,51,2,5,3,0.165818667,1
#7 near-tied,51,2,5,4,0.165818500,1
#7 near-tied,51,2,5,5,0.165818500,1
#7 near-tied,52,2,0,2,0.331086333,1
#7 near-tied,52,2,0,3,0.298115067,1
#7 near-tied,52,2,0,4,0.239297963,1
#7 near-tied,52,2,0,5,0.331086333,1
#7 near-tied,52,2,1,2,0.331086333,1
#7 near-tied,52,2,1,3,0.331252833,1
#7 near-tied,52,2,1,4,0.331403333,1
#7 near-tied,52,2,1,5,0.273249975,1
#7 near-tied,52,2,2,2,0.165684500,1
#7 near-tied,52,2,2,3,0.191402000,1
#7 near-tied,52,2,2,4,0.269199750,1
#7 near-tied,52,2,2,5,0.231865133,1
#7 near-tied,52,2,3,2,0.110700556,1
#7 near-tied,52,2,3,3,0.166101500,1
#7 near-tied,52,2,3,4,0.186483063,1
#7 near-tied,52,2,3,5,0.209180702,1
#7 near-tied,52,2,4,2,0.120441394,1
#7 near-tied,52,2,4,3,0.150753515,1
#7 near-tied,52,2,4,4,0.189602000,1
#7 near-tied,52,2,4,5,0.192353419,1
#7 near-tied,52,2,5,2,0.157324526,1
#7 near-tied,52,2,5,3,0.165768667,1
#7 near-tied,52,2,5,4,0.165768500,1
#7 near-tied,52,2,5,5,0.165768500,1
#7 near-tied,53,2,0,2,0.330834190,1
#7 near-tied,53,2,0,3,0.297812600,1
#7 near-tied,53,2,0,4,0.238965296,1
#7 near-tied,53,2,0,5,0.330786333,1
#7 near-tied,53,2,1,2,0.330834190,1
#7 near-tied,53,2,1,3,0.330869667,1
#7 near-tied,53,2,1,4,0.330920167,1
#7 near-tied,53,2,1,5,0.272965446,1
#7 near-tied,53,2,2,2,0.165501667,1
#7 near-tied,53,2,2,3,0.186483187,1
#7 near-tied,53,2,2,4,0.268860833,1
#7 near-tied,53,2,2,5,0.231630233,1
#7 near-tied,53,2,3,2,0.104853105,1
#7 near-tied,53,2,3,3,0.157201789,1
#7 near-tied,53,2,3,4,0.186208187,1
#7 near-tied,53,2,3,5,0.209080368,1
#7 near-tied,53,2,4,2,0.120441394,1
#7 near-tied,53,2,4,3,0.150753515,1
#7 near-tied,53,2,4,4,0.189602000,1
#7 near-tied,53,2,4,5,0.190982577,1
#7 near-tied,53,2,5,2,0.153223923,1
#7 near-tied,53,2,5,3,0.165468667,1
#7 near-tied,53,2,5,4,0.165768500,1
#7 near-tied,53,2,5,5,0.165468500,1
#7 near-tied,54,2,0,2,0.330834190,1
#7 near-tied,54,2,0,3,0.297812600,1
#7 near-tied,54,2,0,4,0.238965296,1
#7 near-tied,54,2,0,5,0.330786333,1
#7 near-tied,54,2,1,2,0.330834190,1
#7 near-tied,54,2,1,3,0.330852833,1
#7 near-tied,54,2,1,4,0.330894917,1
#7 near-tied,54,2,1,5,0.272952946,1
#7 near-tied,54,2,2,2,0.165501667,1
#7 near-tied,54,2,2,3,0.186382521,1
#7 near-tied,54,2,2,4,0.264739133,1
#7 near-tied,54,2,2,5,0.231620233,1
#7 near-tied,54,2,3,2,0.104853105,1
#7 near-tied,54,2,3,3,0.157201789,1
#7 near-tied,54,2,3,4,0.186208188,1
#7 near-tied,54,2,3,5,0.209080368,1
#7 near-tied,54,2,4,2,0.120441394,1
#7 near-tied,54,2,4,3,0.150753515,1
#7 near-tied,54,2,4,4,0.189251500,1
#7 near-tied,54,2,4,5,0.190982577,1
#7 near-tied,54,2,5,2,0.142329286,1
#7 near-tied,54,2,5,3,0.165468667,1
#7 near-tied,54,2,5,4,0.165768500,1
#7 near-tied,54,2,5,5,0.165468500,1
#7 near-tied,55,2,0,2,0.330834190,1
#7 near-tied,55,2,0,3,0.297812600,1
#7 near-tied,55,2,0,4,0.238965296,1
#7 near-tied,55,2,0,5,0.330786333,1
#7 near-tied,55,2,1,2,0.330834190,1
#7 near-tied,55,2,1,3,0.330852833,1
#7 near-tied,55,2,1,4,0.330894917,1
#7 near-tied,55,2,1,5,0.272952946,1
#7 near-tied,55,2,2,2,0.165501667,1
#7 near-tied,55,2,2,3,0.186382521,1
#7 near-tied,55,2,2,4,0.264739133,1
#7 near-tied,55,2,2,5,0.231620233,1
#7 near-tied,55,2,3,2,0.104853105,1
#7 near-tied,55,2,3,3,0.157201789,1
#7 near-tied,55,2,3,4,0.186208187,1
#7 near-tied,55,2,3,5,0.209080368,1
#7 near-tied,55,2,4,2,0.120441394,1
#7 near-tied,55,2,4,3,0.150753515,1
#7 near-tied,55,2,4,4,0.189251500,1
#7 near-tied,55,2,4,5,0.190982577,1
#7 near-tied,55,2,5,2,0.142329286,1
#7 near-tied,55,2,5,3,0.165468667,1
#7 near-tied,55,2,5,4,0.165768500,1
#7 near-tied,55,2,5,5,0.165468500,1
#7 near-tied,56,2,0,2,0.330783790,1
#7 near-tied,56,2,0,3,0.283535905,1
#7 near-tied,56,2,0,4,0.236302381,1
#7 near-tied,56,2,0,5,0.330786333,1
#7 near-tied,56,2,1,2,0.330834190,1
#7 near-tied,56,2,1,3,0.330852833,1
#7 near-tied,56,2,1,4,0.330894917,1
#7 near-tied,56,2,1,5,0.272952946,1
#7 near-tied,56,2,2,2,0.165501667,1
#7 near-tied,56,2,2,3,0.186382521,1
#7 near-tied,56,2,2,4,0.264739133,1
#7 near-tied,56,2,2,5,0.231620233,1
#7 near-tied,56,2,3,2,0.104853105,1
#7 near-tied,56,2,3,3,0.157201789,1
#7 near-tied,56,2,3,4,0.186208187,1
#7 near-tied,56,2,3,5,0.209080368,1
#7 near-tied,56,2,4,2,0.120441394,1
#7 near-tied,56,2,4,3,0.150753515,1
#7 near-tied,56,2,4,4,0.189251500,1
#7 near-tied,56,2,4,5,0.190982577,1
#7 near-tied,56,2,5,2,0.141011094,1
#7 near-tied,56,2,5,3,0.165468667,1
#7 near-tied,56,2,5,4,0.165768500,1
#7 near-tied,56,2,5,5,0.165468500,1
#7 near-tied,57,2,0,2,0.171311772,1
#7 near-tied,57,2,0,3,0.191387387,1
#7 near-tied,57,2,0,4,0.207535374,1
#7 near-tied,57,2,0,5,0.231815433,1
#7 near-tied,57,2,1,2,0.198622000,1
#7 near-tied,57,2,1,3,0.253287299,1
#7 near-tied,57,2,1,4,0.246444270,1
#7 near-tied,57,2,1,5,0.198776850,1
#7 near-tied,57,2,2,2,0.130725342,1
#7 near-tied,57,2,2,3,0.174204505,1
#7 near-tied,57,2,2,4,0.195229218,1
#7 near-tied,57,2,2,5,0.168081438,1
#7 near-tied,57,2,3,2,0.104853105,1
#7 near-tied,57,2,3,3,0.157201789,1
#7 near-tied,57,2,3,4,0.153201387,1
#7 near-tied,57,2,3,5,0.145790943,1
#7 near-tied,57,2,4,2,0.120441394,1
#7 near-tied,57,2,4,3,0.150753515,1
#7 near-tied,57,2,4,4,0.189102000,1
#7 near-tied,57,2,4,5,0.131514337,1
#7 near-tied,57,2,5,2,0.141011094,1
#7 near-tied,57,2,5,3,0.165468667,1
#7 near-tied,57,2,5,4,0.150678823,1
#7 near-tied,57,2,5,5,0.142144155,1
#7 near-tied,58,2,0,2,0.169659966,1
#7 near-tied,58,2,0,3,0.188627644,1
#7 near-tied,58,2,0,4,0.206281069,1
#7 near-tied,58,2,0,5,0.231815433,1
#7 near-tied,58,2,1,2,0.198622000,1
#7 near-tied,58,2,1,3,0.253287299,1
#7 near-tied,58,2,1,4,0.246444270,1
#7 near-tied,58,2,1,5,0.195877358,1
#7 near-tied,58,2,2,2,0.129605957,1
#7 near-tied,58,2,2,3,0.174204505,1
#7 near-tied,58,2,2,4,0.192990446,1
#7 near-tied,58,2,2,5,0.168081438,1
#7 near-tied,58,2,3,2,0.104814491,1
#7 near-tied,58,2,3,3,0.157196368,1
#7 near-tied,58,2,3,4,0.153201388,1
#7 near-tied,58,2,3,5,0.145790943,1
#7 near-tied,58,2,4,2,0.109124793,1
#7 near-tied,58,2,4,3,0.142187429,1
#7 near-tied,58,2,4,4,0.165551667,1
#7 near-tied,58,2,4,5,0.131514337,1
#7 near-tied,58,2,5,2,0.141011094,1
#7 near-tied,58,2,5,3,0.165468667,1
#7 near-tied,58,2,5,4,0.150193452,1
#7 near-tied,58,2,5,5,0.141565537,1
#7 near-tied,59,2,0,2,0.169659866,1
#7 near-tied,59,2,0,3,0.188627644,1
#7 near-tied,59,2,0,4,0.206281069,1
#7 near-tied,59,2,0,5,0.231815433,1
#7 near-tied,59,2,1,2,0.198622000,1
#7 near-tied,59,2,1,3,0.240688311,1
#7 near-tied,59,2,1,4,0.230011382,1
#7 near-tied,59,2,1,5,0.195877358,1
#7 near-tied,59,2,2,2,0.129605957,1
#7 near-tied,59,2,2,3,0.174204505,1
#7 near-tied,59,2,2,4,0.192990446,1
#7 near-tied,59,2,2,5,0.168081438,1
#7 near-tied,59,2,3,2,0.104814491,1
#7 near-tied,59,2,3,3,0.157196368,1
#7 near-tied,59,2,3,4,0.153201387,1
#7 near-tied,59,2,3,5,0.145790943,1
#7 near-tied,59,2,4,2,0.109124793,1
#7 near-tied,59,2,4,3,0.142187429,1
#7 near-tied,59,2,4,4,0.165551500,1
#7 near-tied,59,2,4,5,0.131514337,1
#7 near-tied,59,2,5,2,0.139510720,1
#7 near-tied,59,2,5,3,0.165468667,1
#7 near-tied,59,2,5,4,0.150193452,1
#7 near-tied,59,2,5,5,0.141565537,1
#7 near-tied,60,2,0,2,0.160356177,1
#7 near-tied,60,2,0,3,0.172738856,1
#7 near-tied,60,2,0,4,0.204273116,1
#7 near-tied,60,2,0,5,0.231815433,1
#7 near-tied,60,2,1,2,0.198622000,1
#7 near-tied,60,2,1,3,0.240688311,1
#7 near-tied,60,2,1,4,0.230011382,1
#7 near-tied,60,2,1,5,0.193869215,1
#7 near-tied,60,2,2,2,0.129601609,1
#7 near-tied,60,2,2,3,0.167147825,1
#7 near-tied,60,2,2,4,0.192981751,1
#7 near-tied,60,2,2,5,0.168081438,1
#7 near-tied,60,2,3,2,0.104805737,1
#7 near-tied,60,2,3,3,0.157196368,1
#7 near-tied,60,2,3,4,0.153201388,1
#7 near-tied,60,2,3,5,0.145790943,1
#7 near-tied,60,2,4,2,0.106551536,1
#7 near-tied,60,2,4,3,0.124439125,1
#7 near-tied,60,2,4,4,0.165501667,1
#7 near-tied,60,2,4,5,0.129685903,1
#7 near-tied,60,2,5,2,0.132867200,1
#7 near-tied,60,2,5,3,0.165468667,1
#7 near-tied,60,2,5,4,0.150168056,1
#7 near-tied,60,2,5,5,0.141563098,1
#7 near-tied,61,2,0,2,0.160356177,1
#7 near-tied,61,2,0,3,0.172036977,1
#7 near-tied,61,2,0,4,0.203740308,1
#7 near-tied,61,2,0,5,0.231815433,1
#7 near-tied,61,2,1,2,0.198596750,1
#7 near-tied,61,2,1,3,0.226446744,1
#7 near-tied,61,2,1,4,0.213058090,1
#7 near-tied,61,2,1,5,0.193869215,1
#7 near-tied,61,2,2,2,0.129601609,1
#7 near-tied,61,2,2,3,0.152331616,1
#7 near-tied,61,2,2,4,0.192921751,1
#7 near-tied,61,2,2,5,0.168081438,1
#7 near-tied,61,2,3,2,0.104805737,1
#7 near-tied,61,2,3,3,0.139420439,1
#7 near-tied,61,2,3,4,0.152049463,1
#7 near-tied,61,2,3,5,0.144419368,1
#7 near-tied,61,2,4,2,0.106551536,1
#7 near-tied,61,2,4,3,0.117148765,1
#7 near-tied,61,2,4,4,0.165501583,1
#7 near-tied,61,2,4,5,0.129685903,1
#7 near-tied,61,2,5,2,0.131910765,1
#7 near-tied,61,2,5,3,0.165468667,1
#7 near-tied,61,2,5,4,0.150168056,1
#7 near-tied,61,2,5,5,0.141563098,1
#7 near-tied,62,2,0,2,0.160356177,1
#7 near-tied,62,2,0,3,0.172019271,1
#7 near-tied,62,2,0,4,0.203132198,1
#7 near-tied,62,2,0,5,0.231782267,1
#7 near-tied,62,2,1,2,0.198555000,1
#7 near-tied,62,2,1,3,0.225678698,1
#7 near-tied,62,2,1,4,0.212598996,1
#7 near-tied,62,2,1,5,0.185568373,1
#7 near-tied,62,2,2,2,0.129601609,1
#7 near-tied,62,2,2,3,0.151584536,1
#7 near-tied,62,2,2,4,0.181761360,1
#7 near-tied,62,2,2,5,0.162822486,1
#7 near-tied,62,2,3,2,0.103038414,1
#7 near-tied,62,2,3,3,0.128742082,1
#7 near-tied,62,2,3,4,0.146365699,1
#7 near-tied,62,2,3,5,0.144393281,1
#7 near-tied,62,2,4,2,0.106551536,1
#7 near-tied,62,2,4,3,0.116648265,1
#7 near-tied,62,2,4,4,0.130047628,1
#7 near-tied,62,2,4,5,0.129614083,1
#7 near-tied,62,2,5,2,0.130927079,1
#7 near-tied,62,2,5,3,0.148856850,1
#7 near-tied,62,2,5,4,0.133301406,1
#7 near-tied,62,2,5,5,0.141562931,1
#7 near-tied,63,2,0,2,0.160356177,1
#7 near-tied,63,2,0,3,0.170542695,1
#7 near-tied,63,2,0,4,0.198022753,1
#7 near-tied,63,2,0,5,0.231782267,1
#7 near-tied,63,2,1,2,0.198555000,1
#7 near-tied,63,2,1,3,0.225678698,1
#7 near-tied,63,2,1,4,0.212598996,1
#7 near-tied,63,2,1,5,0.185568373,1
#7 near-tied,63,2,2,2,0.129601609,1
#7 near-tied,63,2,2,3,0.151584536,1
#7 near-tied,63,2,2,4,0.181761360,1
#7 near-tied,63,2,2,5,0.162822486,1
#7 near-tied,63,2,3,2,0.103038414,1
#7 near-tied,63,2,3,3,0.128742082,1
#7 near-tied,63,2,3,4,0.146365699,1
#7 near-tied,63,2,3,5,0.144393281,1
#7 near-tied,63,2,4,2,0.106551536,1
#7 near-tied,63,2,4,3,0.116648265,1
#7 near-tied,63,2,4,4,0.130047628,1
#7 near-tied,63,2,4,5,0.129614083,1
#7 near-tied,63,2,5,2,0.130927079,1
#7 near-tied,63,2,5,3,0.148856850,1
#7 near-tied,63,2,5,4,0.133301406,1
#7 near-tied,63,2,5,5,0.141562931,1
#7 near-tied,64,2,0,2,0.160356177,1
#7 near-tied,64,2,0,3,0.170542695,1
#7 near-tied,64,2,0,4,0.198022753,1
#7 near-tied,64,2,0,5,0.231782267,1
#7 near-tied,64,2,1,2,0.160215323,1
#7 near-tied,64,2,1,3,0.190126093,1
#7 near-tied,64,2,1,4,0.212598996,1
#7 near-tied,64,2,1,5,0.185568373,1
#7 near-tied,64,2,2,2,0.129601609,1
#7 near-tied,64,2,2,3,0.150800451,1
#7 near-tied,64,2,2,4,0.181761360,1
#7 near-tied,64,2,2,5,0.162822486,1
#7 near-tied,64,2,3,2,0.103038414,1
#7 near-tied,64,2,3,3,0.128742082,1
#7 near-tied,64,2,3,4,0.146365699,1
#7 near-tied,64,2,3,5,0.144393281,1
#7 near-tied,64,2,4,2,0.106551536,1
#7 near-tied,64,2,4,3,0.116648265,1
#7 near-tied,64,2,4,4,0.130047628,1
#7 near-tied,64,2,4,5,0.129614083,1
#7 near-tied,64,2,5,2,0.130927079,1
#7 near-tied,64,2,5,3,0.148856850,1
#7 near-tied,64,2,5,4,0.133301406,1
#7 near-tied,64,2,5,5,0.141562931,1
#7 near-tied,65,2,0,2,0.160356177,1
#7 near-tied,65,2,0,3,0.170265838,1
#7 near-tied,65,2,0,4,0.198010253,1
#7 near-tied,65,2,0,5,0.231782267,1
#7 near-tied,65,2,1,2,0.160215323,1
#7 near-tied,65,2,1,3,0.190126093,1
#7 near-tied,65,2,1,4,0.212598996,1
#7 near-tied,65,2,1,5,0.185568373,1
#7 near-tied,65,2,2,2,0.129601609,1
#7 near-tied,65,2,2,3,0.150800451,1
#7 near-tied,65,2,2,4,0.181761360,1
#7 near-tied,65,2,2,5,0.162822486,1
#7 near-tied,65,2,3,2,0.103038414,1
#7 near-tied,65,2,3,3,0.128742082,1
#7 near-tied,65,2,3,4,0.146365699,1
#7 near-tied,65,2,3,5,0.144393281,1
#7 near-tied,65,2,4,2,0.106551536,1
#7 near-tied,65,2,4,3,0.116648265,1
#7 near-tied,65,2,4,4,0.130047628,1
#7 near-tied,65,2,4,5,0.129614083,1
#7 near-tied,65,2,5,2,0.130927079,1
#7 near-tied,65,2,5,3,0.148856850,1
#7 near-tied,65,2,5,4,0.133301406,1
#7 near-tied,65,2,5,5,0.141562931,1
#7 near-tied,66,2,0,2,0.151847914,1
#7 near-tied,66,2,0,3,0.160616384,1
#7 near-tied,66,2,0,4,0.176254698,1
#7 near-tied,66,2,0,5,0.219484342,1
#7 near-tied,66,2,1,2,0.141863286,1
#7 near-tied,66,2,1,3,0.159598232,1
#7 near-tied,66,2,1,4,0.181447263,1
#7 near-tied,66,2,1,5,0.176167269,1
#7 near-tied,66,2,2,2,0.122333754,1
#7 near-tied,66,2,2,3,0.147885733,1
#7 near-tied,66,2,2,4,0.167225651,1
#7 near-tied,66,2,2,5,0.162791717,1
#7 near-tied,66,2,3,2,0.103017724,1
#7 near-tied,66,2,3,3,0.127107689,1
#7 near-tied,66,2,3,4,0.146365699,1
#7 near-tied,66,2,3,5,0.144393281,1
#7 near-tied,66,2,4,2,0.106551536,1
#7 near-tied,66,2,4,3,0.116648265,1
#7 near-tied,66,2,4,4,0.130014378,1
#7 near-tied,66,2,4,5,0.129614083,1
#7 near-tied,66,2,5,2,0.130913776,1
#7 near-tied,66,2,5,3,0.148831850,1
#7 near-tied,66,2,5,4,0.133276406,1
#7 near-tied,66,2,5,5,0.141562931,1
#7 near-tied,67,2,0,2,0.151847914,1
#7 near-tied,67,2,0,3,0.160616384,1
#7 near-tied,67,2,0,4,0.176254698,1
#7 near-tied,67,2,0,5,0.219484342,1
#7 near-tied,67,2,1,2,0.141863286,1
#7 near-tied,67,2,1,3,0.159598232,1
#7 near-tied,67,2,1,4,0.181447263,1
#7 near-tied,67,2,1,5,0.176167269,1
#7 near-tied,67,2,2,2,0.122333754,1
#7 near-tied,67,2,2,3,0.147885733,1
#7 near-tied,67,2,2,4,0.167225651,1
#7 near-tied,67,2,2,5,0.162791717,1
#7 near-tied,67,2,3,2,0.103017724,1
#7 near-tied,67,2,3,3,0.127107689,1
#7 near-tied,67,2,3,4,0.146365699,1
#7 near-tied,67,2,3,5,0.144393281,1
#7 near-tied,67,2,4,2,0.106551536,1
#7 near-tied,67,2,4,3,0.116648265,1
#7 near-tied,67,2,4,4,0.130014378,1
#7 near-tied,67,2,4,5,0.129614083,1
#7 near-tied,67,2,5,2,0.130913776,1
#7 near-tied,67,2,5,3,0.148831850,1
#7 near-tied,67,2,5,4,0.133276406,1
#7 near-tied,67,2,5,5,0.141562931,1
#7 near-tied,68,2,0,2,0.133569462,1
#7 near-tied,68,2,0,3,0.138516982,1
#7 near-tied,68,2,0,4,0.148195177,1
#7 near-tied,68,2,0,5,0.200383518,1
#7 near-tied,68,2,1,2,0.132325844,1
#7 near-tied,68,2,1,3,0.140003484,1
#7 near-tied,68,2,1,4,0.168584500,1
#7 near-tied,68,2,1,5,0.170816404,1
#7 near-tied,68,2,2,2,0.119209440,1
#7 near-tied,68,2,2,3,0.130519703,1
#7 near-tied,68,2,2,4,0.160967852,1
#7 near-tied,68,2,2,5,0.162768640,1
#7 near-tied,68,2,3,2,0.098378384,1
#7 near-tied,68,2,3,3,0.119954829,1
#7 near-tied,68,2,3,4,0.144865402,1
#7 near-tied,68,2,3,5,0.140631410,1
#7 near-tied,68,2,4,2,0.106526536,1
#7 near-tied,68,2,4,3,0.116642441,1
#7 near-tied,68,2,4,4,0.130014378,1
#7 near-tied,68,2,4,5,0.128945762,1
#7 near-tied,68,2,5,2,0.130913776,1
#7 near-tied,68,2,5,3,0.148831850,1
#7 near-tied,68,2,5,4,0.133276406,1
#7 near-tied,68,2,5,5,0.141546264,1
#7 near-tied,69,2,0,2,0.133569462,1
#7 near-tied,69,2,0,3,0.138516982,1
#7 near-tied,69,2,0,4,0.146454143,1
#7 near-tied,69,2,0,5,0.200383518,1
#7 near-tied,69,2,1,2,0.132325844,1
#7 near-tied,69,2,1,3,0.140003484,1
#7 near-tied,69,2,1,4,0.163571434,1
#7 near-tied,69,2,1,5,0.170816404,1
#7 near-tied,69,2,2,2,0.119209440,1
#7 near-tied,69,2,2,3,0.130519703,1
#7 near-tied,69,2,2,4,0.160967852,1
#7 near-tied,69,2,2,5,0.162768640,1
#7 near-tied,69,2,3,2,0.096368290,1
#7 near-tied,69,2,3,3,0.119954829,1
#7 near-tied,69,2,3,4,0.144865402,1
#7 near-tied,69,2,3,5,0.140631410,1
#7 near-tied,69,2,4,2,0.106526536,1
#7 near-tied,69,2,4,3,0.116642441,1
#7 near-tied,69,2,4,4,0.130014378,1
#7 near-tied,69,2,4,5,0.128945762,1
#7 near-tied,69,2,5,2,0.130913776,1
#7 near-tied,69,2,5,3,0.148831850,1
#7 near-tied,69,2,5,4,0.133276406,1
#7 near-tied,69,2,5,5,0.141546264,1
#7 near-tied,70,2,0,2,0.133569462,1
#7 near-tied,70,2,0,3,0.138504800,1
#7 near-tied,70,2,0,4,0.143076869,1
#7 near-tied,70,2,0,5,0.200383518,1
#7 near-tied,70,2,1,2,0.132325844,1
#7 near-tied,70,2,1,3,0.140003484,1
#7 near-tied,70,2,1,4,0.162783282,1
#7 near-tied,70,2,1,5,0.170816404,1
#7 near-tied,70,2,2,2,0.119209440,1
#7 near-tied,70,2,2,3,0.130519703,1
#7 near-tied,70,2,2,4,0.160967852,1
#7 near-tied,70,2,2,5,0.162768640,1
#7 near-tied,70,2,3,2,0.096368290,1
#7 near-tied,70,2,3,3,0.119954829,1
#7 near-tied,70,2,3,4,0.144865402,1
#7 near-tied,70,2,3,5,0.140631410,1
#7 near-tied,70,2,4,2,0.106409107,1
#7 near-tied,70,2,4,3,0.116642441,1
#7 near-tied,70,2,4,4,0.130014378,1
#7 near-tied,70,2,4,5,0.128945714,1
#7 near-tied,70,2,5,2,0.130913776,1
#7 near-tied,70,2,5,3,0.148831850,1
#7 near-tied,70,2,5,4,0.133276406,1
#7 near-tied,70,2,5,5,0.141546264,1
#7 near-tied,71,2,0,2,0.133569462,1
#7 near-tied,71,2,0,3,0.138504800,1
#7 near-tied,71,2,0,4,0.143076869,1
#7 near-tied,71,2,0,5,0.200383518,1
#7 near-tied,71,2,1,2,0.130014897,1
#7 near-tied,71,2,1,3,0.140003484,1
#7 near-tied,71,2,1,4,0.162783282,1
#7 near-tied,71,2,1,5,0.170816404,1
#7 near-tied,71,2,2,2,0.106472786,1
#7 near-tied,71,2,2,3,0.128422229,1
#7 near-tied,71,2,2,4,0.138564835,1
#7 near-tied,71,2,2,5,0.143722447,1
#7 near-tied,71,2,3,2,0.096368290,1
#7 near-tied,71,2,3,3,0.115793733,1
#7 near-tied,71,2,3,4,0.142274848,1
#7 near-tied,71,2,3,5,0.135570789,1
#7 near-tied,71,2,4,2,0.106409107,1
#7 near-tied,71,2,4,3,0.116642441,1
#7 near-tied,71,2,4,4,0.130014378,1
#7 near-tied,71,2,4,5,0.127068818,1
#7 near-tied,71,2,5,2,0.130913776,1
#7 near-tied,71,2,5,3,0.148831850,1
#7 near-tied,71,2,5,4,0.132766571,1
#7 near-tied,71,2,5,5,0.140312667,1
#7 near-tied,72,2,0,2,0.133555176,1
#7 near-tied,72,2,0,3,0.138480800,1
#7 near-tied,72,2,0,4,0.141698464,1
#7 near-tied,72,2,0,5,0.200350184,1
#7 near-tied,72,2,1,2,0.129468995,1
#7 near-tied,72,2,1,3,0.137832144,1
#7 near-tied,72,2,1,4,0.162740496,1
#7 near-tied,72,2,1,5,0.170816367,1
#7 near-tied,72,2,2,2,0.085127200,1
#7 near-tied,72,2,2,3,0.103917648,1
#7 near-tied,72,2,2,4,0.121171852,1
#7 near-tied,72,2,2,5,0.139524095,1
#7 near-tied,72,2,3,2,0.085933975,1
#7 near-tied,72,2,3,3,0.106483634,1
#7 near-tied,72,2,3,4,0.138385845,1
#7 near-tied,72,2,3,5,0.135474478,1
#7 near-tied,72,2,4,2,0.106369857,1
#7 near-tied,72,2,4,3,0.116642441,1
#7 near-tied,72,2,4,4,0.127298032,1
#7 near-tied,72,2,4,5,0.124989303,1
#7 near-tied,72,2,5,2,0.124350625,1
#7 near-tied,72,2,5,3,0.148824350,1
#7 near-tied,72,2,5,4,0.130316029,1
#7 near-tied,72,2,5,5,0.135714788,1
#7 near-tied,73,2,0,2,0.106218377,1
#7 near-tied,73,2,0,3,0.105340583,1
#7 near-tied,73,2,0,4,0.131409926,1
#7 near-tied,73,2,0,5,0.165351833,1
#7 near-tied,73,2,1,2,0.117366111,1
#7 near-tied,73,2,1,3,0.120725489,1
#7 near-tied,73,2,1,4,0.149193077,1
#7 near-tied,73,2,1,5,0.144664475,1
#7 near-tied,73,2,2,2,0.078824325,1
#7 near-tied,73,2,2,3,0.103075339,1
#7 near-tied,73,2,2,4,0.111723242,1
#7 near-tied,73,2,2,5,0.115263318,1
#7 near-tied,73,2,3,2,0.085933975,1
#7 near-tied,73,2,3,3,0.097914533,1
#7 near-tied,73,2,3,4,0.124269665,1
#7 near-tied,73,2,3,5,0.109715237,1
#7 near-tied,73,2,4,2,0.106369857,1
#7 near-tied,73,2,4,3,0.116642441,1
#7 near-tied,73,2,4,4,0.127298032,1
#7 near-tied,73,2,4,5,0.124911883,1
#7 near-tied,73,2,5,2,0.124350625,1
#7 near-tied,73,2,5,3,0.148824350,1
#7 near-tied,73,2,5,4,0.129545428,1
#7 near-tied,73,2,5,5,0.135660242,1
#7 near-tied,74,3,0,2,0.106218377,0
#7 near-tied,74,3,0,3,0.105340583,1
#7 near-tied,74,3,0,4,0.131409926,1
#7 near-tied,74,3,0,5,0.165351833,0
#7 near-tied,74,3,1,2,0.117366111,0
#7 near-tied,74,3,1,3,0.117998129,0
#7 near-tied,74,3,1,4,0.140532457,1
#7 near-tied,74,3,1,5,0.143595193,0
#7 near-tied,74,3,2,2,0.078824325,0
#7 near-tied,74,3,2,3,0.103075339,0
#7 near-tied,74,3,2,4,0.110913897,0
#7 near-tied,74,3,2,5,0.115064440,0
#7 near-tied,74,3,3,2,0.085933975,0
#7 near-tied,74,3,3,3,0.097914533,0
#7 near-tied,74,3,3,4,0.124269665,0
#7 near-tied,74,3,3,5,0.109715237,0
#7 near-tied,74,3,4,2,0.106369857,1
#7 near-tied,74,3,4,3,0.116642441,0
#7 near-tied,74,3,4,4,0.127298032,1
#7 near-tied,74,3,4,5,0.124911883,0
#7 near-tied,74,3,5,2,0.124350625,0
#7 near-tied,74,3,5,3,0.148824350,0
#7 near-tied,74,3,5,4,0.129545428,0
#7 near-tied,74,3,5,5,0.135660242,0
#7 near-tied,75,3,0,2,0.106218377,0
#7 near-tied,75,3,0,3,0.105340583,1
#7 near-tied,75,3,0,4,0.129083110,1
#7 near-tied,75,3,0,5,0.161845674,0
#7 near-tied,75,3,1,2,0.117366111,0
#7 near-tied,75,3,1,3,0.117998129,0
#7 near-tied,75,3,1,4,0.138051147,1
#7 near-tied,75,3,1,5,0.143024529,0
#7 near-tied,75,3,2,2,0.078824325,0
#7 near-tied,75,3,2,3,0.103075339,0
#7 near-tied,75,3,2,4,0.110913897,0
#7 near-tied,75,3,2,5,0.115064440,0
#7 near-tied,75,3,3,2,0.085933975,0
#7 near-tied,75,3,3,3,0.097914533,0
#7 near-tied,75,3,3,4,0.123859761,0
#7 near-tied,75,3,3,5,0.109715237,1
#7 near-tied,75,3,4,2,0.106369857,1
#7 near-tied,75,3,4,3,0.116642441,0
#7 near-tied,75,3,4,4,0.127298032,1
#7 near-tied,75,3,4,5,0.124911883,0
#7 near-tied,75,3,5,2,0.087844618,1
#7 near-tied,75,3,5,3,0.118080214,0
#7 near-tied,75,3,5,4,0.116073078,0
#7 near-tied,75,3,5,5,0.131087022,0
#7 near-tied,76,3,0,2,0.106218377,0
#7 near-tied,76,3,0,3,0.105340583,1
#7 near-tied,76,3,0,4,0.129083110,1
#7 near-tied,76,3,0,5,0.161845674,0
#7 near-tied,76,3,1,2,0.117355333,1
#7 near-tied,76,3,1,3,0.117993964,0
#7 near-tied,76,3,1,4,0.138051147,1
#7 near-tied,76,3,1,5,0.143017491,0
#7 near-tied,76,3,2,2,0.078824325,1
#7 near-tied,76,3,2,3,0.103075339,1
#7 near-tied,76,3,2,4,0.110913897,0
#7 near-tied,76,3,2,5,0.115064440,0
#7 near-tied,76,3,3,2,0.085933975,0
#7 near-tied,76,3,3,3,0.097914533,0
#7 near-tied,76,3,3,4,0.123859761,0
#7 near-tied,76,3,3,5,0.109715237,1
#7 near-tied,76,3,4,2,0.106369857,1
#7 near-tied,76,3,4,3,0.116642441,1
#7 near-tied,76,3,4,4,0.127298032,1
#7 near-tied,76,3,4,5,0.124911883,1
#7 near-tied,76,3,5,2,0.087844618,1
#7 near-tied,76,3,5,3,0.118080214,0
#7 near-tied,76,3,5,4,0.116073078,0
#7 near-tied,76,3,5,5,0.131081616,0
#7 near-tied,77,3,0,2,0.106218377,0
#7 near-tied,77,3,0,3,0.105340583,1
#7 near-tied,77,3,0,4,0.129083110,1
#7 near-tied,77,3,0,5,0.161845674,0
#7 near-tied,77,3,1,2,0.117355333,1
#7 near-tied,77,3,1,3,0.117993964,0
#7 near-tied,77,3,1,4,0.138051147,1
#7 near-tied,77,3,1,5,0.143017491,1
#7 near-tied,77,3,2,2,0.078824325,1
#7 near-tied,77,3,2,3,0.103075339,1
#7 near-tied,77,3,2,4,0.110913897,0
#7 near-tied,77,3,2,5,0.115064440,0
#7 near-tied,77,3,3,2,0.085933975,1
#7 near-tied,77,3,3,3,0.097914533,0
#7 near-tied,77,3,3,4,0.123859761,1
#7 near-tied,77,3,3,5,0.109715237,1
#7 near-tied,77,3,4,2,0.106369857,1
#7 near-tied,77,3,4,3,0.116642441,1
#7 near-tied,77,3,4,4,0.127298032,1
#7 near-tied,77,3,4,5,0.124911883,1
#7 near-tied,77,3,5,2,0.087844618,1
#7 near-tied,77,3,5,3,0.118080214,1
#7 near-tied,77,3,5,4,0.115704580,0
#7 near-tied,77,3,5,5,0.131075556,0
#7 near-tied,78,3,0,2,0.106218377,0
#7 near-tied,78,3,0,3,0.103469958,1
#7 near-tied,78,3,0,4,0.129083110,1
#7 near-tied,78,3,0,5,0.161845674,0
#7 near-tied,78,3,1,2,0.117355333,1
#7 near-tied,78,3,1,3,0.117993964,1
#7 near-tied,78,3,1,4,0.138051147,1
#7 near-tied,78,3,1,5,0.143017491,1
#7 near-tied,78,3,2,2,0.078824325,1
#7 near-tied,78,3,2,3,0.103075339,1
#7 near-tied,78,3,2,4,0.110913897,0
#7 near-tied,78,3,2,5,0.115064440,0
#7 near-tied,78,3,3,2,0.085933975,1
#7 near-tied,78,3,3,3,0.097914533,0
#7 near-tied,78,3,3,4,0.123859761,1
#7 near-tied,78,3,3,5,0.109715237,1
#7 near-tied,78,3,4,2,0.106369857,1
#7 near-tied,78,3,4,3,0.116642441,1
#7 near-tied,78,3,4,4,0.127298032,1
#7 near-tied,78,3,4,5,0.124911883,1
#7 near-tied,78,3,5,2,0.083050417,1
#7 near-tied,78,3,5,3,0.118080214,1
#7 near-tied,78,3,5,4,0.115704580,0
#7 near-tied,78,3,5,5,0.131075556,0
#7 near-tied,79,3,0,2,0.106063910,0
#7 near-tied,79,3,0,3,0.100108604,1
#7 near-tied,79,3,0,4,0.121810703,1
#7 near-tied,79,3,0,5,0.153001205,0
#7 near-tied,79,3,1,2,0.103192019,1
#7 near-tied,79,3,1,3,0.113953157,1
#7 near-tied,79,3,1,4,0.130397015,1
#7 near-tied,79,3,1,5,0.143010805,1
#7 near-tied,79,3,2,2,0.078824325,1
#7 near-tied,79,3,2,3,0.103075339,1
#7 near-tied,79,3,2,4,0.105529845,1
#7 near-tied,79,3,2,5,0.115057185,1
#7 near-tied,79,3,3,2,0.085929037,1
#7 near-tied,79,3,3,3,0.097914533,1
#7 near-tied,79,3,3,4,0.114098006,1
#7 near-tied,79,3,3,5,0.109652184,1
#7 near-tied,79,3,4,2,0.106344857,1
#7 near-tied,79,3,4,3,0.101891822,1
#7 near-tied,79,3,4,4,0.123182746,1
#7 near-tied,79,3,4,5,0.112630853,1
#7 near-tied,79,3,5,2,0.079944951,1
#7 near-tied,79,3,5,3,0.118080214,1
#7 near-tied,79,3,5,4,0.115704580,0
#7 near-tied,79,3,5,5,0.131070873,0
#7 near-tied,80,3,0,2,0.101857980,0
#7 near-tied,80,3,0,3,0.100108604,1
#7 near-tied,80,3,0,4,0.121762055,1
#7 near-tied,80,3,0,5,0.152928300,0
#7 near-tied,80,3,1,2,0.097479561,1
#7 near-tied,80,3,1,3,0.113953157,1
#7 near-tied,80,3,1,4,0.130374793,1
#7 near-tied,80,3,1,5,0.142053735,1
#7 near-tied,80,3,2,2,0.078824325,1
#7 near-tied,80,3,2,3,0.101578422,1
#7 near-tied,80,3,2,4,0.103342813,1
#7 near-tied,80,3,2,5,0.114005693,1
#7 near-tied,80,3,3,2,0.085929037,1
#7 near-tied,80,3,3,3,0.096490236,1
#7 near-tied,80,3,3,4,0.113183044,1
#7 near-tied,80,3,3,5,0.106773581,1
#7 near-tied,80,3,4,2,0.106344857,1
#7 near-tied,80,3,4,3,0.101885837,1
#7 near-tied,80,3,4,4,0.123182746,1
#7 near-tied,80,3,4,5,0.112619315,1
#7 near-tied,80,3,5,2,0.079944951,1
#7 near-tied,80,3,5,3,0.118080214,1
#7 near-tied,80,3,5,4,0.111922690,0
#7 near-tied,80,3,5,5,0.124397506,0
#7 near-tied,81,3,0,2,0.101857980,0
#7 near-tied,81,3,0,3,0.098129962,1
#7 near-tied,81,3,0,4,0.119995936,1
#7 near-tied,81,3,0,5,0.152928300,0
#7 near-tied,81,3,1,2,0.097479561,1
#7 near-tied,81,3,1,3,0.112015173,1
#7 near-tied,81,3,1,4,0.117681526,1
#7 near-tied,81,3,1,5,0.142053735,1
#7 near-tied,81,3,2,2,0.078824325,1
#7 near-tied,81,3,2,3,0.101578422,1
#7 near-tied,81,3,2,4,0.103342813,1
#7 near-tied,81,3,2,5,0.114005693,1
#7 near-tied,81,3,3,2,0.081487443,1
#7 near-tied,81,3,3,3,0.096490236,1
#7 near-tied,81,3,3,4,0.113183044,1
#7 near-tied,81,3,3,5,0.106773581,1
#7 near-tied,81,3,4,2,0.106334143,1
#7 near-tied,81,3,4,3,0.101885778,1
#7 near-tied,81,3,4,4,0.123182746,1
#7 near-tied,81,3,4,5,0.112619315,1
#7 near-tied,81,3,5,2,0.079944951,1
#7 near-tied,81,3,5,3,0.118080214,1
#7 near-tied,81,3,5,4,0.111922690,0
#7 near-tied,81,3,5,5,0.124397506,0
#7 near-tied,82,3,0,2,0.097471840,0
#7 near-tied,82,3,0,3,0.092679627,1
#7 near-tied,82,3,0,4,0.088404533,1
#7 near-tied,82,3,0,5,0.130091491,0
#7 near-tied,82,3,1,2,0.094360927,1
#7 near-tied,82,3,1,3,0.102262750,1
#7 near-tied,82,3,1,4,0.095459482,1
#7 near-tied,82,3,1,5,0.119775860,1
#7 near-tied,82,3,2,2,0.076393615,1
#7 near-tied,82,3,2,3,0.084983563,1
#7 near-tied,82,3,2,4,0.093309774,1
#7 near-tied,82,3,2,5,0.109375353,1
#7 near-tied,82,3,3,2,0.076492769,1
#7 near-tied,82,3,3,3,0.083155809,1
#7 near-tied,82,3,3,4,0.113171933,1
#7 near-tied,82,3,3,5,0.106683832,1
#7 near-tied,82,3,4,2,0.106334143,1
#7 near-tied,82,3,4,3,0.087123769,1
#7 near-tied,82,3,4,4,0.113031303,1
#7 near-tied,82,3,4,5,0.112519315,1
#7 near-tied,82,3,5,2,0.079944951,1
#7 near-tied,82,3,5,3,0.099083868,1
#7 near-tied,82,3,5,4,0.109388763,0
#7 near-tied,82,3,5,5,0.121395998,0
#7 near-tied,83,3,0,2,0.096034182,0
#7 near-tied,83,3,0,3,0.092587844,1
#7 near-tied,83,3,0,4,0.087333585,1
#7 near-tied,83,3,0,5,0.130091491,0
#7 near-tied,83,3,1,2,0.093667379,1
#7 near-tied,83,3,1,3,0.102261265,1
#7 near-tied,83,3,1,4,0.094257781,1
#7 near-tied,83,3,1,5,0.119681830,1
#7 near-tied,83,3,2,2,0.076393615,1
#7 near-tied,83,3,2,3,0.079870505,1
#7 near-tied,83,3,2,4,0.093309774,1
#7 near-tied,83,3,2,5,0.109337811,1
#7 near-tied,83,3,3,2,0.076492769,1
#7 near-tied,83,3,3,3,0.082241829,1
#7 near-tied,83,3,3,4,0.113171933,1
#7 near-tied,83,3,3,5,0.106683832,1
#7 near-tied,83,3,4,2,0.096537875,1
#7 near-tied,83,3,4,3,0.084054481,1
#7 near-tied,83,3,4,4,0.096542753,1
#7 near-tied,83,3,4,5,0.112519315,1
#7 near-tied,83,3,5,2,0.079680520,1
#7 near-tied,83,3,5,3,0.099083868,1
#7 near-tied,83,3,5,4,0.109339081,0
#7 near-tied,83,3,5,5,0.121395998,0
#7 near-tied,84,3,0,2,0.096034182,0
#7 near-tied,84,3,0,3,0.092587809,1
#7 near-tied,84,3,0,4,0.087332177,1
#7 near-tied,84,3,0,5,0.130091491,0
#7 near-tied,84,3,1,2,0.093615085,1
#7 near-tied,84,3,1,3,0.094349559,1
#7 near-tied,84,3,1,4,0.084829181,1
#7 near-tied,84,3,1,5,0.111745063,1
#7 near-tied,84,3,2,2,0.073527259,1
#7 near-tied,84,3,2,3,0.079870388,1
#7 near-tied,84,3,2,4,0.093309774,1
#7 near-tied,84,3,2,5,0.109337811,1
#7 near-tied,84,3,3,2,0.076492769,1
#7 near-tied,84,3,3,3,0.082219188,1
#7 near-tied,84,3,3,4,0.113171933,1
#7 near-tied,84,3,3,5,0.106683832,1
#7 near-tied,84,3,4,2,0.096537875,1
#7 near-tied,84,3,4,3,0.084054481,1
#7 near-tied,84,3,4,4,0.096514674,1
#7 near-tied,84,3,4,5,0.112519315,1
#7 near-tied,84,3,5,2,0.079680520,1
#7 near-tied,84,3,5,3,0.094690383,1
#7 near-tied,84,3,5,4,0.105331652,0
#7 near-tied,84,3,5,5,0.121388038,0
#7 near-tied,85,3,0,2,0.077398515,0
#7 near-tied,85,3,0,3,0.082614383,1
#7 near-tied,85,3,0,4,0.076899471,1
#7 near-tied,85,3,0,5,0.127055902,0
#7 near-tied,85,3,1,2,0.077003544,1
#7 near-tied,85,3,1,3,0.088507947,1
#7 near-tied,85,3,1,4,0.074438410,1
#7 near-tied,85,3,1,5,0.097052489,1
#7 near-tied,85,3,2,2,0.054978704,1
#7 near-tied,85,3,2,3,0.062913830,1
#7 near-tied,85,3,2,4,0.092383785,1
#7 near-tied,85,3,2,5,0.097654340,1
#7 near-tied,85,3,3,2,0.076492769,1
#7 near-tied,85,3,3,3,0.082190425,1
#7 near-tied,85,3,3,4,0.113138599,1
#7 near-tied,85,3,3,5,0.106608079,1
#7 near-tied,85,3,4,2,0.096523389,1
#7 near-tied,85,3,4,3,0.080592242,1
#7 near-tied,85,3,4,4,0.096376903,1
#7 near-tied,85,3,4,5,0.112455319,1
#7 near-tied,85,3,5,2,0.078796165,1
#7 near-tied,85,3,5,3,0.094430978,1
#7 near-tied,85,3,5,4,0.095363238,1
#7 near-tied,85,3,5,5,0.119522316,0
#7 near-tied,86,3,0,2,0.077393528,1
#7 near-tied,86,3,0,3,0.082614383,1
#7 near-tied,86,3,0,4,0.076889186,1
#7 near-tied,86,3,0,5,0.127041290,0
#7 near-tied,86,3,1,2,0.076807509,1
#7 near-tied,86,3,1,3,0.088507947,1
#7 near-tied,86,3,1,4,0.074438410,1
#7 near-tied,86,3,1,5,0.094043595,1
#7 near-tied,86,3,2,2,0.054978704,1
#7 near-tied,86,3,2,3,0.062913830,1
#7 near-tied,86,3,2,4,0.089145162,1
#7 near-tied,86,3,2,5,0.095321725,1
#7 near-tied,86,3,3,2,0.074030289,1
#7 near-tied,86,3,3,3,0.081360666,1
#7 near-tied,86,3,3,4,0.113138599,1
#7 near-tied,86,3,3,5,0.106608079,1
#7 near-tied,86,3,4,2,0.076416923,1
#7 near-tied,86,3,4,3,0.080586631,1
#7 near-tied,86,3,4,4,0.096345623,1
#7 near-tied,86,3,4,5,0.103871371,1
#7 near-tied,86,3,5,2,0.078796165,1
#7 near-tied,86,3,5,3,0.094430978,1
#7 near-tied,86,3,5,4,0.093708178,1
#7 near-tied,86,3,5,5,0.111535608,0
#7 near-tied,87,3,0,2,0.077393528,1
#7 near-tied,87,3,0,3,0.082614383,1
#7 near-tied,87,3,0,4,0.076889186,1
#7 near-tied,87,3,0,5,0.127041290,0
#7 near-tied,87,3,1,2,0.076705914,1
#7 near-tied,87,3,1,3,0.087355191,1
#7 near-tied,87,3,1,4,0.071079869,1
#7 near-tied,87,3,1,5,0.094043595,1
#7 near-tied,87,3,2,2,0.054978704,1
#7 near-tied,87,3,2,3,0.062911100,1
#7 near-tied,87,3,2,4,0.089133512,1
#7 near-tied,87,3,2,5,0.092878488,1
#7 near-tied,87,3,3,2,0.074030289,1
#7 near-tied,87,3,3,3,0.081360666,1
#7 near-tied,87,3,3,4,0.113138599,1
#7 near-tied,87,3,3,5,0.106608079,1
#7 near-tied,87,3,4,2,0.076416923,1
#7 near-tied,87,3,4,3,0.080586631,1
#7 near-tied,87,3,4,4,0.096345623,1
#7 near-tied,87,3,4,5,0.103871371,1
#7 near-tied,87,3,5,2,0.078796165,1
#7 near-tied,87,3,5,3,0.094077726,1
#7 near-tied,87,3,5,4,0.093708178,1
#7 near-tied,87,3,5,5,0.111535608,0
#7 near-tied,88,3,0,2,0.077393528,1
#7 near-tied,88,3,0,3,0.082614383,1
#7 near-tied,88,3,0,4,0.076063249,1
#7 near-tied,88,3,0,5,0.125850961,0
#7 near-tied,88,3,1,2,0.076705914,1
#7 near-tied,88,3,1,3,0.085567938,1
#7 near-tied,88,3,1,4,0.071078401,1
#7 near-tied,88,3,1,5,0.094043595,1
#7 near-tied,88,3,2,2,0.054077758,1
#7 near-tied,88,3,2,3,0.062911100,1
#7 near-tied,88,3,2,4,0.089133512,1
#7 near-tied,88,3,2,5,0.092878488,1
#7 near-tied,88,3,3,2,0.073733889,1
#7 near-tied,88,3,3,3,0.081360666,1
#7 near-tied,88,3,3,4,0.113138599,1
#7 near-tied,88,3,3,5,0.106608079,1
#7 near-tied,88,3,4,2,0.076416923,1
#7 near-tied,88,3,4,3,0.080586631,1
#7 near-tied,88,3,4,4,0.096345623,1
#7 near-tied,88,3,4,5,0.103871371,1
#7 near-tied,88,3,5,2,0.078609237,1
#7 near-tied,88,3,5,3,0.094077726,1
#7 near-tied,88,3,5,4,0.093708178,1
#7 near-tied,88,3,5,5,0.111535608,0
#7 near-tied,89,3,0,2,0.077393528,1
#7 near-tied,89,3,0,3,0.082614383,1
#7 near-tied,89,3,0,4,0.076063249,1
#7 near-tied,89,3,0,5,0.125850961,0
#7 near-tied,89,3,1,2,0.076705914,1
#7 near-tied,89,3,1,3,0.085567938,1
#7 near-tied,89,3,1,4,0.071078401,1
#7 near-tied,89,3,1,5,0.094043595,1
#7 near-tied,89,3,2,2,0.054077758,1
#7 near-tied,89,3,2,3,0.062911100,1
#7 near-tied,89,3,2,4,0.089133512,1
#7 near-tied,89,3,2,5,0.092878488,1
#7 near-tied,89,3,3,2,0.073733889,1
#7 near-tied,89,3,3,3,0.081360666,1
#7 near-tied,89,3,3,4,0.113138599,1
#7 near-tied,89,3,3,5,0.106608079,1
#7 near-tied,89,3,4,2,0.076416923,1
#7 near-tied,89,3,4,3,0.080586631,1
#7 near-tied,89,3,4,4,0.096345623,1
#7 near-tied,89,3,4,5,0.103871371,1
#7 near-tied,89,3,5,2,0.076615846,1
#7 near-tied,89,3,5,3,0.094077726,1
#7 near-tied,89,3,5,4,0.093708178,1
#7 near-tied,89,3,5,5,0.111535608,0
#7 near-tied,90,3,0,2,0.077391078,1
#7 near-tied,90,3,0,3,0.082607783,1
#7 near-tied,90,3,0,4,0.076063249,1
#7 near-tied,90,3,0,5,0.125850961,0
#7 near-tied,90,3,1,2,0.076705914,1
#7 near-tied,90,3,1,3,0.085567938,1
#7 near-tied,90,3,1,4,0.071078401,1
#7 near-tied,90,3,1,5,0.094036733,1
#7 near-tied,90,3,2,2,0.054074054,1
#7 near-tied,90,3,2,3,0.061430124,1
#7 near-tied,90,3,2,4,0.086904608,1
#7 near-tied,90,3,2,5,0.091577861,1
#7 near-tied,90,3,3,2,0.073733889,1
#7 near-tied,90,3,3,3,0.081360666,1
#7 near-tied,90,3,3,4,0.113138599,1
#7 near-tied,90,3,3,5,0.106608079,1
#7 near-tied,90,3,4,2,0.076416923,1
#7 near-tied,90,3,4,3,0.080586631,1
#7 near-tied,90,3,4,4,0.096345623,1
#7 near-tied,90,3,4,5,0.103871371,1
#7 near-tied,90,3,5,2,0.076615846,1
#7 near-tied,90,3,5,3,0.094077726,1
#7 near-tied,90,3,5,4,0.093708178,1
#7 near-tied,90,3,5,5,0.110823417,1
#8 noisy,1,2,0,2,0.500000500,0
#8 noisy,1,2,0,3,0.500000500,0
#8 noisy,1,2,0,4,0.500000500,0
#8 noisy,1,2,0,5,0.500000500,1
#8 noisy,1,2,1,2,0.500000500,0
#8 noisy,1,2,1,3,0.500000500,0
#8 noisy,1,2,1,4,0.500000500,0
#8 noisy,1,2,1,5,0.500000500,1
#8 noisy,1,2,2,2,1.000000000,0
#8 noisy,1,2,2,3,1.000000000,0
#8 noisy,1,2,2,4,1.000000000,0
#8 noisy,1,2,2,5,1.000000000,0
#8 noisy,1,2,3,2,1.000000000,0
#8 noisy,1,2,3,3,1.000000000,0
#8 noisy,1,2,3,4,1.000000000,0
#8 noisy,1,2,3,5,1.000000000,0
#8 noisy,1,2,4,2,1.000000000,0
#8 noisy,1,2,4,3,1.000000000,0
#8 noisy,1,2,4,4,1.000000000,0
#8 noisy,1,2,4,5,1.000000000,0
#8 noisy,1,2,5,2,1.000000000,0
#8 noisy,1,2,5,3,1.000000000,0
#8 noisy,1,2,5,4,1.000000000,0
#8 noisy,1,2,5,5,1.000000000,0
#8 noisy,2,2,0,2,0.333333667,0
#8 noisy,2,2,0,3,0.333333667,0
#8 noisy,2,2,0,4,0.333333667,0
#8 noisy,2,2,0,5,0.333333667,1
#8 noisy,2,2,1,2,0.333334000,0
#8 noisy,2,2,1,3,0.333334000,0
#8 noisy,2,2,1,4,0.333334000,0
#8 noisy,2,2,1,5,0.333334000,1
#8 noisy,2,2,2,2,0.333334000,0
#8 noisy,2,2,2,3,0.333334000,0
#8 noisy,2,2,2,4,0.333334000,0
#8 noisy,2,2,2,5,0.333334000,1
#8 noisy,2,2,3,2,1.000000000,0
#8 noisy,2,2,3,3,1.000000000,0
#8 noisy,2,2,3,4,1.000000000,0
#8 noisy,2,2,3,5,1.000000000,0
#8 noisy,2,2,4,2,1.000000000,0
#8 noisy,2,2,4,3,1.000000000,0
#8 noisy,2,2,4,4,1.000000000,0
#8 noisy,2,2,4,5,1.000000000,0
#8 noisy,2,2,5,2,1.000000000,0
#8 noisy,2,2,5,3,1.000000000,0
#8 noisy,2,2,5,4,1.000000000,0
#8 noisy,2,2,5,5,1.000000000,0
#8 noisy,3,2,0,2,0.250000250,0
#8 noisy,3,2,0,3,0.250000250,0
#8 noisy,3,2,0,4,0.250000250,0
#8 noisy,3,2,0,5,0.250000250,1
#8 noisy,3,2,1,2,0.250000750,0
#8 noisy,3,2,1,3,0.250000750,0
#8 noisy,3,2,1,4,0.250000750,0
#8 noisy,3,2,1,5,0.250000750,1
#8 noisy,3,2,2,2,0.250000750,0
#8 noisy,3,2,2,3,0.250000750,0
#8 noisy,3,2,2,4,0.250000750,0
#8 noisy,3,2,2,5,0.250000750,1
#8 noisy,3,2,3,2,0.250000750,0
#8 noisy,3,2,3,3,0.250000750,0
#8 noisy,3,2,3,4,0.250000750,0
#8 noisy,3,2,3,5,0.250000750,1
#8 noisy,3,2,4,2,1.000000000,0
#8 noisy,3,2,4,3,1.000000000,0
#8 noisy,3,2,4,4,1.000000000,0
#8 noisy,3,2,4,5,1.000000000,0
#8 noisy,3,2,5,2,1.000000000,0
#8 noisy,3,2,5,3,1.000000000,0
#8 noisy,3,2,5,4,1.000000000,0
#8 noisy,3,2,5,5,1.000000000,0
#8 noisy,4,2,0,2,0.200000200,0
#8 noisy,4,2,0,3,0.200000200,0
#8 noisy,4,2,0,4,0.200000200,0
#8 noisy,4,2,0,5,0.200000200,1
#8 noisy,4,2,1,2,0.200000800,0
#8 noisy,4,2,1,3,0.200000800,0
#8 noisy,4,2,1,4,0.200000800,0
#8 noisy,4,2,1,5,0.200000800,1
#8 noisy,4,2,2,2,0.200000800,0
#8 noisy,4,2,2,3,0.200000800,0
#8 noisy,4,2,2,4,0.200000800,0
#8 noisy,4,2,2,5,0.200000800,1
#8 noisy,4,2,3,2,0.200000800,0
#8 noisy,4,2,3,3,0.200000800,0
#8 noisy,4,2,3,4,0.200000800,0
#8 noisy,4,2,3,5,0.200000800,1
#8 noisy,4,2,4,2,0.200000800,0
#8 noisy,4,2,4,3,0.200000800,0
#8 noisy,4,2,4,4,0.200000800,0
#8 noisy,4,2,4,5,0.200000800,1
#8 noisy,4,2,5,2,1.000000000,0
#8 noisy,4,2,5,3,1.000000000,0
#8 noisy,4,2,5,4,1.000000000,0
#8 noisy,4,2,5,5,1.000000000,0
#8 noisy,5,2,0,2,0.200000200,0
#8 noisy,5,2,0,3,0.200000200,0
#8 noisy,5,2,0,4,0.200000200,0
#8 noisy,5,2,0,5,0.033317033,1
#8 noisy,5,2,1,2,0.200000800,0
#8 noisy,5,2,1,3,0.200000800,0
#8 noisy,5,2,1,4,0.200000800,0
#8 noisy,5,2,1,5,0.033318300,1
#8 noisy,5,2,2,2,0.200000800,0
#8 noisy,5,2,2,3,0.200000800,0
#8 noisy,5,2,2,4,0.200000800,0
#8 noisy,5,2,2,5,0.033318300,1
#8 noisy,5,2,3,2,0.200000800,0
#8 noisy,5,2,3,3,0.200000800,0
#8 noisy,5,2,3,4,0.200000800,0
#8 noisy,5,2,3,5,0.033318300,1
#8 noisy,5,2,4,2,0.200000800,0
#8 noisy,5,2,4,3,0.200000800,0
#8 noisy,5,2,4,4,0.200000800,0
#8 noisy,5,2,4,5,0.033318300,1
#8 noisy,5,2,5,2,0.166584167,0
#8 noisy,5,2,5,3,0.166584167,0
#8 noisy,5,2,5,4,0.166584167,0
#8 noisy,5,2,5,5,0.166584167,1
#8 noisy,6,2,0,2,0.200000200,0
#8 noisy,6,2,0,3,0.200000200,0
#8 noisy,6,2,0,4,0.200000200,0
#8 noisy,6,2,0,5,0.033317033,1
#8 noisy,6,2,1,2,0.200000400,0
#8 noisy,6,2,1,3,0.200000400,0
#8 noisy,6,2,1,4,0.200000400,0
#8 noisy,6,2,1,5,0.033317483,1
#8 noisy,6,2,2,2,0.200000400,0
#8 noisy,6,2,2,3,0.200000400,0
#8 noisy,6,2,2,4,0.200000400,0
#8 noisy,6,2,2,5,0.033317483,1
#8 noisy,6,2,3,2,0.200000800,0
#8 noisy,6,2,3,3,0.200000800,0
#8 noisy,6,2,3,4,0.200000800,0
#8 noisy,6,2,3,5,0.033318300,1
#8 noisy,6,2,4,2,0.200000800,0
#8 noisy,6,2,4,3,0.200000800,0
#8 noisy,6,2,4,4,0.200000800,0
#8 noisy,6,2,4,5,0.033318300,1
#8 noisy,6,2,5,2,0.166584167,0
#8 noisy,6,2,5,3,0.166584167,0
#8 noisy,6,2,5,4,0.166584167,0
#8 noisy,6,2,5,5,0.166584167,1
#8 noisy,7,2,0,2,0.200020200,0
#8 noisy,7,2,0,3,0.200020200,0
#8 noisy,7,2,0,4,0.200020200,0
#8 noisy,7,2,0,5,0.033337200,1
#8 noisy,7,2,1,2,0.200020600,0
#8 noisy,7,2,1,3,0.200020600,0
#8 noisy,7,2,1,4,0.200020600,0
#8 noisy,7,2,1,5,0.033337544,1
#8 noisy,7,2,2,2,0.200020400,0
#8 noisy,7,2,2,3,0.200020400,0
#8 noisy,7,2,2,4,0.200020400,0
#8 noisy,7,2,2,5,0.033337483,1
#8 noisy,7,2,3,2,0.200000400,0
#8 noisy,7,2,3,3,0.200000400,0
#8 noisy,7,2,3,4,0.200000400,0
#8 noisy,7,2,3,5,0.033401233,1
#8 noisy,7,2,4,2,0.200020800,0
#8 noisy,7,2,4,3,0.200020800,0
#8 noisy,7,2,4,4,0.200020800,0
#8 noisy,7,2,4,5,0.033338300,1
#8 noisy,7,2,5,2,0.166600833,0
#8 noisy,7,2,5,3,0.166600833,0
#8 noisy,7,2,5,4,0.166600833,0
#8 noisy,7,2,5,5,0.166600833,1
#8 noisy,8,2,0,2,0.200020200,0
#8 noisy,8,2,0,3,0.200020200,0
#8 noisy,8,2,0,4,0.200020200,0
#8 noisy,8,2,0,5,0.033337117,1
#8 noisy,8,2,1,2,0.200020300,0
#8 noisy,8,2,1,3,0.200020300,0
#8 noisy,8,2,1,4,0.200020300,0
#8 noisy,8,2,1,5,0.033337175,1
#8 noisy,8,2,2,2,0.200020400,0
#8 noisy,8,2,2,3,0.200020400,0
#8 noisy,8,2,2,4,0.200020400,0
#8 noisy,8,2,2,5,0.033337483,1
#8 noisy,8,2,3,2,0.200000400,0
#8 noisy,8,2,3,3,0.200000400,0
#8 noisy,8,2,3,4,0.200000400,0
#8 noisy,8,2,3,5,0.033401233,1
#8 noisy,8,2,4,2,0.200020400,0
#8 noisy,8,2,4,3,0.200020400,0
#8 noisy,8,2,4,4,0.200020400,0
#8 noisy,8,2,4,5,0.033337483,1
#8 noisy,8,2,5,2,0.166600833,0
#8 noisy,8,2,5,3,0.166600833,0
#8 noisy,8,2,5,4,0.166600833,0
#8 noisy,8,2,5,5,0.166600833,1
#8 noisy,9,2,0,2,0.166700222,0
#8 noisy,9,2,0,3,0.166700222,0
#8 noisy,9,2,0,4,0.166700222,0
#8 noisy,9,2,0,5,0.000033778,1
#8 noisy,9,2,1,2,0.166700222,0
#8 noisy,9,2,1,3,0.166700222,0
#8 noisy,9,2,1,4,0.166700222,0
#8 noisy,9,2,1,5,0.000033778,1
#8 noisy,9,2,2,2,0.166700417,0
#8 noisy,9,2,2,3,0.166700417,0
#8 noisy,9,2,2,4,0.166700417,0
#8 noisy,9,2,2,5,0.000034167,1
#8 noisy,9,2,3,2,0.166683750,0
#8 noisy,9,2,3,3,0.166683750,0
#8 noisy,9,2,3,4,0.166683750,0
#8 noisy,9,2,3,5,0.000101250,1
#8 noisy,9,2,4,2,0.166700417,0
#8 noisy,9,2,4,3,0.166700417,0
#8 noisy,9,2,4,4,0.166700417,0
#8 noisy,9,2,4,5,0.000034167,1
#8 noisy,9,2,5,2,0.166683750,0
#8 noisy,9,2,5,3,0.166683750,0
#8 noisy,9,2,5,4,0.166683750,0
#8 noisy,9,2,5,5,0.000101250,1
#8 noisy,10,2,0,2,0.166683556,0
#8 noisy,10,2,0,3,0.166683556,0
#8 noisy,10,2,0,4,0.166683556,0
#8 noisy,10,2,0,5,0.000017056,1
#8 noisy,10,2,1,2,0.166683611,0
#8 noisy,10,2,1,3,0.166683611,0
#8 noisy,10,2,1,4,0.166683611,0
#8 noisy,10,2,1,5,0.000017167,1
#8 noisy,10,2,2,2,0.166683611,0
#8 noisy,10,2,2,3,0.166683611,0
#8 noisy,10,2,2,4,0.166683611,0
#8 noisy,10,2,2,5,0.000017278,1
#8 noisy,10,2,3,2,0.166683611,0
#8 noisy,10,2,3,3,0.166683611,0
#8 noisy,10,2,3,4,0.166683611,0
#8 noisy,10,2,3,5,0.000017778,1
#8 noisy,10,2,4,2,0.166683750,0
#8 noisy,10,2,4,3,0.166683750,0
#8 noisy,10,2,4,4,0.166683750,0
#8 noisy,10,2,4,5,0.000017500,1
#8 noisy,10,2,5,2,0.166667083,0
#8 noisy,10,2,5,3,0.166667083,0
#8 noisy,10,2,5,4,0.166667083,0
#8 noisy,10,2,5,5,0.000084583,1
#8 noisy,11,2,0,2,0.166683556,0
#8 noisy,11,2,0,3,0.166683556,0
#8 noisy,11,2,0,4,0.166683556,0
#8 noisy,11,2,0,5,0.000017056,1
#8 noisy,11,2,1,2,0.166683611,0
#8 noisy,11,2,1,3,0.166683611,0
#8 noisy,11,2,1,4,0.166683611,0
#8 noisy,11,2,1,5,0.000017167,1
#8 noisy,11,2,2,2,0.166683542,0
#8 noisy,11,2,2,3,0.166683542,0
#8 noisy,11,2,2,4,0.166683542,0
#8 noisy,11,2,2,5,0.000017097,1
#8 noisy,11,2,3,2,0.166683611,0
#8 noisy,11,2,3,3,0.166683611,0
#8 noisy,11,2,3,4,0.166683611,0
#8 noisy,11,2,3,5,0.000017778,1
#8 noisy,11,2,4,2,0.166683611,0
#8 noisy,11,2,4,3,0.166683611,0
#8 noisy,11,2,4,4,0.166683611,0
#8 noisy,11,2,4,5,0.000017222,1
#8 noisy,11,2,5,2,0.166667083,0
#8 noisy,11,2,5,3,0.166667083,0
#8 noisy,11,2,5,4,0.166667083,0
#8 noisy,11,2,5,5,0.000084583,1
#8 noisy,12,2,0,2,0.166666944,0
#8 noisy,12,2,0,3,0.166666944,0
#8 noisy,12,2,0,4,0.166666944,0
#8 noisy,12,2,0,5,0.000000444,1
#8 noisy,12,2,1,2,0.166666944,0
#8 noisy,12,2,1,3,0.166666944,0
#8 noisy,12,2,1,4,0.166666944,0
#8 noisy,12,2,1,5,0.000000444,1
#8 noisy,12,2,2,2,0.166666833,0
#8 noisy,12,2,2,3,0.166666833,0
#8 noisy,12,2,2,4,0.166666833,0
#8 noisy,12,2,2,5,0.000000333,1
#8 noisy,12,2,3,2,0.166666944,0
#8 noisy,12,2,3,3,0.166666944,0
#8 noisy,12,2,3,4,0.166666944,0
#8 noisy,12,2,3,5,0.000001111,1
#8 noisy,12,2,4,2,0.166666944,0
#8 noisy,12,2,4,3,0.166666944,0
#8 noisy,12,2,4,4,0.166666944,0
#8 noisy,12,2,4,5,0.000000556,1
#8 noisy,12,2,5,2,0.166666944,0
#8 noisy,12,2,5,3,0.166666944,0
#8 noisy,12,2,5,4,0.166666944,0
#8 noisy,12,2,5,5,0.000001111,1
#8 noisy,13,2,0,2,0.166666944,0
#8 noisy,13,2,0,3,0.166666944,0
#8 noisy,13,2,0,4,0.166666944,0
#8 noisy,13,2,0,5,0.000000444,1
#8 noisy,13,2,1,2,0.166666944,0
#8 noisy,13,2,1,3,0.166666944,0
#8 noisy,13,2,1,4,0.166666944,0
#8 noisy,13,2,1,5,0.000000444,1
#8 noisy,13,2,2,2,0.166666833,0
#8 noisy,13,2,2,3,0.166666833,0
#8 noisy,13,2,2,4,0.166666833,0
#8 noisy,13,2,2,5,0.000000333,1
#8 noisy,13,2,3,2,0.166667083,0
#8 noisy,13,2,3,3,0.166667083,0
#8 noisy,13,2,3,4,0.166667083,0
#8 noisy,13,2,3,5,0.000000833,1
#8 noisy,13,2,4,2,0.166666875,0
#8 noisy,13,2,4,3,0.166666875,0
#8 noisy,13,2,4,4,0.166666875,0
#8 noisy,13,2,4,5,0.000000625,1
#8 noisy,13,2,5,2,0.166666944,0
#8 noisy,13,2,5,3,0.166666944,0
#8 noisy,13,2,5,4,0.166666944,0
#8 noisy,13,2,5,5,0.000001111,1
#8 noisy,14,2,0,2,0.166666944,0
#8 noisy,14,2,0,3,0.166666944,0
#8 noisy,14,2,0,4,0.166666944,0
#8 noisy,14,2,0,5,0.000000444,1
#8 noisy,14,2,1,2,0.166666944,0
#8 noisy,14,2,1,3,0.166666944,0
#8 noisy,14,2,1,4,0.166666944,0
#8 noisy,14,2,1,5,0.000000444,1
#8 noisy,14,2,2,2,0.166666833,0
#8 noisy,14,2,2,3,0.166666833,0
#8 noisy,14,2,2,4,0.166666833,0
#8 noisy,14,2,2,5,0.000000333,1
#8 noisy,14,2,3,2,0.166666944,0
#8 noisy,14,2,3,3,0.166666944,0
#8 noisy,14,2,3,4,0.166666944,0
#8 noisy,14,2,3,5,0.000000556,1
#8 noisy,14,2,4,2,0.166666875,0
#8 noisy,14,2,4,3,0.166666875,0
#8 noisy,14,2,4,4,0.166666875,0
#8 noisy,14,2,4,5,0.000000625,1
#8 noisy,14,2,5,2,0.166666875,0
#8 noisy,14,2,5,3,0.166666875,0
#8 noisy,14,2,5,4,0.166666875,0
#8 noisy,14,2,5,5,0.000000625,1
#8 noisy,15,2,0,2,0.166666944,0
#8 noisy,15,2,0,3,0.166666944,0
#8 noisy,15,2,0,4,0.166666944,0
#8 noisy,15,2,0,5,0.000000444,1
#8 noisy,15,2,1,2,0.166666944,0
#8 noisy,15,2,1,3,0.166666944,0
#8 noisy,15,2,1,4,0.166666944,0
#8 noisy,15,2,1,5,0.000000444,1
#8 noisy,15,2,2,2,0.166666833,0
#8 noisy,15,2,2,3,0.166666833,0
#8 noisy,15,2,2,4,0.166666833,0
#8 noisy,15,2,2,5,0.000000333,1
#8 noisy,15,2,3,2,0.166666944,0
#8 noisy,15,2,3,3,0.166666944,0
#8 noisy,15,2,3,4,0.166666944,0
#8 noisy,15,2,3,5,0.000000556,1
#8 noisy,15,2,4,2,0.166666833,0
#8 noisy,15,2,4,3,0.166666833,0
#8 noisy,15,2,4,4,0.166666833,0
#8 noisy,15,2,4,5,0.000000444,1
#8 noisy,15,2,5,2,0.166666833,0
#8 noisy,15,2,5,3,0.166666833,0
#8 noisy,15,2,5,4,0.166666833,0
#8 noisy,15,2,5,5,0.000000444,1
#8 noisy,16,2,0,2,0.166666944,0
#8 noisy,16,2,0,3,0.166666944,1
#8 noisy,16,2,0,4,0.166666944,1
#8 noisy,16,2,0,5,0.000000444,1
#8 noisy,16,2,1,2,0.166666944,0
#8 noisy,16,2,1,3,0.166666944,1
#8 noisy,16,2,1,4,0.166666944,1
#8 noisy,16,2,1,5,0.000000444,1
#8 noisy,16,2,2,2,0.166666833,0
#8 noisy,16,2,2,3,0.166666833,0
#8 noisy,16,2,2,4,0.166666833,0
#8 noisy,16,2,2,5,0.000000333,1
#8 noisy,16,2,3,2,0.166666944,0
#8 noisy,16,2,3,3,0.166666944,0
#8 noisy,16,2,3,4,0.166666944,0
#8 noisy,16,2,3,5,0.000000556,1
#8 noisy,16,2,4,2,0.166666833,0
#8 noisy,16,2,4,3,0.166666833,0
#8 noisy,16,2,4,4,0.166666833,0
#8 noisy,16,2,4,5,0.000000444,1
#8 noisy,16,2,5,2,0.166666833,0
#8 noisy,16,2,5,3,0.166666833,0
#8 noisy,16,2,5,4,0.166666833,0
#8 noisy,16,2,5,5,0.000000444,1
#8 noisy,17,2,0,2,0.166666944,1
#8 noisy,17,2,0,3,0.166666944,1
#8 noisy,17,2,0,4,0.166666944,1
#8 noisy,17,2,0,5,0.000000444,1
#8 noisy,17,2,1,2,0.166666944,1
#8 noisy,17,2,1,3,0.166666944,1
#8 noisy,17,2,1,4,0.166666944,1
#8 noisy,17,2,1,5,0.000000444,1
#8 noisy,17,2,2,2,0.166666833,0
#8 noisy,17,2,2,3,0.166666833,0
#8 noisy,17,2,2,4,0.166666833,0
#8 noisy,17,2,2,5,0.000000333,1
#8 noisy,17,2,3,2,0.166666944,0
#8 noisy,17,2,3,3,0.166666944,0
#8 noisy,17,2,3,4,0.166666944,0
#8 noisy,17,2,3,5,0.000000556,1
#8 noisy,17,2,4,2,0.166666833,0
#8 noisy,17,2,4,3,0.166666833,0
#8 noisy,17,2,4,4,0.166666833,0
#8 noisy,17,2,4,5,0.000000444,1
#8 noisy,17,2,5,2,0.166666833,0
#8 noisy,17,2,5,3,0.166666833,0
#8 noisy,17,2,5,4,0.166666833,0
#8 noisy,17,2,5,5,0.000000444,1
#8 noisy,18,2,0,2,0.166666944,1
#8 noisy,18,2,0,3,0.166666944,1
#8 noisy,18,2,0,4,0.166666944,1
#8 noisy,18,2,0,5,0.000000444,1
#8 noisy,18,2,1,2,0.166666944,1
#8 noisy,18,2,1,3,0.166666944,1
#8 noisy,18,2,1,4,0.166666944,1
#8 noisy,18,2,1,5,0.000000444,1
#8 noisy,18,2,2,2,0.166666833,0
#8 noisy,18,2,2,3,0.166666833,0
#8 noisy,18,2,2,4,0.166666833,0
#8 noisy,18,2,2,5,0.000000333,1
#8 noisy,18,2,3,2,0.166666944,1
#8 noisy,18,2,3,3,0.166666944,1
#8 noisy,18,2,3,4,0.166666944,0
#8 noisy,18,2,3,5,0.000000556,1
#8 noisy,18,2,4,2,0.166666833,0
#8 noisy,18,2,4,3,0.166666833,0
#8 noisy,18,2,4,4,0.166666833,0
#8 noisy,18,2,4,5,0.000000444,1
#8 noisy,18,2,5,2,0.166666833,0
#8 noisy,18,2,5,3,0.166666833,0
#8 noisy,18,2,5,4,0.166666833,0
#8 noisy,18,2,5,5,0.000000444,1
#8 noisy,19,2,0,2,0.166666944,1
#8 noisy,19,2,0,3,0.166666944,1
#8 noisy,19,2,0,4,0.166666944,1
#8 noisy,19,2,0,5,0.000000444,1
#8 noisy,19,2,1,2,0.166666944,1
#8 noisy,19,2,1,3,0.166666944,1
#8 noisy,19,2,1,4,0.166666944,1
#8 noisy,19,2,1,5,0.000000444,1
#8 noisy,19,2,2,2,0.166666833,0
#8 noisy,19,2,2,3,0.166666833,0
#8 noisy,19,2,2,4,0.166666833,0
#8 noisy,19,2,2,5,0.000000333,1
#8 noisy,19,2,3,2,0.166666944,1
#8 noisy,19,2,3,3,0.166666944,1
#8 noisy,19,2,3,4,0.166666944,1
#8 noisy,19,2,3,5,0.000000556,1
#8 noisy,19,2,4,2,0.166666833,0
#8 noisy,19,2,4,3,0.166666833,0
#8 noisy,19,2,4,4,0.166666833,0
#8 noisy,19,2,4,5,0.000000444,1
#8 noisy,19,2,5,2,0.166666833,0
#8 noisy,19,2,5,3,0.166666833,0
#8 noisy,19,2,5,4,0.166666833,0
#8 noisy,19,2,5,5,0.000000444,1
#8 noisy,20,2,0,2,0.166666944,1
#8 noisy,20,2,0,3,0.166666944,1
#8 noisy,20,2,0,4,0.166666944,1
#8 noisy,20,2,0,5,0.000000444,1
#8 noisy,20,2,1,2,0.166666944,1
#8 noisy,20,2,1,3,0.166666944,1
#8 noisy,20,2,1,4,0.166666944,1
#8 noisy,20,2,1,5,0.000000444,1
#8 noisy,20,2,2,2,0.166666833,0
#8 noisy,20,2,2,3,0.166666833,0
#8 noisy,20,2,2,4,0.166666833,0
#8 noisy,20,2,2,5,0.000000333,1
#8 noisy,20,2,3,2,0.166666944,1
#8 noisy,20,2,3,3,0.166666944,1
#8 noisy,20,2,3,4,0.166666944,1
#8 noisy,20,2,3,5,0.000000556,1
#8 noisy,20,2,4,2,0.166666833,0
#8 noisy,20,2,4,3,0.166666833,0
#8 noisy,20,2,4,4,0.166666833,0
#8 noisy,20,2,4,5,0.000000444,1
#8 noisy,20,2,5,2,0.166666833,0
#8 noisy,20,2,5,3,0.166666833,0
#8 noisy,20,2,5,4,0.166666833,0
#8 noisy,20,2,5,5,0.000000444,1
#8 noisy,21,2,0,2,0.166666944,1
#8 noisy,21,2,0,3,0.166666944,1
#8 noisy,21,2,0,4,0.166666944,1
#8 noisy,21,2,0,5,0.000000444,1
#8 noisy,21,2,1,2,0.166666944,1
#8 noisy,21,2,1,3,0.166666944,1
#8 noisy,21,2,1,4,0.166666944,1
#8 noisy,21,2,1,5,0.000000444,1
#8 noisy,21,2,2,2,0.166666833,0
#8 noisy,21,2,2,3,0.166666833,0
#8 noisy,21,2,2,4,0.166666833,0
#8 noisy,21,2,2,5,0.000000333,1
#8 noisy,21,2,3,2,0.166666944,1
#8 noisy,21,2,3,3,0.166666944,1
#8 noisy,21,2,3,4,0.166666944,1
#8 noisy,21,2,3,5,0.000000556,1
#8 noisy,21,2,4,2,0.166666833,0
#8 noisy,21,2,4,3,0.166666833,0
#8 noisy,21,2,4,4,0.166666833,0
#8 noisy,21,2,4,5,0.000000444,1
#8 noisy,21,2,5,2,0.166666833,0
#8 noisy,21,2,5,3,0.166666833,0
#8 noisy,21,2,5,4,0.166666833,0
#8 noisy,21,2,5,5,0.000000444,1
#8 noisy,22,2,0,2,0.166666944,1
#8 noisy,22,2,0,3,0.166666944,1
#8 noisy,22,2,0,4,0.166666944,1
#8 noisy,22,2,0,5,0.000000444,1
#8 noisy,22,2,1,2,0.166666944,1
#8 noisy,22,2,1,3,0.166666944,1
#8 noisy,22,2,1,4,0.166666944,1
#8 noisy,22,2,1,5,0.000000444,1
#8 noisy,22,2,2,2,0.166666833,0
#8 noisy,22,2,2,3,0.166666833,0
#8 noisy,22,2,2,4,0.166666833,0
#8 noisy,22,2,2,5,0.000000333,1
#8 noisy,22,2,3,2,0.166666944,1
#8 noisy,22,2,3,3,0.166666944,1
#8 noisy,22,2,3,4,0.166666944,1
#8 noisy,22,2,3,5,0.000000556,1
#8 noisy,22,2,4,2,0.166666833,1
#8 noisy,22,2,4,3,0.166666833,0
#8 noisy,22,2,4,4,0.166666833,1
#8 noisy,22,2,4,5,0.000000444,1
#8 noisy,22,2,5,2,0.166666833,0
#8 noisy,22,2,5,3,0.166666833,0
#8 noisy,22,2,5,4,0.166666833,0
#8 noisy,22,2,5,5,0.000000444,1
#8 noisy,23,2,0,2,0.166666944,1
#8 noisy,23,2,0,3,0.166666944,1
#8 noisy,23,2,0,4,0.166666944,1
#8 noisy,23,2,0,5,0.000000444,1
#8 noisy,23,2,1,2,0.166666944,1
#8 noisy,23,2,1,3,0.166666944,1
#8 noisy,23,2,1,4,0.166666944,1
#8 noisy,23,2,1,5,0.000000444,1
#8 noisy,23,2,2,2,0.166666833,0
#8 noisy,23,2,2,3,0.166666833,0
#8 noisy,23,2,2,4,0.166666833,0
#8 noisy,23,2,2,5,0.000000333,1
#8 noisy,23,2,3,2,0.166666944,1
#8 noisy,23,2,3,3,0.166666944,1
#8 noisy,23,2,3,4,0.166666944,1
#8 noisy,23,2,3,5,0.000000556,1
#8 noisy,23,2,4,2,0.166666833,1
#8 noisy,23,2,4,3,0.166666833,1
#8 noisy,23,2,4,4,0.166666833,1
#8 noisy,23,2,4,5,0.000000444,1
#8 noisy,23,2,5,2,0.166666833,0
#8 noisy,23,2,5,3,0.166666833,0
#8 noisy,23,2,5,4,0.166666833,0
#8 noisy,23,2,5,5,0.000000444,1
#8 noisy,24,2,0,2,0.166666944,1
#8 noisy,24,2,0,3,0.166666944,1
#8 noisy,24,2,0,4,0.166666944,1
#8 noisy,24,2,0,5,0.000000444,1
#8 noisy,24,2,1,2,0.166666944,1
#8 noisy,24,2,1,3,0.166666944,1
#8 noisy,24,2,1,4,0.166666944,1
#8 noisy,24,2,1,5,0.000000444,1
#8 noisy,24,2,2,2,0.166666833,0
#8 noisy,24,2,2,3,0.166666833,0
#8 noisy,24,2,2,4,0.166666833,0
#8 noisy,24,2,2,5,0.000000333,1
#8 noisy,24,2,3,2,0.166666944,1
#8 noisy,24,2,3,3,0.166666944,1
#8 noisy,24,2,3,4,0.166666944,1
#8 noisy,24,2,3,5,0.000000556,1
#8 noisy,24,2,4,2,0.166666833,1
#8 noisy,24,2,4,3,0.166666833,1
#8 noisy,24,2,4,4,0.166666833,1
#8 noisy,24,2,4,5,0.000000444,1
#8 noisy,24,2,5,2,0.166666833,1
#8 noisy,24,2,5,3,0.166666833,0
#8 noisy,24,2,5,4,0.166666833,1
#8 noisy,24,2,5,5,0.000000444,1
#8 noisy,25,2,0,2,0.166666944,1
#8 noisy,25,2,0,3,0.166666944,1
#8 noisy,25,2,0,4,0.166666944,1
#8 noisy,25,2,0,5,0.000000444,1
#8 noisy,25,2,1,2,0.166666944,1
#8 noisy,25,2,1,3,0.166666944,1
#8 noisy,25,2,1,4,0.166666944,1
#8 noisy,25,2,1,5,0.000000444,1
#8 noisy,25,2,2,2,0.166666833,0
#8 noisy,25,2,2,3,0.166666833,0
#8 noisy,25,2,2,4,0.166666833,0
#8 noisy,25,2,2,5,0.000000333,1
#8 noisy,25,2,3,2,0.166666944,1
#8 noisy,25,2,3,3,0.166666944,1
#8 noisy,25,2,3,4,0.166666944,1
#8 noisy,25,2,3,5,0.000000556,1
#8 noisy,25,2,4,2,0.166666833,1
#8 noisy,25,2,4,3,0.166666833,1
#8 noisy,25,2,4,4,0.166666833,1
#8 noisy,25,2,4,5,0.000000444,1
#8 noisy,25,2,5,2,0.166666833,1
#8 noisy,25,2,5,3,0.166666833,0
#8 noisy,25,2,5,4,0.166666833,1
#8 noisy,25,2,5,5,0.000000444,1
#8 noisy,26,2,0,2,0.166666944,1
#8 noisy,26,2,0,3,0.166666944,1
#8 noisy,26,2,0,4,0.166666944,1
#8 noisy,26,2,0,5,0.000000444,1
#8 noisy,26,2,1,2,0.166666944,1
#8 noisy,26,2,1,3,0.166666944,1
#8 noisy,26,2,1,4,0.166666944,1
#8 noisy,26,2,1,5,0.000000444,1
#8 noisy,26,2,2,2,0.166666833,0
#8 noisy,26,2,2,3,0.166666833,1
#8 noisy,26,2,2,4,0.166666833,1
#8 noisy,26,2,2,5,0.000000333,1
#8 noisy,26,2,3,2,0.166666944,1
#8 noisy,26,2,3,3,0.166666944,1
#8 noisy,26,2,3,4,0.166666944,1
#8 noisy,26,2,3,5,0.000000556,1
#8 noisy,26,2,4,2,0.166666833,1
#8 noisy,26,2,4,3,0.166666833,1
#8 noisy,26,2,4,4,0.166666833,1
#8 noisy,26,2,4,5,0.000000444,1
#8 noisy,26,2,5,2,0.166666833,1
#8 noisy,26,2,5,3,0.166666833,1
#8 noisy,26,2,5,4,0.166666833,1
#8 noisy,26,2,5,5,0.000000444,1
#8 noisy,27,2,0,2,0.166666944,1
#8 noisy,27,2,0,3,0.166666944,1
#8 noisy,27,2,0,4,0.166666944,1
#8 noisy,27,2,0,5,0.000000444,1
#8 noisy,27,2,1,2,0.166666944,1
#8 noisy,27,2,1,3,0.166666944,1
#8 noisy,27,2,1,4,0.166666944,1
#8 noisy,27,2,1,5,0.000000444,1
#8 noisy,27,2,2,2,0.166666833,0
#8 noisy,27,2,2,3,0.166666833,1
#8 noisy,27,2,2,4,0.166666833,1
#8 noisy,27,2,2,5,0.000000333,1
#8 noisy,27,2,3,2,0.166666944,1
#8 noisy,27,2,3,3,0.166666944,1
#8 noisy,27,2,3,4,0.166666944,1
#8 noisy,27,2,3,5,0.000000556,1
#8 noisy,27,2,4,2,0.166666833,1
#8 noisy,27,2,4,3,0.166666833,1
#8 noisy,27,2,4,4,0.166666833,1
#8 noisy,27,2,4,5,0.000000444,1
#8 noisy,27,2,5,2,0.166666833,1
#8 noisy,27,2,5,3,0.166666833,1
#8 noisy,27,2,5,4,0.166666833,1
#8 noisy,27,2,5,5,0.000000444,1
#8 noisy,28,2,0,2,0.166666944,1
#8 noisy,28,2,0,3,0.166666944,1
#8 noisy,28,2,0,4,0.166666944,1
#8 noisy,28,2,0,5,0.000000444,1
#8 noisy,28,2,1,2,0.166666944,1
#8 noisy,28,2,1,3,0.166666944,1
#8 noisy,28,2,1,4,0.166666944,1
#8 noisy,28,2,1,5,0.000000444,1
#8 noisy,28,2,2,2,0.166666833,1
#8 noisy,28,2,2,3,0.166666833,1
#8 noisy,28,2,2,4,0.166666833,1
#8 noisy,28,2,2,5,0.000000333,1
#8 noisy,28,2,3,2,0.166666944,1
#8 noisy,28,2,3,3,0.166666944,1
#8 noisy,28,2,3,4,0.166666944,1
#8 noisy,28,2,3,5,0.000000556,1
#8 noisy,28,2,4,2,0.166666833,1
#8 noisy,28,2,4,3,0.166666833,1
#8 noisy,28,2,4,4,0.166666833,1
#8 noisy,28,2,4,5,0.000000444,1
#8 noisy,28,2,5,2,0.166666833,1
#8 noisy,28,2,5,3,0.166666833,1
#8 noisy,28,2,5,4,0.166666833,1
#8 noisy,28,2,5,5,0.000000444,1
#8 noisy,29,3,0,2,0.166666944,1
#8 noisy,29,3,0,3,0.166666944,1
#8 noisy,29,3,0,4,0.166666944,0
#8 noisy,29,3,0,5,0.000000444,0
#8 noisy,29,3,1,2,0.166666944,1
#8 noisy,29,3,1,3,0.166666944,0
#8 noisy,29,3,1,4,0.166666944,1
#8 noisy,29,3,1,5,0.000000444,0
#8 noisy,29,3,2,2,0.166666833,0
#8 noisy,29,3,2,3,0.166666833,0
#8 noisy,29,3,2,4,0.083334000,1
#8 noisy,29,3,2,5,0.000000333,1
#8 noisy,29,3,3,2,0.166666944,0
#8 noisy,29,3,3,3,0.166666944,0
#8 noisy,29,3,3,4,0.166666944,0
#8 noisy,29,3,3,5,0.000000556,0
#8 noisy,29,3,4,2,0.166666833,0
#8 noisy,29,3,4,3,0.166666833,0
#8 noisy,29,3,4,4,0.166666833,0
#8 noisy,29,3,4,5,0.000000444,0
#8 noisy,29,3,5,2,0.166666833,0
#8 noisy,29,3,5,3,0.166666833,0
#8 noisy,29,3,5,4,0.166666833,0
#8 noisy,29,3,5,5,0.000000444,0
#8 noisy,30,3,0,2,0.166666944,1
#8 noisy,30,3,0,3,0.166666944,1
#8 noisy,30,3,0,4,0.166666944,1
#8 noisy,30,3,0,5,0.000000444,0
#8 noisy,30,3,1,2,0.166666944,1
#8 noisy,30,3,1,3,0.166666944,0
#8 noisy,30,3,1,4,0.166666944,1
#8 noisy,30,3,1,5,0.000000444,0
#8 noisy,30,3,2,2,0.166666833,0
#8 noisy,30,3,2,3,0.166666833,1
#8 noisy,30,3,2,4,0.083334000,1
#8 noisy,30,3,2,5,0.000000333,1
#8 noisy,30,3,3,2,0.166666944,0
#8 noisy,30,3,3,3,0.166666944,0
#8 noisy,30,3,3,4,0.166666944,0
#8 noisy,30,3,3,5,0.000000556,0
#8 noisy,30,3,4,2,0.166666833,0
#8 noisy,30,3,4,3,0.166666833,0
#8 noisy,30,3,4,4,0.166666833,0
#8 noisy,30,3,4,5,0.000000444,0
#8 noisy,30,3,5,2,0.166666833,0
#8 noisy,30,3,5,3,0.166666833,1
#8 noisy,30,3,5,4,0.166666833,1
#8 noisy,30,3,5,5,0.000000444,0
#8 noisy,31,3,0,2,0.166666944,1
#8 noisy,31,3,0,3,0.166666944,1
#8 noisy,31,3,0,4,0.083334111,1
#8 noisy,31,3,0,5,0.000000444,1
#8 noisy,31,3,1,2,0.166666944,1
#8 noisy,31,3,1,3,0.166666944,0
#8 noisy,31,3,1,4,0.166666944,1
#8 noisy,31,3,1,5,0.000000444,0
#8 noisy,31,3,2,2,0.166666833,0
#8 noisy,31,3,2,3,0.166666833,1
#8 noisy,31,3,2,4,0.083334000,1
#8 noisy,31,3,2,5,0.000000333,1
#8 noisy,31,3,3,2,0.166666944,0
#8 noisy,31,3,3,3,0.166666944,0
#8 noisy,31,3,3,4,0.166666944,0
#8 noisy,31,3,3,5,0.000000556,0
#8 noisy,31,3,4,2,0.166666833,0
#8 noisy,31,3,4,3,0.166666833,1
#8 noisy,31,3,4,4,0.166666833,1
#8 noisy,31,3,4,5,0.000000444,0
#8 noisy,31,3,5,2,0.166666833,0
#8 noisy,31,3,5,3,0.166666833,1
#8 noisy,31,3,5,4,0.166666833,1
#8 noisy,31,3,5,5,0.000000444,0
#8 noisy,32,3,0,2,0.166666944,1
#8 noisy,32,3,0,3,0.166666944,1
#8 noisy,32,3,0,4,0.083334111,1
#8 noisy,32,3,0,5,0.000000444,1
#8 noisy,32,3,1,2,0.166666944,1
#8 noisy,32,3,1,3,0.166666944,0
#8 noisy,32,3,1,4,0.166666944,1
#8 noisy,32,3,1,5,0.000000444,0
#8 noisy,32,3,2,2,0.166666833,1
#8 noisy,32,3,2,3,0.166666833,1
#8 noisy,32,3,2,4,0.083333833,1
#8 noisy,32,3,2,5,0.000000333,1
#8 noisy,32,3,3,2,0.166666944,0
#8 noisy,32,3,3,3,0.166666944,0
#8 noisy,32,3,3,4,0.166666944,0
#8 noisy,32,3,3,5,0.000000556,0
#8 noisy,32,3,4,2,0.166666833,0
#8 noisy,32,3,4,3,0.166666833,1
#8 noisy,32,3,4,4,0.166666833,1
#8 noisy,32,3,4,5,0.000000444,0
#8 noisy,32,3,5,2,0.166666833,0
#8 noisy,32,3,5,3,0.166666833,1
#8 noisy,32,3,5,4,0.083334000,1
#8 noisy,32,3,5,5,0.000000444,1
#8 noisy,33,3,0,2,0.166666944,1
#8 noisy,33,3,0,3,0.166666944,1
#8 noisy,33,3,0,4,0.083333944,1
#8 noisy,33,3,0,5,0.000000444,1
#8 noisy,33,3,1,2,0.166666944,1
#8 noisy,33,3,1,3,0.166666944,0
#8 noisy,33,3,1,4,0.166666944,1
#8 noisy,33,3,1,5,0.000000444,0
#8 noisy,33,3,2,2,0.166666833,1
#8 noisy,33,3,2,3,0.166666833,1
#8 noisy,33,3,2,4,0.083333833,1
#8 noisy,33,3,2,5,0.000000333,1
#8 noisy,33,3,3,2,0.166666944,0
#8 noisy,33,3,3,3,0.166666944,0
#8 noisy,33,3,3,4,0.166666944,0
#8 noisy,33,3,3,5,0.000000556,0
#8 noisy,33,3,4,2,0.166666833,0
#8 noisy,33,3,4,3,0.166666833,1
#8 noisy,33,3,4,4,0.166666833,1
#8 noisy,33,3,4,5,0.000000444,0
#8 noisy,33,3,5,2,0.166666833,1
#8 noisy,33,3,5,3,0.166666833,1
#8 noisy,33,3,5,4,0.083334000,1
#8 noisy,33,3,5,5,0.000000444,1
#8 noisy,34,3,0,2,0.166666944,1
#8 noisy,34,3,0,3,0.166666944,1
#8 noisy,34,3,0,4,0.083333944,1
#8 noisy,34,3,0,5,0.000000444,1
#8 noisy,34,3,1,2,0.166666944,1
#8 noisy,34,3,1,3,0.166666944,1
#8 noisy,34,3,1,4,0.166666944,1
#8 noisy,34,3,1,5,0.000000444,1
#8 noisy,34,3,2,2,0.166666833,1
#8 noisy,34,3,2,3,0.166666833,1
#8 noisy,34,3,2,4,0.083333833,1
#8 noisy,34,3,2,5,0.000000333,1
#8 noisy,34,3,3,2,0.166666944,0
#8 noisy,34,3,3,3,0.166666944,0
#8 noisy,34,3,3,4,0.166666944,0
#8 noisy,34,3,3,5,0.000000556,0
#8 noisy,34,3,4,2,0.166666833,1
#8 noisy,34,3,4,3,0.166666833,1
#8 noisy,34,3,4,4,0.166666833,1
#8 noisy,34,3,4,5,0.000000444,1
#8 noisy,34,3,5,2,0.166666833,1
#8 noisy,34,3,5,3,0.166666833,1
#8 noisy,34,3,5,4,0.083334000,1
#8 noisy,34,3,5,5,0.000000444,1
#8 noisy,35,3,0,2,0.166666944,1
#8 noisy,35,3,0,3,0.166666944,1
#8 noisy,35,3,0,4,0.083333944,1
#8 noisy,35,3,0,5,0.000000444,1
#8 noisy,35,3,1,2,0.166666875,1
#8 noisy,35,3,1,3,0.166666875,1
#8 noisy,35,3,1,4,0.166666875,1
#8 noisy,35,3,1,5,0.000000444,1
#8 noisy,35,3,2,2,0.166666833,1
#8 noisy,35,3,2,3,0.166666833,1
#8 noisy,35,3,2,4,0.083333833,1
#8 noisy,35,3,2,5,0.000000333,1
#8 noisy,35,3,3,2,0.166666875,1
#8 noisy,35,3,3,3,0.166666875,0
#8 noisy,35,3,3,4,0.166666875,0
#8 noisy,35,3,3,5,0.000000556,0
#8 noisy,35,3,4,2,0.166666833,1
#8 noisy,35,3,4,3,0.166666833,1
#8 noisy,35,3,4,4,0.166666833,1
#8 noisy,35,3,4,5,0.000000444,1
#8 noisy,35,3,5,2,0.166666833,1
#8 noisy,35,3,5,3,0.166666833,1
#8 noisy,35,3,5,4,0.083334000,1
#8 noisy,35,3,5,5,0.000000444,1
#8 noisy,36,3,0,2,0.166666944,1
#8 noisy,36,3,0,3,0.166666944,1
#8 noisy,36,3,0,4,0.083333861,1
#8 noisy,36,3,0,5,0.000000444,1
#8 noisy,36,3,1,2,0.166666875,1
#8 noisy,36,3,1,3,0.166666875,1
#8 noisy,36,3,1,4,0.166666875,1
#8 noisy,36,3,1,5,0.000000444,1
#8 noisy,36,3,2,2,0.166666833,1
#8 noisy,36,3,2,3,0.166666833,1
#8 noisy,36,3,2,4,0.083333833,1
#8 noisy,36,3,2,5,0.000000333,1
#8 noisy,36,3,3,2,0.166666875,1
#8 noisy,36,3,3,3,0.166666875,1
#8 noisy,36,3,3,4,0.166666875,1
#8 noisy,36,3,3,5,0.000000556,0
#8 noisy,36,3,4,2,0.166666833,1
#8 noisy,36,3,4,3,0.166666833,1
#8 noisy,36,3,4,4,0.166666833,1
#8 noisy,36,3,4,5,0.000000444,1
#8 noisy,36,3,5,2,0.166666833,1
#8 noisy,36,3,5,3,0.166666833,1
#8 noisy,36,3,5,4,0.083334000,1
#8 noisy,36,3,5,5,0.000000444,1
#8 noisy,37,3,0,2,0.166666875,1
#8 noisy,37,3,0,3,0.166666875,1
#8 noisy,37,3,0,4,0.083333708,1
#8 noisy,37,3,0,5,0.000000347,1
#8 noisy,37,3,1,2,0.166666875,1
#8 noisy,37,3,1,3,0.166666875,1
#8 noisy,37,3,1,4,0.166666875,1
#8 noisy,37,3,1,5,0.000000444,1
#8 noisy,37,3,2,2,0.166666833,1
#8 noisy,37,3,2,3,0.166666833,1
#8 noisy,37,3,2,4,0.083333750,1
#8 noisy,37,3,2,5,0.000000333,1
#8 noisy,37,3,3,2,0.166666875,1
#8 noisy,37,3,3,3,0.166666875,1
#8 noisy,37,3,3,4,0.166666875,1
#8 noisy,37,3,3,5,0.000000556,0
#8 noisy,37,3,4,2,0.166666833,1
#8 noisy,37,3,4,3,0.166666833,1
#8 noisy,37,3,4,4,0.166666833,1
#8 noisy,37,3,4,5,0.000000444,1
#8 noisy,37,3,5,2,0.166666806,1
#8 noisy,37,3,5,3,0.166666806,1
#8 noisy,37,3,5,4,0.083333972,1
#8 noisy,37,3,5,5,0.000000347,1
#8 noisy,38,3,0,2,0.166666833,1
#8 noisy,38,3,0,3,0.166666833,1
#8 noisy,38,3,0,4,0.083333667,1
#8 noisy,38,3,0,5,0.000000347,1
#8 noisy,38,3,1,2,0.166666875,1
#8 noisy,38,3,1,3,0.166666875,1
#8 noisy,38,3,1,4,0.083334042,1
#8 noisy,38,3,1,5,0.000000444,1
#8 noisy,38,3,2,2,0.166666833,1
#8 noisy,38,3,2,3,0.166666833,1
#8 noisy,38,3,2,4,0.083333750,1
#8 noisy,38,3,2,5,0.000000333,1
#8 noisy,38,3,3,2,0.166666875,1
#8 noisy,38,3,3,3,0.166666875,1
#8 noisy,38,3,3,4,0.083334042,1
#8 noisy,38,3,3,5,0.000000556,0
#8 noisy,38,3,4,2,0.166666806,1
#8 noisy,38,3,4,3,0.166666806,1
#8 noisy,38,3,4,4,0.083333972,1
#8 noisy,38,3,4,5,0.000000444,1
#8 noisy,38,3,5,2,0.166666806,1
#8 noisy,38,3,5,3,0.166666806,1
#8 noisy,38,3,5,4,0.083333972,1
#8 noisy,38,3,5,5,0.000000347,1
#8 noisy,39,3,0,2,0.166567833,1
#8 noisy,39,3,0,3,0.166567833,1
#8 noisy,39,3,0,4,0.083284000,1
#8 noisy,39,3,0,5,0.000000347,1
#8 noisy,39,3,1,2,0.166567875,1
#8 noisy,39,3,1,3,0.166567875,1
#8 noisy,39,3,1,4,0.083284542,1
#8 noisy,39,3,1,5,0.000000444,1
#8 noisy,39,3,2,2,0.166568833,1
#8 noisy,39,3,2,3,0.166567833,1
#8 noisy,39,3,2,4,0.083284000,1
#8 noisy,39,3,2,5,0.000000333,1
#8 noisy,39,3,3,2,0.166568875,1
#8 noisy,39,3,3,3,0.166568875,1
#8 noisy,39,3,3,4,0.083285042,1
#8 noisy,39,3,3,5,0.000000556,0
#8 noisy,39,3,4,2,0.166567806,1
#8 noisy,39,3,4,3,0.166567806,1
#8 noisy,39,3,4,4,0.083283972,1
#8 noisy,39,3,4,5,0.000000444,1
#8 noisy,39,3,5,2,0.166568806,1
#8 noisy,39,3,5,3,0.166568806,1
#8 noisy,39,3,5,4,0.083284972,1
#8 noisy,39,3,5,5,0.000000347,1
#8 noisy,40,3,0,2,0.166468667,1
#8 noisy,40,3,0,3,0.166467833,1
#8 noisy,40,3,0,4,0.083234000,1
#8 noisy,40,3,0,5,0.000000347,1
#8 noisy,40,3,1,2,0.166468667,1
#8 noisy,40,3,1,3,0.166468875,1
#8 noisy,40,3,1,4,0.083235042,1
#8 noisy,40,3,1,5,0.000000444,1
#8 noisy,40,3,2,2,0.166469667,1
#8 noisy,40,3,2,3,0.166467833,1
#8 noisy,40,3,2,4,0.083234000,1
#8 noisy,40,3,2,5,0.000000333,1
#8 noisy,40,3,3,2,0.166469667,1
#8 noisy,40,3,3,3,0.166468875,1
#8 noisy,40,3,3,4,0.083235042,1
#8 noisy,40,3,3,5,0.000000556,0
#8 noisy,40,3,4,2,0.166468667,1
#8 noisy,40,3,4,3,0.166467806,1
#8 noisy,40,3,4,4,0.083233972,1
#8 noisy,40,3,4,5,0.000000444,1
#8 noisy,40,3,5,2,0.166469667,1
#8 noisy,40,3,5,3,0.166468806,1
#8 noisy,40,3,5,4,0.083234972,1
#8 noisy,40,3,5,5,0.000000347,1
#8 noisy,41,3,0,2,0.166468167,1
#8 noisy,41,3,0,3,0.166467833,1
#8 noisy,41,3,0,4,0.083234000,1
#8 noisy,41,3,0,5,0.000000347,1
#8 noisy,41,3,1,2,0.166468667,1
#8 noisy,41,3,1,3,0.166468875,1
#8 noisy,41,3,1,4,0.083235042,1
#8 noisy,41,3,1,5,0.000000444,1
#8 noisy,41,3,2,2,0.166468167,1
#8 noisy,41,3,2,3,0.166467833,1
#8 noisy,41,3,2,4,0.083234000,1
#8 noisy,41,3,2,5,0.000000333,1
#8 noisy,41,3,3,2,0.166468667,1
#8 noisy,41,3,3,3,0.166468875,1
#8 noisy,41,3,3,4,0.083235042,1
#8 noisy,41,3,3,5,0.000000556,0
#8 noisy,41,3,4,2,0.166468167,1
#8 noisy,41,3,4,3,0.166467806,1
#8 noisy,41,3,4,4,0.083233972,1
#8 noisy,41,3,4,5,0.000000444,1
#8 noisy,41,3,5,2,0.166468167,1
#8 noisy,41,3,5,3,0.166467806,1
#8 noisy,41,3,5,4,0.083233972,1
#8 noisy,41,3,5,5,0.000000347,1
#8 noisy,42,3,0,2,0.166468167,1
#8 noisy,42,3,0,3,0.166467833,1
#8 noisy,42,3,0,4,0.083234000,1
#8 noisy,42,3,0,5,0.000000347,1
#8 noisy,42,3,1,2,0.166468167,1
#8 noisy,42,3,1,3,0.166467875,1
#8 noisy,42,3,1,4,0.083234542,1
#8 noisy,42,3,1,5,0.000000444,1
#8 noisy,42,3,2,2,0.166468167,1
#8 noisy,42,3,2,3,0.166467833,1
#8 noisy,42,3,2,4,0.083234000,1
#8 noisy,42,3,2,5,0.000000333,1
#8 noisy,42,3,3,2,0.166468667,1
#8 noisy,42,3,3,3,0.166468125,1
#8 noisy,42,3,3,4,0.083234667,1
#8 noisy,42,3,3,5,0.000000556,0
#8 noisy,42,3,4,2,0.166468000,1
#8 noisy,42,3,4,3,0.166467806,1
#8 noisy,42,3,4,4,0.083233972,1
#8 noisy,42,3,4,5,0.000000444,1
#8 noisy,42,3,5,2,0.166468167,1
#8 noisy,42,3,5,3,0.166467806,1
#8 noisy,42,3,5,4,0.083233972,1
#8 noisy,42,3,5,5,0.000000347,1
#8 noisy,43,3,0,2,0.166468167,1
#8 noisy,43,3,0,3,0.166467833,1
#8 noisy,43,3,0,4,0.083234000,1
#8 noisy,43,3,0,5,0.000000347,1
#8 noisy,43,3,1,2,0.166468167,1
#8 noisy,43,3,1,3,0.166467875,1
#8 noisy,43,3,1,4,0.083234542,1
#8 noisy,43,3,1,5,0.000000444,1
#8 noisy,43,3,2,2,0.166468167,1
#8 noisy,43,3,2,3,0.166467833,1
#8 noisy,43,3,2,4,0.083234000,1
#8 noisy,43,3,2,5,0.000000333,1
#8 noisy,43,3,3,2,0.166468667,1
#8 noisy,43,3,3,3,0.166468125,1
#8 noisy,43,3,3,4,0.083234667,1
#8 noisy,43,3,3,5,0.000000556,0
#8 noisy,43,3,4,2,0.166467917,1
#8 noisy,43,3,4,3,0.166467806,1
#8 noisy,43,3,4,4,0.083233972,1
#8 noisy,43,3,4,5,0.000000444,1
#8 noisy,43,3,5,2,0.166468167,1
#8 noisy,43,3,5,3,0.166467806,1
#8 noisy,43,3,5,4,0.083233972,1
#8 noisy,43,3,5,5,0.000000347,1
#8 noisy,44,3,0,2,0.166468167,1
#8 noisy,44,3,0,3,0.166467833,1
#8 noisy,44,3,0,4,0.083234000,1
#8 noisy,44,3,0,5,0.000000347,1
#8 noisy,44,3,1,2,0.166468000,1
#8 noisy,44,3,1,3,0.166467875,1
#8 noisy,44,3,1,4,0.083234542,1
#8 noisy,44,3,1,5,0.000000444,1
#8 noisy,44,3,2,2,0.166468167,1
#8 noisy,44,3,2,3,0.166467833,1
#8 noisy,44,3,2,4,0.083234000,1
#8 noisy,44,3,2,5,0.000000333,1
#8 noisy,44,3,3,2,0.166468667,1
#8 noisy,44,3,3,3,0.166467875,1
#8 noisy,44,3,3,4,0.083234542,1
#8 noisy,44,3,3,5,0.000000556,0
#8 noisy,44,3,4,2,0.166467917,1
#8 noisy,44,3,4,3,0.166467806,1
#8 noisy,44,3,4,4,0.083233972,1
#8 noisy,44,3,4,5,0.000000444,1
#8 noisy,44,3,5,2,0.166468167,1
#8 noisy,44,3,5,3,0.166467806,1
#8 noisy,44,3,5,4,0.083233972,1
#8 noisy,44,3,5,5,0.000000347,1
#8 noisy,45,3,0,2,0.166468000,1
#8 noisy,45,3,0,3,0.166467833,1
#8 noisy,45,3,0,4,0.083234000,1
#8 noisy,45,3,0,5,0.000000347,1
#8 noisy,45,3,1,2,0.166468000,1
#8 noisy,45,3,1,3,0.166467875,1
#8 noisy,45,3,1,4,0.083234042,1
#8 noisy,45,3,1,5,0.000000444,1
#8 noisy,45,3,2,2,0.166468042,1
#8 noisy,45,3,2,3,0.166467833,1
#8 noisy,45,3,2,4,0.083234000,1
#8 noisy,45,3,2,5,0.000000333,1
#8 noisy,45,3,3,2,0.166468667,1
#8 noisy,45,3,3,3,0.166467875,1
#8 noisy,45,3,3,4,0.083234542,1
#8 noisy,45,3,3,5,0.000000556,0
#8 noisy,45,3,4,2,0.166467917,1
#8 noisy,45,3,4,3,0.166467806,1
#8 noisy,45,3,4,4,0.083233972,1
#8 noisy,45,3,4,5,0.000000347,1
#8 noisy,45,3,5,2,0.166468000,1
#8 noisy,45,3,5,3,0.166467806,1
#8 noisy,45,3,5,4,0.083233972,1
#8 noisy,45,3,5,5,0.000000347,1
#8 noisy,46,3,0,2,0.166468000,1
#8 noisy,46,3,0,3,0.166467833,1
#8 noisy,46,3,0,4,0.083234000,1
#8 noisy,46,3,0,5,0.000000347,1
#8 noisy,46,3,1,2,0.166468000,1
#8 noisy,46,3,1,3,0.166467875,1
#8 noisy,46,3,1,4,0.083234042,1
#8 noisy,46,3,1,5,0.000000444,1
#8 noisy,46,3,2,2,0.166468042,1
#8 noisy,46,3,2,3,0.166467833,1
#8 noisy,46,3,2,4,0.083234000,1
#8 noisy,46,3,2,5,0.000000333,1
#8 noisy,46,3,3,2,0.166468667,1
#8 noisy,46,3,3,3,0.166467875,1
#8 noisy,46,3,3,4,0.083234542,1
#8 noisy,46,3,3,5,0.000000556,0
#8 noisy,46,3,4,2,0.166467917,1
#8 noisy,46,3,4,3,0.166467806,1
#8 noisy,46,3,4,4,0.083233972,1
#8 noisy,46,3,4,5,0.000000347,1
#8 noisy,46,3,5,2,0.166467952,1
#8 noisy,46,3,5,3,0.166467806,1
#8 noisy,46,3,5,4,0.083233972,1
#8 noisy,46,3,5,5,0.000000347,1
#8 noisy,47,3,0,2,0.166467917,1
#8 noisy,47,3,0,3,0.166467833,1
#8 noisy,47,3,0,4,0.083234000,1
#8 noisy,47,3,0,5,0.000000313,1
#8 noisy,47,3,1,2,0.166468000,1
#8 noisy,47,3,1,3,0.166467875,1
#8 noisy,47,3,1,4,0.083234042,1
#8 noisy,47,3,1,5,0.000000444,1
#8 noisy,47,3,2,2,0.166468000,1
#8 noisy,47,3,2,3,0.166467833,1
#8 noisy,47,3,2,4,0.083234000,1
#8 noisy,47,3,2,5,0.000000333,1
#8 noisy,47,3,3,2,0.166468667,1
#8 noisy,47,3,3,3,0.166467875,1
#8 noisy,47,3,3,4,0.083234542,1
#8 noisy,47,3,3,5,0.000000556,0
#8 noisy,47,3,4,2,0.166467917,1
#8 noisy,47,3,4,3,0.166467806,1
#8 noisy,47,3,4,4,0.083233972,1
#8 noisy,47,3,4,5,0.000000347,1
#8 noisy,47,3,5,2,0.166467917,1
#8 noisy,47,3,5,3,0.166467806,1
#8 noisy,47,3,5,4,0.083233972,1
#8 noisy,47,3,5,5,0.000000347,1
#8 noisy,48,3,0,2,0.166467917,1
#8 noisy,48,3,0,3,0.166467833,1
#8 noisy,48,3,0,4,0.083234000,1
#8 noisy,48,3,0,5,0.000000313,1
#8 noisy,48,3,1,2,0.166467933,1
#8 noisy,48,3,1,3,0.166467875,1
#8 noisy,48,3,1,4,0.083234042,1
#8 noisy,48,3,1,5,0.000000444,1
#8 noisy,48,3,2,2,0.166468000,1
#8 noisy,48,3,2,3,0.166467833,1
#8 noisy,48,3,2,4,0.083234000,1
#8 noisy,48,3,2,5,0.000000333,1
#8 noisy,48,3,3,2,0.166468667,1
#8 noisy,48,3,3,3,0.166467875,1
#8 noisy,48,3,3,4,0.083234542,1
#8 noisy,48,3,3,5,0.000000556,0
#8 noisy,48,3,4,2,0.166467917,1
#8 noisy,48,3,4,3,0.166467806,1
#8 noisy,48,3,4,4,0.083233972,1
#8 noisy,48,3,4,5,0.000000347,1
#8 noisy,48,3,5,2,0.166467917,1
#8 noisy,48,3,5,3,0.166467806,1
#8 noisy,48,3,5,4,0.083233972,1
#8 noisy,48,3,5,5,0.000000347,1
#8 noisy,49,3,0,2,0.000001250,1
#8 noisy,49,3,0,3,0.166467875,1
#8 noisy,49,3,0,4,0.083234042,1
#8 noisy,49,3,0,5,0.000000357,1
#8 noisy,49,3,1,2,0.000001500,1
#8 noisy,49,3,1,3,0.166467833,1
#8 noisy,49,3,1,4,0.083234333,1
#8 noisy,49,3,1,5,0.000000375,1
#8 noisy,49,3,2,2,0.000001500,1
#8 noisy,49,3,2,3,0.166467833,1
#8 noisy,49,3,2,4,0.083234000,1
#8 noisy,49,3,2,5,0.000000333,1
#8 noisy,49,3,3,2,0.000101000,1
#8 noisy,49,3,3,3,0.166567833,1
#8 noisy,49,3,3,4,0.083334000,1
#8 noisy,49,3,3,5,0.000000556,0
#8 noisy,49,3,4,2,0.000001286,1
#8 noisy,49,3,4,3,0.166467806,1
#8 noisy,49,3,4,4,0.083233972,1
#8 noisy,49,3,4,5,0.000000347,1
#8 noisy,49,3,5,2,0.000001333,1
#8 noisy,49,3,5,3,0.166467833,1
#8 noisy,49,3,5,4,0.083234000,1
#8 noisy,49,3,5,5,0.000000318,1
#8 noisy,50,3,0,2,0.000001250,1
#8 noisy,50,3,0,3,0.166467833,1
#8 noisy,50,3,0,4,0.083234000,1
#8 noisy,50,3,0,5,0.000000325,1
#8 noisy,50,3,1,2,0.000001267,1
#8 noisy,50,3,1,3,0.166467833,1
#8 noisy,50,3,1,4,0.083234000,1
#8 noisy,50,3,1,5,0.000000375,1
#8 noisy,50,3,2,2,0.000001286,1
#8 noisy,50,3,2,3,0.166467833,1
#8 noisy,50,3,2,4,0.083234000,1
#8 noisy,50,3,2,5,0.000000306,1
#8 noisy,50,3,3,2,0.000002000,1
#8 noisy,50,3,3,3,0.166467833,1
#8 noisy,50,3,3,4,0.083234500,1
#8 noisy,50,3,3,5,0.000000486,1
#8 noisy,50,3,4,2,0.000001250,1
#8 noisy,50,3,4,3,0.166467806,1
#8 noisy,50,3,4,4,0.083233972,1
#8 noisy,50,3,4,5,0.000000347,1
#8 noisy,50,3,5,2,0.000001200,1
#8 noisy,50,3,5,3,0.166467833,1
#8 noisy,50,3,5,4,0.083234000,1
#8 noisy,50,3,5,5,0.000000314,1
#8 noisy,51,4,0,2,0.000001222,0
#8 noisy,51,4,0,3,0.166467806,1
#8 noisy,51,4,0,4,0.083233972,0
#8 noisy,51,4,0,5,0.000000288,0
#8 noisy,51,4,1,2,0.000001250,0
#8 noisy,51,4,1,3,0.166467833,0
#8 noisy,51,4,1,4,0.083234000,0
#8 noisy,51,4,1,5,0.000000333,0
#8 noisy,51,4,2,2,0.000001273,0
#8 noisy,51,4,2,3,0.166467833,0
#8 noisy,51,4,2,4,0.083234000,0
#8 noisy,51,4,2,5,0.000000306,0
#8 noisy,51,4,3,2,0.000001500,0
#8 noisy,51,4,3,3,0.166467806,1
#8 noisy,51,4,3,4,0.083233972,0
#8 noisy,51,4,3,5,0.000000486,0
#8 noisy,51,4,4,2,0.000001250,0
#8 noisy,51,4,4,3,0.166467786,0
#8 noisy,51,4,4,4,0.083233952,0
#8 noisy,51,4,4,5,0.000000306,1
#8 noisy,51,4,5,2,0.000001200,0
#8 noisy,51,4,5,3,0.166467806,0
#8 noisy,51,4,5,4,0.083233972,0
#8 noisy,51,4,5,5,0.000000286,1
#8 noisy,52,4,0,2,0.000001250,0
#8 noisy,52,4,0,3,0.166467806,1
#8 noisy,52,4,0,4,0.083233972,1
#8 noisy,52,4,0,5,0.000000306,0
#8 noisy,52,4,1,2,0.000001250,0
#8 noisy,52,4,1,3,0.166467833,0
#8 noisy,52,4,1,4,0.083234000,0
#8 noisy,52,4,1,5,0.000000375,0
#8 noisy,52,4,2,2,0.000001286,0
#8 noisy,52,4,2,3,0.166467875,1
#8 noisy,52,4,2,4,0.083234042,0
#8 noisy,52,4,2,5,0.000000327,0
#8 noisy,52,4,3,2,0.000002000,1
#8 noisy,52,4,3,3,0.166467786,1
#8 noisy,52,4,3,4,0.083234452,0
#8 noisy,52,4,3,5,0.000000486,0
#8 noisy,52,4,4,2,0.000001250,1
#8 noisy,52,4,4,3,0.166467806,0
#8 noisy,52,4,4,4,0.083233972,1
#8 noisy,52,4,4,5,0.000000333,1
#8 noisy,52,4,5,2,0.000001206,0
#8 noisy,52,4,5,3,0.166467806,0
#8 noisy,52,4,5,4,0.083233972,0
#8 noisy,52,4,5,5,0.000000331,1
#8 noisy,53,4,0,2,0.000001250,0
#8 noisy,53,4,0,3,0.000002500,1
#8 noisy,53,4,0,4,0.000001300,1
#8 noisy,53,4,0,5,0.000000291,1
#8 noisy,53,4,1,2,0.000001250,0
#8 noisy,53,4,1,3,0.000002500,0
#8 noisy,53,4,1,4,0.000001300,0
#8 noisy,53,4,1,5,0.000000375,0
#8 noisy,53,4,2,2,0.000001235,1
#8 noisy,53,4,2,3,0.000002500,1
#8 noisy,53,4,2,4,0.000001250,1
#8 noisy,53,4,2,5,0.000000327,0
#8 noisy,53,4,3,2,0.000002000,1
#8 noisy,53,4,3,3,0.000003000,1
#8 noisy,53,4,3,4,0.000002000,0
#8 noisy,53,4,3,5,0.000000486,0
#8 noisy,53,4,4,2,0.000001200,1
#8 noisy,53,4,4,3,0.000002500,0
#8 noisy,53,4,4,4,0.000001333,1
#8 noisy,53,4,4,5,0.000000333,1
#8 noisy,53,4,5,2,0.000001200,1
#8 noisy,53,4,5,3,0.000002500,1
#8 noisy,53,4,5,4,0.000001250,0
#8 noisy,53,4,5,5,0.000000331,1
#8 noisy,54,4,0,2,0.000001200,1
#8 noisy,54,4,0,3,0.000002500,1
#8 noisy,54,4,0,4,0.000001300,1
#8 noisy,54,4,0,5,0.000000291,1
#8 noisy,54,4,1,2,0.000001250,0
#8 noisy,54,4,1,3,0.000002500,0
#8 noisy,54,4,1,4,0.000001300,0
#8 noisy,54,4,1,5,0.000000375,0
#8 noisy,54,4,2,2,0.000001200,1
#8 noisy,54,4,2,3,0.000002500,1
#8 noisy,54,4,2,4,0.000001250,1
#8 noisy,54,4,2,5,0.000000327,0
#8 noisy,54,4,3,2,0.000002000,1
#8 noisy,54,4,3,3,0.000003000,1
#8 noisy,54,4,3,4,0.000002000,1
#8 noisy,54,4,3,5,0.000000486,0
#8 noisy,54,4,4,2,0.000001200,1
#8 noisy,54,4,4,3,0.000002500,0
#8 noisy,54,4,4,4,0.000001333,1
#8 noisy,54,4,4,5,0.000000333,1
#8 noisy,54,4,5,2,0.000001190,1
#8 noisy,54,4,5,3,0.000002500,1
#8 noisy,54,4,5,4,0.000001250,1
#8 noisy,54,4,5,5,0.000000331,1
#8 noisy,55,4,0,2,0.000001167,1
#8 noisy,55,4,0,3,0.000002500,1
#8 noisy,55,4,0,4,0.000001250,1
#8 noisy,55,4,0,5,0.000000288,1
#8 noisy,55,4,1,2,0.000001250,0
#8 noisy,55,4,1,3,0.000002500,0
#8 noisy,55,4,1,4,0.000001250,0
#8 noisy,55,4,1,5,0.000000375,0
#8 noisy,55,4,2,2,0.000001167,1
#8 noisy,55,4,2,3,0.000002500,1
#8 noisy,55,4,2,4,0.000001250,1
#8 noisy,55,4,2,5,0.000000327,0
#8 noisy,55,4,3,2,0.000001500,1
#8 noisy,55,4,3,3,0.000002500,1
#8 noisy,55,4,3,4,0.000001500,1
#8 noisy,55,4,3,5,0.000000486,0
#8 noisy,55,4,4,2,0.000001200,1
#8 noisy,55,4,4,3,0.000002500,0
#8 noisy,55,4,4,4,0.000001333,1
#8 noisy,55,4,4,5,0.000000306,1
#8 noisy,55,4,5,2,0.000001182,1
#8 noisy,55,4,5,3,0.000002500,1
#8 noisy,55,4,5,4,0.000001250,1
#8 noisy,55,4,5,5,0.000000311,1
#8 noisy,56,4,0,2,0.000001167,1
#8 noisy,56,4,0,3,0.000002333,1
#8 noisy,56,4,0,4,0.000001250,1
#8 noisy,56,4,0,5,0.000000288,1
#8 noisy,56,4,1,2,0.000001250,0
#8 noisy,56,4,1,3,0.000002333,0
#8 noisy,56,4,1,4,0.000001222,0
#8 noisy,56,4,1,5,0.000000375,0
#8 noisy,56,4,2,2,0.000001167,1
#8 noisy,56,4,2,3,0.000002333,1
#8 noisy,56,4,2,4,0.000001171,1
#8 noisy,56,4,2,5,0.000000327,0
#8 noisy,56,4,3,2,0.000001500,1
#8 noisy,56,4,3,3,0.000002500,1
#8 noisy,56,4,3,4,0.000001500,1
#8 noisy,56,4,3,5,0.000000486,0
#8 noisy,56,4,4,2,0.000001167,1
#8 noisy,56,4,4,3,0.000002333,0
#8 noisy,56,4,4,4,0.000001333,1
#8 noisy,56,4,4,5,0.000000306,1
#8 noisy,56,4,5,2,0.000001179,1
#8 noisy,56,4,5,3,0.000002333,1
#8 noisy,56,4,5,4,0.000001199,1
#8 noisy,56,4,5,5,0.000000311,1
#8 noisy,57,4,0,2,0.000001143,1
#8 noisy,57,4,0,3,0.000002333,1
#8 noisy,57,4,0,4,0.000001214,1
#8 noisy,57,4,0,5,0.000000258,1
#8 noisy,57,4,1,2,0.000001250,0
#8 noisy,57,4,1,3,0.000002333,0
#8 noisy,57,4,1,4,0.000001222,0
#8 noisy,57,4,1,5,0.000000375,0
#8 noisy,57,4,2,2,0.000001167,1
#8 noisy,57,4,2,3,0.000002333,1
#8 noisy,57,4,2,4,0.000001167,1
#8 noisy,57,4,2,5,0.000000327,0
#8 noisy,57,4,3,2,0.000001500,1
#8 noisy,57,4,3,3,0.000002500,1
#8 noisy,57,4,3,4,0.000001500,1
#8 noisy,57,4,3,5,0.000000486,0
#8 noisy,57,4,4,2,0.000001143,1
#8 noisy,57,4,4,3,0.000002333,0
#8 noisy,57,4,4,4,0.000001333,1
#8 noisy,57,4,4,5,0.000000278,1
#8 noisy,57,4,5,2,0.000001174,1
#8 noisy,57,4,5,3,0.000002333,1
#8 noisy,57,4,5,4,0.000001190,1
#8 noisy,57,4,5,5,0.000000286,1
#8 noisy,58,4,0,2,0.000001143,1
#8 noisy,58,4,0,3,0.000002286,1
#8 noisy,58,4,0,4,0.000001214,1
#8 noisy,58,4,0,5,0.000000230,1
#8 noisy,58,4,1,2,0.000001227,1
#8 noisy,58,4,1,3,0.000002273,1
#8 noisy,58,4,1,4,0.000001217,0
#8 noisy,58,4,1,5,0.000000375,0
#8 noisy,58,4,2,2,0.000001164,1
#8 noisy,58,4,2,3,0.000002273,1
#8 noisy,58,4,2,4,0.000001154,1
#8 noisy,58,4,2,5,0.000000271,1
#8 noisy,58,4,3,2,0.000001500,1
#8 noisy,58,4,3,3,0.000002500,1
#8 noisy,58,4,3,4,0.000001500,1
#8 noisy,58,4,3,5,0.000000375,1
#8 noisy,58,4,4,2,0.000001143,1
#8 noisy,58,4,4,3,0.000002333,0
#8 noisy,58,4,4,4,0.000001333,1
#8 noisy,58,4,4,5,0.000000247,1
#8 noisy,58,4,5,2,0.000001174,1
#8 noisy,58,4,5,3,0.000002281,1
#8 noisy,58,4,5,4,0.000001190,1
#8 noisy,58,4,5,5,0.000000286,1
#8 noisy,59,4,0,2,0.000001143,1
#8 noisy,59,4,0,3,0.000002286,1
#8 noisy,59,4,0,4,0.000001214,1
#8 noisy,59,4,0,5,0.000000230,1
#8 noisy,59,4,1,2,0.000001200,1
#8 noisy,59,4,1,3,0.000002235,1
#8 noisy,59,4,1,4,0.000001214,0
#8 noisy,59,4,1,5,0.000000375,1
#8 noisy,59,4,2,2,0.000001157,1
#8 noisy,59,4,2,3,0.000002231,1
#8 noisy,59,4,2,4,0.000001141,1
#8 noisy,59,4,2,5,0.000000271,1
#8 noisy,59,4,3,2,0.000001500,1
#8 noisy,59,4,3,3,0.000002500,1
#8 noisy,59,4,3,4,0.000001500,1
#8 noisy,59,4,3,5,0.000000375,1
#8 noisy,59,4,4,2,0.000001143,1
#8 noisy,59,4,4,3,0.000002333,0
#8 noisy,59,4,4,4,0.000001333,1
#8 noisy,59,4,4,5,0.000000247,1
#8 noisy,59,4,5,2,0.000001174,1
#8 noisy,59,4,5,3,0.000002257,1
#8 noisy,59,4,5,4,0.000001182,1
#8 noisy,59,4,5,5,0.000000286,1
#8 noisy,60,4,0,2,0.000001143,1
#8 noisy,60,4,0,3,0.000002286,1
#8 noisy,60,4,0,4,0.000001214,1
#8 noisy,60,4,0,5,0.000000223,1
#8 noisy,60,4,1,2,0.000001174,1
#8 noisy,60,4,1,3,0.000002233,1
#8 noisy,60,4,1,4,0.000001179,0
#8 noisy,60,4,1,5,0.000000278,1
#8 noisy,60,4,2,2,0.000001157,1
#8 noisy,60,4,2,3,0.000002222,1
#8 noisy,60,4,2,4,0.000001138,1
#8 noisy,60,4,2,5,0.000000271,1
#8 noisy,60,4,3,2,0.000001333,1
#8 noisy,60,4,3,3,0.000002333,1
#8 noisy,60,4,3,4,0.000001333,1
#8 noisy,60,4,3,5,0.000000306,1
#8 noisy,60,4,4,2,0.000001143,1
#8 noisy,60,4,4,3,0.000002333,0
#8 noisy,60,4,4,4,0.000001333,1
#8 noisy,60,4,4,5,0.000000228,1
#8 noisy,60,4,5,2,0.000001165,1
#8 noisy,60,4,5,3,0.000002255,1
#8 noisy,60,4,5,4,0.000001173,1
#8 noisy,60,4,5,5,0.000000258,1
#8 noisy,61,4,0,2,0.000001143,1
#8 noisy,61,4,0,3,0.000002286,1
#8 noisy,61,4,0,4,0.000001214,1
#8 noisy,61,4,0,5,0.000000223,1
#8 noisy,61,4,1,2,0.000001167,1
#8 noisy,61,4,1,3,0.000002214,1
#8 noisy,61,4,1,4,0.000001179,0
#8 noisy,61,4,1,5,0.000000278,1
#8 noisy,61,4,2,2,0.000001130,1
#8 noisy,61,4,2,3,0.000002188,1
#8 noisy,61,4,2,4,0.000001128,1
#8 noisy,61,4,2,5,0.000000271,1
#8 noisy,61,4,3,2,0.000001333,1
#8 noisy,61,4,3,3,0.000002333,1
#8 noisy,61,4,3,4,0.000001333,1
#8 noisy,61,4,3,5,0.000000306,1
#8 noisy,61,4,4,2,0.000001143,1
#8 noisy,61,4,4,3,0.000002333,0
#8 noisy,61,4,4,4,0.000001333,1
#8 noisy,61,4,4,5,0.000000223,1
#8 noisy,61,4,5,2,0.000001133,1
#8 noisy,61,4,5,3,0.000002213,1
#8 noisy,61,4,5,4,0.000001147,1
#8 noisy,61,4,5,5,0.000000258,1
#8 noisy,62,4,0,2,0.000001125,1
#8 noisy,62,4,0,3,0.000002250,1
#8 noisy,62,4,0,4,0.000001188,1
#8 noisy,62,4,0,5,0.000000223,1
#8 noisy,62,4,1,2,0.000001144,1
#8 noisy,62,4,1,3,0.000002211,1
#8 noisy,62,4,1,4,0.000001167,0
#8 noisy,62,4,1,5,0.000000262,1
#8 noisy,62,4,2,2,0.000001130,1
#8 noisy,62,4,2,3,0.000002188,1
#8 noisy,62,4,2,4,0.000001117,1
#8 noisy,62,4,2,5,0.000000271,1
#8 noisy,62,4,3,2,0.000001333,1
#8 noisy,62,4,3,3,0.000002333,1
#8 noisy,62,4,3,4,0.000001333,1
#8 noisy,62,4,3,5,0.000000306,1
#8 noisy,62,4,4,2,0.000001143,1
#8 noisy,62,4,4,3,0.000002273,0
#8 noisy,62,4,4,4,0.000001250,1
#8 noisy,62,4,4,5,0.000000223,1
#8 noisy,62,4,5,2,0.000001128,1
#8 noisy,62,4,5,3,0.000002209,1
#8 noisy,62,4,5,4,0.000001145,1
#8 noisy,62,4,5,5,0.000000258,1
#8 noisy,63,4,0,2,0.000001125,1
#8 noisy,63,4,0,3,0.000002250,1
#8 noisy,63,4,0,4,0.000001187,1
#8 noisy,63,4,0,5,0.000000223,1
#8 noisy,63,4,1,2,0.000001144,1
#8 noisy,63,4,1,3,0.000002211,1
#8 noisy,63,4,1,4,0.000001167,0
#8 noisy,63,4,1,5,0.000000262,1
#8 noisy,63,4,2,2,0.000001117,1
#8 noisy,63,4,2,3,0.000002187,1
#8 noisy,63,4,2,4,0.000001116,1
#8 noisy,63,4,2,5,0.000000271,1
#8 noisy,63,4,3,2,0.000001333,1
#8 noisy,63,4,3,3,0.000002333,1
#8 noisy,63,4,3,4,0.000001333,1
#8 noisy,63,4,3,5,0.000000306,1
#8 noisy,63,4,4,2,0.000001125,1
#8 noisy,63,4,4,3,0.000002273,0
#8 noisy,63,4,4,4,0.000001250,1
#8 noisy,63,4,4,5,0.000000223,1
#8 noisy,63,4,5,2,0.000001125,1
#8 noisy,63,4,5,3,0.000002209,1
#8 noisy,63,4,5,4,0.000001145,1
#8 noisy,63,4,5,5,0.000000258,1
#8 noisy,64,4,0,2,0.000001125,1
#8 noisy,64,4,0,3,0.000002250,1
#8 noisy,64,4,0,4,0.000001187,1
#8 noisy,64,4,0,5,0.000000223,1
#8 noisy,64,4,1,2,0.000001144,1
#8 noisy,64,4,1,3,0.000002211,1
#8 noisy,64,4,1,4,0.000001167,0
#8 noisy,64,4,1,5,0.000000262,1
#8 noisy,64,4,2,2,0.000001117,1
#8 noisy,64,4,2,3,0.000002187,1
#8 noisy,64,4,2,4,0.000001116,1
#8 noisy,64,4,2,5,0.000000271,1
#8 noisy,64,4,3,2,0.000001333,1
#8 noisy,64,4,3,3,0.000002333,1
#8 noisy,64,4,3,4,0.000001333,1
#8 noisy,64,4,3,5,0.000000306,1
#8 noisy,64,4,4,2,0.000001125,1
#8 noisy,64,4,4,3,0.000002273,1
#8 noisy,64,4,4,4,0.000001250,1
#8 noisy,64,4,4,5,0.000000223,1
#8 noisy,64,4,5,2,0.000001125,1
#8 noisy,64,4,5,3,0.000002209,1
#8 noisy,64,4,5,4,0.000001145,1
#8 noisy,64,4,5,5,0.000000258,1
#8 noisy,65,4,0,2,0.000001111,1
#8 noisy,65,4,0,3,0.000002222,1
#8 noisy,65,4,0,4,0.000001167,1
#8 noisy,65,4,0,5,0.000000223,1
#8 noisy,65,4,1,2,0.000001144,1
#8 noisy,65,4,1,3,0.000002200,1
#8 noisy,65,4,1,4,0.000001167,0
#8 noisy,65,4,1,5,0.000000262,1
#8 noisy,65,4,2,2,0.000001116,1
#8 noisy,65,4,2,3,0.000002176,1
#8 noisy,65,4,2,4,0.000001115,1
#8 noisy,65,4,2,5,0.000000271,1
#8 noisy,65,4,3,2,0.000001333,1
#8 noisy,65,4,3,3,0.000002333,1
#8 noisy,65,4,3,4,0.000001333,1
#8 noisy,65,4,3,5,0.000000306,1
#8 noisy,65,4,4,2,0.000001125,1
#8 noisy,65,4,4,3,0.000002250,1
#8 noisy,65,4,4,4,0.000001250,1
#8 noisy,65,4,4,5,0.000000223,1
#8 noisy,65,4,5,2,0.000001125,1
#8 noisy,65,4,5,3,0.000002199,1
#8 noisy,65,4,5,4,0.000001145,1
#8 noisy,65,4,5,5,0.000000258,1
#8 noisy,66,4,0,2,0.000001111,1
#8 noisy,66,4,0,3,0.000002222,1
#8 noisy,66,4,0,4,0.000001167,1
#8 noisy,66,4,0,5,0.000000214,1
#8 noisy,66,4,1,2,0.000001145,1
#8 noisy,66,4,1,3,0.000002200,1
#8 noisy,66,4,1,4,0.000001143,1
#8 noisy,66,4,1,5,0.000000250,1
#8 noisy,66,4,2,2,0.000001116,1
#8 noisy,66,4,2,3,0.000002176,1
#8 noisy,66,4,2,4,0.000001108,1
#8 noisy,66,4,2,5,0.000000271,1
#8 noisy,66,4,3,2,0.000001333,1
#8 noisy,66,4,3,3,0.000002333,1
#8 noisy,66,4,3,4,0.000001333,1
#8 noisy,66,4,3,5,0.000000306,1
#8 noisy,66,4,4,2,0.000001125,1
#8 noisy,66,4,4,3,0.000002214,1
#8 noisy,66,4,4,4,0.000001200,1
#8 noisy,66,4,4,5,0.000000223,1
#8 noisy,66,4,5,2,0.000001125,1
#8 noisy,66,4,5,3,0.000002191,1
#8 noisy,66,4,5,4,0.000001140,1
#8 noisy,66,4,5,5,0.000000258,1
#8 noisy,67,5,0,2,0.000001100,0
#8 noisy,67,5,0,3,0.000002200,0
#8 noisy,67,5,0,4,0.000001157,0
#8 noisy,67,5,0,5,0.000000212,0
#8 noisy,67,5,1,2,0.000001138,0
#8 noisy,67,5,1,3,0.000002200,0
#8 noisy,67,5,1,4,0.000001143,1
#8 noisy,67,5,1,5,0.000000239,0
#8 noisy,67,5,2,2,0.000001115,0
#8 noisy,67,5,2,3,0.000002158,0
#8 noisy,67,5,2,4,0.000001107,1
#8 noisy,67,5,2,5,0.000000271,1
#8 noisy,67,5,3,2,0.000001250,1
#8 noisy,67,5,3,3,0.000002286,0
#8 noisy,67,5,3,4,0.000001250,0
#8 noisy,67,5,3,5,0.000000286,1
#8 noisy,67,5,4,2,0.000001111,1
#8 noisy,67,5,4,3,0.000002211,0
#8 noisy,67,5,4,4,0.000001200,0
#8 noisy,67,5,4,5,0.000000217,1
#8 noisy,67,5,5,2,0.000001111,0
#8 noisy,67,5,5,3,0.000002175,1
#8 noisy,67,5,5,4,0.000001133,0
#8 noisy,67,5,5,5,0.000000208,0
#8 noisy,68,5,0,2,0.000001091,0
#8 noisy,68,5,0,3,0.000002195,0
#8 noisy,68,5,0,4,0.000001154,0
#8 noisy,68,5,0,5,0.000000212,0
#8 noisy,68,5,1,2,0.000001121,1
#8 noisy,68,5,1,3,0.000002187,0
#8 noisy,68,5,1,4,0.000001133,1
#8 noisy,68,5,1,5,0.000000239,0
#8 noisy,68,5,2,2,0.000001110,0
#8 noisy,68,5,2,3,0.000002150,0
#8 noisy,68,5,2,4,0.000001103,1
#8 noisy,68,5,2,5,0.000000271,1
#8 noisy,68,5,3,2,0.000001200,1
#8 noisy,68,5,3,3,0.000002263,0
#8 noisy,68,5,3,4,0.000001230,0
#8 noisy,68,5,3,5,0.000000286,1
#8 noisy,68,5,4,2,0.000001111,1
#8 noisy,68,5,4,3,0.000002211,0
#8 noisy,68,5,4,4,0.000001200,0
#8 noisy,68,5,4,5,0.000000217,1
#8 noisy,68,5,5,2,0.000001103,0
#8 noisy,68,5,5,3,0.000002160,1
#8 noisy,68,5,5,4,0.000001128,0
#8 noisy,68,5,5,5,0.000000208,0
#8 noisy,69,5,0,2,0.000001091,0
#8 noisy,69,5,0,3,0.000002195,0
#8 noisy,69,5,0,4,0.000001154,0
#8 noisy,69,5,0,5,0.000000212,1
#8 noisy,69,5,1,2,0.000001121,1
#8 noisy,69,5,1,3,0.000002187,1
#8 noisy,69,5,1,4,0.000001133,1
#8 noisy,69,5,1,5,0.000000239,0
#8 noisy,69,5,2,2,0.000001110,0
#8 noisy,69,5,2,3,0.000002150,0
#8 noisy,69,5,2,4,0.000001103,1
#8 noisy,69,5,2,5,0.000000271,1
#8 noisy,69,5,3,2,0.000001200,1
#8 noisy,69,5,3,3,0.000002263,1
#8 noisy,69,5,3,4,0.000001230,0
#8 noisy,69,5,3,5,0.000000286,1
#8 noisy,69,5,4,2,0.000001111,1
#8 noisy,69,5,4,3,0.000002211,1
#8 noisy,69,5,4,4,0.000001200,0
#8 noisy,69,5,4,5,0.000000217,1
#8 noisy,69,5,5,2,0.000001103,0
#8 noisy,69,5,5,3,0.000002160,1
#8 noisy,69,5,5,4,0.000001128,1
#8 noisy,69,5,5,5,0.000000208,1
#8 noisy,70,5,0,2,0.000001091,0
#8 noisy,70,5,0,3,0.000002194,0
#8 noisy,70,5,0,4,0.000001154,0
#8 noisy,70,5,0,5,0.000000212,1
#8 noisy,70,5,1,2,0.000001121,1
#8 noisy,70,5,1,3,0.000002187,1
#8 noisy,70,5,1,4,0.000001133,1
#8 noisy,70,5,1,5,0.000000239,0
#8 noisy,70,5,2,2,0.000001110,1
#8 noisy,70,5,2,3,0.000002150,0
#8 noisy,70,5,2,4,0.000001103,1
#8 noisy,70,5,2,5,0.000000271,1
#8 noisy,70,5,3,2,0.000001200,1
#8 noisy,70,5,3,3,0.000002263,1
#8 noisy,70,5,3,4,0.000001230,0
#8 noisy,70,5,3,5,0.000000286,1
#8 noisy,70,5,4,2,0.000001111,1
#8 noisy,70,5,4,3,0.000002211,1
#8 noisy,70,5,4,4,0.000001200,1
#8 noisy,70,5,4,5,0.000000217,1
#8 noisy,70,5,5,2,0.000001103,0
#8 noisy,70,5,5,3,0.000002160,1
#8 noisy,70,5,5,4,0.000001128,1
#8 noisy,70,5,5,5,0.000000208,1
#8 noisy,71,5,0,2,0.000001087,0
#8 noisy,71,5,0,3,0.000002176,1
#8 noisy,71,5,0,4,0.000001139,0
#8 noisy,71,5,0,5,0.000000195,1
#8 noisy,71,5,1,2,0.000001114,1
#8 noisy,71,5,1,3,0.000002187,1
#8 noisy,71,5,1,4,0.000001133,1
#8 noisy,71,5,1,5,0.000000238,0
#8 noisy,71,5,2,2,0.000001105,1
#8 noisy,71,5,2,3,0.000002150,0
#8 noisy,71,5,2,4,0.000001100,1
#8 noisy,71,5,2,5,0.000000231,1
#8 noisy,71,5,3,2,0.000001167,1
#8 noisy,71,5,3,3,0.000002227,1
#8 noisy,71,5,3,4,0.000001197,1
#8 noisy,71,5,3,5,0.000000258,1
#8 noisy,71,5,4,2,0.000001104,1
#8 noisy,71,5,4,3,0.000002200,1
#8 noisy,71,5,4,4,0.000001200,1
#8 noisy,71,5,4,5,0.000000192,1
#8 noisy,71,5,5,2,0.000001102,0
#8 noisy,71,5,5,3,0.000002158,1
#8 noisy,71,5,5,4,0.000001128,1
#8 noisy,71,5,5,5,0.000000208,1
#8 noisy,72,5,0,2,0.000001086,0
#8 noisy,72,5,0,3,0.000002175,1
#8 noisy,72,5,0,4,0.000001139,0
#8 noisy,72,5,0,5,0.000000191,1
#8 noisy,72,5,1,2,0.000001114,1
#8 noisy,72,5,1,3,0.000002187,1
#8 noisy,72,5,1,4,0.000001130,1
#8 noisy,72,5,1,5,0.000000220,1
#8 noisy,72,5,2,2,0.000001103,1
#8 noisy,72,5,2,3,0.000002150,0
#8 noisy,72,5,2,4,0.000001097,1
#8 noisy,72,5,2,5,0.000000202,1
#8 noisy,72,5,3,2,0.000001167,1
#8 noisy,72,5,3,3,0.000002222,1
#8 noisy,72,5,3,4,0.000001187,1
#8 noisy,72,5,3,5,0.000000223,1
#8 noisy,72,5,4,2,0.000001100,1
#8 noisy,72,5,4,3,0.000002190,1
#8 noisy,72,5,4,4,0.000001200,1
#8 noisy,72,5,4,5,0.000000176,1
#8 noisy,72,5,5,2,0.000001100,0
#8 noisy,72,5,5,3,0.000002158,1
#8 noisy,72,5,5,4,0.000001128,1
#8 noisy,72,5,5,5,0.000000208,1
#8 noisy,73,5,0,2,0.000000431,0
#8 noisy,73,5,0,3,0.000000867,1
#8 noisy,73,5,0,4,0.000000480,0
#8 noisy,73,5,0,5,0.000000172,1
#8 noisy,73,5,1,2,0.000000451,1
#8 noisy,73,5,1,3,0.000000867,1
#8 noisy,73,5,1,4,0.000000467,1
#8 noisy,73,5,1,5,0.000000198,1
#8 noisy,73,5,2,2,0.000000447,1
#8 noisy,73,5,2,3,0.000000843,0
#8 noisy,73,5,2,4,0.000000443,1
#8 noisy,73,5,2,5,0.000000180,1
#8 noisy,73,5,3,2,0.000000476,1
#8 noisy,73,5,3,3,0.000000890,1
#8 noisy,73,5,3,4,0.000000516,1
#8 noisy,73,5,3,5,0.000000191,1
#8 noisy,73,5,4,2,0.000000431,1
#8 noisy,73,5,4,3,0.000000874,1
#8 noisy,73,5,4,4,0.000000533,1
#8 noisy,73,5,4,5,0.000000156,1
#8 noisy,73,5,5,2,0.000000438,0
#8 noisy,73,5,5,3,0.000000846,1
#8 noisy,73,5,5,4,0.000000462,1
#8 noisy,73,5,5,5,0.000000202,1
#8 noisy,74,5,0,2,0.000000325,1
#8 noisy,74,5,0,3,0.000000661,1
#8 noisy,74,5,0,4,0.000000408,1
#8 noisy,74,5,0,5,0.000000174,1
#8 noisy,74,5,1,2,0.000000335,1
#8 noisy,74,5,1,3,0.000000654,1
#8 noisy,74,5,1,4,0.000000374,1
#8 noisy,74,5,1,5,0.000000197,1
#8 noisy,74,5,2,2,0.000000372,1
#8 noisy,74,5,2,3,0.000000614,0
#8 noisy,74,5,2,4,0.000000325,1
#8 noisy,74,5,2,5,0.000000180,1
#8 noisy,74,5,3,2,0.000000358,1
#8 noisy,74,5,3,3,0.000000678,1
#8 noisy,74,5,3,4,0.000000435,1
#8 noisy,74,5,3,5,0.000000193,1
#8 noisy,74,5,4,2,0.000000320,1
#8 noisy,74,5,4,3,0.000000667,1
#8 noisy,74,5,4,4,0.000000450,1
#8 noisy,74,5,4,5,0.000000147,1
#8 noisy,74,5,5,2,0.000000347,1
#8 noisy,74,5,5,3,0.000000631,1
#8 noisy,74,5,5,4,0.000000365,1
#8 noisy,74,5,5,5,0.000000203,1
#8 noisy,75,5,0,2,0.000000341,1
#8 noisy,75,5,0,3,0.000000650,1
#8 noisy,75,5,0,4,0.000000450,1
#8 noisy,75,5,0,5,0.000000183,1
#8 noisy,75,5,1,2,0.000000321,1
#8 noisy,75,5,1,3,0.000000635,1
#8 noisy,75,5,1,4,0.000000380,1
#8 noisy,75,5,1,5,0.000000207,1
#8 noisy,75,5,2,2,0.000000360,1
#8 noisy,75,5,2,3,0.000000560,0
#8 noisy,75,5,2,4,0.000000348,1
#8 noisy,75,5,2,5,0.000000176,1
#8 noisy,75,5,3,2,0.000000350,1
#8 noisy,75,5,3,3,0.000000650,1
#8 noisy,75,5,3,4,0.000000473,1
#8 noisy,75,5,3,5,0.000000200,1
#8 noisy,75,5,4,2,0.000000334,1
#8 noisy,75,5,4,3,0.000000650,1
#8 noisy,75,5,4,4,0.000000474,1
#8 noisy,75,5,4,5,0.000000152,1
#8 noisy,75,5,5,2,0.000000352,1
#8 noisy,75,5,5,3,0.000000583,1
#8 noisy,75,5,5,4,0.000000401,1
#8 noisy,75,5,5,5,0.000000204,1
#8 noisy,76,5,0,2,0.000000341,1
#8 noisy,76,5,0,3,0.000000650,1
#8 noisy,76,5,0,4,0.000000450,1
#8 noisy,76,5,0,5,0.000000183,1
#8 noisy,76,5,1,2,0.000000321,1
#8 noisy,76,5,1,3,0.000000635,1
#8 noisy,76,5,1,4,0.000000380,1
#8 noisy,76,5,1,5,0.000000207,1
#8 noisy,76,5,2,2,0.000000360,1
#8 noisy,76,5,2,3,0.000000560,0
#8 noisy,76,5,2,4,0.000000348,1
#8 noisy,76,5,2,5,0.000000176,1
#8 noisy,76,5,3,2,0.000000350,1
#8 noisy,76,5,3,3,0.000000650,1
#8 noisy,76,5,3,4,0.000000473,1
#8 noisy,76,5,3,5,0.000000200,1
#8 noisy,76,5,4,2,0.000000334,1
#8 noisy,76,5,4,3,0.000000650,1
#8 noisy,76,5,4,4,0.000000475,1
#8 noisy,76,5,4,5,0.000000152,1
#8 noisy,76,5,5,2,0.000000352,1
#8 noisy,76,5,5,3,0.000000583,1
#8 noisy,76,5,5,4,0.000000401,1
#8 noisy,76,5,5,5,0.000000204,1
#8 noisy,77,5,0,2,0.000000341,1
#8 noisy,77,5,0,3,0.000000650,1
#8 noisy,77,5,0,4,0.000000450,1
#8 noisy,77,5,0,5,0.000000183,1
#8 noisy,77,5,1,2,0.000000321,1
#8 noisy,77,5,1,3,0.000000635,1
#8 noisy,77,5,1,4,0.000000380,1
#8 noisy,77,5,1,5,0.000000207,1
#8 noisy,77,5,2,2,0.000000360,1
#8 noisy,77,5,2,3,0.000000560,1
#8 noisy,77,5,2,4,0.000000348,1
#8 noisy,77,5,2,5,0.000000176,1
#8 noisy,77,5,3,2,0.000000350,1
#8 noisy,77,5,3,3,0.000000650,1
#8 noisy,77,5,3,4,0.000000473,1
#8 noisy,77,5,3,5,0.000000200,1
#8 noisy,77,5,4,2,0.000000334,1
#8 noisy,77,5,4,3,0.000000650,1
#8 noisy,77,5,4,4,0.000000474,1
#8 noisy,77,5,4,5,0.000000152,1
#8 noisy,77,5,5,2,0.000000352,1
#8 noisy,77,5,5,3,0.000000583,1
#8 noisy,77,5,5,4,0.000000401,1
#8 noisy,77,5,5,5,0.000000204,1
#8 noisy,78,6,0,2,0.000000341,0
#8 noisy,78,6,0,3,0.000000650,0
#8 noisy,78,6,0,4,0.000000450,0
#8 noisy,78,6,0,5,0.000000183,1
#8 noisy,78,6,1,2,0.000000321,1
#8 noisy,78,6,1,3,0.000000635,0
#8 noisy,78,6,1,4,0.000000380,1
#8 noisy,78,6,1,5,0.000000207,0
#8 noisy,78,6,2,2,0.000000360,1
#8 noisy,78,6,2,3,0.000000560,0
#8 noisy,78,6,2,4,0.000000348,1
#8 noisy,78,6,2,5,0.000000176,0
#8 noisy,78,6,3,2,0.000000350,1
#8 noisy,78,6,3,3,0.000000650,0
#8 noisy,78,6,3,4,0.000000473,0
#8 noisy,78,6,3,5,0.000000200,1
#8 noisy,78,6,4,2,0.000000334,0
#8 noisy,78,6,4,3,0.000000650,1
#8 noisy,78,6,4,4,0.000000474,1
#8 noisy,78,6,4,5,0.000000152,0
#8 noisy,78,6,5,2,0.000000352,1
#8 noisy,78,6,5,3,0.000000583,1
#8 noisy,78,6,5,4,0.000000401,0
#8 noisy,78,6,5,5,0.000000204,0
#8 noisy,79,6,0,2,0.000000341,1
#8 noisy,79,6,0,3,0.000000650,0
#8 noisy,79,6,0,4,0.000000450,1
#8 noisy,79,6,0,5,0.000000183,1
#8 noisy,79,6,1,2,0.000000321,1
#8 noisy,79,6,1,3,0.000000635,1
#8 noisy,79,6,1,4,0.000000380,1
#8 noisy,79,6,1,5,0.000000207,0
#8 noisy,79,6,2,2,0.000000360,1
#8 noisy,79,6,2,3,0.000000560,1
#8 noisy,79,6,2,4,0.000000348,1
#8 noisy,79,6,2,5,0.000000176,1
#8 noisy,79,6,3,2,0.000000350,1
#8 noisy,79,6,3,3,0.000000650,1
#8 noisy,79,6,3,4,0.000000473,0
#8 noisy,79,6,3,5,0.000000200,1
#8 noisy,79,6,4,2,0.000000334,0
#8 noisy,79,6,4,3,0.000000650,1
#8 noisy,79,6,4,4,0.000000474,1
#8 noisy,79,6,4,5,0.000000152,1
#8 noisy,79,6,5,2,0.000000352,1
#8 noisy,79,6,5,3,0.000000583,1
#8 noisy,79,6,5,4,0.000000401,0
#8 noisy,79,6,5,5,0.000000204,0
#8 noisy,80,6,0,2,0.000000341,1
#8 noisy,80,6,0,3,0.000000650,0
#8 noisy,80,6,0,4,0.000000450,1
#8 noisy,80,6,0,5,0.000000183,1
#8 noisy,80,6,1,2,0.000000321,1
#8 noisy,80,6,1,3,0.000000635,1
#8 noisy,80,6,1,4,0.000000380,1
#8 noisy,80,6,1,5,0.000000207,0
#8 noisy,80,6,2,2,0.000000360,1
#8 noisy,80,6,2,3,0.000000560,1
#8 noisy,80,6,2,4,0.000000348,1
#8 noisy,80,6,2,5,0.000000176,1
#8 noisy,80,6,3,2,0.000000350,1
#8 noisy,80,6,3,3,0.000000650,1
#8 noisy,80,6,3,4,0.000000473,0
#8 noisy,80,6,3,5,0.000000200,1
#8 noisy,80,6,4,2,0.000000334,0
#8 noisy,80,6,4,3,0.000000650,1
#8 noisy,80,6,4,4,0.000000474,1
#8 noisy,80,6,4,5,0.000000152,1
#8 noisy,80,6,5,2,0.000000352,1
#8 noisy,80,6,5,3,0.000000583,1
#8 noisy,80,6,5,4,0.000000401,0
#8 noisy,80,6,5,5,0.000000204,0
#8 noisy,81,6,0,2,0.000000341,1
#8 noisy,81,6,0,3,0.000000650,0
#8 noisy,81,6,0,4,0.000000450,1
#8 noisy,81,6,0,5,0.000000183,1
#8 noisy,81,6,1,2,0.000000321,1
#8 noisy,81,6,1,3,0.000000635,1
#8 noisy,81,6,1,4,0.000000380,1
#8 noisy,81,6,1,5,0.000000207,1
#8 noisy,81,6,2,2,0.000000360,1
#8 noisy,81,6,2,3,0.000000560,1
#8 noisy,81,6,2,4,0.000000348,1
#8 noisy,81,6,2,5,0.000000176,1
#8 noisy,81,6,3,2,0.000000350,1
#8 noisy,81,6,3,3,0.000000650,1
#8 noisy,81,6,3,4,0.000000473,1
#8 noisy,81,6,3,5,0.000000200,1
#8 noisy,81,6,4,2,0.000000334,0
#8 noisy,81,6,4,3,0.000000650,1
#8 noisy,81,6,4,4,0.000000474,1
#8 noisy,81,6,4,5,0.000000152,1
#8 noisy,81,6,5,2,0.000000352,1
#8 noisy,81,6,5,3,0.000000583,1
#8 noisy,81,6,5,4,0.000000401,0
#8 noisy,81,6,5,5,0.000000204,1
#8 noisy,82,6,0,2,0.000000341,1
#8 noisy,82,6,0,3,0.000000650,1
#8 noisy,82,6,0,4,0.000000450,1
#8 noisy,82,6,0,5,0.000000183,1
#8 noisy,82,6,1,2,0.000000321,1
#8 noisy,82,6,1,3,0.000000635,1
#8 noisy,82,6,1,4,0.000000380,1
#8 noisy,82,6,1,5,0.000000207,1
#8 noisy,82,6,2,2,0.000000360,1
#8 noisy,82,6,2,3,0.000000560,1
#8 noisy,82,6,2,4,0.000000348,1
#8 noisy,82,6,2,5,0.000000176,1
#8 noisy,82,6,3,2,0.000000350,1
#8 noisy,82,6,3,3,0.000000650,1
#8 noisy,82,6,3,4,0.000000473,1
#8 noisy,82,6,3,5,0.000000200,1
#8 noisy,82,6,4,2,0.000000334,1
#8 noisy,82,6,4,3,0.000000650,1
#8 noisy,82,6,4,4,0.000000474,1
#8 noisy,82,6,4,5,0.000000152,1
#8 noisy,82,6,5,2,0.000000352,1
#8 noisy,82,6,5,3,0.000000583,1
#8 noisy,82,6,5,4,0.000000401,0
#8 noisy,82,6,5,5,0.000000204,1
#8 noisy,83,6,0,2,0.000000341,1
#8 noisy,83,6,0,3,0.000000650,1
#8 noisy,83,6,0,4,0.000000450,1
#8 noisy,83,6,0,5,0.000000183,1
#8 noisy,83,6,1,2,0.000000321,1
#8 noisy,83,6,1,3,0.000000635,1
#8 noisy,83,6,1,4,0.000000380,1
#8 noisy,83,6,1,5,0.000000207,1
#8 noisy,83,6,2,2,0.000000360,1
#8 noisy,83,6,2,3,0.000000560,1
#8 noisy,83,6,2,4,0.000000348,1
#8 noisy,83,6,2,5,0.000000176,1
#8 noisy,83,6,3,2,0.000000350,1
#8 noisy,83,6,3,3,0.000000650,1
#8 noisy,83,6,3,4,0.000000473,1
#8 noisy,83,6,3,5,0.000000200,1
#8 noisy,83,6,4,2,0.000000334,1
#8 noisy,83,6,4,3,0.000000650,1
#8 noisy,83,6,4,4,0.000000474,1
#8 noisy,83,6,4,5,0.000000152,1
#8 noisy,83,6,5,2,0.000000352,1
#8 noisy,83,6,5,3,0.000000583,1
#8 noisy,83,6,5,4,0.000000401,1
#8 noisy,83,6,5,5,0.000000204,1
#9 short-session-degree2-cap,1,2,0,2,0.500000500,0
#9 short-session-degree2-cap,1,2,0,3,0.500000500,0
#9 short-session-degree2-cap,1,2,0,4,0.500000500,0
#9 short-session-degree2-cap,1,2,0,5,0.500000500,1
#9 short-session-degree2-cap,1,2,1,2,0.500000500,0
#9 short-session-degree2-cap,1,2,1,3,0.500000500,0
#9 short-session-degree2-cap,1,2,1,4,0.500000500,0
#9 short-session-degree2-cap,1,2,1,5,0.500000500,1
#9 short-session-degree2-cap,1,2,2,2,1.000000000,0
#9 short-session-degree2-cap,1,2,2,3,1.000000000,0
#9 short-session-degree2-cap,1,2,2,4,1.000000000,0
#9 short-session-degree2-cap,1,2,2,5,1.000000000,0
#9 short-session-degree2-cap,1,2,3,2,1.000000000,0
#9 short-session-degree2-cap,1,2,3,3,1.000000000,0
#9 short-session-degree2-cap,1,2,3,4,1.000000000,0
#9 short-session-degree2-cap,1,2,3,5,1.000000000,0
#9 short-session-degree2-cap,1,2,4,2,1.000000000,0
#9 short-session-degree2-cap,1,2,4,3,1.000000000,0
#9 short-session-degree2-cap,1,2,4,4,1.000000000,0
#9 short-session-degree2-cap,1,2,4,5,1.000000000,0
#9 short-session-degree2-cap,1,2,5,2,1.000000000,0
#9 short-session-degree2-cap,1,2,5,3,1.000000000,0
#9 short-session-degree2-cap,1,2,5,4,1.000000000,0
#9 short-session-degree2-cap,1,2,5,5,1.000000000,0
#9 short-session-degree2-cap,2,2,0,2,0.333333667,0
#9 short-session-degree2-cap,2,2,0,3,0.333333667,0
#9 short-session-degree2-cap,2,2,0,4,0.333333667,0
#9 short-session-degree2-cap,2,2,0,5,0.333333667,1
#9 short-session-degree2-cap,2,2,1,2,0.333334000,0
#9 short-session-degree2-cap,2,2,1,3,0.333334000,0
#9 short-session-degree2-cap,2,2,1,4,0.333334000,0
#9 short-session-degree2-cap,2,2,1,5,0.333334000,1
#9 short-session-degree2-cap,2,2,2,2,0.333334000,0
#9 short-session-degree2-cap,2,2,2,3,0.333334000,0
#9 short-session-degree2-cap,2,2,2,4,0.333334000,0
#9 short-session-degree2-cap,2,2,2,5,0.333334000,1
#9 short-session-degree2-cap,2,2,3,2,1.000000000,0
#9 short-session-degree2-cap,2,2,3,3,1.000000000,0
#9 short-session-degree2-cap,2,2,3,4,1.000000000,0
#9 short-session-degree2-cap,2,2,3,5,1.000000000,0
#9 short-session-degree2-cap,2,2,4,2,1.000000000,0
#9 short-session-degree2-cap,2,2,4,3,1.000000000,0
#9 short-session-degree2-cap,2,2,4,4,1.000000000,0
#9 short-session-degree2-cap,2,2,4,5,1.000000000,0
#9 short-session-degree2-cap,2,2,5,2,1.000000000,0
#9 short-session-degree2-cap,2,2,5,3,1.000000000,0
#9 short-session-degree2-cap,2,2,5,4,1.000000000,0
#9 short-session-degree2-cap,2,2,5,5,1.000000000,0
#9 short-session-degree2-cap,3,2,0,2,0.250000250,0
#9 short-session-degree2-cap,3,2,0,3,0.250000250,0
#9 short-session-degree2-cap,3,2,0,4,0.250000250,0
#9 short-session-degree2-cap,3,2,0,5,0.250000250,1
#9 short-session-degree2-cap,3,2,1,2,0.250000750,0
#9 short-session-degree2-cap,3,2,1,3,0.250000750,0
#9 short-session-degree2-cap,3,2,1,4,0.250000750,0
#9 short-session-degree2-cap,3,2,1,5,0.250000750,1
#9 short-session-degree2-cap,3,2,2,2,0.250000750,0
#9 short-session-degree2-cap,3,2,2,3,0.250000750,0
#9 short-session-degree2-cap,3,2,2,4,0.250000750,0
#9 short-session-degree2-cap,3,2,2,5,0.250000750,1
#9 short-session-degree2-cap,3,2,3,2,0.250000750,0
#9 short-session-degree2-cap,3,2,3,3,0.250000750,0
#9 short-session-degree2-cap,3,2,3,4,0.250000750,0
#9 short-session-degree2-cap,3,2,3,5,0.250000750,1
#9 short-session-degree2-cap,3,2,4,2,1.000000000,0
#9 short-session-degree2-cap,3,2,4,3,1.000000000,0
#9 short-session-degree2-cap,3,2,4,4,1.000000000,0
#9 short-session-degree2-cap,3,2,4,5,1.000000000,0
#9 short-session-degree2-cap,3,2,5,2,1.000000000,0
#9 short-session-degree2-cap,3,2,5,3,1.000000000,0
#9 short-session-degree2-cap,3,2,5,4,1.000000000,0
#9 short-session-degree2-cap,3,2,5,5,1.000000000,0
#9 short-session-degree2-cap,4,2,0,2,0.200000200,0
#9 short-session-degree2-cap,4,2,0,3,0.200000200,0
#9 short-session-degree2-cap,4,2,0,4,0.200000200,0
#9 short-session-degree2-cap,4,2,0,5,0.200000200,1
#9 short-session-degree2-cap,4,2,1,2,0.200000800,0
#9 short-session-degree2-cap,4,2,1,3,0.200000800,0
#9 short-session-degree2-cap,4,2,1,4,0.200000800,0
#9 short-session-degree2-cap,4,2,1,5,0.200000800,1
#9 short-session-degree2-cap,4,2,2,2,0.200000800,0
#9 short-session-degree2-cap,4,2,2,3,0.200000800,0
#9 short-session-degree2-cap,4,2,2,4,0.200000800,0
#9 short-session-degree2-cap,4,2,2,5,0.200000800,1
#9 short-session-degree2-cap,4,2,3,2,0.200000800,0
#9 short-session-degree2-cap,4,2,3,3,0.200000800,0
#9 short-session-degree2-cap,4,2,3,4,0.200000800,0
#9 short-session-degree2-cap,4,2,3,5,0.200000800,1
#9 short-session-degree2-cap,4,2,4,2,0.200000800,0
#9 short-session-degree2-cap,4,2,4,3,0.200000800,0
#9 short-session-degree2-cap,4,2,4,4,0.200000800,0
#9 short-session-degree2-cap,4,2,4,5,0.200000800,1
#9 short-session-degree2-cap,4,2,5,2,1.000000000,0
#9 short-session-degree2-cap,4,2,5,3,1.000000000,0
#9 short-session-degree2-cap,4,2,5,4,1.000000000,0
#9 short-session-degree2-cap,4,2,5,5,1.000000000,0
#9 short-session-degree2-cap,5,2,0,2,0.166666833,0
#9 short-session-degree2-cap,5,2,0,3,0.166666833,0
#9 short-session-degree2-cap,5,2,0,4,0.166666833,0
#9 short-session-degree2-cap,5,2,0,5,0.000000333,1
#9 short-session-degree2-cap,5,2,1,2,0.166667500,0
#9 short-session-degree2-cap,5,2,1,3,0.166667500,0
#9 short-session-degree2-cap,5,2,1,4,0.166667500,0
#9 short-session-degree2-cap,5,2,1,5,0.000001667,1
#9 short-session-degree2-cap,5,2,2,2,0.166667500,0
#9 short-session-degree2-cap,5,2,2,3,0.166667500,0
#9 short-session-degree2-cap,5,2,2,4,0.166667500,0
#9 short-session-degree2-cap,5,2,2,5,0.000001667,1
#9 short-session-degree2-cap,5,2,3,2,0.166667500,0
#9 short-session-degree2-cap,5,2,3,3,0.166667500,0
#9 short-session-degree2-cap,5,2,3,4,0.166667500,0
#9 short-session-degree2-cap,5,2,3,5,0.000001667,1
#9 short-session-degree2-cap,5,2,4,2,0.166667500,0
#9 short-session-degree2-cap,5,2,4,3,0.166667500,0
#9 short-session-degree2-cap,5,2,4,4,0.166667500,0
#9 short-session-degree2-cap,5,2,4,5,0.000001667,1
#9 short-session-degree2-cap,5,2,5,2,0.166667500,0
#9 short-session-degree2-cap,5,2,5,3,0.166667500,0
#9 short-session-degree2-cap,5,2,5,4,0.166667500,0
#9 short-session-degree2-cap,5,2,5,5,0.000001667,1
#9 short-session-degree2-cap,6,2,0,2,0.166666833,0
#9 short-session-degree2-cap,6,2,0,3,0.166666833,0
#9 short-session-degree2-cap,6,2,0,4,0.166666833,0
#9 short-session-degree2-cap,6,2,0,5,0.000000333,1
#9 short-session-degree2-cap,6,2,1,2,0.166667083,0
#9 short-session-degree2-cap,6,2,1,3,0.166667083,0
#9 short-session-degree2-cap,6,2,1,4,0.166667083,0
#9 short-session-degree2-cap,6,2,1,5,0.000000833,1
#9 short-session-degree2-cap,6,2,2,2,0.166667083,0
#9 short-session-degree2-cap,6,2,2,3,0.166667083,0
#9 short-session-degree2-cap,6,2,2,4,0.166667083,0
#9 short-session-degree2-cap,6,2,2,5,0.000000833,1
#9 short-session-degree2-cap,6,2,3,2,0.166667500,0
#9 short-session-degree2-cap,6,2,3,3,0.166667500,0
#9 short-session-degree2-cap,6,2,3,4,0.166667500,0
#9 short-session-degree2-cap,6,2,3,5,0.000001667,1
#9 short-session-degree2-cap,6,2,4,2,0.166667500,0
#9 short-session-degree2-cap,6,2,4,3,0.166667500,0
#9 short-session-degree2-cap,6,2,4,4,0.166667500,0
#9 short-session-degree2-cap,6,2,4,5,0.000001667,1
#9 short-session-degree2-cap,6,2,5,2,0.166667500,0
#9 short-session-degree2-cap,6,2,5,3,0.166667500,0
#9 short-session-degree2-cap,6,2,5,4,0.166667500,0
#9 short-session-degree2-cap,6,2,5,5,0.000001667,1
#9 short-session-degree2-cap,7,2,0,2,0.166666833,0
#9 short-session-degree2-cap,7,2,0,3,0.166666833,0
#9 short-session-degree2-cap,7,2,0,4,0.166666833,0
#9 short-session-degree2-cap,7,2,0,5,0.000000333,1
#9 short-session-degree2-cap,7,2,1,2,0.166666944,0
#9 short-session-degree2-cap,7,2,1,3,0.166666944,0
#9 short-session-degree2-cap,7,2,1,4,0.166666944,0
#9 short-session-degree2-cap,7,2,1,5,0.000000556,1
#9 short-session-degree2-cap,7,2,2,2,0.166667083,0
#9 short-session-degree2-cap,7,2,2,3,0.166667083,0
#9 short-session-degree2-cap,7,2,2,4,0.166667083,0
#9 short-session-degree2-cap,7,2,2,5,0.000000833,1
#9 short-session-degree2-cap,7,2,3,2,0.166667083,0
#9 short-session-degree2-cap,7,2,3,3,0.166667083,0
#9 short-session-degree2-cap,7,2,3,4,0.166667083,0
#9 short-session-degree2-cap,7,2,3,5,0.000000833,1
#9 short-session-degree2-cap,7,2,4,2,0.166667500,0
#9 short-session-degree2-cap,7,2,4,3,0.166667500,0
#9 short-session-degree2-cap,7,2,4,4,0.166667500,0
#9 short-session-degree2-cap,7,2,4,5,0.000001667,1
#9 short-session-degree2-cap,7,2,5,2,0.166667500,0
#9 short-session-degree2-cap,7,2,5,3,0.166667500,0
#9 short-session-degree2-cap,7,2,5,4,0.166667500,0
#9 short-session-degree2-cap,7,2,5,5,0.000001667,1
#9 short-session-degree2-cap,8,2,0,2,0.166666833,0
#9 short-session-degree2-cap,8,2,0,3,0.166666833,0
#9 short-session-degree2-cap,8,2,0,4,0.166666833,0
#9 short-session-degree2-cap,8,2,0,5,0.000000333,1
#9 short-session-degree2-cap,8,2,1,2,0.166666875,0
#9 short-session-degree2-cap,8,2,1,3,0.166666875,0
#9 short-session-degree2-cap,8,2,1,4,0.166666875,0
#9 short-session-degree2-cap,8,2,1,5,0.000000417,1
#9 short-session-degree2-cap,8,2,2,2,0.166667083,0
#9 short-session-degree2-cap,8,2,2,3,0.166667083,0
#9 short-session-degree2-cap,8,2,2,4,0.166667083,0
#9 short-session-degree2-cap,8,2,2,5,0.000000833,1
#9 short-session-degree2-cap,8,2,3,2,0.166667083,0
#9 short-session-degree2-cap,8,2,3,3,0.166667083,0
#9 short-session-degree2-cap,8,2,3,4,0.166667083,0
#9 short-session-degree2-cap,8,2,3,5,0.000000833,1
#9 short-session-degree2-cap,8,2,4,2,0.166667083,0
#9 short-session-degree2-cap,8,2,4,3,0.166667083,0
#9 short-session-degree2-cap,8,2,4,4,0.166667083,0
#9 short-session-degree2-cap,8,2,4,5,0.000000833,1
#9 short-session-degree2-cap,8,2,5,2,0.166667500,0
#9 short-session-degree2-cap,8,2,5,3,0.166667500,0
#9 short-session-degree2-cap,8,2,5,4,0.166667500,0
#9 short-session-degree2-cap,8,2,5,5,0.000001667,1
#9 short-session-degree2-cap,9,2,0,2,0.166666833,0
#9 short-session-degree2-cap,9,2,0,3,0.166666833,0
#9 short-session-degree2-cap,9,2,0,4,0.166666833,0
#9 short-session-degree2-cap,9,2,0,5,0.000000333,1
#9 short-session-degree2-cap,9,2,1,2,0.166666833,0
#9 short-session-degree2-cap,9,2,1,3,0.166666833,0
#9 short-session-degree2-cap,9,2,1,4,0.166666833,0
#9 short-session-degree2-cap,9,2,1,5,0.000000333,1
#9 short-session-degree2-cap,9,2,2,2,0.166667083,0
#9 short-session-degree2-cap,9,2,2,3,0.166667083,0
#9 short-session-degree2-cap,9,2,2,4,0.166667083,0
#9 short-session-degree2-cap,9,2,2,5,0.000000833,1
#9 short-session-degree2-cap,9,2,3,2,0.166667083,0
#9 short-session-degree2-cap,9,2,3,3,0.166667083,0
#9 short-session-degree2-cap,9,2,3,4,0.166667083,0
#9 short-session-degree2-cap,9,2,3,5,0.000000833,1
#9 short-session-degree2-cap,9,2,4,2,0.166667083,0
#9 short-session-degree2-cap,9,2,4,3,0.166667083,0
#9 short-session-degree2-cap,9,2,4,4,0.166667083,0
#9 short-session-degree2-cap,9,2,4,5,0.000000833,1
#9 short-session-degree2-cap,9,2,5,2,0.166667083,0
#9 short-session-degree2-cap,9,2,5,3,0.166667083,0
#9 short-session-degree2-cap,9,2,5,4,0.166667083,0
#9 short-session-degree2-cap,9,2,5,5,0.000000833,1
#9 short-session-degree2-cap,10,2,0,2,0.166666833,0
#9 short-session-degree2-cap,10,2,0,3,0.166666833,0
#9 short-session-degree2-cap,10,2,0,4,0.166666833,0
#9 short-session-degree2-cap,10,2,0,5,0.000000333,1
#9 short-session-degree2-cap,10,2,1,2,0.166666833,0
#9 short-session-degree2-cap,10,2,1,3,0.166666833,0
#9 short-session-degree2-cap,10,2,1,4,0.166666833,0
#9 short-session-degree2-cap,10,2,1,5,0.000000333,1
#9 short-session-degree2-cap,10,2,2,2,0.166666944,0
#9 short-session-degree2-cap,10,2,2,3,0.166666944,0
#9 short-session-degree2-cap,10,2,2,4,0.166666944,0
#9 short-session-degree2-cap,10,2,2,5,0.000000556,1
#9 short-session-degree2-cap,10,2,3,2,0.166666944,0
#9 short-session-degree2-cap,10,2,3,3,0.166666944,0
#9 short-session-degree2-cap,10,2,3,4,0.166666944,0
#9 short-session-degree2-cap,10,2,3,5,0.000000556,1
#9 short-session-degree2-cap,10,2,4,2,0.166667083,0
#9 short-session-degree2-cap,10,2,4,3,0.166667083,0
#9 short-session-degree2-cap,10,2,4,4,0.166667083,0
#9 short-session-degree2-cap,10,2,4,5,0.000000833,1
#9 short-session-degree2-cap,10,2,5,2,0.166667083,0
#9 short-session-degree2-cap,10,2,5,3,0.166667083,0
#9 short-session-degree2-cap,10,2,5,4,0.166667083,0
#9 short-session-degree2-cap,10,2,5,5,0.000000833,1
#9 short-session-degree2-cap,11,2,0,2,0.166666833,0
#9 short-session-degree2-cap,11,2,0,3,0.166666833,0
#9 short-session-degree2-cap,11,2,0,4,0.166666833,0
#9 short-session-degree2-cap,11,2,0,5,0.000000333,1
#9 short-session-degree2-cap,11,2,1,2,0.166666833,0
#9 short-session-degree2-cap,11,2,1,3,0.166666833,0
#9 short-session-degree2-cap,11,2,1,4,0.166666833,0
#9 short-session-degree2-cap,11,2,1,5,0.000000333,1
#9 short-session-degree2-cap,11,2,2,2,0.166666875,0
#9 short-session-degree2-cap,11,2,2,3,0.166666875,0
#9 short-session-degree2-cap,11,2,2,4,0.166666875,0
#9 short-session-degree2-cap,11,2,2,5,0.000000417,1
#9 short-session-degree2-cap,11,2,3,2,0.166666944,0
#9 short-session-degree2-cap,11,2,3,3,0.166666944,0
#9 short-session-degree2-cap,11,2,3,4,0.166666944,0
#9 short-session-degree2-cap,11,2,3,5,0.000000556,1
#9 short-session-degree2-cap,11,2,4,2,0.166666944,0
#9 short-session-degree2-cap,11,2,4,3,0.166666944,0
#9 short-session-degree2-cap,11,2,4,4,0.166666944,0
#9 short-session-degree2-cap,11,2,4,5,0.000000556,1
#9 short-session-degree2-cap,11,2,5,2,0.166667083,0
#9 short-session-degree2-cap,11,2,5,3,0.166667083,0
#9 short-session-degree2-cap,11,2,5,4,0.166667083,0
#9 short-session-degree2-cap,11,2,5,5,0.000000833,1
#9 short-session-degree2-cap,12,2,0,2,0.166666833,0
#9 short-session-degree2-cap,12,2,0,3,0.166666833,0
#9 short-session-degree2-cap,12,2,0,4,0.166666833,0
#9 short-session-degree2-cap,12,2,0,5,0.000000333,1
#9 short-session-degree2-cap,12,2,1,2,0.166666833,0
#9 short-session-degree2-cap,12,2,1,3,0.166666833,0
#9 short-session-degree2-cap,12,2,1,4,0.166666833,0
#9 short-session-degree2-cap,12,2,1,5,0.000000333,1
#9 short-session-degree2-cap,12,2,2,2,0.166666833,0
#9 short-session-degree2-cap,12,2,2,3,0.166666833,0
#9 short-session-degree2-cap,12,2,2,4,0.166666833,0
#9 short-session-degree2-cap,12,2,2,5,0.000000333,1
#9 short-session-degree2-cap,12,2,3,2,0.166666944,0
#9 short-session-degree2-cap,12,2,3,3,0.166666944,0
#9 short-session-degree2-cap,12,2,3,4,0.166666944,0
#9 short-session-degree2-cap,12,2,3,5,0.000000556,1
#9 short-session-degree2-cap,12,2,4,2,0.166666944,0
#9 short-session-degree2-cap,12,2,4,3,0.166666944,0
#9 short-session-degree2-cap,12,2,4,4,0.166666944,0
#9 short-session-degree2-cap,12,2,4,5,0.000000556,1
#9 short-session-degree2-cap,12,2,5,2,0.166666944,0
#9 short-session-degree2-cap,12,2,5,3,0.166666944,0
#9 short-session-degree2-cap,12,2,5,4,0.166666944,0
#9 short-session-degree2-cap,12,2,5,5,0.000000556,1
#9 short-session-degree2-cap,13,2,0,2,0.166666833,0
#9 short-session-degree2-cap,13,2,0,3,0.166666833,0
#9 short-session-degree2-cap,13,2,0,4,0.166666833,0
#9 short-session-degree2-cap,13,2,0,5,0.000000333,1
#9 short-session-degree2-cap,13,2,1,2,0.166666833,0
#9 short-session-degree2-cap,13,2,1,3,0.166666833,0
#9 short-session-degree2-cap,13,2,1,4,0.166666833,0
#9 short-session-degree2-cap,13,2,1,5,0.000000333,1
#9 short-session-degree2-cap,13,2,2,2,0.166666833,0
#9 short-session-degree2-cap,13,2,2,3,0.166666833,0
#9 short-session-degree2-cap,13,2,2,4,0.166666833,0
#9 short-session-degree2-cap,13,2,2,5,0.000000333,1
#9 short-session-degree2-cap,13,2,3,2,0.166666875,0
#9 short-session-degree2-cap,13,2,3,3,0.166666875,0
#9 short-session-degree2-cap,13,2,3,4,0.166666875,0
#9 short-session-degree2-cap,13,2,3,5,0.000000417,1
#9 short-session-degree2-cap,13,2,4,2,0.166666875,0
#9 short-session-degree2-cap,13,2,4,3,0.166666875,0
#9 short-session-degree2-cap,13,2,4,4,0.166666875,0
#9 short-session-degree2-cap,13,2,4,5,0.000000417,1
#9 short-session-degree2-cap,13,2,5,2,0.166666944,0
#9 short-session-degree2-cap,13,2,5,3,0.166666944,0
#9 short-session-degree2-cap,13,2,5,4,0.166666944,0
#9 short-session-degree2-cap,13,2,5,5,0.000000556,1
#9 short-session-degree2-cap,14,2,0,2,0.166666833,0
#9 short-session-degree2-cap,14,2,0,3,0.166666833,0
#9 short-session-degree2-cap,14,2,0,4,0.166666833,0
#9 short-session-degree2-cap,14,2,0,5,0.000000333,1
#9 short-session-degree2-cap,14,2,1,2,0.166666833,0
#9 short-session-degree2-cap,14,2,1,3,0.166666833,0
#9 short-session-degree2-cap,14,2,1,4,0.166666833,0
#9 short-session-degree2-cap,14,2,1,5,0.000000333,1
#9 short-session-degree2-cap,14,2,2,2,0.166666833,0
#9 short-session-degree2-cap,14,2,2,3,0.166666833,0
#9 short-session-degree2-cap,14,2,2,4,0.166666833,0
#9 short-session-degree2-cap,14,2,2,5,0.000000333,1
#9 short-session-degree2-cap,14,2,3,2,0.166666833,0
#9 short-session-degree2-cap,14,2,3,3,0.166666833,0
#9 short-session-degree2-cap,14,2,3,4,0.166666833,0
#9 short-session-degree2-cap,14,2,3,5,0.000000333,1
#9 short-session-degree2-cap,14,2,4,2,0.166666875,0
#9 short-session-degree2-cap,14,2,4,3,0.166666875,0
#9 short-session-degree2-cap,14,2,4,4,0.166666875,0
#9 short-session-degree2-cap,14,2,4,5,0.000000417,1
#9 short-session-degree2-cap,14,2,5,2,0.166666875,0
#9 short-session-degree2-cap,14,2,5,3,0.166666875,0
#9 short-session-degree2-cap,14,2,5,4,0.166666875,0
#9 short-session-degree2-cap,14,2,5,5,0.000000417,1
#9 short-session-degree2-cap,15,2,0,2,0.166666833,0
#9 short-session-degree2-cap,15,2,0,3,0.166666833,0
#9 short-session-degree2-cap,15,2,0,4,0.166666833,0
#9 short-session-degree2-cap,15,2,0,5,0.000000333,1
#9 short-session-degree2-cap,15,2,1,2,0.166666833,0
#9 short-session-degree2-cap,15,2,1,3,0.166666833,0
#9 short-session-degree2-cap,15,2,1,4,0.166666833,0
#9 short-session-degree2-cap,15,2,1,5,0.000000333,1
#9 short-session-degree2-cap,15,2,2,2,0.166666833,0
#9 short-session-degree2-cap,15,2,2,3,0.166666833,0
#9 short-session-degree2-cap,15,2,2,4,0.166666833,0
#9 short-session-degree2-cap,15,2,2,5,0.000000333,1
#9 short-session-degree2-cap,15,2,3,2,0.166666833,0
#9 short-session-degree2-cap,15,2,3,3,0.166666833,0
#9 short-session-degree2-cap,15,2,3,4,0.166666833,0
#9 short-session-degree2-cap,15,2,3,5,0.000000333,1
#9 short-session-degree2-cap,15,2,4,2,0.166666833,0
#9 short-session-degree2-cap,15,2,4,3,0.166666833,0
#9 short-session-degree2-cap,15,2,4,4,0.166666833,0
#9 short-session-degree2-cap,15,2,4,5,0.000000333,1
#9 short-session-degree2-cap,15,2,5,2,0.166666833,0
#9 short-session-degree2-cap,15,2,5,3,0.166666833,0
#9 short-session-degree2-cap,15,2,5,4,0.166666833,0
#9 short-session-degree2-cap,15,2,5,5,0.000000333,1
#9 short-session-degree2-cap,16,2,0,2,0.166666833,0
#9 short-session-degree2-cap,16,2,0,3,0.166666833,1
#9 short-session-degree2-cap,16,2,0,4,0.166666833,1
#9 short-session-degree2-cap,16,2,0,5,0.000000333,1
#9 short-session-degree2-cap,16,2,1,2,0.166666833,0
#9 short-session-degree2-cap,16,2,1,3,0.166666833,1
#9 short-session-degree2-cap,16,2,1,4,0.166666833,1
#9 short-session-degree2-cap,16,2,1,5,0.000000333,1
#9 short-session-degree2-cap,16,2,2,2,0.166666833,0
#9 short-session-degree2-cap,16,2,2,3,0.166666833,0
#9 short-session-degree2-cap,16,2,2,4,0.166666833,0
#9 short-session-degree2-cap,16,2,2,5,0.000000333,1
#9 short-session-degree2-cap,16,2,3,2,0.166666833,0
#9 short-session-degree2-cap,16,2,3,3,0.166666833,0
#9 short-session-degree2-cap,16,2,3,4,0.166666833,0
#9 short-session-degree2-cap,16,2,3,5,0.000000333,1
#9 short-session-degree2-cap,16,2,4,2,0.166666833,0
#9 short-session-degree2-cap,16,2,4,3,0.166666833,0
#9 short-session-degree2-cap,16,2,4,4,0.166666833,0
#9 short-session-degree2-cap,16,2,4,5,0.000000333,1
#9 short-session-degree2-cap,16,2,5,2,0.166666833,0
#9 short-session-degree2-cap,16,2,5,3,0.166666833,0
#9 short-session-degree2-cap,16,2,5,4,0.166666833,0
#9 short-session-degree2-cap,16,2,5,5,0.000000333,1
#9 short-session-degree2-cap,17,2,0,2,0.166666833,1
#9 short-session-degree2-cap,17,2,0,3,0.166666833,1
#9 short-session-degree2-cap,17,2,0,4,0.166666833,1
#9 short-session-degree2-cap,17,2,0,5,0.000000333,1
#9 short-session-degree2-cap,17,2,1,2,0.166666833,1
#9 short-session-degree2-cap,17,2,1,3,0.166666833,1
#9 short-session-degree2-cap,17,2,1,4,0.166666833,1
#9 short-session-degree2-cap,17,2,1,5,0.000000333,1
#9 short-session-degree2-cap,17,2,2,2,0.166666833,0
#9 short-session-degree2-cap,17,2,2,3,0.166666833,0
#9 short-session-degree2-cap,17,2,2,4,0.166666833,0
#9 short-session-degree2-cap,17,2,2,5,0.000000333,1
#9 short-session-degree2-cap,17,2,3,2,0.166666833,0
#9 short-session-degree2-cap,17,2,3,3,0.166666833,0
#9 short-session-degree2-cap,17,2,3,4,0.166666833,0
#9 short-session-degree2-cap,17,2,3,5,0.000000333,1
#9 short-session-degree2-cap,17,2,4,2,0.166666833,0
#9 short-session-degree2-cap,17,2,4,3,0.166666833,0
#9 short-session-degree2-cap,17,2,4,4,0.166666833,0
#9 short-session-degree2-cap,17,2,4,5,0.000000333,1
#9 short-session-degree2-cap,17,2,5,2,0.166666833,0
#9 short-session-degree2-cap,17,2,5,3,0.166666833,0
#9 short-session-degree2-cap,17,2,5,4,0.166666833,0
#9 short-session-degree2-cap,17,2,5,5,0.000000333,1
#9 short-session-degree2-cap,18,2,0,2,0.166666833,1
#9 short-session-degree2-cap,18,2,0,3,0.166666833,1
#9 short-session-degree2-cap,18,2,0,4,0.166666833,1
#9 short-session-degree2-cap,18,2,0,5,0.000000333,1
#9 short-session-degree2-cap,18,2,1,2,0.166666833,1
#9 short-session-degree2-cap,18,2,1,3,0.166666833,1
#9 short-session-degree2-cap,18,2,1,4,0.166666833,1
#9 short-session-degree2-cap,18,2,1,5,0.000000333,1
#9 short-session-degree2-cap,18,2,2,2,0.166666833,1
#9 short-session-degree2-cap,18,2,2,3,0.166666833,1
#9 short-session-degree2-cap,18,2,2,4,0.166666833,0
#9 short-session-degree2-cap,18,2,2,5,0.000000333,1
#9 short-session-degree2-cap,18,2,3,2,0.166666833,0
#9 short-session-degree2-cap,18,2,3,3,0.166666833,0
#9 short-session-degree2-cap,18,2,3,4,0.166666833,0
#9 short-session-degree2-cap,18,2,3,5,0.000000333,1
#9 short-session-degree2-cap,18,2,4,2,0.166666833,0
#9 short-session-degree2-cap,18,2,4,3,0.166666833,0
#9 short-session-degree2-cap,18,2,4,4,0.166666833,0
#9 short-session-degree2-cap,18,2,4,5,0.000000333,1
#9 short-session-degree2-cap,18,2,5,2,0.166666833,0
#9 short-session-degree2-cap,18,2,5,3,0.166666833,0
#9 short-session-degree2-cap,18,2,5,4,0.166666833,0
#9 short-session-degree2-cap,18,2,5,5,0.000000333,1
#9 short-session-degree2-cap,19,2,0,2,0.166666833,1
#9 short-session-degree2-cap,19,2,0,3,0.166666833,1
#9 short-session-degree2-cap,19,2,0,4,0.166666833,1
#9 short-session-degree2-cap,19,2,0,5,0.000000333,1
#9 short-session-degree2-cap,19,2,1,2,0.166666833,1
#9 short-session-degree2-cap,19,2,1,3,0.166666833,1
#9 short-session-degree2-cap,19,2,1,4,0.166666833,1
#9 short-session-degree2-cap,19,2,1,5,0.000000333,1
#9 short-session-degree2-cap,19,2,2,2,0.166666833,1
#9 short-session-degree2-cap,19,2,2,3,0.166666833,1
#9 short-session-degree2-cap,19,2,2,4,0.166666833,0
#9 short-session-degree2-cap,19,2,2,5,0.000000333,1
#9 short-session-degree2-cap,19,2,3,2,0.166666833,1
#9 short-session-degree2-cap,19,2,3,3,0.166666833,1
#9 short-session-degree2-cap,19,2,3,4,0.166666833,0
#9 short-session-degree2-cap,19,2,3,5,0.000000333,1
#9 short-session-degree2-cap,19,2,4,2,0.166666833,0
#9 short-session-degree2-cap,19,2,4,3,0.166666833,0
#9 short-session-degree2-cap,19,2,4,4,0.166666833,0
#9 short-session-degree2-cap,19,2,4,5,0.000000333,1
#9 short-session-degree2-cap,19,2,5,2,0.166666833,0
#9 short-session-degree2-cap,19,2,5,3,0.166666833,0
#9 short-session-degree2-cap,19,2,5,4,0.166666833,0
#9 short-session-degree2-cap,19,2,5,5,0.000000333,1
#9 short-session-degree2-cap,20,2,0,2,0.166666833,1
#9 short-session-degree2-cap,20,2,0,3,0.166666833,1
#9 short-session-degree2-cap,20,2,0,4,0.166666833,1
#9 short-session-degree2-cap,20,2,0,5,0.000000333,1
#9 short-session-degree2-cap,20,2,1,2,0.166666833,1
#9 short-session-degree2-cap,20,2,1,3,0.166666833,1
#9 short-session-degree2-cap,20,2,1,4,0.166666833,1
#9 short-session-degree2-cap,20,2,1,5,0.000000333,1
#9 short-session-degree2-cap,20,2,2,2,0.166666833,1
#9 short-session-degree2-cap,20,2,2,3,0.166666833,1
#9 short-session-degree2-cap,20,2,2,4,0.166666833,0
#9 short-session-degree2-cap,20,2,2,5,0.000000333,1
#9 short-session-degree2-cap,20,2,3,2,0.166666833,1
#9 short-session-degree2-cap,20,2,3,3,0.166666833,1
#9 short-session-degree2-cap,20,2,3,4,0.166666833,1
#9 short-session-degree2-cap,20,2,3,5,0.000000333,1
#9 short-session-degree2-cap,20,2,4,2,0.166666833,0
#9 short-session-degree2-cap,20,2,4,3,0.166666833,0
#9 short-session-degree2-cap,20,2,4,4,0.166666833,0
#9 short-session-degree2-cap,20,2,4,5,0.000000333,1
#9 short-session-degree2-cap,20,2,5,2,0.166666833,0
#9 short-session-degree2-cap,20,2,5,3,0.166666833,0
#9 short-session-degree2-cap,20,2,5,4,0.166666833,0
#9 short-session-degree2-cap,20,2,5,5,0.000000333,1
#9 short-session-degree2-cap,21,2,0,2,0.166666833,1
#9 short-session-degree2-cap,21,2,0,3,0.166666833,1
#9 short-session-degree2-cap,21,2,0,4,0.166666833,1
#9 short-session-degree2-cap,21,2,0,5,0.000000333,1
#9 short-session-degree2-cap,21,2,1,2,0.166666833,1
#9 short-session-degree2-cap,21,2,1,3,0.166666833,1
#9 short-session-degree2-cap,21,2,1,4,0.166666833,1
#9 short-session-degree2-cap,21,2,1,5,0.000000333,1
#9 short-session-degree2-cap,21,2,2,2,0.166666833,1
#9 short-session-degree2-cap,21,2,2,3,0.166666833,1
#9 short-session-degree2-cap,21,2,2,4,0.166666833,0
#9 short-session-degree2-cap,21,2,2,5,0.000000333,1
#9 short-session-degree2-cap,21,2,3,2,0.166666833,1
#9 short-session-degree2-cap,21,2,3,3,0.166666833,1
#9 short-session-degree2-cap,21,2,3,4,0.166666833,1
#9 short-session-degree2-cap,21,2,3,5,0.000000333,1
#9 short-session-degree2-cap,21,2,4,2,0.166666833,0
#9 short-session-degree2-cap,21,2,4,3,0.166666833,0
#9 short-session-degree2-cap,21,2,4,4,0.166666833,0
#9 short-session-degree2-cap,21,2,4,5,0.000000333,1
#9 short-session-degree2-cap,21,2,5,2,0.166666833,0
#9 short-session-degree2-cap,21,2,5,3,0.166666833,0
#9 short-session-degree2-cap,21,2,5,4,0.166666833,0
#9 short-session-degree2-cap,21,2,5,5,0.000000333,1
#9 short-session-degree2-cap,22,2,0,2,0.166666833,1
#9 short-session-degree2-cap,22,2,0,3,0.166666833,1
#9 short-session-degree2-cap,22,2,0,4,0.166666833,1
#9 short-session-degree2-cap,22,2,0,5,0.000000333,1
#9 short-session-degree2-cap,22,2,1,2,0.166666833,1
#9 short-session-degree2-cap,22,2,1,3,0.166666833,1
#9 short-session-degree2-cap,22,2,1,4,0.166666833,1
#9 short-session-degree2-cap,22,2,1,5,0.000000333,1
#9 short-session-degree2-cap,22,2,2,2,0.166666833,1
#9 short-session-degree2-cap,22,2,2,3,0.166666833,1
#9 short-session-degree2-cap,22,2,2,4,0.166666833,0
#9 short-session-degree2-cap,22,2,2,5,0.000000333,1
#9 short-session-degree2-cap,22,2,3,2,0.166666833,1
#9 short-session-degree2-cap,22,2,3,3,0.166666833,1
#9 short-session-degree2-cap,22,2,3,4,0.166666833,1
#9 short-session-degree2-cap,22,2,3,5,0.000000333,1
#9 short-session-degree2-cap,22,2,4,2,0.166666833,0
#9 short-session-degree2-cap,22,2,4,3,0.166666833,0
#9 short-session-degree2-cap,22,2,4,4,0.166666833,0
#9 short-session-degree2-cap,22,2,4,5,0.000000333,1
#9 short-session-degree2-cap,22,2,5,2,0.166666833,1
#9 short-session-degree2-cap,22,2,5,3,0.166666833,1
#9 short-session-degree2-cap,22,2,5,4,0.166666833,0
#9 short-session-degree2-cap,22,2,5,5,0.000000333,1
#9 short-session-degree2-cap,23,2,0,2,0.166666833,1
#9 short-session-degree2-cap,23,2,0,3,0.166666833,1
#9 short-session-degree2-cap,23,2,0,4,0.166666833,1
#9 short-session-degree2-cap,23,2,0,5,0.000000333,1
#9 short-session-degree2-cap,23,2,1,2,0.166666833,1
#9 short-session-degree2-cap,23,2,1,3,0.166666833,1
#9 short-session-degree2-cap,23,2,1,4,0.166666833,1
#9 short-session-degree2-cap,23,2,1,5,0.000000333,1
#9 short-session-degree2-cap,23,2,2,2,0.166666833,1
#9 short-session-degree2-cap,23,2,2,3,0.166666833,1
#9 short-session-degree2-cap,23,2,2,4,0.166666833,0
#9 short-session-degree2-cap,23,2,2,5,0.000000333,1
#9 short-session-degree2-cap,23,2,3,2,0.166666833,1
#9 short-session-degree2-cap,23,2,3,3,0.166666833,1
#9 short-session-degree2-cap,23,2,3,4,0.166666833,1
#9 short-session-degree2-cap,23,2,3,5,0.000000333,1
#9 short-session-degree2-cap,23,2,4,2,0.166666833,0
#9 short-session-degree2-cap,23,2,4,3,0.166666833,0
#9 short-session-degree2-cap,23,2,4,4,0.166666833,0
#9 short-session-degree2-cap,23,2,4,5,0.000000333,1
#9 short-session-degree2-cap,23,2,5,2,0.166666833,1
#9 short-session-degree2-cap,23,2,5,3,0.166666833,1
#9 short-session-degree2-cap,23,2,5,4,0.166666833,0
#9 short-session-degree2-cap,23,2,5,5,0.000000333,1
#9 short-session-degree2-cap,24,2,0,2,0.166666833,1
#9 short-session-degree2-cap,24,2,0,3,0.166666833,1
#9 short-session-degree2-cap,24,2,0,4,0.166666833,1
#9 short-session-degree2-cap,24,2,0,5,0.000000333,1
#9 short-session-degree2-cap,24,2,1,2,0.166666833,1
#9 short-session-degree2-cap,24,2,1,3,0.166666833,1
#9 short-session-degree2-cap,24,2,1,4,0.166666833,1
#9 short-session-degree2-cap,24,2,1,5,0.000000333,1
#9 short-session-degree2-cap,24,2,2,2,0.166666833,1
#9 short-session-degree2-cap,24,2,2,3,0.166666833,1
#9 short-session-degree2-cap,24,2,2,4,0.166666833,0
#9 short-session-degree2-cap,24,2,2,5,0.000000333,1
#9 short-session-degree2-cap,24,2,3,2,0.166666833,1
#9 short-session-degree2-cap,24,2,3,3,0.166666833,1
#9 short-session-degree2-cap,24,2,3,4,0.166666833,1
#9 short-session-degree2-cap,24,2,3,5,0.000000333,1
#9 short-session-degree2-cap,24,2,4,2,0.166666833,0
#9 short-session-degree2-cap,24,2,4,3,0.166666833,0
#9 short-session-degree2-cap,24,2,4,4,0.166666833,0
#9 short-session-degree2-cap,24,2,4,5,0.000000333,1
#9 short-session-degree2-cap,24,2,5,2,0.166666833,1
#9 short-session-degree2-cap,24,2,5,3,0.166666833,1
#9 short-session-degree2-cap,24,2,5,4,0.166666833,1
#9 short-session-degree2-cap,24,2,5,5,0.000000333,1
#9 short-session-degree2-cap,25,2,0,2,0.166666833,1
#9 short-session-degree2-cap,25,2,0,3,0.166666833,1
#9 short-session-degree2-cap,25,2,0,4,0.166666833,1
#9 short-session-degree2-cap,25,2,0,5,0.000000333,1
#9 short-session-degree2-cap,25,2,1,2,0.166666833,1
#9 short-session-degree2-cap,25,2,1,3,0.166666833,1
#9 short-session-degree2-cap,25,2,1,4,0.166666833,1
#9 short-session-degree2-cap,25,2,1,5,0.000000333,1
#9 short-session-degree2-cap,25,2,2,2,0.166666833,1
#9 short-session-degree2-cap,25,2,2,3,0.166666833,1
#9 short-session-degree2-cap,25,2,2,4,0.166666833,0
#9 short-session-degree2-cap,25,2,2,5,0.000000333,1
#9 short-session-degree2-cap,25,2,3,2,0.166666833,1
#9 short-session-degree2-cap,25,2,3,3,0.166666833,1
#9 short-session-degree2-cap,25,2,3,4,0.166666833,1
#9 short-session-degree2-cap,25,2,3,5,0.000000333,1
#9 short-session-degree2-cap,25,2,4,2,0.166666833,1
#9 short-session-degree2-cap,25,2,4,3,0.166666833,1
#9 short-session-degree2-cap,25,2,4,4,0.166666833,0
#9 short-session-degree2-cap,25,2,4,5,0.000000333,1
#9 short-session-degree2-cap,25,2,5,2,0.166666833,1
#9 short-session-degree2-cap,25,2,5,3,0.166666833,1
#9 short-session-degree2-cap,25,2,5,4,0.166666833,1
#9 short-session-degree2-cap,25,2,5,5,0.000000333,1
#9 short-session-degree2-cap,26,2,0,2,0.166666833,1
#9 short-session-degree2-cap,26,2,0,3,0.166666833,1
#9 short-session-degree2-cap,26,2,0,4,0.166666833,1
#9 short-session-degree2-cap,26,2,0,5,0.000000333,1
#9 short-session-degree2-cap,26,2,1,2,0.166666833,1
#9 short-session-degree2-cap,26,2,1,3,0.166666833,1
#9 short-session-degree2-cap,26,2,1,4,0.166666833,1
#9 short-session-degree2-cap,26,2,1,5,0.000000333,1
#9 short-session-degree2-cap,26,2,2,2,0.166666833,1
#9 short-session-degree2-cap,26,2,2,3,0.166666833,1
#9 short-session-degree2-cap,26,2,2,4,0.166666833,0
#9 short-session-degree2-cap,26,2,2,5,0.000000333,1
#9 short-session-degree2-cap,26,2,3,2,0.166666833,1
#9 short-session-degree2-cap,26,2,3,3,0.166666833,1
#9 short-session-degree2-cap,26,2,3,4,0.166666833,1
#9 short-session-degree2-cap,26,2,3,5,0.000000333,1
#9 short-session-degree2-cap,26,2,4,2,0.166666833,1
#9 short-session-degree2-cap,26,2,4,3,0.166666833,1
#9 short-session-degree2-cap,26,2,4,4,0.166666833,1
#9 short-session-degree2-cap,26,2,4,5,0.000000333,1
#9 short-session-degree2-cap,26,2,5,2,0.166666833,1
#9 short-session-degree2-cap,26,2,5,3,0.166666833,1
#9 short-session-degree2-cap,26,2,5,4,0.166666833,1
#9 short-session-degree2-cap,26,2,5,5,0.000000333,1
#9 short-session-degree2-cap,27,2,0,2,0.166666833,1
#9 short-session-degree2-cap,27,2,0,3,0.166666833,1
#9 short-session-degree2-cap,27,2,0,4,0.166666833,1
#9 short-session-degree2-cap,27,2,0,5,0.000000333,1
#9 short-session-degree2-cap,27,2,1,2,0.166666833,1
#9 short-session-degree2-cap,27,2,1,3,0.166666833,1
#9 short-session-degree2-cap,27,2,1,4,0.166666833,1
#9 short-session-degree2-cap,27,2,1,5,0.000000333,1
#9 short-session-degree2-cap,27,2,2,2,0.166666833,1
#9 short-session-degree2-cap,27,2,2,3,0.166666833,1
#9 short-session-degree2-cap,27,2,2,4,0.166666833,0
#9 short-session-degree2-cap,27,2,2,5,0.000000333,1
#9 short-session-degree2-cap,27,2,3,2,0.166666833,1
#9 short-session-degree2-cap,27,2,3,3,0.166666833,1
#9 short-session-degree2-cap,27,2,3,4,0.166666833,1
#9 short-session-degree2-cap,27,2,3,5,0.000000333,1
#9 short-session-degree2-cap,27,2,4,2,0.166666833,1
#9 short-session-degree2-cap,27,2,4,3,0.166666833,1
#9 short-session-degree2-cap,27,2,4,4,0.166666833,1
#9 short-session-degree2-cap,27,2,4,5,0.000000333,1
#9 short-session-degree2-cap,27,2,5,2,0.166666833,1
#9 short-session-degree2-cap,27,2,5,3,0.166666833,1
#9 short-session-degree2-cap,27,2,5,4,0.166666833,1
#9 short-session-degree2-cap,27,2,5,5,0.000000333,1
#9 short-session-degree2-cap,28,2,0,2,0.166666833,1
#9 short-session-degree2-cap,28,2,0,3,0.166666833,1
#9 short-session-degree2-cap,28,2,0,4,0.166666833,1
#9 short-session-degree2-cap,28,2,0,5,0.000000333,1
#9 short-session-degree2-cap,28,2,1,2,0.166666833,1
#9 short-session-degree2-cap,28,2,1,3,0.166666833,1
#9 short-session-degree2-cap,28,2,1,4,0.166666833,1
#9 short-session-degree2-cap,28,2,1,5,0.000000333,1
#9 short-session-degree2-cap,28,2,2,2,0.166666833,1
#9 short-session-degree2-cap,28,2,2,3,0.166666833,1
#9 short-session-degree2-cap,28,2,2,4,0.166666833,0
#9 short-session-degree2-cap,28,2,2,5,0.000000333,1
#9 short-session-degree2-cap,28,2,3,2,0.166666833,1
#9 short-session-degree2-cap,28,2,3,3,0.166666833,1
#9 short-session-degree2-cap,28,2,3,4,0.166666833,1
#9 short-session-degree2-cap,28,2,3,5,0.000000333,1
#9 short-session-degree2-cap,28,2,4,2,0.166666833,1
#9 short-session-degree2-cap,28,2,4,3,0.166666833,1
#9 short-session-degree2-cap,28,2,4,4,0.166666833,1
#9 short-session-degree2-cap,28,2,4,5,0.000000333,1
#9 short-session-degree2-cap,28,2,5,2,0.166666833,1
#9 short-session-degree2-cap,28,2,5,3,0.166666833,1
#9 short-session-degree2-cap,28,2,5,4,0.166666833,1
#9 short-session-degree2-cap,28,2,5,5,0.000000333,1
#9 short-session-degree2-cap,29,2,0,2,0.166666833,1
#9 short-session-degree2-cap,29,2,0,3,0.166666833,1
#9 short-session-degree2-cap,29,2,0,4,0.166666833,1
#9 short-session-degree2-cap,29,2,0,5,0.000000333,1
#9 short-session-degree2-cap,29,2,1,2,0.166666833,1
#9 short-session-degree2-cap,29,2,1,3,0.166666833,1
#9 short-session-degree2-cap,29,2,1,4,0.166666833,1
#9 short-session-degree2-cap,29,2,1,5,0.000000333,1
#9 short-session-degree2-cap,29,2,2,2,0.166666833,1
#9 short-session-degree2-cap,29,2,2,3,0.166666833,1
#9 short-session-degree2-cap,29,2,2,4,0.166666833,0
#9 short-session-degree2-cap,29,2,2,5,0.000000333,1
#9 short-session-degree2-cap,29,2,3,2,0.166666833,1
#9 short-session-degree2-cap,29,2,3,3,0.166666833,1
#9 short-session-degree2-cap,29,2,3,4,0.166666833,1
#9 short-session-degree2-cap,29,2,3,5,0.000000333,1
#9 short-session-degree2-cap,29,2,4,2,0.166666833,1
#9 short-session-degree2-cap,29,2,4,3,0.166666833,1
#9 short-session-degree2-cap,29,2,4,4,0.166666833,1
#9 short-session-degree2-cap,29,2,4,5,0.000000333,1
#9 short-session-degree2-cap,29,2,5,2,0.166666833,1
#9 short-session-degree2-cap,29,2,5,3,0.166666833,1
#9 short-session-degree2-cap,29,2,5,4,0.166666833,1
#9 short-session-degree2-cap,29,2,5,5,0.000000333,1
#9 short-session-degree2-cap,30,2,0,2,0.166666833,1
#9 short-session-degree2-cap,30,2,0,3,0.166666833,1
#9 short-session-degree2-cap,30,2,0,4,0.166666833,1
#9 short-session-degree2-cap,30,2,0,5,0.000000333,1
#9 short-session-degree2-cap,30,2,1,2,0.166666833,1
#9 short-session-degree2-cap,30,2,1,3,0.166666833,1
#9 short-session-degree2-cap,30,2,1,4,0.166666833,1
#9 short-session-degree2-cap,30,2,1,5,0.000000333,1
#9 short-session-degree2-cap,30,2,2,2,0.166666833,1
#9 short-session-degree2-cap,30,2,2,3,0.166666833,1
#9 short-session-degree2-cap,30,2,2,4,0.083334000,1
#9 short-session-degree2-cap,30,2,2,5,0.000000333,1
#9 short-session-degree2-cap,30,2,3,2,0.166666833,1
#9 short-session-degree2-cap,30,2,3,3,0.166666833,1
#9 short-session-degree2-cap,30,2,3,4,0.166666833,1
#9 short-session-degree2-cap,30,2,3,5,0.000000333,1
#9 short-session-degree2-cap,30,2,4,2,0.166666833,1
#9 short-session-degree2-cap,30,2,4,3,0.166666833,1
#9 short-session-degree2-cap,30,2,4,4,0.166666833,1
#9 short-session-degree2-cap,30,2,4,5,0.000000333,1
#9 short-session-degree2-cap,30,2,5,2,0.166666833,1
#9 short-session-degree2-cap,30,2,5,3,0.166666833,1
#9 short-session-degree2-cap,30,2,5,4,0.166666833,1
#9 short-session-degree2-cap,30,2,5,5,0.000000333,1
#10 dan-approximation,1,2,0,2,1.000000000,0
#10 dan-approximation,1,2,0,3,1.000000000,0
#10 dan-approximation,1,2,0,4,1.000000000,0
#10 dan-approximation,1,2,0,5,0.999901000,1
#10 dan-approximation,1,2,1,2,0.499950500,0
#10 dan-approximation,1,2,1,3,0.499950500,0
#10 dan-approximation,1,2,1,4,0.499950500,0
#10 dan-approximation,1,2,1,5,0.499950500,1
#10 dan-approximation,1,2,2,2,0.999901000,0
#10 dan-approximation,1,2,2,3,0.999901000,0
#10 dan-approximation,1,2,2,4,0.999901000,0
#10 dan-approximation,1,2,2,5,0.999901000,0
#10 dan-approximation,1,2,3,2,0.999901000,0
#10 dan-approximation,1,2,3,3,0.999901000,0
#10 dan-approximation,1,2,3,4,0.999901000,0
#10 dan-approximation,1,2,3,5,0.999901000,0
#10 dan-approximation,1,2,4,2,0.999901000,0
#10 dan-approximation,1,2,4,3,0.999901000,0
#10 dan-approximation,1,2,4,4,0.999901000,0
#10 dan-approximation,1,2,4,5,0.999901000,0
#10 dan-approximation,1,2,5,2,0.999901000,0
#10 dan-approximation,1,2,5,3,0.999901000,0
#10 dan-approximation,1,2,5,4,0.999901000,0
#10 dan-approximation,1,2,5,5,0.999901000,0
#10 dan-approximation,2,2,0,2,1.000000000,0
#10 dan-approximation,2,2,0,3,1.000000000,0
#10 dan-approximation,2,2,0,4,1.000000000,0
#10 dan-approximation,2,2,0,5,0.999900500,1
#10 dan-approximation,2,2,1,2,0.499950500,0
#10 dan-approximation,2,2,1,3,0.499950500,0
#10 dan-approximation,2,2,1,4,0.499950500,0
#10 dan-approximation,2,2,1,5,0.499950500,1
#10 dan-approximation,2,2,2,2,0.499950500,0
#10 dan-approximation,2,2,2,3,0.499950500,0
#10 dan-approximation,2,2,2,4,0.499950500,0
#10 dan-approximation,2,2,2,5,0.499950500,1
#10 dan-approximation,2,2,3,2,0.999900500,0
#10 dan-approximation,2,2,3,3,0.999900500,0
#10 dan-approximation,2,2,3,4,0.999900500,0
#10 dan-approximation,2,2,3,5,0.999900500,0
#10 dan-approximation,2,2,4,2,0.999900500,0
#10 dan-approximation,2,2,4,3,0.999900500,0
#10 dan-approximation,2,2,4,4,0.999900500,0
#10 dan-approximation,2,2,4,5,0.999900500,0
#10 dan-approximation,2,2,5,2,0.999900500,0
#10 dan-approximation,2,2,5,3,0.999900500,0
#10 dan-approximation,2,2,5,4,0.999900500,0
#10 dan-approximation,2,2,5,5,0.999900500,0
#10 dan-approximation,3,2,0,2,1.000000000,0
#10 dan-approximation,3,2,0,3,1.000000000,0
#10 dan-approximation,3,2,0,4,1.000000000,0
#10 dan-approximation,3,2,0,5,0.999900333,1
#10 dan-approximation,3,2,1,2,0.499950500,0
#10 dan-approximation,3,2,1,3,0.499950500,0
#10 dan-approximation,3,2,1,4,0.499950500,0
#10 dan-approximation,3,2,1,5,0.499950500,1
#10 dan-approximation,3,2,2,2,0.499950500,0
#10 dan-approximation,3,2,2,3,0.499950500,0
#10 dan-approximation,3,2,2,4,0.499950500,0
#10 dan-approximation,3,2,2,5,0.499950500,1
#10 dan-approximation,3,2,3,2,0.499950500,0
#10 dan-approximation,3,2,3,3,0.499950500,0
#10 dan-approximation,3,2,3,4,0.499950500,0
#10 dan-approximation,3,2,3,5,0.499950500,1
#10 dan-approximation,3,2,4,2,0.999900333,0
#10 dan-approximation,3,2,4,3,0.999900333,0
#10 dan-approximation,3,2,4,4,0.999900333,0
#10 dan-approximation,3,2,4,5,0.999900333,0
#10 dan-approximation,3,2,5,2,0.999900333,0
#10 dan-approximation,3,2,5,3,0.999900333,0
#10 dan-approximation,3,2,5,4,0.999900333,0
#10 dan-approximation,3,2,5,5,0.999900333,0
#10 dan-approximation,4,2,0,2,1.000000000,0
#10 dan-approximation,4,2,0,3,1.000000000,0
#10 dan-approximation,4,2,0,4,1.000000000,0
#10 dan-approximation,4,2,0,5,0.999900250,1
#10 dan-approximation,4,2,1,2,0.499950500,0
#10 dan-approximation,4,2,1,3,0.499950500,0
#10 dan-approximation,4,2,1,4,0.499950500,0
#10 dan-approximation,4,2,1,5,0.499950500,1
#10 dan-approximation,4,2,2,2,0.499950500,0
#10 dan-approximation,4,2,2,3,0.499950500,0
#10 dan-approximation,4,2,2,4,0.499950500,0
#10 dan-approximation,4,2,2,5,0.499950500,1
#10 dan-approximation,4,2,3,2,0.499950500,0
#10 dan-approximation,4,2,3,3,0.499950500,0
#10 dan-approximation,4,2,3,4,0.499950500,0
#10 dan-approximation,4,2,3,5,0.499950500,1
#10 dan-approximation,4,2,4,2,0.499950500,0
#10 dan-approximation,4,2,4,3,0.499950500,0
#10 dan-approximation,4,2,4,4,0.499950500,0
#10 dan-approximation,4,2,4,5,0.499950500,1
#10 dan-approximation,4,2,5,2,0.999900250,0
#10 dan-approximation,4,2,5,3,0.999900250,0
#10 dan-approximation,4,2,5,4,0.999900250,0
#10 dan-approximation,4,2,5,5,0.999900250,0
#10 dan-approximation,5,2,0,2,1.000000000,0
#10 dan-approximation,5,2,0,3,1.000000000,0
#10 dan-approximation,5,2,0,4,1.000000000,0
#10 dan-approximation,5,2,0,5,0.833250167,1
#10 dan-approximation,5,2,1,2,0.499950500,0
#10 dan-approximation,5,2,1,3,0.499950500,0
#10 dan-approximation,5,2,1,4,0.499950500,0
#10 dan-approximation,5,2,1,5,0.499950500,1
#10 dan-approximation,5,2,2,2,0.499950500,0
#10 dan-approximation,5,2,2,3,0.499950500,0
#10 dan-approximation,5,2,2,4,0.499950500,0
#10 dan-approximation,5,2,2,5,0.499950500,1
#10 dan-approximation,5,2,3,2,0.499950500,0
#10 dan-approximation,5,2,3,3,0.499950500,0
#10 dan-approximation,5,2,3,4,0.499950500,0
#10 dan-approximation,5,2,3,5,0.499950500,1
#10 dan-approximation,5,2,4,2,0.499950500,0
#10 dan-approximation,5,2,4,3,0.499950500,0
#10 dan-approximation,5,2,4,4,0.499950500,0
#10 dan-approximation,5,2,4,5,0.499950500,1
#10 dan-approximation,5,2,5,2,0.499950500,0
#10 dan-approximation,5,2,5,3,0.499950500,0
#10 dan-approximation,5,2,5,4,0.499950500,0
#10 dan-approximation,5,2,5,5,0.499950500,1
#10 dan-approximation,6,2,0,2,0.999901000,0
#10 dan-approximation,6,2,0,3,0.999901000,0
#10 dan-approximation,6,2,0,4,0.999901000,0
#10 dan-approximation,6,2,0,5,0.833134667,1
#10 dan-approximation,6,2,1,2,0.499950500,0
#10 dan-approximation,6,2,1,3,0.499950500,0
#10 dan-approximation,6,2,1,4,0.499950500,0
#10 dan-approximation,6,2,1,5,0.499851500,1
#10 dan-approximation,6,2,2,2,0.333234000,0
#10 dan-approximation,6,2,2,3,0.333234000,0
#10 dan-approximation,6,2,2,4,0.333234000,0
#10 dan-approximation,6,2,2,5,0.333234000,1
#10 dan-approximation,6,2,3,2,0.499900500,0
#10 dan-approximation,6,2,3,3,0.499900500,0
#10 dan-approximation,6,2,3,4,0.499900500,0
#10 dan-approximation,6,2,3,5,0.499900500,1
#10 dan-approximation,6,2,4,2,0.499900500,0
#10 dan-approximation,6,2,4,3,0.499900500,0
#10 dan-approximation,6,2,4,4,0.499900500,0
#10 dan-approximation,6,2,4,5,0.499900500,1
#10 dan-approximation,6,2,5,2,0.499900500,0
#10 dan-approximation,6,2,5,3,0.499900500,0
#10 dan-approximation,6,2,5,4,0.499900500,0
#10 dan-approximation,6,2,5,5,0.499900500,1
#10 dan-approximation,7,2,0,2,0.999900500,0
#10 dan-approximation,7,2,0,3,0.999900500,0
#10 dan-approximation,7,2,0,4,0.999900500,0
#10 dan-approximation,7,2,0,5,0.833117667,1
#10 dan-approximation,7,2,1,2,0.499950500,0
#10 dan-approximation,7,2,1,3,0.499950500,0
#10 dan-approximation,7,2,1,4,0.499950500,0
#10 dan-approximation,7,2,1,5,0.499851000,1
#10 dan-approximation,7,2,2,2,0.333234000,0
#10 dan-approximation,7,2,2,3,0.333234000,0
#10 dan-approximation,7,2,2,4,0.333234000,0
#10 dan-approximation,7,2,2,5,0.333234000,1
#10 dan-approximation,7,2,3,2,0.333234000,0
#10 dan-approximation,7,2,3,3,0.333234000,0
#10 dan-approximation,7,2,3,4,0.333234000,0
#10 dan-approximation,7,2,3,5,0.333234000,1
#10 dan-approximation,7,2,4,2,0.499900500,0
#10 dan-approximation,7,2,4,3,0.499900500,0
#10 dan-approximation,7,2,4,4,0.499900500,0
#10 dan-approximation,7,2,4,5,0.499900500,1
#10 dan-approximation,7,2,5,2,0.499900500,0
#10 dan-approximation,7,2,5,3,0.499900500,0
#10 dan-approximation,7,2,5,4,0.499900500,0
#10 dan-approximation,7,2,5,5,0.499900500,1
#10 dan-approximation,8,2,0,2,0.999900333,0
#10 dan-approximation,8,2,0,3,0.999900333,0
#10 dan-approximation,8,2,0,4,0.999900333,0
#10 dan-approximation,8,2,0,5,0.833101000,1
#10 dan-approximation,8,2,1,2,0.499950500,0
#10 dan-approximation,8,2,1,3,0.499950500,0
#10 dan-approximation,8,2,1,4,0.499950500,0
#10 dan-approximation,8,2,1,5,0.499850833,1
#10 dan-approximation,8,2,2,2,0.333234000,0
#10 dan-approximation,8,2,2,3,0.333234000,0
#10 dan-approximation,8,2,2,4,0.333234000,0
#10 dan-approximation,8,2,2,5,0.333234000,1
#10 dan-approximation,8,2,3,2,0.333234000,0
#10 dan-approximation,8,2,3,3,0.333234000,0
#10 dan-approximation,8,2,3,4,0.333234000,0
#10 dan-approximation,8,2,3,5,0.333234000,1
#10 dan-approximation,8,2,4,2,0.333234000,0
#10 dan-approximation,8,2,4,3,0.333234000,0
#10 dan-approximation,8,2,4,4,0.333234000,0
#10 dan-approximation,8,2,4,5,0.333234000,1
#10 dan-approximation,8,2,5,2,0.499900500,0
#10 dan-approximation,8,2,5,3,0.499900500,0
#10 dan-approximation,8,2,5,4,0.499900500,0
#10 dan-approximation,8,2,5,5,0.499900500,1
#10 dan-approximation,9,2,0,2,0.999900250,0
#10 dan-approximation,9,2,0,3,0.999900250,0
#10 dan-approximation,9,2,0,4,0.999900250,0
#10 dan-approximation,9,2,0,5,0.833084417,1
#10 dan-approximation,9,2,1,2,0.499950500,0
#10 dan-approximation,9,2,1,3,0.499950500,0
#10 dan-approximation,9,2,1,4,0.499950500,0
#10 dan-approximation,9,2,1,5,0.499850750,1
#10 dan-approximation,9,2,2,2,0.333234000,0
#10 dan-approximation,9,2,2,3,0.333234000,0
#10 dan-approximation,9,2,2,4,0.333234000,0
#10 dan-approximation,9,2,2,5,0.333234000,1
#10 dan-approximation,9,2,3,2,0.333234000,0
#10 dan-approximation,9,2,3,3,0.333234000,0
#10 dan-approximation,9,2,3,4,0.333234000,0
#10 dan-approximation,9,2,3,5,0.333234000,1
#10 dan-approximation,9,2,4,2,0.333234000,0
#10 dan-approximation,9,2,4,3,0.333234000,0
#10 dan-approximation,9,2,4,4,0.333234000,0
#10 dan-approximation,9,2,4,5,0.333234000,1
#10 dan-approximation,9,2,5,2,0.333234000,0
#10 dan-approximation,9,2,5,3,0.333234000,0
#10 dan-approximation,9,2,5,4,0.333234000,0
#10 dan-approximation,9,2,5,5,0.333234000,1
#10 dan-approximation,10,2,0,2,0.999702000,0
#10 dan-approximation,10,2,0,3,0.999702000,0
#10 dan-approximation,10,2,0,4,0.999702000,0
#10 dan-approximation,10,2,0,5,0.832869500,1
#10 dan-approximation,10,2,1,2,0.499900500,0
#10 dan-approximation,10,2,1,3,0.499900500,0
#10 dan-approximation,10,2,1,4,0.499900500,0
#10 dan-approximation,10,2,1,5,0.499701500,1
#10 dan-approximation,10,2,2,2,0.333234000,0
#10 dan-approximation,10,2,2,3,0.333234000,0
#10 dan-approximation,10,2,2,4,0.333234000,0
#10 dan-approximation,10,2,2,5,0.333135000,1
#10 dan-approximation,10,2,3,2,0.249850750,0
#10 dan-approximation,10,2,3,3,0.249850750,0
#10 dan-approximation,10,2,3,4,0.249850750,0
#10 dan-approximation,10,2,3,5,0.249850750,1
#10 dan-approximation,10,2,4,2,0.333200667,0
#10 dan-approximation,10,2,4,3,0.333200667,0
#10 dan-approximation,10,2,4,4,0.333200667,0
#10 dan-approximation,10,2,4,5,0.333200667,1
#10 dan-approximation,10,2,5,2,0.333200667,0
#10 dan-approximation,10,2,5,3,0.333200667,0
#10 dan-approximation,10,2,5,4,0.333200667,0
#10 dan-approximation,10,2,5,5,0.333200667,1
#10 dan-approximation,11,2,0,2,0.999701000,0
#10 dan-approximation,11,2,0,3,0.999701000,0
#10 dan-approximation,11,2,0,4,0.999701000,0
#10 dan-approximation,11,2,0,5,0.832851833,1
#10 dan-approximation,11,2,1,2,0.499900500,0
#10 dan-approximation,11,2,1,3,0.499900500,0
#10 dan-approximation,11,2,1,4,0.499900500,0
#10 dan-approximation,11,2,1,5,0.499701500,1
#10 dan-approximation,11,2,2,2,0.333234000,0
#10 dan-approximation,11,2,2,3,0.333234000,0
#10 dan-approximation,11,2,2,4,0.333234000,0
#10 dan-approximation,11,2,2,5,0.333134500,1
#10 dan-approximation,11,2,3,2,0.249850750,0
#10 dan-approximation,11,2,3,3,0.249850750,0
#10 dan-approximation,11,2,3,4,0.249850750,0
#10 dan-approximation,11,2,3,5,0.249850750,1
#10 dan-approximation,11,2,4,2,0.249850750,0
#10 dan-approximation,11,2,4,3,0.249850750,0
#10 dan-approximation,11,2,4,4,0.249850750,0
#10 dan-approximation,11,2,4,5,0.249850750,1
#10 dan-approximation,11,2,5,2,0.333200667,0
#10 dan-approximation,11,2,5,3,0.333200667,0
#10 dan-approximation,11,2,5,4,0.333200667,0
#10 dan-approximation,11,2,5,5,0.333200667,1
#10 dan-approximation,12,2,0,2,0.999701000,0
#10 dan-approximation,12,2,0,3,0.999701000,0
#10 dan-approximation,12,2,0,4,0.999701000,0
#10 dan-approximation,12,2,0,5,0.832835167,1
#10 dan-approximation,12,2,1,2,0.499900500,0
#10 dan-approximation,12,2,1,3,0.499900500,0
#10 dan-approximation,12,2,1,4,0.499900500,0
#10 dan-approximation,12,2,1,5,0.499701500,1
#10 dan-approximation,12,2,2,2,0.333234000,0
#10 dan-approximation,12,2,2,3,0.333234000,0
#10 dan-approximation,12,2,2,4,0.333234000,0
#10 dan-approximation,12,2,2,5,0.333134333,1
#10 dan-approximation,12,2,3,2,0.249850750,0
#10 dan-approximation,12,2,3,3,0.249850750,0
#10 dan-approximation,12,2,3,4,0.249850750,0
#10 dan-approximation,12,2,3,5,0.249850750,1
#10 dan-approximation,12,2,4,2,0.249850750,0
#10 dan-approximation,12,2,4,3,0.249850750,0
#10 dan-approximation,12,2,4,4,0.249850750,0
#10 dan-approximation,12,2,4,5,0.249850750,1
#10 dan-approximation,12,2,5,2,0.249850750,0
#10 dan-approximation,12,2,5,3,0.249850750,0
#10 dan-approximation,12,2,5,4,0.249850750,0
#10 dan-approximation,12,2,5,5,0.249850750,1
#10 dan-approximation,13,2,0,2,0.999403000,0
#10 dan-approximation,13,2,0,3,0.999403000,0
#10 dan-approximation,13,2,0,4,0.999403000,0
#10 dan-approximation,13,2,0,5,0.832520500,1
#10 dan-approximation,13,2,1,2,0.499801000,0
#10 dan-approximation,13,2,1,3,0.499801000,0
#10 dan-approximation,13,2,1,4,0.499801000,0
#10 dan-approximation,13,2,1,5,0.499502000,1
#10 dan-approximation,13,2,2,2,0.333200667,0
#10 dan-approximation,13,2,2,3,0.333200667,0
#10 dan-approximation,13,2,2,4,0.333200667,0
#10 dan-approximation,13,2,2,5,0.333001667,1
#10 dan-approximation,13,2,3,2,0.249850750,0
#10 dan-approximation,13,2,3,3,0.249850750,0
#10 dan-approximation,13,2,3,4,0.249850750,0
#10 dan-approximation,13,2,3,5,0.249751750,1
#10 dan-approximation,13,2,4,2,0.199800800,0
#10 dan-approximation,13,2,4,3,0.199800800,0
#10 dan-approximation,13,2,4,4,0.199800800,0
#10 dan-approximation,13,2,4,5,0.199800800,1
#10 dan-approximation,13,2,5,2,0.249825750,0
#10 dan-approximation,13,2,5,3,0.249825750,0
#10 dan-approximation,13,2,5,4,0.249825750,0
#10 dan-approximation,13,2,5,5,0.249825750,1
#10 dan-approximation,14,2,0,2,0.999402000,0
#10 dan-approximation,14,2,0,3,0.999402000,0
#10 dan-approximation,14,2,0,4,0.999402000,0
#10 dan-approximation,14,2,0,5,0.832502833,1
#10 dan-approximation,14,2,1,2,0.499800500,0
#10 dan-approximation,14,2,1,3,0.499800500,0
#10 dan-approximation,14,2,1,4,0.499800500,0
#10 dan-approximation,14,2,1,5,0.499501500,1
#10 dan-approximation,14,2,2,2,0.333200667,0
#10 dan-approximation,14,2,2,3,0.333200667,0
#10 dan-approximation,14,2,2,4,0.333200667,0
#10 dan-approximation,14,2,2,5,0.333001667,1
#10 dan-approximation,14,2,3,2,0.249850750,0
#10 dan-approximation,14,2,3,3,0.249850750,0
#10 dan-approximation,14,2,3,4,0.249850750,0
#10 dan-approximation,14,2,3,5,0.249751250,1
#10 dan-approximation,14,2,4,2,0.199800800,0
#10 dan-approximation,14,2,4,3,0.199800800,0
#10 dan-approximation,14,2,4,4,0.199800800,0
#10 dan-approximation,14,2,4,5,0.199800800,1
#10 dan-approximation,14,2,5,2,0.199800800,0
#10 dan-approximation,14,2,5,3,0.199800800,0
#10 dan-approximation,14,2,5,4,0.199800800,0
#10 dan-approximation,14,2,5,5,0.199800800,1
#10 dan-approximation,15,2,0,2,0.999004000,0
#10 dan-approximation,15,2,0,3,0.999004000,0
#10 dan-approximation,15,2,0,4,0.999004000,0
#10 dan-approximation,15,2,0,5,0.832088167,1
#10 dan-approximation,15,2,1,2,0.499651500,0
#10 dan-approximation,15,2,1,3,0.499651500,0
#10 dan-approximation,15,2,1,4,0.499651500,0
#10 dan-approximation,15,2,1,5,0.499252500,1
#10 dan-approximation,15,2,2,2,0.333134000,0
#10 dan-approximation,15,2,2,3,0.333134000,0
#10 dan-approximation,15,2,2,4,0.333134000,0
#10 dan-approximation,15,2,2,5,0.332835000,1
#10 dan-approximation,15,2,3,2,0.249825750,0
#10 dan-approximation,15,2,3,3,0.249825750,0
#10 dan-approximation,15,2,3,4,0.249825750,0
#10 dan-approximation,15,2,3,5,0.249626750,1
#10 dan-approximation,15,2,4,2,0.199800800,0
#10 dan-approximation,15,2,4,3,0.199800800,0
#10 dan-approximation,15,2,4,4,0.199800800,0
#10 dan-approximation,15,2,4,5,0.199701800,1
#10 dan-approximation,15,2,5,2,0.166417500,0
#10 dan-approximation,15,2,5,3,0.166417500,0
#10 dan-approximation,15,2,5,4,0.166417500,0
#10 dan-approximation,15,2,5,5,0.166417500,1
#10 dan-approximation,16,2,0,2,0.999004000,0
#10 dan-approximation,16,2,0,3,0.999004000,1
#10 dan-approximation,16,2,0,4,0.999004000,1
#10 dan-approximation,16,2,0,5,0.832088167,1
#10 dan-approximation,16,2,1,2,0.499551500,0
#10 dan-approximation,16,2,1,3,0.499551500,1
#10 dan-approximation,16,2,1,4,0.499552500,1
#10 dan-approximation,16,2,1,5,0.499252500,1
#10 dan-approximation,16,2,2,2,0.333134000,0
#10 dan-approximation,16,2,2,3,0.333134000,0
#10 dan-approximation,16,2,2,4,0.333134000,0
#10 dan-approximation,16,2,2,5,0.332835000,1
#10 dan-approximation,16,2,3,2,0.249825750,0
#10 dan-approximation,16,2,3,3,0.249825750,0
#10 dan-approximation,16,2,3,4,0.249825750,0
#10 dan-approximation,16,2,3,5,0.249626750,1
#10 dan-approximation,16,2,4,2,0.199800800,0
#10 dan-approximation,16,2,4,3,0.199800800,0
#10 dan-approximation,16,2,4,4,0.199800800,0
#10 dan-approximation,16,2,4,5,0.199701800,1
#10 dan-approximation,16,2,5,2,0.166417500,0
#10 dan-approximation,16,2,5,3,0.166417500,0
#10 dan-approximation,16,2,5,4,0.166417500,0
#10 dan-approximation,16,2,5,5,0.166417500,1
#10 dan-approximation,17,2,0,2,0.998904000,1
#10 dan-approximation,17,2,0,3,0.998905000,1
#10 dan-approximation,17,2,0,4,0.998905000,1
#10 dan-approximation,17,2,0,5,0.832088167,1
#10 dan-approximation,17,2,1,2,0.499551500,0
#10 dan-approximation,17,2,1,3,0.499551500,1
#10 dan-approximation,17,2,1,4,0.499552500,1
#10 dan-approximation,17,2,1,5,0.499252500,1
#10 dan-approximation,17,2,2,2,0.333134000,0
#10 dan-approximation,17,2,2,3,0.333134000,0
#10 dan-approximation,17,2,2,4,0.333134000,0
#10 dan-approximation,17,2,2,5,0.332835000,1
#10 dan-approximation,17,2,3,2,0.249825750,0
#10 dan-approximation,17,2,3,3,0.249825750,0
#10 dan-approximation,17,2,3,4,0.249825750,0
#10 dan-approximation,17,2,3,5,0.249626750,1
#10 dan-approximation,17,2,4,2,0.199800800,0
#10 dan-approximation,17,2,4,3,0.199800800,0
#10 dan-approximation,17,2,4,4,0.199800800,0
#10 dan-approximation,17,2,4,5,0.199701800,1
#10 dan-approximation,17,2,5,2,0.166417500,0
#10 dan-approximation,17,2,5,3,0.166417500,0
#10 dan-approximation,17,2,5,4,0.166417500,0
#10 dan-approximation,17,2,5,5,0.166417500,1
#10 dan-approximation,18,2,0,2,0.998904000,1
#10 dan-approximation,18,2,0,3,0.998905000,1
#10 dan-approximation,18,2,0,4,0.998905000,1
#10 dan-approximation,18,2,0,5,0.832088167,1
#10 dan-approximation,18,2,1,2,0.499451500,1
#10 dan-approximation,18,2,1,3,0.499551500,1
#10 dan-approximation,18,2,1,4,0.499352000,1
#10 dan-approximation,18,2,1,5,0.499252500,1
#10 dan-approximation,18,2,2,2,0.333134000,0
#10 dan-approximation,18,2,2,3,0.333134000,0
#10 dan-approximation,18,2,2,4,0.333134000,0
#10 dan-approximation,18,2,2,5,0.332835000,1
#10 dan-approximation,18,2,3,2,0.249825750,0
#10 dan-approximation,18,2,3,3,0.249825750,0
#10 dan-approximation,18,2,3,4,0.249825750,0
#10 dan-approximation,18,2,3,5,0.249626750,1
#10 dan-approximation,18,2,4,2,0.199800800,0
#10 dan-approximation,18,2,4,3,0.199800800,0
#10 dan-approximation,18,2,4,4,0.199800800,0
#10 dan-approximation,18,2,4,5,0.199701800,1
#10 dan-approximation,18,2,5,2,0.166417500,0
#10 dan-approximation,18,2,5,3,0.166417500,0
#10 dan-approximation,18,2,5,4,0.166417500,0
#10 dan-approximation,18,2,5,5,0.166417500,1
#10 dan-approximation,19,2,0,2,0.998804000,1
#10 dan-approximation,19,2,0,3,0.998805000,1
#10 dan-approximation,19,2,0,4,0.998805000,1
#10 dan-approximation,19,2,0,5,0.832088167,1
#10 dan-approximation,19,2,1,2,0.499351500,1
#10 dan-approximation,19,2,1,3,0.499352500,1
#10 dan-approximation,19,2,1,4,0.499302000,1
#10 dan-approximation,19,2,1,5,0.499252500,1
#10 dan-approximation,19,2,2,2,0.333134000,0
#10 dan-approximation,19,2,2,3,0.333134000,0
#10 dan-approximation,19,2,2,4,0.333134000,0
#10 dan-approximation,19,2,2,5,0.332835000,1
#10 dan-approximation,19,2,3,2,0.249825750,0
#10 dan-approximation,19,2,3,3,0.249825750,0
#10 dan-approximation,19,2,3,4,0.249825750,0
#10 dan-approximation,19,2,3,5,0.249626750,1
#10 dan-approximation,19,2,4,2,0.199800800,0
#10 dan-approximation,19,2,4,3,0.199800800,0
#10 dan-approximation,19,2,4,4,0.199800800,0
#10 dan-approximation,19,2,4,5,0.199701800,1
#10 dan-approximation,19,2,5,2,0.166417500,0
#10 dan-approximation,19,2,5,3,0.166417500,0
#10 dan-approximation,19,2,5,4,0.166417500,0
#10 dan-approximation,19,2,5,5,0.166417500,1
#10 dan-approximation,20,2,0,2,0.998804000,1
#10 dan-approximation,20,2,0,3,0.998805000,1
#10 dan-approximation,20,2,0,4,0.998805000,1
#10 dan-approximation,20,2,0,5,0.832088167,1
#10 dan-approximation,20,2,1,2,0.499351500,1
#10 dan-approximation,20,2,1,3,0.499352500,1
#10 dan-approximation,20,2,1,4,0.499302000,1
#10 dan-approximation,20,2,1,5,0.499252500,1
#10 dan-approximation,20,2,2,2,0.333134000,0
#10 dan-approximation,20,2,2,3,0.333134000,0
#10 dan-approximation,20,2,2,4,0.333134000,0
#10 dan-approximation,20,2,2,5,0.332835000,1
#10 dan-approximation,20,2,3,2,0.249726000,1
#10 dan-approximation,20,2,3,3,0.249726750,1
#10 dan-approximation,20,2,3,4,0.249726750,0
#10 dan-approximation,20,2,3,5,0.249626750,1
#10 dan-approximation,20,2,4,2,0.199800800,0
#10 dan-approximation,20,2,4,3,0.199800800,0
#10 dan-approximation,20,2,4,4,0.199800800,0
#10 dan-approximation,20,2,4,5,0.199701800,1
#10 dan-approximation,20,2,5,2,0.166417500,0
#10 dan-approximation,20,2,5,3,0.166417500,0
#10 dan-approximation,20,2,5,4,0.166417500,0
#10 dan-approximation,20,2,5,5,0.166417500,1
#10 dan-approximation,21,2,0,2,0.998804000,1
#10 dan-approximation,21,2,0,3,0.998805000,1
#10 dan-approximation,21,2,0,4,0.998805000,1
#10 dan-approximation,21,2,0,5,0.832088167,1
#10 dan-approximation,21,2,1,2,0.499351500,1
#10 dan-approximation,21,2,1,3,0.499352500,1
#10 dan-approximation,21,2,1,4,0.499302000,1
#10 dan-approximation,21,2,1,5,0.499252500,1
#10 dan-approximation,21,2,2,2,0.333034333,0
#10 dan-approximation,21,2,2,3,0.333034333,1
#10 dan-approximation,21,2,2,4,0.333035000,1
#10 dan-approximation,21,2,2,5,0.332835000,1
#10 dan-approximation,21,2,3,2,0.249726000,1
#10 dan-approximation,21,2,3,3,0.249726750,1
#10 dan-approximation,21,2,3,4,0.249726750,1
#10 dan-approximation,21,2,3,5,0.249626750,1
#10 dan-approximation,21,2,4,2,0.199800800,0
#10 dan-approximation,21,2,4,3,0.199800800,0
#10 dan-approximation,21,2,4,4,0.199800800,0
#10 dan-approximation,21,2,4,5,0.199701800,1
#10 dan-approximation,21,2,5,2,0.166417500,0
#10 dan-approximation,21,2,5,3,0.166417500,0
#10 dan-approximation,21,2,5,4,0.166417500,0
#10 dan-approximation,21,2,5,5,0.166417500,1
#10 dan-approximation,22,2,0,2,0.998802000,1
#10 dan-approximation,22,2,0,3,0.998803000,1
#10 dan-approximation,22,2,0,4,0.998803000,1
#10 dan-approximation,22,2,0,5,0.832086167,1
#10 dan-approximation,22,2,1,2,0.499351000,1
#10 dan-approximation,22,2,1,3,0.499352000,1
#10 dan-approximation,22,2,1,4,0.499301250,1
#10 dan-approximation,22,2,1,5,0.499251750,1
#10 dan-approximation,22,2,2,2,0.333034333,0
#10 dan-approximation,22,2,2,3,0.333034333,1
#10 dan-approximation,22,2,2,4,0.333035000,1
#10 dan-approximation,22,2,2,5,0.332835000,1
#10 dan-approximation,22,2,3,2,0.249626000,1
#10 dan-approximation,22,2,3,3,0.249626750,1
#10 dan-approximation,22,2,3,4,0.249626250,1
#10 dan-approximation,22,2,3,5,0.249626250,1
#10 dan-approximation,22,2,4,2,0.199800800,0
#10 dan-approximation,22,2,4,3,0.199800800,0
#10 dan-approximation,22,2,4,4,0.199800800,0
#10 dan-approximation,22,2,4,5,0.199701800,1
#10 dan-approximation,22,2,5,2,0.166417500,0
#10 dan-approximation,22,2,5,3,0.166417500,0
#10 dan-approximation,22,2,5,4,0.166417500,0
#10 dan-approximation,22,2,5,5,0.166417500,1
#10 dan-approximation,23,2,0,2,0.998802000,1
#10 dan-approximation,23,2,0,3,0.998803000,1
#10 dan-approximation,23,2,0,4,0.998803000,1
#10 dan-approximation,23,2,0,5,0.832086167,1
#10 dan-approximation,23,2,1,2,0.499351000,1
#10 dan-approximation,23,2,1,3,0.499352000,1
#10 dan-approximation,23,2,1,4,0.499301250,1
#10 dan-approximation,23,2,1,5,0.499251750,1
#10 dan-approximation,23,2,2,2,0.332934333,1
#10 dan-approximation,23,2,2,3,0.332935333,1
#10 dan-approximation,23,2,2,4,0.332935000,1
#10 dan-approximation,23,2,2,5,0.332835000,1
#10 dan-approximation,23,2,3,2,0.249626000,1
#10 dan-approximation,23,2,3,3,0.249626750,1
#10 dan-approximation,23,2,3,4,0.249626250,1
#10 dan-approximation,23,2,3,5,0.249626250,1
#10 dan-approximation,23,2,4,2,0.199800800,1
#10 dan-approximation,23,2,4,3,0.199800800,1
#10 dan-approximation,23,2,4,4,0.199800800,0
#10 dan-approximation,23,2,4,5,0.199701800,1
#10 dan-approximation,23,2,5,2,0.166417500,0
#10 dan-approximation,23,2,5,3,0.166417500,0
#10 dan-approximation,23,2,5,4,0.166417500,0
#10 dan-approximation,23,2,5,5,0.166417500,1
#10 dan-approximation,24,2,0,2,0.332834333,1
#10 dan-approximation,24,2,0,3,0.499451750,1
#10 dan-approximation,24,2,0,4,0.499451750,1
#10 dan-approximation,24,2,0,5,0.832086167,1
#10 dan-approximation,24,2,1,2,0.499351000,1
#10 dan-approximation,24,2,1,3,0.499352000,1
#10 dan-approximation,24,2,1,4,0.499301250,1
#10 dan-approximation,24,2,1,5,0.499251750,1
#10 dan-approximation,24,2,2,2,0.332835333,1
#10 dan-approximation,24,2,2,3,0.332835333,1
#10 dan-approximation,24,2,2,4,0.332835000,1
#10 dan-approximation,24,2,2,5,0.332834500,1
#10 dan-approximation,24,2,3,2,0.249626000,1
#10 dan-approximation,24,2,3,3,0.249626750,1
#10 dan-approximation,24,2,3,4,0.249626250,1
#10 dan-approximation,24,2,3,5,0.249626250,1
#10 dan-approximation,24,2,4,2,0.199800800,1
#10 dan-approximation,24,2,4,3,0.199800800,1
#10 dan-approximation,24,2,4,4,0.199800800,0
#10 dan-approximation,24,2,4,5,0.199701800,1
#10 dan-approximation,24,2,5,2,0.166417500,0
#10 dan-approximation,24,2,5,3,0.166417500,0
#10 dan-approximation,24,2,5,4,0.166417500,0
#10 dan-approximation,24,2,5,5,0.166417500,1
#10 dan-approximation,25,2,0,2,0.332834333,1
#10 dan-approximation,25,2,0,3,0.499451750,1
#10 dan-approximation,25,2,0,4,0.499451750,1
#10 dan-approximation,25,2,0,5,0.832086167,1
#10 dan-approximation,25,2,1,2,0.499351000,1
#10 dan-approximation,25,2,1,3,0.499352000,1
#10 dan-approximation,25,2,1,4,0.499301250,1
#10 dan-approximation,25,2,1,5,0.499251750,1
#10 dan-approximation,25,2,2,2,0.332835333,1
#10 dan-approximation,25,2,2,3,0.332835333,1
#10 dan-approximation,25,2,2,4,0.332835000,1
#10 dan-approximation,25,2,2,5,0.332834500,1
#10 dan-approximation,25,2,3,2,0.249626000,1
#10 dan-approximation,25,2,3,3,0.249626750,1
#10 dan-approximation,25,2,3,4,0.249626250,1
#10 dan-approximation,25,2,3,5,0.249626250,1
#10 dan-approximation,25,2,4,2,0.199800800,1
#10 dan-approximation,25,2,4,3,0.199800800,1
#10 dan-approximation,25,2,4,4,0.199800800,1
#10 dan-approximation,25,2,4,5,0.199701800,1
#10 dan-approximation,25,2,5,2,0.166417500,0
#10 dan-approximation,25,2,5,3,0.166417500,0
#10 dan-approximation,25,2,5,4,0.166417500,0
#10 dan-approximation,25,2,5,5,0.166417500,1
#10 dan-approximation,26,2,0,2,0.332801333,1
#10 dan-approximation,26,2,0,3,0.499402000,1
#10 dan-approximation,26,2,0,4,0.499402000,1
#10 dan-approximation,26,2,0,5,0.831787167,1
#10 dan-approximation,26,2,1,2,0.499251000,1
#10 dan-approximation,26,2,1,3,0.499252000,1
#10 dan-approximation,26,2,1,4,0.499151500,1
#10 dan-approximation,26,2,1,5,0.499052000,1
#10 dan-approximation,26,2,2,2,0.332802333,1
#10 dan-approximation,26,2,2,3,0.332802333,1
#10 dan-approximation,26,2,2,4,0.332801667,1
#10 dan-approximation,26,2,2,5,0.332701667,1
#10 dan-approximation,26,2,3,2,0.249526000,1
#10 dan-approximation,26,2,3,3,0.249527000,1
#10 dan-approximation,26,2,3,4,0.249526750,1
#10 dan-approximation,26,2,3,5,0.249526750,1
#10 dan-approximation,26,2,4,2,0.199800800,1
#10 dan-approximation,26,2,4,3,0.199800800,1
#10 dan-approximation,26,2,4,4,0.199800800,1
#10 dan-approximation,26,2,4,5,0.199701800,1
#10 dan-approximation,26,2,5,2,0.166417500,0
#10 dan-approximation,26,2,5,3,0.166417500,0
#10 dan-approximation,26,2,5,4,0.166417500,1
#10 dan-approximation,26,2,5,5,0.166417500,1
#10 dan-approximation,27,2,0,2,0.332801333,1
#10 dan-approximation,27,2,0,3,0.499402000,1
#10 dan-approximation,27,2,0,4,0.499202000,1
#10 dan-approximation,27,2,0,5,0.831787167,1
#10 dan-approximation,27,2,1,2,0.499052000,1
#10 dan-approximation,27,2,1,3,0.499053000,1
#10 dan-approximation,27,2,1,4,0.499052000,1
#10 dan-approximation,27,2,1,5,0.499052000,1
#10 dan-approximation,27,2,2,2,0.332802333,1
#10 dan-approximation,27,2,2,3,0.332802333,1
#10 dan-approximation,27,2,2,4,0.332801667,1
#10 dan-approximation,27,2,2,5,0.332701667,1
#10 dan-approximation,27,2,3,2,0.249526000,1
#10 dan-approximation,27,2,3,3,0.249527000,1
#10 dan-approximation,27,2,3,4,0.249526750,1
#10 dan-approximation,27,2,3,5,0.249526750,1
#10 dan-approximation,27,2,4,2,0.199800800,1
#10 dan-approximation,27,2,4,3,0.199800800,1
#10 dan-approximation,27,2,4,4,0.199800800,1
#10 dan-approximation,27,2,4,5,0.199701800,1
#10 dan-approximation,27,2,5,2,0.166417500,0
#10 dan-approximation,27,2,5,3,0.166417500,0
#10 dan-approximation,27,2,5,4,0.166417500,1
#10 dan-approximation,27,2,5,5,0.166417500,1
#10 dan-approximation,28,2,0,2,0.332801333,1
#10 dan-approximation,28,2,0,3,0.499202000,1
#10 dan-approximation,28,2,0,4,0.499202000,1
#10 dan-approximation,28,2,0,5,0.831787167,1
#10 dan-approximation,28,2,1,2,0.499052000,1
#10 dan-approximation,28,2,1,3,0.499053000,1
#10 dan-approximation,28,2,1,4,0.499052000,1
#10 dan-approximation,28,2,1,5,0.499052000,1
#10 dan-approximation,28,2,2,2,0.332802333,1
#10 dan-approximation,28,2,2,3,0.332802333,1
#10 dan-approximation,28,2,2,4,0.332801667,1
#10 dan-approximation,28,2,2,5,0.332701667,1
#10 dan-approximation,28,2,3,2,0.249526000,1
#10 dan-approximation,28,2,3,3,0.249527000,1
#10 dan-approximation,28,2,3,4,0.249526750,1
#10 dan-approximation,28,2,3,5,0.249526750,1
#10 dan-approximation,28,2,4,2,0.199800800,1
#10 dan-approximation,28,2,4,3,0.199800800,1
#10 dan-approximation,28,2,4,4,0.199800800,1
#10 dan-approximation,28,2,4,5,0.199701800,1
#10 dan-approximation,28,2,5,2,0.166417500,0
#10 dan-approximation,28,2,5,3,0.166417500,0
#10 dan-approximation,28,2,5,4,0.166417500,1
#10 dan-approximation,28,2,5,5,0.166417500,1
#10 dan-approximation,29,2,0,2,0.332801333,1
#10 dan-approximation,29,2,0,3,0.499202000,1
#10 dan-approximation,29,2,0,4,0.499202000,1
#10 dan-approximation,29,2,0,5,0.831787167,1
#10 dan-approximation,29,2,1,2,0.499052000,1
#10 dan-approximation,29,2,1,3,0.499053000,1
#10 dan-approximation,29,2,1,4,0.499052000,1
#10 dan-approximation,29,2,1,5,0.499052000,1
#10 dan-approximation,29,2,2,2,0.332802333,1
#10 dan-approximation,29,2,2,3,0.332802333,1
#10 dan-approximation,29,2,2,4,0.332801167,1
#10 dan-approximation,29,2,2,5,0.332701667,1
#10 dan-approximation,29,2,3,2,0.249526000,1
#10 dan-approximation,29,2,3,3,0.249527000,1
#10 dan-approximation,29,2,3,4,0.249526750,1
#10 dan-approximation,29,2,3,5,0.249526750,1
#10 dan-approximation,29,2,4,2,0.199800800,1
#10 dan-approximation,29,2,4,3,0.199800800,1
#10 dan-approximation,29,2,4,4,0.199800800,1
#10 dan-approximation,29,2,4,5,0.199701800,1
#10 dan-approximation,29,2,5,2,0.166417500,1
#10 dan-approximation,29,2,5,3,0.166417500,1
#10 dan-approximation,29,2,5,4,0.166417500,1
#10 dan-approximation,29,2,5,5,0.166417500,1
#10 dan-approximation,30,2,0,2,0.332801333,1
#10 dan-approximation,30,2,0,3,0.499202000,1
#10 dan-approximation,30,2,0,4,0.499202000,1
#10 dan-approximation,30,2,0,5,0.831787167,1
#10 dan-approximation,30,2,1,2,0.499052000,1
#10 dan-approximation,30,2,1,3,0.499053000,1
#10 dan-approximation,30,2,1,4,0.499052000,1
#10 dan-approximation,30,2,1,5,0.499052000,1
#10 dan-approximation,30,2,2,2,0.332802333,1
#10 dan-approximation,30,2,2,3,0.332802333,1
#10 dan-approximation,30,2,2,4,0.332801167,1
#10 dan-approximation,30,2,2,5,0.332701667,1
#10 dan-approximation,30,2,3,2,0.249526000,1
#10 dan-approximation,30,2,3,3,0.249527000,1
#10 dan-approximation,30,2,3,4,0.249526750,1
#10 dan-approximation,30,2,3,5,0.249526750,1
#10 dan-approximation,30,2,4,2,0.199701800,1
#10 dan-approximation,30,2,4,3,0.199701800,1
#10 dan-approximation,30,2,4,4,0.199701800,1
#10 dan-approximation,30,2,4,5,0.199701300,1
#10 dan-approximation,30,2,5,2,0.166417500,1
#10 dan-approximation,30,2,5,3,0.166417500,1
#10 dan-approximation,30,2,5,4,0.166417500,1
#10 dan-approximation,30,2,5,5,0.166417500,1
#10 dan-approximation,31,2,0,2,0.332734333,1
#10 dan-approximation,31,2,0,3,0.499102000,1
#10 dan-approximation,31,2,0,4,0.499102000,1
#10 dan-approximation,31,2,0,5,0.831586667,1
#10 dan-approximation,31,2,1,2,0.498951500,1
#10 dan-approximation,31,2,1,3,0.498952500,1
#10 dan-approximation,31,2,1,4,0.498952000,1
#10 dan-approximation,31,2,1,5,0.498951500,1
#10 dan-approximation,31,2,2,2,0.332735333,1
#10 dan-approximation,31,2,2,3,0.332735333,1
#10 dan-approximation,31,2,2,4,0.332635000,1
#10 dan-approximation,31,2,2,5,0.332635000,1
#10 dan-approximation,31,2,3,2,0.249476000,1
#10 dan-approximation,31,2,3,3,0.249477000,1
#10 dan-approximation,31,2,3,4,0.249476250,1
#10 dan-approximation,31,2,3,5,0.249476250,1
#10 dan-approximation,31,2,4,2,0.199681800,1
#10 dan-approximation,31,2,4,3,0.199681800,1
#10 dan-approximation,31,2,4,4,0.199681800,1
#10 dan-approximation,31,2,4,5,0.199581800,1
#10 dan-approximation,31,2,5,2,0.166318500,1
#10 dan-approximation,31,2,5,3,0.166318500,1
#10 dan-approximation,31,2,5,4,0.166318500,1
#10 dan-approximation,31,2,5,5,0.166318500,1
#10 dan-approximation,32,2,0,2,0.332734333,1
#10 dan-approximation,32,2,0,3,0.499102000,1
#10 dan-approximation,32,2,0,4,0.499102000,1
#10 dan-approximation,32,2,0,5,0.831586167,1
#10 dan-approximation,32,2,1,2,0.498951333,1
#10 dan-approximation,32,2,1,3,0.498952333,1
#10 dan-approximation,32,2,1,4,0.498952000,1
#10 dan-approximation,32,2,1,5,0.498951500,1
#10 dan-approximation,32,2,2,2,0.332735333,1
#10 dan-approximation,32,2,2,3,0.332735333,1
#10 dan-approximation,32,2,2,4,0.332635000,1
#10 dan-approximation,32,2,2,5,0.332635000,1
#10 dan-approximation,32,2,3,2,0.249476000,1
#10 dan-approximation,32,2,3,3,0.249476500,1
#10 dan-approximation,32,2,3,4,0.249476250,1
#10 dan-approximation,32,2,3,5,0.249476250,1
#10 dan-approximation,32,2,4,2,0.199681800,1
#10 dan-approximation,32,2,4,3,0.199681800,1
#10 dan-approximation,32,2,4,4,0.199681800,1
#10 dan-approximation,32,2,4,5,0.199581800,1
#10 dan-approximation,32,2,5,2,0.166318500,1
#10 dan-approximation,32,2,5,3,0.166318500,1
#10 dan-approximation,32,2,5,4,0.166318500,1
#10 dan-approximation,32,2,5,5,0.166318500,1
#10 dan-approximation,33,2,0,2,0.332734333,1
#10 dan-approximation,33,2,0,3,0.499052000,1
#10 dan-approximation,33,2,0,4,0.499052000,1
#10 dan-approximation,33,2,0,5,0.831586167,1
#10 dan-approximation,33,2,1,2,0.498951333,1
#10 dan-approximation,33,2,1,3,0.498952333,1
#10 dan-approximation,33,2,1,4,0.498952000,1
#10 dan-approximation,33,2,1,5,0.498951500,1
#10 dan-approximation,33,2,2,2,0.332735333,1
#10 dan-approximation,33,2,2,3,0.332735333,1
#10 dan-approximation,33,2,2,4,0.332635000,1
#10 dan-approximation,33,2,2,5,0.332635000,1
#10 dan-approximation,33,2,3,2,0.249476000,1
#10 dan-approximation,33,2,3,3,0.249476500,1
#10 dan-approximation,33,2,3,4,0.249476250,1
#10 dan-approximation,33,2,3,5,0.249476250,1
#10 dan-approximation,33,2,4,2,0.199681800,1
#10 dan-approximation,33,2,4,3,0.199681800,1
#10 dan-approximation,33,2,4,4,0.199681800,1
#10 dan-approximation,33,2,4,5,0.199581800,1
#10 dan-approximation,33,2,5,2,0.166318500,1
#10 dan-approximation,33,2,5,3,0.166318500,1
#10 dan-approximation,33,2,5,4,0.166318500,1
#10 dan-approximation,33,2,5,5,0.166318500,1
#10 dan-approximation,34,2,0,2,0.332734333,1
#10 dan-approximation,34,2,0,3,0.499052000,1
#10 dan-approximation,34,2,0,4,0.499052000,1
#10 dan-approximation,34,2,0,5,0.831586167,1
#10 dan-approximation,34,2,1,2,0.498951333,1
#10 dan-approximation,34,2,1,3,0.498952333,1
#10 dan-approximation,34,2,1,4,0.498952000,1
#10 dan-approximation,34,2,1,5,0.498951500,1
#10 dan-approximation,34,2,2,2,0.332735333,1
#10 dan-approximation,34,2,2,3,0.332735333,1
#10 dan-approximation,34,2,2,4,0.332635000,1
#10 dan-approximation,34,2,2,5,0.332635000,1
#10 dan-approximation,34,2,3,2,0.249476000,1
#10 dan-approximation,34,2,3,3,0.249476500,1
#10 dan-approximation,34,2,3,4,0.249476250,1
#10 dan-approximation,34,2,3,5,0.249476250,1
#10 dan-approximation,34,2,4,2,0.199681800,1
#10 dan-approximation,34,2,4,3,0.199681800,1
#10 dan-approximation,34,2,4,4,0.199681800,1
#10 dan-approximation,34,2,4,5,0.199581800,1
#10 dan-approximation,34,2,5,2,0.166318500,1
#10 dan-approximation,34,2,5,3,0.166318500,1
#10 dan-approximation,34,2,5,4,0.166318500,1
#10 dan-approximation,34,2,5,5,0.166318500,1
#10 dan-approximation,35,2,0,2,0.332601333,1
#10 dan-approximation,35,2,0,3,0.498952000,1
#10 dan-approximation,35,2,0,4,0.498852000,1
#10 dan-approximation,35,2,0,5,0.831287167,1
#10 dan-approximation,35,2,1,2,0.498752000,1
#10 dan-approximation,35,2,1,3,0.498753000,1
#10 dan-approximation,35,2,1,4,0.498752000,1
#10 dan-approximation,35,2,1,5,0.498752000,1
#10 dan-approximation,35,2,2,2,0.332602333,1
#10 dan-approximation,35,2,2,3,0.332601500,1
#10 dan-approximation,35,2,2,4,0.332501667,1
#10 dan-approximation,35,2,2,5,0.332501667,1
#10 dan-approximation,35,2,3,2,0.249476000,1
#10 dan-approximation,35,2,3,3,0.249426500,1
#10 dan-approximation,35,2,3,4,0.249426750,1
#10 dan-approximation,35,2,3,5,0.249376750,1
#10 dan-approximation,35,2,4,2,0.199582000,1
#10 dan-approximation,35,2,4,3,0.199681800,1
#10 dan-approximation,35,2,4,4,0.199581800,1
#10 dan-approximation,35,2,4,5,0.199581300,1
#10 dan-approximation,35,2,5,2,0.166318500,1
#10 dan-approximation,35,2,5,3,0.166318500,1
#10 dan-approximation,35,2,5,4,0.166318500,1
#10 dan-approximation,35,2,5,5,0.166318500,1
#10 dan-approximation,36,2,0,2,0.332601333,1
#10 dan-approximation,36,2,0,3,0.498952000,1
#10 dan-approximation,36,2,0,4,0.498852000,1
#10 dan-approximation,36,2,0,5,0.831287167,1
#10 dan-approximation,36,2,1,2,0.498752000,1
#10 dan-approximation,36,2,1,3,0.498753000,1
#10 dan-approximation,36,2,1,4,0.498752000,1
#10 dan-approximation,36,2,1,5,0.498752000,1
#10 dan-approximation,36,2,2,2,0.332602333,1
#10 dan-approximation,36,2,2,3,0.332601500,1
#10 dan-approximation,36,2,2,4,0.332501667,1
#10 dan-approximation,36,2,2,5,0.332501667,1
#10 dan-approximation,36,2,3,2,0.249476000,1
#10 dan-approximation,36,2,3,3,0.249426500,1
#10 dan-approximation,36,2,3,4,0.249426750,1
#10 dan-approximation,36,2,3,5,0.249376750,1
#10 dan-approximation,36,2,4,2,0.199582000,1
#10 dan-approximation,36,2,4,3,0.199681800,1
#10 dan-approximation,36,2,4,4,0.199581800,1
#10 dan-approximation,36,2,4,5,0.199581300,1
#10 dan-approximation,36,2,5,2,0.166318500,1
#10 dan-approximation,36,2,5,3,0.166318500,1
#10 dan-approximation,36,2,5,4,0.166318500,1
#10 dan-approximation,36,2,5,5,0.166318500,1
#10 dan-approximation,37,2,0,2,0.332601333,1
#10 dan-approximation,37,2,0,3,0.498952000,1
#10 dan-approximation,37,2,0,4,0.498852000,1
#10 dan-approximation,37,2,0,5,0.831287167,1
#10 dan-approximation,37,2,1,2,0.498752000,1
#10 dan-approximation,37,2,1,3,0.498752500,1
#10 dan-approximation,37,2,1,4,0.498752000,1
#10 dan-approximation,37,2,1,5,0.498752000,1
#10 dan-approximation,37,2,2,2,0.332602333,1
#10 dan-approximation,37,2,2,3,0.332601500,1
#10 dan-approximation,37,2,2,4,0.332501667,1
#10 dan-approximation,37,2,2,5,0.332501667,1
#10 dan-approximation,37,2,3,2,0.249476000,1
#10 dan-approximation,37,2,3,3,0.249426500,1
#10 dan-approximation,37,2,3,4,0.249426750,1
#10 dan-approximation,37,2,3,5,0.249376750,1
#10 dan-approximation,37,2,4,2,0.199582000,1
#10 dan-approximation,37,2,4,3,0.199681800,1
#10 dan-approximation,37,2,4,4,0.199581800,1
#10 dan-approximation,37,2,4,5,0.199581300,1
#10 dan-approximation,37,2,5,2,0.166318500,1
#10 dan-approximation,37,2,5,3,0.166318500,1
#10 dan-approximation,37,2,5,4,0.166318500,1
#10 dan-approximation,37,2,5,5,0.166318500,1
#10 dan-approximation,38,2,0,2,0.332601333,1
#10 dan-approximation,38,2,0,3,0.498952000,1
#10 dan-approximation,38,2,0,4,0.498852000,1
#10 dan-approximation,38,2,0,5,0.831087167,1
#10 dan-approximation,38,2,1,2,0.498702000,1
#10 dan-approximation,38,2,1,3,0.498702500,1
#10 dan-approximation,38,2,1,4,0.498602000,1
#10 dan-approximation,38,2,1,5,0.498602000,1
#10 dan-approximation,38,2,2,2,0.332402333,1
#10 dan-approximation,38,2,2,3,0.332501500,1
#10 dan-approximation,38,2,2,4,0.332401667,1
#10 dan-approximation,38,2,2,5,0.332401667,1
#10 dan-approximation,38,2,3,2,0.249476000,1
#10 dan-approximation,38,2,3,3,0.249426500,1
#10 dan-approximation,38,2,3,4,0.249426750,1
#10 dan-approximation,38,2,3,5,0.249376750,1
#10 dan-approximation,38,2,4,2,0.199582000,1
#10 dan-approximation,38,2,4,3,0.199681800,1
#10 dan-approximation,38,2,4,4,0.199581800,1
#10 dan-approximation,38,2,4,5,0.199581300,1
#10 dan-approximation,38,2,5,2,0.166318500,1
#10 dan-approximation,38,2,5,3,0.166318500,1
#10 dan-approximation,38,2,5,4,0.166318500,1
#10 dan-approximation,38,2,5,5,0.166318500,1
#10 dan-approximation,39,2,0,2,0.332601333,1
#10 dan-approximation,39,2,0,3,0.498902000,1
#10 dan-approximation,39,2,0,4,0.498802000,1
#10 dan-approximation,39,2,0,5,0.831087167,1
#10 dan-approximation,39,2,1,2,0.498702000,1
#10 dan-approximation,39,2,1,3,0.498603000,1
#10 dan-approximation,39,2,1,4,0.498602000,1
#10 dan-approximation,39,2,1,5,0.498602000,1
#10 dan-approximation,39,2,2,2,0.332401833,1
#10 dan-approximation,39,2,2,3,0.332501500,1
#10 dan-approximation,39,2,2,4,0.332401667,1
#10 dan-approximation,39,2,2,5,0.332401667,1
#10 dan-approximation,39,2,3,2,0.249476000,1
#10 dan-approximation,39,2,3,3,0.249426500,1
#10 dan-approximation,39,2,3,4,0.249426750,1
#10 dan-approximation,39,2,3,5,0.249376750,1
#10 dan-approximation,39,2,4,2,0.199582000,1
#10 dan-approximation,39,2,4,3,0.199681800,1
#10 dan-approximation,39,2,4,4,0.199581800,1
#10 dan-approximation,39,2,4,5,0.199581300,1
#10 dan-approximation,39,2,5,2,0.166318500,1
#10 dan-approximation,39,2,5,3,0.166318500,1
#10 dan-approximation,39,2,5,4,0.166318500,1
#10 dan-approximation,39,2,5,5,0.166318500,1
#10 dan-approximation,40,2,0,2,0.332601333,1
#10 dan-approximation,40,2,0,3,0.440236882,1
#10 dan-approximation,40,2,0,4,0.415743167,1
#10 dan-approximation,40,2,0,5,0.432285267,1
#10 dan-approximation,40,2,1,2,0.332567667,1
#10 dan-approximation,40,2,1,3,0.398922400,1
#10 dan-approximation,40,2,1,4,0.356408429,1
#10 dan-approximation,40,2,1,5,0.302839089,1
#10 dan-approximation,40,2,2,2,0.332401833,1
#10 dan-approximation,40,2,2,3,0.332501500,1
#10 dan-approximation,40,2,2,4,0.241828303,1
#10 dan-approximation,40,2,2,5,0.232771067,1
#10 dan-approximation,40,2,3,2,0.249476000,1
#10 dan-approximation,40,2,3,3,0.249426500,1
#10 dan-approximation,40,2,3,4,0.249426750,1
#10 dan-approximation,40,2,3,5,0.249376750,1
#10 dan-approximation,40,2,4,2,0.199582000,1
#10 dan-approximation,40,2,4,3,0.199681800,1
#10 dan-approximation,40,2,4,4,0.199581800,1
#10 dan-approximation,40,2,4,5,0.199581300,1
#10 dan-approximation,40,2,5,2,0.166318500,1
#10 dan-approximation,40,2,5,3,0.166318500,1
#10 dan-approximation,40,2,5,4,0.166318500,1
#10 dan-approximation,40,2,5,5,0.166318500,1
#10 dan-approximation,41,2,0,2,0.332601333,1
#10 dan-approximation,41,2,0,3,0.440236882,1
#10 dan-approximation,41,2,0,4,0.415743167,1
#10 dan-approximation,41,2,0,5,0.432285267,1
#10 dan-approximation,41,2,1,2,0.332567667,1
#10 dan-approximation,41,2,1,3,0.398922400,1
#10 dan-approximation,41,2,1,4,0.356408429,1
#10 dan-approximation,41,2,1,5,0.302839089,1
#10 dan-approximation,41,2,2,2,0.332401833,1
#10 dan-approximation,41,2,2,3,0.332501500,1
#10 dan-approximation,41,2,2,4,0.241828303,1
#10 dan-approximation,41,2,2,5,0.232771067,1
#10 dan-approximation,41,2,3,2,0.249476000,1
#10 dan-approximation,41,2,3,3,0.249426500,1
#10 dan-approximation,41,2,3,4,0.249426750,1
#10 dan-approximation,41,2,3,5,0.249376750,1
#10 dan-approximation,41,2,4,2,0.199582000,1
#10 dan-approximation,41,2,4,3,0.199681800,1
#10 dan-approximation,41,2,4,4,0.199581800,1
#10 dan-approximation,41,2,4,5,0.199581300,1
#10 dan-approximation,41,2,5,2,0.166318500,1
#10 dan-approximation,41,2,5,3,0.166318500,1
#10 dan-approximation,41,2,5,4,0.166318500,1
#10 dan-approximation,41,2,5,5,0.166318500,1
#10 dan-approximation,42,2,0,2,0.249451000,1
#10 dan-approximation,42,2,0,3,0.440136882,1
#10 dan-approximation,42,2,0,4,0.415643167,1
#10 dan-approximation,42,2,0,5,0.432285100,1
#10 dan-approximation,42,2,1,2,0.199540600,1
#10 dan-approximation,42,2,1,3,0.332401667,1
#10 dan-approximation,42,2,1,4,0.327803029,1
#10 dan-approximation,42,2,1,5,0.274318975,1
#10 dan-approximation,42,2,2,2,0.332401833,1
#10 dan-approximation,42,2,2,3,0.332501500,1
#10 dan-approximation,42,2,2,4,0.237496286,1
#10 dan-approximation,42,2,2,5,0.221678889,1
#10 dan-approximation,42,2,3,2,0.249476000,1
#10 dan-approximation,42,2,3,3,0.249426500,1
#10 dan-approximation,42,2,3,4,0.249426750,1
#10 dan-approximation,42,2,3,5,0.249376750,1
#10 dan-approximation,42,2,4,2,0.199582000,1
#10 dan-approximation,42,2,4,3,0.199681800,1
#10 dan-approximation,42,2,4,4,0.199581800,1
#10 dan-approximation,42,2,4,5,0.199581300,1
#10 dan-approximation,42,2,5,2,0.166318500,1
#10 dan-approximation,42,2,5,3,0.166318500,1
#10 dan-approximation,42,2,5,4,0.166318500,1
#10 dan-approximation,42,2,5,5,0.166318500,1
#10 dan-approximation,43,2,0,2,0.249451000,1
#10 dan-approximation,43,2,0,3,0.440136647,1
#10 dan-approximation,43,2,0,4,0.415643167,1
#10 dan-approximation,43,2,0,5,0.432285100,1
#10 dan-approximation,43,2,1,2,0.199540600,1
#10 dan-approximation,43,2,1,3,0.332401667,1
#10 dan-approximation,43,2,1,4,0.327803029,1
#10 dan-approximation,43,2,1,5,0.274318975,1
#10 dan-approximation,43,2,2,2,0.332401833,1
#10 dan-approximation,43,2,2,3,0.332501500,1
#10 dan-approximation,43,2,2,4,0.237496286,1
#10 dan-approximation,43,2,2,5,0.221678889,1
#10 dan-approximation,43,2,3,2,0.249476000,1
#10 dan-approximation,43,2,3,3,0.249426500,1
#10 dan-approximation,43,2,3,4,0.249426750,1
#10 dan-approximation,43,2,3,5,0.249376750,1
#10 dan-approximation,43,2,4,2,0.199582000,1
#10 dan-approximation,43,2,4,3,0.199681800,1
#10 dan-approximation,43,2,4,4,0.199581800,1
#10 dan-approximation,43,2,4,5,0.199581300,1
#10 dan-approximation,43,2,5,2,0.166318500,1
#10 dan-approximation,43,2,5,3,0.166318500,1
#10 dan-approximation,43,2,5,4,0.166318500,1
#10 dan-approximation,43,2,5,5,0.166318500,1
#10 dan-approximation,44,2,0,2,0.249326500,1
#10 dan-approximation,44,2,0,3,0.439987647,1
#10 dan-approximation,44,2,0,4,0.415494167,1
#10 dan-approximation,44,2,0,5,0.432126200,1
#10 dan-approximation,44,2,1,2,0.199441200,1
#10 dan-approximation,44,2,1,3,0.332268833,1
#10 dan-approximation,44,2,1,4,0.327716486,1
#10 dan-approximation,44,2,1,5,0.274226950,1
#10 dan-approximation,44,2,2,2,0.332136333,1
#10 dan-approximation,44,2,2,3,0.332335333,1
#10 dan-approximation,44,2,2,4,0.237391857,1
#10 dan-approximation,44,2,2,5,0.221601444,1
#10 dan-approximation,44,2,3,2,0.249451000,1
#10 dan-approximation,44,2,3,3,0.249351500,1
#10 dan-approximation,44,2,3,4,0.249351750,1
#10 dan-approximation,44,2,3,5,0.249251750,1
#10 dan-approximation,44,2,4,2,0.199482200,1
#10 dan-approximation,44,2,4,3,0.199681800,1
#10 dan-approximation,44,2,4,4,0.199481800,1
#10 dan-approximation,44,2,4,5,0.199481800,1
#10 dan-approximation,44,2,5,2,0.110713000,1
#10 dan-approximation,44,2,5,3,0.110713000,1
#10 dan-approximation,44,2,5,4,0.166318500,1
#10 dan-approximation,44,2,5,5,0.166318500,1
#10 dan-approximation,45,2,0,2,0.249251500,1
#10 dan-approximation,45,2,0,3,0.439808235,1
#10 dan-approximation,45,2,0,4,0.415344167,1
#10 dan-approximation,45,2,0,5,0.431946200,1
#10 dan-approximation,45,2,1,2,0.199381200,1
#10 dan-approximation,45,2,1,3,0.332168833,1
#10 dan-approximation,45,2,1,4,0.327596486,1
#10 dan-approximation,45,2,1,5,0.274106950,1
#10 dan-approximation,45,2,2,2,0.332036333,1
#10 dan-approximation,45,2,2,3,0.332186000,1
#10 dan-approximation,45,2,2,4,0.237291857,1
#10 dan-approximation,45,2,2,5,0.221501444,1
#10 dan-approximation,45,2,3,2,0.249376500,1
#10 dan-approximation,45,2,3,3,0.249226500,1
#10 dan-approximation,45,2,3,4,0.249176750,1
#10 dan-approximation,45,2,3,5,0.249176750,1
#10 dan-approximation,45,2,4,2,0.199442200,1
#10 dan-approximation,45,2,4,3,0.199641800,1
#10 dan-approximation,45,2,4,4,0.199441800,1
#10 dan-approximation,45,2,4,5,0.199341800,1
#10 dan-approximation,45,2,5,2,0.110679444,1
#10 dan-approximation,45,2,5,3,0.110679444,1
#10 dan-approximation,45,2,5,4,0.166118500,1
#10 dan-approximation,45,2,5,5,0.166118500,1
#10 dan-approximation,46,2,0,2,0.249251500,1
#10 dan-approximation,46,2,0,3,0.439808235,1
#10 dan-approximation,46,2,0,4,0.415344167,1
#10 dan-approximation,46,2,0,5,0.431946200,1
#10 dan-approximation,46,2,1,2,0.199381200,1
#10 dan-approximation,46,2,1,3,0.332168833,1
#10 dan-approximation,46,2,1,4,0.327596486,1
#10 dan-approximation,46,2,1,5,0.274106950,1
#10 dan-approximation,46,2,2,2,0.332036333,1
#10 dan-approximation,46,2,2,3,0.332186000,1
#10 dan-approximation,46,2,2,4,0.237291857,1
#10 dan-approximation,46,2,2,5,0.221501444,1
#10 dan-approximation,46,2,3,2,0.249376500,1
#10 dan-approximation,46,2,3,3,0.249226500,1
#10 dan-approximation,46,2,3,4,0.249176750,1
#10 dan-approximation,46,2,3,5,0.249176750,1
#10 dan-approximation,46,2,4,2,0.199442200,1
#10 dan-approximation,46,2,4,3,0.199641800,1
#10 dan-approximation,46,2,4,4,0.199441800,1
#10 dan-approximation,46,2,4,5,0.199341800,1
#10 dan-approximation,46,2,5,2,0.110679444,1
#10 dan-approximation,46,2,5,3,0.110679444,1
#10 dan-approximation,46,2,5,4,0.166118500,1
#10 dan-approximation,46,2,5,5,0.166118500,1
#10 dan-approximation,47,2,0,2,0.110656444,1
#10 dan-approximation,47,2,0,3,0.190482235,1
#10 dan-approximation,47,2,0,4,0.166018167,1
#10 dan-approximation,47,2,0,5,0.232445200,1
#10 dan-approximation,47,2,1,2,0.166117667,1
#10 dan-approximation,47,2,1,3,0.248976750,1
#10 dan-approximation,47,2,1,4,0.255591410,1
#10 dan-approximation,47,2,1,5,0.189753905,1
#10 dan-approximation,47,2,2,2,0.284544929,1
#10 dan-approximation,47,2,2,3,0.284645429,1
#10 dan-approximation,47,2,2,4,0.189763095,1
#10 dan-approximation,47,2,2,5,0.160106946,1
#10 dan-approximation,47,2,3,2,0.124488500,1
#10 dan-approximation,47,2,3,3,0.249226500,1
#10 dan-approximation,47,2,3,4,0.177947964,1
#10 dan-approximation,47,2,3,5,0.138365306,1
#10 dan-approximation,47,2,4,2,0.199442200,1
#10 dan-approximation,47,2,4,3,0.199641800,1
#10 dan-approximation,47,2,4,4,0.199441800,1
#10 dan-approximation,47,2,4,5,0.199341800,1
#10 dan-approximation,47,2,5,2,0.110657333,1
#10 dan-approximation,47,2,5,3,0.110657333,1
#10 dan-approximation,47,2,5,4,0.166118167,1
#10 dan-approximation,47,2,5,5,0.166118500,1
#10 dan-approximation,48,2,0,2,0.110656444,1
#10 dan-approximation,48,2,0,3,0.190482235,1
#10 dan-approximation,48,2,0,4,0.166018167,1
#10 dan-approximation,48,2,0,5,0.232445200,1
#10 dan-approximation,48,2,1,2,0.166117667,1
#10 dan-approximation,48,2,1,3,0.248976750,1
#10 dan-approximation,48,2,1,4,0.255591410,1
#10 dan-approximation,48,2,1,5,0.189753905,1
#10 dan-approximation,48,2,2,2,0.284544929,1
#10 dan-approximation,48,2,2,3,0.284645429,1
#10 dan-approximation,48,2,2,4,0.189763095,1
#10 dan-approximation,48,2,2,5,0.160106946,1
#10 dan-approximation,48,2,3,2,0.124488500,1
#10 dan-approximation,48,2,3,3,0.249226500,1
#10 dan-approximation,48,2,3,4,0.177947964,1
#10 dan-approximation,48,2,3,5,0.138365306,1
#10 dan-approximation,48,2,4,2,0.199442200,1
#10 dan-approximation,48,2,4,3,0.199641600,1
#10 dan-approximation,48,2,4,4,0.199441600,1
#10 dan-approximation,48,2,4,5,0.199341800,1
#10 dan-approximation,48,2,5,2,0.110657333,1
#10 dan-approximation,48,2,5,3,0.110657333,1
#10 dan-approximation,48,2,5,4,0.166118167,1
#10 dan-approximation,48,2,5,5,0.166118500,1
#10 dan-approximation,49,2,0,2,0.110656444,1
#10 dan-approximation,49,2,0,3,0.186826375,1
#10 dan-approximation,49,2,0,4,0.166018167,1
#10 dan-approximation,49,2,0,5,0.232445200,1
#10 dan-approximation,49,2,1,2,0.166117667,1
#10 dan-approximation,49,2,1,3,0.248976750,1
#10 dan-approximation,49,2,1,4,0.255591410,1
#10 dan-approximation,49,2,1,5,0.189753905,1
#10 dan-approximation,49,2,2,2,0.284544929,1
#10 dan-approximation,49,2,2,3,0.284645429,1
#10 dan-approximation,49,2,2,4,0.189763095,1
#10 dan-approximation,49,2,2,5,0.160106946,1
#10 dan-approximation,49,2,3,2,0.124488500,1
#10 dan-approximation,49,2,3,3,0.249226500,1
#10 dan-approximation,49,2,3,4,0.172484212,1
#10 dan-approximation,49,2,3,5,0.138365306,1
#10 dan-approximation,49,2,4,2,0.199442200,1
#10 dan-approximation,49,2,4,3,0.199641600,1
#10 dan-approximation,49,2,4,4,0.199441600,1
#10 dan-approximation,49,2,4,5,0.199341800,1
#10 dan-approximation,49,2,5,2,0.110657333,1
#10 dan-approximation,49,2,5,3,0.110657333,1
#10 dan-approximation,49,2,5,4,0.166118167,1
#10 dan-approximation,49,2,5,5,0.166118500,1
#10 dan-approximation,50,2,0,2,0.110656444,1
#10 dan-approximation,50,2,0,3,0.186826375,1
#10 dan-approximation,50,2,0,4,0.166018167,1
#10 dan-approximation,50,2,0,5,0.232445200,1
#10 dan-approximation,50,2,1,2,0.166117667,1
#10 dan-approximation,50,2,1,3,0.248976750,1
#10 dan-approximation,50,2,1,4,0.255498641,1
#10 dan-approximation,50,2,1,5,0.189753905,1
#10 dan-approximation,50,2,2,2,0.284544929,1
#10 dan-approximation,50,2,2,3,0.284645429,1
#10 dan-approximation,50,2,2,4,0.189763095,1
#10 dan-approximation,50,2,2,5,0.160106946,1
#10 dan-approximation,50,2,3,2,0.124488500,1
#10 dan-approximation,50,2,3,3,0.249226500,1
#10 dan-approximation,50,2,3,4,0.172484212,1
#10 dan-approximation,50,2,3,5,0.138365306,1
#10 dan-approximation,50,2,4,2,0.199442200,1
#10 dan-approximation,50,2,4,3,0.199641600,1
#10 dan-approximation,50,2,4,4,0.199441600,1
#10 dan-approximation,50,2,4,5,0.199341800,1
#10 dan-approximation,50,2,5,2,0.110657333,1
#10 dan-approximation,50,2,5,3,0.110657333,1
#10 dan-approximation,50,2,5,4,0.166118167,1
#10 dan-approximation,50,2,5,5,0.166118500,1
#10 dan-approximation,51,2,0,2,0.110656444,1
#10 dan-approximation,51,2,0,3,0.186801125,1
#10 dan-approximation,51,2,0,4,0.165984833,1
#10 dan-approximation,51,2,0,5,0.232368133,1
#10 dan-approximation,51,2,1,2,0.166084333,1
#10 dan-approximation,51,2,1,3,0.248777000,1
#10 dan-approximation,51,2,1,4,0.255431974,1
#10 dan-approximation,51,2,1,5,0.189672952,1
#10 dan-approximation,51,2,2,2,0.284466357,1
#10 dan-approximation,51,2,2,3,0.284566857,1
#10 dan-approximation,51,2,2,4,0.189734524,1
#10 dan-approximation,51,2,2,5,0.160040875,1
#10 dan-approximation,51,2,3,2,0.124388500,1
#10 dan-approximation,51,2,3,3,0.190423941,1
#10 dan-approximation,51,2,3,4,0.172445442,1
#10 dan-approximation,51,2,3,5,0.138309639,1
#10 dan-approximation,51,2,4,2,0.199442200,1
#10 dan-approximation,51,2,4,3,0.199641600,1
#10 dan-approximation,51,2,4,4,0.199441600,1
#10 dan-approximation,51,2,4,5,0.199341800,1
#10 dan-approximation,51,2,5,2,0.110646222,1
#10 dan-approximation,51,2,5,3,0.110646222,1
#10 dan-approximation,51,2,5,4,0.166101500,1
#10 dan-approximation,51,2,5,5,0.166101667,1
#10 dan-approximation,52,2,0,2,0.110656444,1
#10 dan-approximation,52,2,0,3,0.186794812,1
#10 dan-approximation,52,2,0,4,0.158451455,1
#10 dan-approximation,52,2,0,5,0.232368133,1
#10 dan-approximation,52,2,1,2,0.166084333,1
#10 dan-approximation,52,2,1,3,0.248777000,1
#10 dan-approximation,52,2,1,4,0.255431974,1
#10 dan-approximation,52,2,1,5,0.189672952,1
#10 dan-approximation,52,2,2,2,0.284466357,1
#10 dan-approximation,52,2,2,3,0.284566857,1
#10 dan-approximation,52,2,2,4,0.189734524,1
#10 dan-approximation,52,2,2,5,0.160040875,1
#10 dan-approximation,52,2,3,2,0.124388500,1
#10 dan-approximation,52,2,3,3,0.190406353,1
#10 dan-approximation,52,2,3,4,0.172445442,1
#10 dan-approximation,52,2,3,5,0.138309639,1
#10 dan-approximation,52,2,4,2,0.199442200,1
#10 dan-approximation,52,2,4,3,0.199641600,1
#10 dan-approximation,52,2,4,4,0.199441600,1
#10 dan-approximation,52,2,4,5,0.199341800,1
#10 dan-approximation,52,2,5,2,0.110646222,1
#10 dan-approximation,52,2,5,3,0.110646222,1
#10 dan-approximation,52,2,5,4,0.166101500,1
#10 dan-approximation,52,2,5,5,0.166101500,1
#10 dan-approximation,53,2,0,2,0.110656444,1
#10 dan-approximation,53,2,0,3,0.186794813,1
#10 dan-approximation,53,2,0,4,0.158451205,1
#10 dan-approximation,53,2,0,5,0.232368133,1
#10 dan-approximation,53,2,1,2,0.166084333,1
#10 dan-approximation,53,2,1,3,0.248777000,1
#10 dan-approximation,53,2,1,4,0.255431974,1
#10 dan-approximation,53,2,1,5,0.189672952,1
#10 dan-approximation,53,2,2,2,0.284466357,1
#10 dan-approximation,53,2,2,3,0.284566071,1
#10 dan-approximation,53,2,2,4,0.189734524,1
#10 dan-approximation,53,2,2,5,0.160040875,1
#10 dan-approximation,53,2,3,2,0.124388500,1
#10 dan-approximation,53,2,3,3,0.190406353,1
#10 dan-approximation,53,2,3,4,0.172445442,1
#10 dan-approximation,53,2,3,5,0.138309639,1
#10 dan-approximation,53,2,4,2,0.199442200,1
#10 dan-approximation,53,2,4,3,0.199641600,1
#10 dan-approximation,53,2,4,4,0.199441600,1
#10 dan-approximation,53,2,4,5,0.199341800,1
#10 dan-approximation,53,2,5,2,0.110646222,1
#10 dan-approximation,53,2,5,3,0.110646222,1
#10 dan-approximation,53,2,5,4,0.166101500,1
#10 dan-approximation,53,2,5,5,0.166101500,1
#10 dan-approximation,54,2,0,2,0.110656444,1
#10 dan-approximation,54,2,0,3,0.186794813,1
#10 dan-approximation,54,2,0,4,0.158451205,1
#10 dan-approximation,54,2,0,5,0.232368133,1
#10 dan-approximation,54,2,1,2,0.166084333,1
#10 dan-approximation,54,2,1,3,0.199061600,1
#10 dan-approximation,54,2,1,4,0.232461367,1
#10 dan-approximation,54,2,1,5,0.189672952,1
#10 dan-approximation,54,2,2,2,0.284466357,1
#10 dan-approximation,54,2,2,3,0.284566071,1
#10 dan-approximation,54,2,2,4,0.189734524,1
#10 dan-approximation,54,2,2,5,0.160040875,1
#10 dan-approximation,54,2,3,2,0.124388500,1
#10 dan-approximation,54,2,3,3,0.190406353,1
#10 dan-approximation,54,2,3,4,0.172445442,1
#10 dan-approximation,54,2,3,5,0.138309639,1
#10 dan-approximation,54,2,4,2,0.199442200,1
#10 dan-approximation,54,2,4,3,0.199641600,1
#10 dan-approximation,54,2,4,4,0.199441600,1
#10 dan-approximation,54,2,4,5,0.199341800,1
#10 dan-approximation,54,2,5,2,0.110646222,1
#10 dan-approximation,54,2,5,3,0.110646222,1
#10 dan-approximation,54,2,5,4,0.166101500,1
#10 dan-approximation,54,2,5,5,0.166101500,1
#10 dan-approximation,55,2,0,2,0.110656444,1
#10 dan-approximation,55,2,0,3,0.186794812,1
#10 dan-approximation,55,2,0,4,0.158451205,1
#10 dan-approximation,55,2,0,5,0.232368133,1
#10 dan-approximation,55,2,1,2,0.166084333,1
#10 dan-approximation,55,2,1,3,0.199061600,1
#10 dan-approximation,55,2,1,4,0.232461367,1
#10 dan-approximation,55,2,1,5,0.189672952,1
#10 dan-approximation,55,2,2,2,0.284466357,1
#10 dan-approximation,55,2,2,3,0.284566071,1
#10 dan-approximation,55,2,2,4,0.189734524,1
#10 dan-approximation,55,2,2,5,0.160040875,1
#10 dan-approximation,55,2,3,2,0.124388500,1
#10 dan-approximation,55,2,3,3,0.190406353,1
#10 dan-approximation,55,2,3,4,0.172445442,1
#10 dan-approximation,55,2,3,5,0.138309639,1
#10 dan-approximation,55,2,4,2,0.199442200,1
#10 dan-approximation,55,2,4,3,0.199641600,1
#10 dan-approximation,55,2,4,4,0.199441600,1
#10 dan-approximation,55,2,4,5,0.199341800,1
#10 dan-approximation,55,2,5,2,0.110646222,1
#10 dan-approximation,55,2,5,3,0.110646222,1
#10 dan-approximation,55,2,5,4,0.166101500,1
#10 dan-approximation,55,2,5,5,0.166101500,1
#10 dan-approximation,56,2,0,2,0.110656444,1
#10 dan-approximation,56,2,0,3,0.186794813,1
#10 dan-approximation,56,2,0,4,0.158451205,1
#10 dan-approximation,56,2,0,5,0.232368133,1
#10 dan-approximation,56,2,1,2,0.166084333,1
#10 dan-approximation,56,2,1,3,0.199061600,1
#10 dan-approximation,56,2,1,4,0.232461367,1
#10 dan-approximation,56,2,1,5,0.189672952,1
#10 dan-approximation,56,2,2,2,0.284466357,1
#10 dan-approximation,56,2,2,3,0.284566000,1
#10 dan-approximation,56,2,2,4,0.189734524,1
#10 dan-approximation,56,2,2,5,0.160040875,1
#10 dan-approximation,56,2,3,2,0.124388500,1
#10 dan-approximation,56,2,3,3,0.190406353,1
#10 dan-approximation,56,2,3,4,0.172445442,1
#10 dan-approximation,56,2,3,5,0.138309639,1
#10 dan-approximation,56,2,4,2,0.199342200,1
#10 dan-approximation,56,2,4,3,0.199542000,1
#10 dan-approximation,56,2,4,4,0.199342000,1
#10 dan-approximation,56,2,4,5,0.199341800,1
#10 dan-approximation,56,2,5,2,0.110646222,1
#10 dan-approximation,56,2,5,3,0.110646222,1
#10 dan-approximation,56,2,5,4,0.166101500,1
#10 dan-approximation,56,2,5,5,0.166101500,1
#10 dan-approximation,57,2,0,2,0.110656444,1
#10 dan-approximation,57,2,0,3,0.186794812,1
#10 dan-approximation,57,2,0,4,0.158451205,1
#10 dan-approximation,57,2,0,5,0.232368133,1
#10 dan-approximation,57,2,1,2,0.166084333,1
#10 dan-approximation,57,2,1,3,0.199061600,1
#10 dan-approximation,57,2,1,4,0.232461367,1
#10 dan-approximation,57,2,1,5,0.189672952,1
#10 dan-approximation,57,2,2,2,0.284466357,1
#10 dan-approximation,57,2,2,3,0.284566000,1
#10 dan-approximation,57,2,2,4,0.189734524,1
#10 dan-approximation,57,2,2,5,0.160040875,1
#10 dan-approximation,57,2,3,2,0.124388500,1
#10 dan-approximation,57,2,3,3,0.190406353,1
#10 dan-approximation,57,2,3,4,0.172445442,1
#10 dan-approximation,57,2,3,5,0.138309639,1
#10 dan-approximation,57,2,4,2,0.199342200,1
#10 dan-approximation,57,2,4,3,0.199542000,1
#10 dan-approximation,57,2,4,4,0.199342000,1
#10 dan-approximation,57,2,4,5,0.199341800,1
#10 dan-approximation,57,2,5,2,0.110646222,1
#10 dan-approximation,57,2,5,3,0.110646222,1
#10 dan-approximation,57,2,5,4,0.166101500,1
#10 dan-approximation,57,2,5,5,0.166101500,1
#10 dan-approximation,58,2,0,2,0.110623111,1
#10 dan-approximation,58,2,0,3,0.186719813,1
#10 dan-approximation,58,2,0,4,0.158376455,1
#10 dan-approximation,58,2,0,5,0.232248533,1
#10 dan-approximation,58,2,1,2,0.166034500,1
#10 dan-approximation,58,2,1,3,0.180910727,1
#10 dan-approximation,58,2,1,4,0.232361700,1
#10 dan-approximation,58,2,1,5,0.189573286,1
#10 dan-approximation,58,2,2,2,0.284380929,1
#10 dan-approximation,58,2,2,3,0.284480429,1
#10 dan-approximation,58,2,2,4,0.189648952,1
#10 dan-approximation,58,2,2,5,0.159955304,1
#10 dan-approximation,58,2,3,2,0.124351000,1
#10 dan-approximation,58,2,3,3,0.190313706,1
#10 dan-approximation,58,2,3,4,0.162379446,1
#10 dan-approximation,58,2,3,5,0.138234639,1
#10 dan-approximation,58,2,4,2,0.199042200,1
#10 dan-approximation,58,2,4,3,0.199242000,1
#10 dan-approximation,58,2,4,4,0.199043000,1
#10 dan-approximation,58,2,4,5,0.199042800,1
#10 dan-approximation,58,2,5,2,0.090474636,1
#10 dan-approximation,58,2,5,3,0.090474636,1
#10 dan-approximation,58,2,5,4,0.166101500,1
#10 dan-approximation,58,2,5,5,0.166101500,1
#10 dan-approximation,59,2,0,2,0.110623111,1
#10 dan-approximation,59,2,0,3,0.186688719,1
#10 dan-approximation,59,2,0,4,0.158376455,1
#10 dan-approximation,59,2,0,5,0.232248533,1
#10 dan-approximation,59,2,1,2,0.166034500,1
#10 dan-approximation,59,2,1,3,0.180910727,1
#10 dan-approximation,59,2,1,4,0.232361500,1
#10 dan-approximation,59,2,1,5,0.189573286,1
#10 dan-approximation,59,2,2,2,0.284380929,1
#10 dan-approximation,59,2,2,3,0.284480179,1
#10 dan-approximation,59,2,2,4,0.189648952,1
#10 dan-approximation,59,2,2,5,0.159955304,1
#10 dan-approximation,59,2,3,2,0.124351000,1
#10 dan-approximation,59,2,3,3,0.190296059,1
#10 dan-approximation,59,2,3,4,0.162335967,1
#10 dan-approximation,59,2,3,5,0.138234639,1
#10 dan-approximation,59,2,4,2,0.199042200,1
#10 dan-approximation,59,2,4,3,0.199142000,1
#10 dan-approximation,59,2,4,4,0.199043000,1
#10 dan-approximation,59,2,4,5,0.199042800,1
#10 dan-approximation,59,2,5,2,0.090474636,1
#10 dan-approximation,59,2,5,3,0.090474636,1
#10 dan-approximation,59,2,5,4,0.166101500,1
#10 dan-approximation,59,2,5,5,0.166101500,1
#10 dan-approximation,60,2,0,2,0.110623111,1
#10 dan-approximation,60,2,0,3,0.186688656,1
#10 dan-approximation,60,2,0,4,0.158376455,1
#10 dan-approximation,60,2,0,5,0.232248533,1
#10 dan-approximation,60,2,1,2,0.166034500,1
#10 dan-approximation,60,2,1,3,0.180910727,1
#10 dan-approximation,60,2,1,4,0.232361500,1
#10 dan-approximation,60,2,1,5,0.189573286,1
#10 dan-approximation,60,2,2,2,0.284380929,1
#10 dan-approximation,60,2,2,3,0.284480179,1
#10 dan-approximation,60,2,2,4,0.189648952,1
#10 dan-approximation,60,2,2,5,0.159955304,1
#10 dan-approximation,60,2,3,2,0.124351000,1
#10 dan-approximation,60,2,3,3,0.172301615,1
#10 dan-approximation,60,2,3,4,0.149381250,1
#10 dan-approximation,60,2,3,5,0.138234639,1
#10 dan-approximation,60,2,4,2,0.199042200,1
#10 dan-approximation,60,2,4,3,0.199142000,1
#10 dan-approximation,60,2,4,4,0.199043000,1
#10 dan-approximation,60,2,4,5,0.199042800,1
#10 dan-approximation,60,2,5,2,0.090474636,1
#10 dan-approximation,60,2,5,3,0.090474636,1
#10 dan-approximation,60,2,5,4,0.166101500,1
#10 dan-approximation,60,2,5,5,0.166101500,1
#10 dan-approximation,61,2,0,2,0.110623111,1
#10 dan-approximation,61,2,0,3,0.186688656,1
#10 dan-approximation,61,2,0,4,0.158376455,1
#10 dan-approximation,61,2,0,5,0.232248533,1
#10 dan-approximation,61,2,1,2,0.166034500,1
#10 dan-approximation,61,2,1,3,0.180910727,1
#10 dan-approximation,61,2,1,4,0.232361500,1
#10 dan-approximation,61,2,1,5,0.189559000,1
#10 dan-approximation,61,2,2,2,0.284380929,1
#10 dan-approximation,61,2,2,3,0.284480179,1
#10 dan-approximation,61,2,2,4,0.189648952,1
#10 dan-approximation,61,2,2,5,0.159942804,1
#10 dan-approximation,61,2,3,2,0.124351000,1
#10 dan-approximation,61,2,3,3,0.172301615,1
#10 dan-approximation,61,2,3,4,0.149381250,1
#10 dan-approximation,61,2,3,5,0.138223528,1
#10 dan-approximation,61,2,4,2,0.199042200,1
#10 dan-approximation,61,2,4,3,0.199142000,1
#10 dan-approximation,61,2,4,4,0.199043000,1
#10 dan-approximation,61,2,4,5,0.199042800,1
#10 dan-approximation,61,2,5,2,0.090474636,1
#10 dan-approximation,61,2,5,3,0.090474636,1
#10 dan-approximation,61,2,5,4,0.166035000,1
#10 dan-approximation,61,2,5,5,0.166084833,1
#10 dan-approximation,62,2,0,2,0.090482727,1
#10 dan-approximation,62,2,0,3,0.186495438,1
#10 dan-approximation,62,2,0,4,0.158190841,1
#10 dan-approximation,62,2,0,5,0.232009133,1
#10 dan-approximation,62,2,1,2,0.124482437,1
#10 dan-approximation,62,2,1,3,0.142037214,1
#10 dan-approximation,62,2,1,4,0.149311250,1
#10 dan-approximation,62,2,1,5,0.106508750,1
#10 dan-approximation,62,2,2,2,0.248702000,1
#10 dan-approximation,62,2,2,3,0.248801750,1
#10 dan-approximation,62,2,2,4,0.153970524,1
#10 dan-approximation,62,2,2,5,0.124251875,1
#10 dan-approximation,62,2,3,2,0.099410900,1
#10 dan-approximation,62,2,3,3,0.172152115,1
#10 dan-approximation,62,2,3,4,0.149231750,1
#10 dan-approximation,62,2,3,5,0.138051917,1
#10 dan-approximation,62,2,4,2,0.198861700,1
#10 dan-approximation,62,2,4,3,0.198962000,1
#10 dan-approximation,62,2,4,4,0.198762200,1
#10 dan-approximation,62,2,4,5,0.198762800,1
#10 dan-approximation,62,2,5,2,0.082918417,1
#10 dan-approximation,62,2,5,3,0.082926917,1
#10 dan-approximation,62,2,5,4,0.165635000,1
#10 dan-approximation,62,2,5,5,0.165684833,1
#10 dan-approximation,63,2,0,2,0.090482727,1
#10 dan-approximation,63,2,0,3,0.186495438,1
#10 dan-approximation,63,2,0,4,0.158190841,1
#10 dan-approximation,63,2,0,5,0.232009133,1
#10 dan-approximation,63,2,1,2,0.124482437,1
#10 dan-approximation,63,2,1,3,0.142037214,1
#10 dan-approximation,63,2,1,4,0.149311250,1
#10 dan-approximation,63,2,1,5,0.106508750,1
#10 dan-approximation,63,2,2,2,0.248652500,1
#10 dan-approximation,63,2,2,3,0.248752000,1
#10 dan-approximation,63,2,2,4,0.153913571,1
#10 dan-approximation,63,2,2,5,0.124251875,1
#10 dan-approximation,63,2,3,2,0.099410900,1
#10 dan-approximation,63,2,3,3,0.172151865,1
#10 dan-approximation,63,2,3,4,0.149231550,1
#10 dan-approximation,63,2,3,5,0.138051917,1
#10 dan-approximation,63,2,4,2,0.198861700,1
#10 dan-approximation,63,2,4,3,0.198962000,1
#10 dan-approximation,63,2,4,4,0.198762200,1
#10 dan-approximation,63,2,4,5,0.198762800,1
#10 dan-approximation,63,2,5,2,0.082918417,1
#10 dan-approximation,63,2,5,3,0.082926833,1
#10 dan-approximation,63,2,5,4,0.165635000,1
#10 dan-approximation,63,2,5,5,0.165684833,1
#10 dan-approximation,64,2,0,2,0.090482727,1
#10 dan-approximation,64,2,0,3,0.186495438,1
#10 dan-approximation,64,2,0,4,0.158190841,1
#10 dan-approximation,64,2,0,5,0.232009133,1
#10 dan-approximation,64,2,1,2,0.124482438,1
#10 dan-approximation,64,2,1,3,0.142037214,1
#10 dan-approximation,64,2,1,4,0.149311250,1
#10 dan-approximation,64,2,1,5,0.106508750,1
#10 dan-approximation,64,2,2,2,0.248652500,1
#10 dan-approximation,64,2,2,3,0.248752000,1
#10 dan-approximation,64,2,2,4,0.153913571,1
#10 dan-approximation,64,2,2,5,0.124251875,1
#10 dan-approximation,64,2,3,2,0.099410900,1
#10 dan-approximation,64,2,3,3,0.172151712,1
#10 dan-approximation,64,2,3,4,0.149231550,1
#10 dan-approximation,64,2,3,5,0.138051917,1
#10 dan-approximation,64,2,4,2,0.198861700,1
#10 dan-approximation,64,2,4,3,0.198962000,1
#10 dan-approximation,64,2,4,4,0.198762200,1
#10 dan-approximation,64,2,4,5,0.198762800,1
#10 dan-approximation,64,2,5,2,0.082918417,1
#10 dan-approximation,64,2,5,3,0.082926833,1
#10 dan-approximation,64,2,5,4,0.165635000,1
#10 dan-approximation,64,2,5,5,0.165684833,1
#10 dan-approximation,65,2,0,2,0.090482636,1
#10 dan-approximation,65,2,0,3,0.186495438,1
#10 dan-approximation,65,2,0,4,0.158190841,1
#10 dan-approximation,65,2,0,5,0.232009133,1
#10 dan-approximation,65,2,1,2,0.124482437,1
#10 dan-approximation,65,2,1,3,0.142037214,1
#10 dan-approximation,65,2,1,4,0.149311250,1
#10 dan-approximation,65,2,1,5,0.106508750,1
#10 dan-approximation,65,2,2,2,0.248652500,1
#10 dan-approximation,65,2,2,3,0.248752000,1
#10 dan-approximation,65,2,2,4,0.153913571,1
#10 dan-approximation,65,2,2,5,0.124251875,1
#10 dan-approximation,65,2,3,2,0.099410900,1
#10 dan-approximation,65,2,3,3,0.172151712,1
#10 dan-approximation,65,2,3,4,0.149231550,1
#10 dan-approximation,65,2,3,5,0.138051917,1
#10 dan-approximation,65,2,4,2,0.198861700,1
#10 dan-approximation,65,2,4,3,0.198962000,1
#10 dan-approximation,65,2,4,4,0.198762200,1
#10 dan-approximation,65,2,4,5,0.198762800,1
#10 dan-approximation,65,2,5,2,0.082918417,1
#10 dan-approximation,65,2,5,3,0.082926833,1
#10 dan-approximation,65,2,5,4,0.165635000,1
#10 dan-approximation,65,2,5,5,0.165684833,1
#10 dan-approximation,66,2,0,2,0.090482636,1
#10 dan-approximation,66,2,0,3,0.186495438,1
#10 dan-approximation,66,2,0,4,0.158190841,1
#10 dan-approximation,66,2,0,5,0.232009133,1
#10 dan-approximation,66,2,1,2,0.124482438,1
#10 dan-approximation,66,2,1,3,0.142037214,1
#10 dan-approximation,66,2,1,4,0.149311250,1
#10 dan-approximation,66,2,1,5,0.106508750,1
#10 dan-approximation,66,2,2,2,0.248652500,1
#10 dan-approximation,66,2,2,3,0.248752000,1
#10 dan-approximation,66,2,2,4,0.153913571,1
#10 dan-approximation,66,2,2,5,0.124251875,1
#10 dan-approximation,66,2,3,2,0.099410900,1
#10 dan-approximation,66,2,3,3,0.172151712,1
#10 dan-approximation,66,2,3,4,0.149231550,1
#10 dan-approximation,66,2,3,5,0.138051917,1
#10 dan-approximation,66,2,4,2,0.198861700,1
#10 dan-approximation,66,2,4,3,0.198962000,1
#10 dan-approximation,66,2,4,4,0.198762200,1
#10 dan-approximation,66,2,4,5,0.198762800,1
#10 dan-approximation,66,2,5,2,0.082918417,1
#10 dan-approximation,66,2,5,3,0.082926833,1
#10 dan-approximation,66,2,5,4,0.165635000,1
#10 dan-approximation,66,2,5,5,0.165684833,1
#10 dan-approximation,67,2,0,2,0.090482636,1
#10 dan-approximation,67,2,0,3,0.186495438,1
#10 dan-approximation,67,2,0,4,0.158190841,1
#10 dan-approximation,67,2,0,5,0.232009133,1
#10 dan-approximation,67,2,1,2,0.124482437,1
#10 dan-approximation,67,2,1,3,0.142037214,1
#10 dan-approximation,67,2,1,4,0.149311250,1
#10 dan-approximation,67,2,1,5,0.106508750,1
#10 dan-approximation,67,2,2,2,0.248652500,1
#10 dan-approximation,67,2,2,3,0.248752000,1
#10 dan-approximation,67,2,2,4,0.149171700,1
#10 dan-approximation,67,2,2,5,0.124251875,1
#10 dan-approximation,67,2,3,2,0.099410900,1
#10 dan-approximation,67,2,3,3,0.172151712,1
#10 dan-approximation,67,2,3,4,0.149231550,1
#10 dan-approximation,67,2,3,5,0.138051917,1
#10 dan-approximation,67,2,4,2,0.198861700,1
#10 dan-approximation,67,2,4,3,0.198962000,1
#10 dan-approximation,67,2,4,4,0.198762200,1
#10 dan-approximation,67,2,4,5,0.198762800,1
#10 dan-approximation,67,2,5,2,0.082918417,1
#10 dan-approximation,67,2,5,3,0.082926833,1
#10 dan-approximation,67,2,5,4,0.165635000,1
#10 dan-approximation,67,2,5,5,0.165684833,1
#10 dan-approximation,68,2,0,2,0.090482636,1
#10 dan-approximation,68,2,0,3,0.186495438,1
#10 dan-approximation,68,2,0,4,0.158190841,1
#10 dan-approximation,68,2,0,5,0.232009133,1
#10 dan-approximation,68,2,1,2,0.124482438,1
#10 dan-approximation,68,2,1,3,0.142037214,1
#10 dan-approximation,68,2,1,4,0.149311250,1
#10 dan-approximation,68,2,1,5,0.106508750,1
#10 dan-approximation,68,2,2,2,0.248652500,1
#10 dan-approximation,68,2,2,3,0.248752000,1
#10 dan-approximation,68,2,2,4,0.149171700,1
#10 dan-approximation,68,2,2,5,0.124251875,1
#10 dan-approximation,68,2,3,2,0.099410900,1
#10 dan-approximation,68,2,3,3,0.172151712,1
#10 dan-approximation,68,2,3,4,0.149231550,1
#10 dan-approximation,68,2,3,5,0.138051917,1
#10 dan-approximation,68,2,4,2,0.198861700,1
#10 dan-approximation,68,2,4,3,0.198962000,1
#10 dan-approximation,68,2,4,4,0.198762200,1
#10 dan-approximation,68,2,4,5,0.198762800,1
#10 dan-approximation,68,2,5,2,0.082918417,1
#10 dan-approximation,68,2,5,3,0.082926833,1
#10 dan-approximation,68,2,5,4,0.165635000,1
#10 dan-approximation,68,2,5,5,0.165684833,1
#10 dan-approximation,69,2,0,2,0.090482636,1
#10 dan-approximation,69,2,0,3,0.186489250,1
#10 dan-approximation,69,2,0,4,0.158190841,1
#10 dan-approximation,69,2,0,5,0.232009133,1
#10 dan-approximation,69,2,1,2,0.124482437,1
#10 dan-approximation,69,2,1,3,0.142037214,1
#10 dan-approximation,69,2,1,4,0.149311250,1
#10 dan-approximation,69,2,1,5,0.106508750,1
#10 dan-approximation,69,2,2,2,0.248652500,1
#10 dan-approximation,69,2,2,3,0.182451600,1
#10 dan-approximation,69,2,2,4,0.149171700,1
#10 dan-approximation,69,2,2,5,0.124251875,1
#10 dan-approximation,69,2,3,2,0.099410900,1
#10 dan-approximation,69,2,3,3,0.172151712,1
#10 dan-approximation,69,2,3,4,0.149231550,1
#10 dan-approximation,69,2,3,5,0.138051917,1
#10 dan-approximation,69,2,4,2,0.198861700,1
#10 dan-approximation,69,2,4,3,0.198962000,1
#10 dan-approximation,69,2,4,4,0.198762200,1
#10 dan-approximation,69,2,4,5,0.198762800,1
#10 dan-approximation,69,2,5,2,0.082918417,1
#10 dan-approximation,69,2,5,3,0.082926833,1
#10 dan-approximation,69,2,5,4,0.165635000,1
#10 dan-approximation,69,2,5,5,0.165684833,1
#10 dan-approximation,70,2,0,2,0.090482636,1
#10 dan-approximation,70,2,0,3,0.186489250,1
#10 dan-approximation,70,2,0,4,0.158190841,1
#10 dan-approximation,70,2,0,5,0.232009133,1
#10 dan-approximation,70,2,1,2,0.124482437,1
#10 dan-approximation,70,2,1,3,0.142037214,1
#10 dan-approximation,70,2,1,4,0.149311250,1
#10 dan-approximation,70,2,1,5,0.106508750,1
#10 dan-approximation,70,2,2,2,0.248652500,1
#10 dan-approximation,70,2,2,3,0.182451600,1
#10 dan-approximation,70,2,2,4,0.149171700,1
#10 dan-approximation,70,2,2,5,0.124251875,1
#10 dan-approximation,70,2,3,2,0.099410900,1
#10 dan-approximation,70,2,3,3,0.172151712,1
#10 dan-approximation,70,2,3,4,0.149231550,1
#10 dan-approximation,70,2,3,5,0.138051917,1
#10 dan-approximation,70,2,4,2,0.198861700,1
#10 dan-approximation,70,2,4,3,0.198962000,1
#10 dan-approximation,70,2,4,4,0.198762200,1
#10 dan-approximation,70,2,4,5,0.198762800,1
#10 dan-approximation,70,2,5,2,0.082918417,1
#10 dan-approximation,70,2,5,3,0.082926833,1
#10 dan-approximation,70,2,5,4,0.165635000,1
#10 dan-approximation,70,2,5,5,0.165684833,1
#10 dan-approximation,71,2,0,2,0.090482636,1
#10 dan-approximation,71,2,0,3,0.182350083,1
#10 dan-approximation,71,2,0,4,0.158190841,1
#10 dan-approximation,71,2,0,5,0.232009133,1
#10 dan-approximation,71,2,1,2,0.124482437,1
#10 dan-approximation,71,2,1,3,0.142037214,1
#10 dan-approximation,71,2,1,4,0.149311250,1
#10 dan-approximation,71,2,1,5,0.106508750,1
#10 dan-approximation,71,2,2,2,0.248652500,1
#10 dan-approximation,71,2,2,3,0.182451600,1
#10 dan-approximation,71,2,2,4,0.149171700,1
#10 dan-approximation,71,2,2,5,0.124251875,1
#10 dan-approximation,71,2,3,2,0.099410900,1
#10 dan-approximation,71,2,3,3,0.172151712,1
#10 dan-approximation,71,2,3,4,0.149231550,1
#10 dan-approximation,71,2,3,5,0.138051917,1
#10 dan-approximation,71,2,4,2,0.198861700,1
#10 dan-approximation,71,2,4,3,0.198962000,1
#10 dan-approximation,71,2,4,4,0.198762200,1
#10 dan-approximation,71,2,4,5,0.198762800,1
#10 dan-approximation,71,2,5,2,0.082918417,1
#10 dan-approximation,71,2,5,3,0.082926833,1
#10 dan-approximation,71,2,5,4,0.165635000,1
#10 dan-approximation,71,2,5,5,0.165684833,1
#10 dan-approximation,72,2,0,2,0.090425091,1
#10 dan-approximation,72,2,0,3,0.182250083,1
#10 dan-approximation,72,2,0,4,0.158136091,1
#10 dan-approximation,72,2,0,5,0.231932267,1
#10 dan-approximation,72,2,1,2,0.055306111,1
#10 dan-approximation,72,2,1,3,0.124213812,1
#10 dan-approximation,72,2,1,4,0.149221400,1
#10 dan-approximation,72,2,1,5,0.106494214,1
#10 dan-approximation,72,2,2,2,0.248552000,1
#10 dan-approximation,72,2,2,3,0.182338267,1
#10 dan-approximation,72,2,2,4,0.143909632,1
#10 dan-approximation,72,2,2,5,0.115951800,1
#10 dan-approximation,72,2,3,2,0.099357600,1
#10 dan-approximation,72,2,3,3,0.172051712,1
#10 dan-approximation,72,2,3,4,0.149131550,1
#10 dan-approximation,72,2,3,5,0.138025806,1
#10 dan-approximation,72,2,4,2,0.198861300,1
#10 dan-approximation,72,2,4,3,0.198862000,1
#10 dan-approximation,72,2,4,4,0.198761800,1
#10 dan-approximation,72,2,4,5,0.198761800,1
#10 dan-approximation,72,2,5,2,0.082909833,1
#10 dan-approximation,72,2,5,3,0.082918500,1
#10 dan-approximation,72,2,5,4,0.165618167,1
#10 dan-approximation,72,2,5,5,0.165618333,1
#10 dan-approximation,73,2,0,2,0.090358576,1
#10 dan-approximation,73,2,0,3,0.182156817,1
#10 dan-approximation,73,2,0,4,0.158013500,1
#10 dan-approximation,73,2,0,5,0.105390727,1
#10 dan-approximation,73,2,1,2,0.055306111,1
#10 dan-approximation,73,2,1,3,0.124113812,1
#10 dan-approximation,73,2,1,4,0.143916816,1
#10 dan-approximation,73,2,1,5,0.095501346,1
#10 dan-approximation,73,2,2,2,0.248352500,1
#10 dan-approximation,73,2,2,3,0.182288267,1
#10 dan-approximation,73,2,2,4,0.141994464,1
#10 dan-approximation,73,2,2,5,0.109715651,1
#10 dan-approximation,73,2,3,2,0.099284267,1
#10 dan-approximation,73,2,3,3,0.171986481,1
#10 dan-approximation,73,2,3,4,0.149081550,1
#10 dan-approximation,73,2,3,5,0.137927657,1
#10 dan-approximation,73,2,4,2,0.198791300,1
#10 dan-approximation,73,2,4,3,0.198792000,1
#10 dan-approximation,73,2,4,4,0.198641800,1
#10 dan-approximation,73,2,4,5,0.198641800,1
#10 dan-approximation,73,2,5,2,0.082909833,1
#10 dan-approximation,73,2,5,3,0.082918500,1
#10 dan-approximation,73,2,5,4,0.165518167,1
#10 dan-approximation,73,2,5,5,0.165518333,1
#10 dan-approximation,74,2,0,2,0.090358576,1
#10 dan-approximation,74,2,0,3,0.182156817,1
#10 dan-approximation,74,2,0,4,0.158013500,1
#10 dan-approximation,74,2,0,5,0.105390727,1
#10 dan-approximation,74,2,1,2,0.055306111,1
#10 dan-approximation,74,2,1,3,0.124113812,1
#10 dan-approximation,74,2,1,4,0.143916816,1
#10 dan-approximation,74,2,1,5,0.095501346,1
#10 dan-approximation,74,2,2,2,0.248352500,1
#10 dan-approximation,74,2,2,3,0.182288267,1
#10 dan-approximation,74,2,2,4,0.141994464,1
#10 dan-approximation,74,2,2,5,0.109715651,1
#10 dan-approximation,74,2,3,2,0.099284267,1
#10 dan-approximation,74,2,3,3,0.171986481,1
#10 dan-approximation,74,2,3,4,0.149081550,1
#10 dan-approximation,74,2,3,5,0.137927657,1
#10 dan-approximation,74,2,4,2,0.198791300,1
#10 dan-approximation,74,2,4,3,0.198792000,1
#10 dan-approximation,74,2,4,4,0.198641800,1
#10 dan-approximation,74,2,4,5,0.198641800,1
#10 dan-approximation,74,2,5,2,0.082909833,1
#10 dan-approximation,74,2,5,3,0.082918500,1
#10 dan-approximation,74,2,5,4,0.165518167,1
#10 dan-approximation,74,2,5,5,0.165518333,1
#10 dan-approximation,75,2,0,2,0.090358576,1
#10 dan-approximation,75,2,0,3,0.182156817,1
#10 dan-approximation,75,2,0,4,0.158013500,1
#10 dan-approximation,75,2,0,5,0.105390727,1
#10 dan-approximation,75,2,1,2,0.055306111,1
#10 dan-approximation,75,2,1,3,0.124113813,1
#10 dan-approximation,75,2,1,4,0.131624382,1
#10 dan-approximation,75,2,1,5,0.095501346,1
#10 dan-approximation,75,2,2,2,0.248352500,1
#10 dan-approximation,75,2,2,3,0.182281600,1
#10 dan-approximation,75,2,2,4,0.141994464,1
#10 dan-approximation,75,2,2,5,0.109715651,1
#10 dan-approximation,75,2,3,2,0.099284267,1
#10 dan-approximation,75,2,3,3,0.171986481,1
#10 dan-approximation,75,2,3,4,0.149081550,1
#10 dan-approximation,75,2,3,5,0.137927657,1
#10 dan-approximation,75,2,4,2,0.198791300,1
#10 dan-approximation,75,2,4,3,0.198792000,1
#10 dan-approximation,75,2,4,4,0.198641800,1
#10 dan-approximation,75,2,4,5,0.198641800,1
#10 dan-approximation,75,2,5,2,0.082909833,1
#10 dan-approximation,75,2,5,3,0.082918500,1
#10 dan-approximation,75,2,5,4,0.165518167,1
#10 dan-approximation,75,2,5,5,0.165518333,1
#10 dan-approximation,76,2,0,2,0.090358576,1
#10 dan-approximation,76,2,0,3,0.182156817,1
#10 dan-approximation,76,2,0,4,0.158013500,1
#10 dan-approximation,76,2,0,5,0.105390727,1
#10 dan-approximation,76,2,1,2,0.055306111,1
#10 dan-approximation,76,2,1,3,0.124113813,1
#10 dan-approximation,76,2,1,4,0.131624382,1
#10 dan-approximation,76,2,1,5,0.095501346,1
#10 dan-approximation,76,2,2,2,0.248352500,1
#10 dan-approximation,76,2,2,3,0.182281600,1
#10 dan-approximation,76,2,2,4,0.138068222,1
#10 dan-approximation,76,2,2,5,0.109715651,1
#10 dan-approximation,76,2,3,2,0.099284267,1
#10 dan-approximation,76,2,3,3,0.171986481,1
#10 dan-approximation,76,2,3,4,0.149081550,1
#10 dan-approximation,76,2,3,5,0.137927657,1
#10 dan-approximation,76,2,4,2,0.198791300,1
#10 dan-approximation,76,2,4,3,0.198792000,1
#10 dan-approximation,76,2,4,4,0.198641800,1
#10 dan-approximation,76,2,4,5,0.198641800,1
#10 dan-approximation,76,2,5,2,0.082909833,1
#10 dan-approximation,76,2,5,3,0.082918500,1
#10 dan-approximation,76,2,5,4,0.165518167,1
#10 dan-approximation,76,2,5,5,0.165518333,1
#10 dan-approximation,77,2,0,2,0.090328364,1
#10 dan-approximation,77,2,0,3,0.124971659,1
#10 dan-approximation,77,2,0,4,0.108277800,1
#10 dan-approximation,77,2,0,5,0.105266667,1
#10 dan-approximation,77,2,1,2,0.038112538,1
#10 dan-approximation,77,2,1,3,0.110046000,1
#10 dan-approximation,77,2,1,4,0.112385959,1
#10 dan-approximation,77,2,1,5,0.076262923,1
#10 dan-approximation,77,2,2,2,0.198002600,1
#10 dan-approximation,77,2,2,3,0.150849867,1
#10 dan-approximation,77,2,2,4,0.110368111,1
#10 dan-approximation,77,2,2,5,0.078673032,1
#10 dan-approximation,77,2,3,2,0.099002100,1
#10 dan-approximation,77,2,3,3,0.122286431,1
#10 dan-approximation,77,2,3,4,0.088109200,1
#10 dan-approximation,77,2,3,5,0.088079244,1
#10 dan-approximation,77,2,4,2,0.146364709,1
#10 dan-approximation,77,2,4,3,0.115652117,1
#10 dan-approximation,77,2,4,4,0.115585050,1
#10 dan-approximation,77,2,4,5,0.108080467,1
#10 dan-approximation,77,2,5,2,0.082893167,1
#10 dan-approximation,77,2,5,3,0.082910167,1
#10 dan-approximation,77,2,5,4,0.165484917,1
#10 dan-approximation,77,2,5,5,0.165285333,1
#10 dan-approximation,78,3,0,2,0.090328364,1
#10 dan-approximation,78,3,0,3,0.124971659,0
#10 dan-approximation,78,3,0,4,0.108277800,0
#10 dan-approximation,78,3,0,5,0.105266667,0
#10 dan-approximation,78,3,1,2,0.038112538,0
#10 dan-approximation,78,3,1,3,0.110046000,0
#10 dan-approximation,78,3,1,4,0.112385959,0
#10 dan-approximation,78,3,1,5,0.076262923,0
#10 dan-approximation,78,3,2,2,0.198002600,0
#10 dan-approximation,78,3,2,3,0.150841416,0
#10 dan-approximation,78,3,2,4,0.110368111,0
#10 dan-approximation,78,3,2,5,0.078673032,0
#10 dan-approximation,78,3,3,2,0.099002100,1
#10 dan-approximation,78,3,3,3,0.122286431,1
#10 dan-approximation,78,3,3,4,0.088109200,0
#10 dan-approximation,78,3,3,5,0.088079244,0
#10 dan-approximation,78,3,4,2,0.146364709,0
#10 dan-approximation,78,3,4,3,0.115652117,1
#10 dan-approximation,78,3,4,4,0.115585050,0
#10 dan-approximation,78,3,4,5,0.108080467,1
#10 dan-approximation,78,3,5,2,0.082893167,0
#10 dan-approximation,78,3,5,3,0.082910167,0
#10 dan-approximation,78,3,5,4,0.165484917,0
#10 dan-approximation,78,3,5,5,0.165285333,0
#10 dan-approximation,79,3,0,2,0.090328364,1
#10 dan-approximation,79,3,0,3,0.124971659,0
#10 dan-approximation,79,3,0,4,0.108277800,0
#10 dan-approximation,79,3,0,5,0.105266667,0
#10 dan-approximation,79,3,1,2,0.038112538,0
#10 dan-approximation,79,3,1,3,0.110046000,0
#10 dan-approximation,79,3,1,4,0.112385959,0
#10 dan-approximation,79,3,1,5,0.076262923,0
#10 dan-approximation,79,3,2,2,0.198002600,1
#10 dan-approximation,79,3,2,3,0.150841416,1
#10 dan-approximation,79,3,2,4,0.110368111,0
#10 dan-approximation,79,3,2,5,0.078673032,0
#10 dan-approximation,79,3,3,2,0.099002100,1
#10 dan-approximation,79,3,3,3,0.119301600,1
#10 dan-approximation,79,3,3,4,0.088109200,0
#10 dan-approximation,79,3,3,5,0.088079244,0
#10 dan-approximation,79,3,4,2,0.146364709,1
#10 dan-approximation,79,3,4,3,0.115652117,1
#10 dan-approximation,79,3,4,4,0.115585050,0
#10 dan-approximation,79,3,4,5,0.108080467,1
#10 dan-approximation,79,3,5,2,0.082893167,0
#10 dan-approximation,79,3,5,3,0.082910167,0
#10 dan-approximation,79,3,5,4,0.165484917,0
#10 dan-approximation,79,3,5,5,0.165285333,0
#10 dan-approximation,80,3,0,2,0.090328364,1
#10 dan-approximation,80,3,0,3,0.124971659,0
#10 dan-approximation,80,3,0,4,0.108277800,0
#10 dan-approximation,80,3,0,5,0.105266667,0
#10 dan-approximation,80,3,1,2,0.038112538,0
#10 dan-approximation,80,3,1,3,0.110046000,0
#10 dan-approximation,80,3,1,4,0.112385959,0
#10 dan-approximation,80,3,1,5,0.076262923,0
#10 dan-approximation,80,3,2,2,0.198002600,1
#10 dan-approximation,80,3,2,3,0.150841416,1
#10 dan-approximation,80,3,2,4,0.110368111,1
#10 dan-approximation,80,3,2,5,0.078673032,1
#10 dan-approximation,80,3,3,2,0.099002100,1
#10 dan-approximation,80,3,3,3,0.119301600,1
#10 dan-approximation,80,3,3,4,0.088109200,0
#10 dan-approximation,80,3,3,5,0.088079244,0
#10 dan-approximation,80,3,4,2,0.146364709,1
#10 dan-approximation,80,3,4,3,0.115652117,1
#10 dan-approximation,80,3,4,4,0.115585050,0
#10 dan-approximation,80,3,4,5,0.108080467,1
#10 dan-approximation,80,3,5,2,0.082893167,1
#10 dan-approximation,80,3,5,3,0.082910167,0
#10 dan-approximation,80,3,5,4,0.165484917,1
#10 dan-approximation,80,3,5,5,0.165285333,0
#10 dan-approximation,81,3,0,2,0.090328364,1
#10 dan-approximation,81,3,0,3,0.124971659,0
#10 dan-approximation,81,3,0,4,0.108277800,0
#10 dan-approximation,81,3,0,5,0.105266667,0
#10 dan-approximation,81,3,1,2,0.038112538,0
#10 dan-approximation,81,3,1,3,0.110046000,0
#10 dan-approximation,81,3,1,4,0.099649425,1
#10 dan-approximation,81,3,1,5,0.076262923,1
#10 dan-approximation,81,3,2,2,0.198002600,1
#10 dan-approximation,81,3,2,3,0.150840861,1
#10 dan-approximation,81,3,2,4,0.110368111,1
#10 dan-approximation,81,3,2,5,0.078673032,1
#10 dan-approximation,81,3,3,2,0.099002100,1
#10 dan-approximation,81,3,3,3,0.119289600,1
#10 dan-approximation,81,3,3,4,0.088109200,0
#10 dan-approximation,81,3,3,5,0.088079244,0
#10 dan-approximation,81,3,4,2,0.146364709,1
#10 dan-approximation,81,3,4,3,0.115652117,1
#10 dan-approximation,81,3,4,4,0.115585050,0
#10 dan-approximation,81,3,4,5,0.108080467,1
#10 dan-approximation,81,3,5,2,0.066301433,1
#10 dan-approximation,81,3,5,3,0.072776049,0
#10 dan-approximation,81,3,5,4,0.165484917,1
#10 dan-approximation,81,3,5,5,0.165285333,0
#10 dan-approximation,82,3,0,2,0.090328364,1
#10 dan-approximation,82,3,0,3,0.124971659,0
#10 dan-approximation,82,3,0,4,0.108277800,1
#10 dan-approximation,82,3,0,5,0.105266667,1
#10 dan-approximation,82,3,1,2,0.038112538,0
#10 dan-approximation,82,3,1,3,0.110046000,0
#10 dan-approximation,82,3,1,4,0.099649425,1
#10 dan-approximation,82,3,1,5,0.076262923,1
#10 dan-approximation,82,3,2,2,0.198002600,1
#10 dan-approximation,82,3,2,3,0.149829960,1
#10 dan-approximation,82,3,2,4,0.110368111,1
#10 dan-approximation,82,3,2,5,0.078673032,1
#10 dan-approximation,82,3,3,2,0.099002100,1
#10 dan-approximation,82,3,3,3,0.119289600,1
#10 dan-approximation,82,3,3,4,0.088109200,0
#10 dan-approximation,82,3,3,5,0.088079244,0
#10 dan-approximation,82,3,4,2,0.146364709,1
#10 dan-approximation,82,3,4,3,0.115652117,1
#10 dan-approximation,82,3,4,4,0.115585050,1
#10 dan-approximation,82,3,4,5,0.108080467,1
#10 dan-approximation,82,3,5,2,0.066301433,1
#10 dan-approximation,82,3,5,3,0.072776049,0
#10 dan-approximation,82,3,5,4,0.165484917,1
#10 dan-approximation,82,3,5,5,0.165285333,0
#10 dan-approximation,83,3,0,2,0.090328364,1
#10 dan-approximation,83,3,0,3,0.124971659,0
#10 dan-approximation,83,3,0,4,0.108277800,1
#10 dan-approximation,83,3,0,5,0.105266667,1
#10 dan-approximation,83,3,1,2,0.038112538,0
#10 dan-approximation,83,3,1,3,0.110046000,0
#10 dan-approximation,83,3,1,4,0.099649425,1
#10 dan-approximation,83,3,1,5,0.076262923,1
#10 dan-approximation,83,3,2,2,0.198002600,1
#10 dan-approximation,83,3,2,3,0.149829960,1
#10 dan-approximation,83,3,2,4,0.110368111,1
#10 dan-approximation,83,3,2,5,0.078673032,1
#10 dan-approximation,83,3,3,2,0.099002100,1
#10 dan-approximation,83,3,3,3,0.119289600,1
#10 dan-approximation,83,3,3,4,0.088109200,0
#10 dan-approximation,83,3,3,5,0.088079244,0
#10 dan-approximation,83,3,4,2,0.146364709,1
#10 dan-approximation,83,3,4,3,0.115649339,1
#10 dan-approximation,83,3,4,4,0.115585050,1
#10 dan-approximation,83,3,4,5,0.108080467,1
#10 dan-approximation,83,3,5,2,0.066301433,1
#10 dan-approximation,83,3,5,3,0.072776049,0
#10 dan-approximation,83,3,5,4,0.165484917,1
#10 dan-approximation,83,3,5,5,0.165285333,0
#10 dan-approximation,84,3,0,2,0.090328364,1
#10 dan-approximation,84,3,0,3,0.124971659,0
#10 dan-approximation,84,3,0,4,0.108277800,1
#10 dan-approximation,84,3,0,5,0.105266667,1
#10 dan-approximation,84,3,1,2,0.038112538,0
#10 dan-approximation,84,3,1,3,0.110046000,0
#10 dan-approximation,84,3,1,4,0.099649425,1
#10 dan-approximation,84,3,1,5,0.076247538,1
#10 dan-approximation,84,3,2,2,0.198002600,1
#10 dan-approximation,84,3,2,3,0.149829960,1
#10 dan-approximation,84,3,2,4,0.110368111,1
#10 dan-approximation,84,3,2,5,0.078658746,1
#10 dan-approximation,84,3,3,2,0.099002100,1
#10 dan-approximation,84,3,3,3,0.115976617,1
#10 dan-approximation,84,3,3,4,0.088098200,0
#10 dan-approximation,84,3,3,5,0.088068133,1
#10 dan-approximation,84,3,4,2,0.146359446,1
#10 dan-approximation,84,3,4,3,0.115649339,1
#10 dan-approximation,84,3,4,4,0.115585050,1
#10 dan-approximation,84,3,4,5,0.108080467,1
#10 dan-approximation,84,3,5,2,0.061982875,1
#10 dan-approximation,84,3,5,3,0.072776049,0
#10 dan-approximation,84,3,5,4,0.165418667,1
#10 dan-approximation,84,3,5,5,0.165218667,0
#10 dan-approximation,85,3,0,2,0.090328364,1
#10 dan-approximation,85,3,0,3,0.124971659,0
#10 dan-approximation,85,3,0,4,0.108277800,1
#10 dan-approximation,85,3,0,5,0.105266667,1
#10 dan-approximation,85,3,1,2,0.038112538,1
#10 dan-approximation,85,3,1,3,0.110046000,0
#10 dan-approximation,85,3,1,4,0.099649425,1
#10 dan-approximation,85,3,1,5,0.076247538,1
#10 dan-approximation,85,3,2,2,0.198002600,1
#10 dan-approximation,85,3,2,3,0.141377169,1
#10 dan-approximation,85,3,2,4,0.110368111,1
#10 dan-approximation,85,3,2,5,0.078658746,1
#10 dan-approximation,85,3,3,2,0.099002100,1
#10 dan-approximation,85,3,3,3,0.115976617,1
#10 dan-approximation,85,3,3,4,0.088098200,0
#10 dan-approximation,85,3,3,5,0.088068133,1
#10 dan-approximation,85,3,4,2,0.146359446,1
#10 dan-approximation,85,3,4,3,0.115649339,1
#10 dan-approximation,85,3,4,4,0.115585050,1
#10 dan-approximation,85,3,4,5,0.108080467,1
#10 dan-approximation,85,3,5,2,0.061982875,1
#10 dan-approximation,85,3,5,3,0.072776049,0
#10 dan-approximation,85,3,5,4,0.165418667,1
#10 dan-approximation,85,3,5,5,0.165218667,0
#10 dan-approximation,86,3,0,2,0.090328364,1
#10 dan-approximation,86,3,0,3,0.124971659,0
#10 dan-approximation,86,3,0,4,0.108277800,1
#10 dan-approximation,86,3,0,5,0.105266667,1
#10 dan-approximation,86,3,1,2,0.038112538,1
#10 dan-approximation,86,3,1,3,0.110046000,0
#10 dan-approximation,86,3,1,4,0.099632033,1
#10 dan-approximation,86,3,1,5,0.076247538,1
#10 dan-approximation,86,3,2,2,0.198002600,1
#10 dan-approximation,86,3,2,3,0.141377169,1
#10 dan-approximation,86,3,2,4,0.110356778,1
#10 dan-approximation,86,3,2,5,0.078658746,1
#10 dan-approximation,86,3,3,2,0.099002100,1
#10 dan-approximation,86,3,3,3,0.115976617,1
#10 dan-approximation,86,3,3,4,0.088098200,0
#10 dan-approximation,86,3,3,5,0.088068133,1
#10 dan-approximation,86,3,4,2,0.146359446,1
#10 dan-approximation,86,3,4,3,0.115649339,1
#10 dan-approximation,86,3,4,4,0.115585050,1
#10 dan-approximation,86,3,4,5,0.108080467,1
#10 dan-approximation,86,3,5,2,0.061982875,1
#10 dan-approximation,86,3,5,3,0.072776049,0
#10 dan-approximation,86,3,5,4,0.165418667,1
#10 dan-approximation,86,3,5,5,0.165218667,0
#10 dan-approximation,87,3,0,2,0.090328364,1
#10 dan-approximation,87,3,0,3,0.124971659,0
#10 dan-approximation,87,3,0,4,0.108277800,1
#10 dan-approximation,87,3,0,5,0.105266667,1
#10 dan-approximation,87,3,1,2,0.038112538,1
#10 dan-approximation,87,3,1,3,0.110046000,0
#10 dan-approximation,87,3,1,4,0.099632033,1
#10 dan-approximation,87,3,1,5,0.076247538,1
#10 dan-approximation,87,3,2,2,0.198002600,1
#10 dan-approximation,87,3,2,3,0.141377169,1
#10 dan-approximation,87,3,2,4,0.110356778,1
#10 dan-approximation,87,3,2,5,0.078658746,1
#10 dan-approximation,87,3,3,2,0.099002100,1
#10 dan-approximation,87,3,3,3,0.115976617,1
#10 dan-approximation,87,3,3,4,0.088098200,1
#10 dan-approximation,87,3,3,5,0.088068133,1
#10 dan-approximation,87,3,4,2,0.146359446,1
#10 dan-approximation,87,3,4,3,0.115649339,1
#10 dan-approximation,87,3,4,4,0.115585050,1
#10 dan-approximation,87,3,4,5,0.108080467,1
#10 dan-approximation,87,3,5,2,0.061982875,1
#10 dan-approximation,87,3,5,3,0.071051643,1
#10 dan-approximation,87,3,5,4,0.165418667,1
#10 dan-approximation,87,3,5,5,0.165218667,1
#10 dan-approximation,88,3,0,2,0.090328364,1
#10 dan-approximation,88,3,0,3,0.124971659,0
#10 dan-approximation,88,3,0,4,0.108277800,1
#10 dan-approximation,88,3,0,5,0.105266667,1
#10 dan-approximation,88,3,1,2,0.038112538,1
#10 dan-approximation,88,3,1,3,0.110046000,0
#10 dan-approximation,88,3,1,4,0.099632033,1
#10 dan-approximation,88,3,1,5,0.076247538,1
#10 dan-approximation,88,3,2,2,0.198002600,1
#10 dan-approximation,88,3,2,3,0.138080347,1
#10 dan-approximation,88,3,2,4,0.108284323,1
#10 dan-approximation,88,3,2,5,0.078658746,1
#10 dan-approximation,88,3,3,2,0.099002100,1
#10 dan-approximation,88,3,3,3,0.115976617,1
#10 dan-approximation,88,3,3,4,0.088098200,1
#10 dan-approximation,88,3,3,5,0.088068133,1
#10 dan-approximation,88,3,4,2,0.146359446,1
#10 dan-approximation,88,3,4,3,0.115649339,1
#10 dan-approximation,88,3,4,4,0.115585050,1
#10 dan-approximation,88,3,4,5,0.108080467,1
#10 dan-approximation,88,3,5,2,0.061982875,1
#10 dan-approximation,88,3,5,3,0.071051643,1
#10 dan-approximation,88,3,5,4,0.165418667,1
#10 dan-approximation,88,3,5,5,0.165218667,1
#10 dan-approximation,89,3,0,2,0.090328364,1
#10 dan-approximation,89,3,0,3,0.123617457,0
#10 dan-approximation,89,3,0,4,0.108277800,1
#10 dan-approximation,89,3,0,5,0.105266667,1
#10 dan-approximation,89,3,1,2,0.038112538,1
#10 dan-approximation,89,3,1,3,0.110046000,0
#10 dan-approximation,89,3,1,4,0.099632033,1
#10 dan-approximation,89,3,1,5,0.076247538,1
#10 dan-approximation,89,3,2,2,0.198002600,1
#10 dan-approximation,89,3,2,3,0.138067806,1
#10 dan-approximation,89,3,2,4,0.108284323,1
#10 dan-approximation,89,3,2,5,0.078658746,1
#10 dan-approximation,89,3,3,2,0.099002100,1
#10 dan-approximation,89,3,3,3,0.115976617,1
#10 dan-approximation,89,3,3,4,0.088098200,1
#10 dan-approximation,89,3,3,5,0.088068133,1
#10 dan-approximation,89,3,4,2,0.146359446,1
#10 dan-approximation,89,3,4,3,0.115649339,1
#10 dan-approximation,89,3,4,4,0.115585050,1
#10 dan-approximation,89,3,4,5,0.108080467,1
#10 dan-approximation,89,3,5,2,0.061982875,1
#10 dan-approximation,89,3,5,3,0.071051643,1
#10 dan-approximation,89,3,5,4,0.165418667,1
#10 dan-approximation,89,3,5,5,0.165218667,1
#10 dan-approximation,90,3,0,2,0.090328364,1
#10 dan-approximation,90,3,0,3,0.123617457,0
#10 dan-approximation,90,3,0,4,0.108277800,1
#10 dan-approximation,90,3,0,5,0.105266667,1
#10 dan-approximation,90,3,1,2,0.038112538,1
#10 dan-approximation,90,3,1,3,0.110046000,0
#10 dan-approximation,90,3,1,4,0.092169387,1
#10 dan-approximation,90,3,1,5,0.076247538,1
#10 dan-approximation,90,3,2,2,0.198002600,1
#10 dan-approximation,90,3,2,3,0.138067806,1
#10 dan-approximation,90,3,2,4,0.104834506,1
#10 dan-approximation,90,3,2,5,0.078658746,1
#10 dan-approximation,90,3,3,2,0.099002100,1
#10 dan-approximation,90,3,3,3,0.115976617,1
#10 dan-approximation,90,3,3,4,0.088098200,1
#10 dan-approximation,90,3,3,5,0.088068133,1
#10 dan-approximation,90,3,4,2,0.146296288,1
#10 dan-approximation,90,3,4,3,0.115649339,1
#10 dan-approximation,90,3,4,4,0.115585050,1
#10 dan-approximation,90,3,4,5,0.108080467,1
#10 dan-approximation,90,3,5,2,0.061982875,1
#10 dan-approximation,90,3,5,3,0.070965929,1
#10 dan-approximation,90,3,5,4,0.165418667,1
#10 dan-approximation,90,3,5,5,0.165218667,1
A70,1,2,0,2,0.499950500,0
A70,1,2,0,3,0.499950500,0
A70,1,2,0,4,0.499950500,0
A70,1,2,0,5,0.499950500,1
A70,1,2,1,2,1.000000000,0
A70,1,2,1,3,1.000000000,0
A70,1,2,1,4,1.000000000,0
A70,1,2,1,5,0.999901000,1
A70,1,2,2,2,0.999901000,0
A70,1,2,2,3,0.999901000,0
A70,1,2,2,4,0.999901000,0
A70,1,2,2,5,0.999901000,0
A70,1,2,3,2,0.999901000,0
A70,1,2,3,3,0.999901000,0
A70,1,2,3,4,0.999901000,0
A70,1,2,3,5,0.999901000,0
A70,1,2,4,2,0.999901000,0
A70,1,2,4,3,0.999901000,0
A70,1,2,4,4,0.999901000,0
A70,1,2,4,5,0.999901000,0
A70,1,2,5,2,0.999901000,0
A70,1,2,5,3,0.999901000,0
A70,1,2,5,4,0.999901000,0
A70,1,2,5,5,0.999901000,0
A70,2,2,0,2,0.333300333,0
A70,2,2,0,3,0.333300333,0
A70,2,2,0,4,0.333300333,0
A70,2,2,0,5,0.333300333,1
A70,2,2,1,2,1.000000000,0
A70,2,2,1,3,1.000000000,0
A70,2,2,1,4,1.000000000,0
A70,2,2,1,5,0.999901000,1
A70,2,2,2,2,0.333300667,0
A70,2,2,2,3,0.333300667,0
A70,2,2,2,4,0.333300667,0
A70,2,2,2,5,0.333300667,1
A70,2,2,3,2,0.999901000,0
A70,2,2,3,3,0.999901000,0
A70,2,2,3,4,0.999901000,0
A70,2,2,3,5,0.999901000,0
A70,2,2,4,2,0.999901000,0
A70,2,2,4,3,0.999901000,0
A70,2,2,4,4,0.999901000,0
A70,2,2,4,5,0.999901000,0
A70,2,2,5,2,0.999901000,0
A70,2,2,5,3,0.999901000,0
A70,2,2,5,4,0.999901000,0
A70,2,2,5,5,0.999901000,0
A70,3,2,0,2,0.333300333,0
A70,3,2,0,3,0.333300333,0
A70,3,2,0,4,0.333300333,0
A70,3,2,0,5,0.333201333,1
A70,3,2,1,2,0.999802000,0
A70,3,2,1,3,0.999802000,0
A70,3,2,1,4,0.999802000,0
A70,3,2,1,5,0.999603000,1
A70,3,2,2,2,0.333300667,0
A70,3,2,2,3,0.333300667,0
A70,3,2,2,4,0.333300667,0
A70,3,2,2,5,0.333201667,1
A70,3,2,3,2,0.249900750,0
A70,3,2,3,3,0.249900750,0
A70,3,2,3,4,0.249900750,0
A70,3,2,3,5,0.249900750,1
A70,3,2,4,2,0.999603000,0
A70,3,2,4,3,0.999603000,0
A70,3,2,4,4,0.999603000,0
A70,3,2,4,5,0.999603000,0
A70,3,2,5,2,0.999603000,0
A70,3,2,5,3,0.999603000,0
A70,3,2,5,4,0.999603000,0
A70,3,2,5,5,0.999603000,0
A70,4,2,0,2,0.249975250,0
A70,4,2,0,3,0.249975250,0
A70,4,2,0,4,0.249975250,0
A70,4,2,0,5,0.249876250,1
A70,4,2,1,2,0.999703000,0
A70,4,2,1,3,0.999703000,0
A70,4,2,1,4,0.999703000,0
A70,4,2,1,5,0.999504000,1
A70,4,2,2,2,0.249975750,0
A70,4,2,2,3,0.249975750,0
A70,4,2,2,4,0.249975750,0
A70,4,2,2,5,0.249876750,1
A70,4,2,3,2,0.199900800,0
A70,4,2,3,3,0.199900800,0
A70,4,2,3,4,0.199900800,0
A70,4,2,3,5,0.199900800,1
A70,4,2,4,2,0.249975750,0
A70,4,2,4,3,0.249975750,0
A70,4,2,4,4,0.249975750,0
A70,4,2,4,5,0.249876750,1
A70,4,2,5,2,0.999504000,0
A70,4,2,5,3,0.999504000,0
A70,4,2,5,4,0.999504000,0
A70,4,2,5,5,0.999504000,0
A70,5,2,0,2,0.249975250,0
A70,5,2,0,3,0.249975250,0
A70,5,2,0,4,0.249975250,0
A70,5,2,0,5,0.249875750,1
A70,5,2,1,2,0.999701500,0
A70,5,2,1,3,0.999701500,0
A70,5,2,1,4,0.999701500,0
A70,5,2,1,5,0.832919000,1
A70,5,2,2,2,0.249975750,0
A70,5,2,2,3,0.249975750,0
A70,5,2,2,4,0.249975750,0
A70,5,2,2,5,0.249876750,1
A70,5,2,3,2,0.199900800,0
A70,5,2,3,3,0.199900800,0
A70,5,2,3,4,0.199900800,0
A70,5,2,3,5,0.199900800,1
A70,5,2,4,2,0.249975750,0
A70,5,2,4,3,0.249975750,0
A70,5,2,4,4,0.249975750,0
A70,5,2,4,5,0.249876750,1
A70,5,2,5,2,0.199900800,0
A70,5,2,5,3,0.199900800,0
A70,5,2,5,4,0.199900800,0
A70,5,2,5,5,0.199900800,1
A70,6,2,0,2,0.249975250,0
A70,6,2,0,3,0.249975250,0
A70,6,2,0,4,0.249975250,0
A70,6,2,0,5,0.249875750,1
A70,6,2,1,2,0.999701500,0
A70,6,2,1,3,0.999701500,0
A70,6,2,1,4,0.999701500,0
A70,6,2,1,5,0.832918583,1
A70,6,2,2,2,0.249975500,0
A70,6,2,2,3,0.249975500,0
A70,6,2,2,4,0.249975500,0
A70,6,2,2,5,0.249876500,1
A70,6,2,3,2,0.199900800,0
A70,6,2,3,3,0.199900800,0
A70,6,2,3,4,0.199900800,0
A70,6,2,3,5,0.199900800,1
A70,6,2,4,2,0.249975750,0
A70,6,2,4,3,0.249975750,0
A70,6,2,4,4,0.249975750,0
A70,6,2,4,5,0.249876750,1
A70,6,2,5,2,0.199900800,0
A70,6,2,5,3,0.199900800,0
A70,6,2,5,4,0.199900800,0
A70,6,2,5,5,0.199900800,1
A70,7,2,0,2,0.249975250,0
A70,7,2,0,3,0.249975250,0
A70,7,2,0,4,0.249975250,0
A70,7,2,0,5,0.249875750,1
A70,7,2,1,2,0.999701500,0
A70,7,2,1,3,0.999701500,0
A70,7,2,1,4,0.999701500,0
A70,7,2,1,5,0.832918583,1
A70,7,2,2,2,0.249975500,0
A70,7,2,2,3,0.249975500,0
A70,7,2,2,4,0.249975500,0
A70,7,2,2,5,0.249876500,1
A70,7,2,3,2,0.199900800,0
A70,7,2,3,3,0.199900800,0
A70,7,2,3,4,0.199900800,0
A70,7,2,3,5,0.199900800,1
A70,7,2,4,2,0.249975750,0
A70,7,2,4,3,0.249975750,0
A70,7,2,4,4,0.249975750,0
A70,7,2,4,5,0.249876750,1
A70,7,2,5,2,0.199900800,0
A70,7,2,5,3,0.199900800,0
A70,7,2,5,4,0.199900800,0
A70,7,2,5,5,0.199900800,1
A70,8,2,0,2,0.249975500,0
A70,8,2,0,3,0.249975500,0
A70,8,2,0,4,0.249975500,0
A70,8,2,0,5,0.083309167,1
A70,8,2,1,2,0.250075750,0
A70,8,2,1,3,0.250075750,0
A70,8,2,1,4,0.250075750,0
A70,8,2,1,5,0.083309750,1
A70,8,2,2,2,0.249975375,0
A70,8,2,2,3,0.249975375,0
A70,8,2,2,4,0.249975375,0
A70,8,2,2,5,0.083309542,1
A70,8,2,3,2,0.199900800,0
A70,8,2,3,3,0.199900800,0
A70,8,2,3,4,0.199900800,0
A70,8,2,3,5,0.199900800,1
A70,8,2,4,2,0.250050500,0
A70,8,2,4,3,0.250050500,0
A70,8,2,4,4,0.250050500,0
A70,8,2,4,5,0.083367583,1
A70,8,2,5,2,0.199900800,0
A70,8,2,5,3,0.199900800,0
A70,8,2,5,4,0.199900800,0
A70,8,2,5,5,0.199900800,1
A70,9,2,0,2,0.200040300,0
A70,9,2,0,3,0.200040300,0
A70,9,2,0,4,0.200040300,0
A70,9,2,0,5,0.033423883,1
A70,9,2,1,2,0.200100400,0
A70,9,2,1,3,0.200100400,0
A70,9,2,1,4,0.200100400,0
A70,9,2,1,5,0.033433983,1
A70,9,2,2,2,0.200020400,0
A70,9,2,2,3,0.200020400,0
A70,9,2,2,4,0.200020400,0
A70,9,2,2,5,0.033437900,1
A70,9,2,3,2,0.166617167,0
A70,9,2,3,3,0.166617167,0
A70,9,2,3,4,0.166617167,0
A70,9,2,3,5,0.166617167,1
A70,9,2,4,2,0.200080400,0
A70,9,2,4,3,0.200080400,0
A70,9,2,4,4,0.200080400,0
A70,9,2,4,5,0.033447483,1
A70,9,2,5,2,0.200140800,0
A70,9,2,5,3,0.200140800,0
A70,9,2,5,4,0.200140800,0
A70,9,2,5,5,0.033574967,1
A70,10,2,0,2,0.200040300,0
A70,10,2,0,3,0.200040300,0
A70,10,2,0,4,0.200040300,0
A70,10,2,0,5,0.033423883,1
A70,10,2,1,2,0.200100400,0
A70,10,2,1,3,0.200100400,0
A70,10,2,1,4,0.200100400,0
A70,10,2,1,5,0.033433983,1
A70,10,2,2,2,0.200020400,0
A70,10,2,2,3,0.200020400,0
A70,10,2,2,4,0.200020400,0
A70,10,2,2,5,0.033421067,1
A70,10,2,3,2,0.166600333,0
A70,10,2,3,3,0.166600333,0
A70,10,2,3,4,0.166600333,0
A70,10,2,3,5,0.166600333,1
A70,10,2,4,2,0.200080400,0
A70,10,2,4,3,0.200080400,0
A70,10,2,4,4,0.200080400,0
A70,10,2,4,5,0.033447483,1
A70,10,2,5,2,0.200140800,0
A70,10,2,5,3,0.200140800,0
A70,10,2,5,4,0.200140800,0
A70,10,2,5,5,0.033574967,1
A70,11,2,0,2,0.200040300,0
A70,11,2,0,3,0.200040300,0
A70,11,2,0,4,0.200040300,0
A70,11,2,0,5,0.033423883,1
A70,11,2,1,2,0.200080400,0
A70,11,2,1,3,0.200080400,0
A70,11,2,1,4,0.200080400,0
A70,11,2,1,5,0.033380733,1
A70,11,2,2,2,0.199980400,0
A70,11,2,2,3,0.199980400,0
A70,11,2,2,4,0.199980400,0
A70,11,2,2,5,0.033381067,1
A70,11,2,3,2,0.166567167,0
A70,11,2,3,3,0.166567167,0
A70,11,2,3,4,0.166567167,0
A70,11,2,3,5,0.166567167,1
A70,11,2,4,2,0.200080400,0
A70,11,2,4,3,0.200080400,0
A70,11,2,4,4,0.200080400,0
A70,11,2,4,5,0.033381067,1
A70,11,2,5,2,0.200120800,0
A70,11,2,5,3,0.200120800,0
A70,11,2,5,4,0.200120800,0
A70,11,2,5,5,0.033554967,1
A70,12,2,0,2,0.200040267,0
A70,12,2,0,3,0.200040267,0
A70,12,2,0,4,0.200040267,0
A70,12,2,0,5,0.033390489,1
A70,12,2,1,2,0.200060600,0
A70,12,2,1,3,0.200060600,0
A70,12,2,1,4,0.200060600,0
A70,12,2,1,5,0.033327767,1
A70,12,2,2,2,0.199960400,0
A70,12,2,2,3,0.199960400,0
A70,12,2,2,4,0.199960400,0
A70,12,2,2,5,0.033327400,1
A70,12,2,3,2,0.166550667,0
A70,12,2,3,3,0.166550667,0
A70,12,2,3,4,0.166550667,0
A70,12,2,3,5,0.166550667,1
A70,12,2,4,2,0.200060400,0
A70,12,2,4,3,0.200060400,0
A70,12,2,4,4,0.200060400,0
A70,12,2,4,5,0.033327733,1
A70,12,2,5,2,0.199960800,0
A70,12,2,5,3,0.199960800,0
A70,12,2,5,4,0.199960800,0
A70,12,2,5,5,0.033328133,1
A70,13,2,0,2,0.200040267,0
A70,13,2,0,3,0.200040267,0
A70,13,2,0,4,0.200040267,0
A70,13,2,0,5,0.033390489,1
A70,13,2,1,2,0.200060600,0
A70,13,2,1,3,0.200060600,0
A70,13,2,1,4,0.200060600,0
A70,13,2,1,5,0.033327767,1
A70,13,2,2,2,0.199960400,0
A70,13,2,2,3,0.199960400,0
A70,13,2,2,4,0.199960400,0
A70,13,2,2,5,0.033327400,1
A70,13,2,3,2,0.166550667,0
A70,13,2,3,3,0.166550667,0
A70,13,2,3,4,0.166550667,0
A70,13,2,3,5,0.166550667,1
A70,13,2,4,2,0.200060400,0
A70,13,2,4,3,0.200060400,0
A70,13,2,4,4,0.200060400,0
A70,13,2,4,5,0.033327733,1
A70,13,2,5,2,0.199960800,0
A70,13,2,5,3,0.199960800,0
A70,13,2,5,4,0.199960800,0
A70,13,2,5,5,0.033328133,1
A70,14,2,0,2,0.200040267,0
A70,14,2,0,3,0.200040267,0
A70,14,2,0,4,0.200040267,0
A70,14,2,0,5,0.033390489,1
A70,14,2,1,2,0.200060600,0
A70,14,2,1,3,0.200060600,0
A70,14,2,1,4,0.200060600,0
A70,14,2,1,5,0.033327767,1
A70,14,2,2,2,0.199960400,0
A70,14,2,2,3,0.199960400,0
A70,14,2,2,4,0.199960400,0
A70,14,2,2,5,0.033327400,1
A70,14,2,3,2,0.166550333,0
A70,14,2,3,3,0.166550333,0
A70,14,2,3,4,0.166550333,0
A70,14,2,3,5,0.166550333,1
A70,14,2,4,2,0.200060400,0
A70,14,2,4,3,0.200060400,0
A70,14,2,4,4,0.200060400,0
A70,14,2,4,5,0.033327733,1
A70,14,2,5,2,0.199960800,0
A70,14,2,5,3,0.199960800,0
A70,14,2,5,4,0.199960800,0
A70,14,2,5,5,0.033327967,1
A70,15,2,0,2,0.200040300,0
A70,15,2,0,3,0.200040300,0
A70,15,2,0,4,0.200040300,0
A70,15,2,0,5,0.033423856,1
A70,15,2,1,2,0.200080400,0
A70,15,2,1,3,0.200080400,0
A70,15,2,1,4,0.200080400,0
A70,15,2,1,5,0.033413983,1
A70,15,2,2,2,0.200000300,0
A70,15,2,2,3,0.200000300,0
A70,15,2,2,4,0.200000300,0
A70,15,2,2,5,0.033400633,1
A70,15,2,3,2,0.166583500,0
A70,15,2,3,3,0.166583500,0
A70,15,2,3,4,0.166583500,0
A70,15,2,3,5,0.166583500,1
A70,15,2,4,2,0.200060267,0
A70,15,2,4,3,0.200060267,0
A70,15,2,4,4,0.200060267,0
A70,15,2,4,5,0.033410517,1
A70,15,2,5,2,0.200120400,0
A70,15,2,5,3,0.200120400,0
A70,15,2,5,4,0.200120400,0
A70,15,2,5,5,0.033487317,1
A70,16,2,0,2,0.200040300,0
A70,16,2,0,3,0.200040300,0
A70,16,2,0,4,0.200040300,0
A70,16,2,0,5,0.033423856,1
A70,16,2,1,2,0.199981000,0
A70,16,2,1,3,0.199981000,1
A70,16,2,1,4,0.199981400,1
A70,16,2,1,5,0.033413983,1
A70,16,2,2,2,0.200000300,0
A70,16,2,2,3,0.200000300,0
A70,16,2,2,4,0.200000300,0
A70,16,2,2,5,0.033400633,1
A70,16,2,3,2,0.166583500,0
A70,16,2,3,3,0.166583500,0
A70,16,2,3,4,0.166583500,0
A70,16,2,3,5,0.166583500,1
A70,16,2,4,2,0.200060267,0
A70,16,2,4,3,0.200060267,0
A70,16,2,4,4,0.200060267,0
A70,16,2,4,5,0.033410517,1
A70,16,2,5,2,0.200120400,0
A70,16,2,5,3,0.200120400,1
A70,16,2,5,4,0.200120400,1
A70,16,2,5,5,0.033487317,1
A70,17,2,0,2,0.200040300,0
A70,17,2,0,3,0.200040300,0
A70,17,2,0,4,0.200040300,0
A70,17,2,0,5,0.033423856,1
A70,17,2,1,2,0.199981000,0
A70,17,2,1,3,0.199981000,1
A70,17,2,1,4,0.199981400,1
A70,17,2,1,5,0.033413983,1
A70,17,2,2,2,0.200000300,0
A70,17,2,2,3,0.200000300,0
A70,17,2,2,4,0.200000300,0
A70,17,2,2,5,0.033400633,1
A70,17,2,3,2,0.166583500,0
A70,17,2,3,3,0.166583500,0
A70,17,2,3,4,0.166583500,0
A70,17,2,3,5,0.166583500,1
A70,17,2,4,2,0.200060267,1
A70,17,2,4,3,0.200060267,0
A70,17,2,4,4,0.200060267,1
A70,17,2,4,5,0.033410517,1
A70,17,2,5,2,0.200021000,1
A70,17,2,5,3,0.200120400,1
A70,17,2,5,4,0.200021400,1
A70,17,2,5,5,0.033487317,1
A70,18,2,0,2,0.200040300,0
A70,18,2,0,3,0.200040300,0
A70,18,2,0,4,0.200040300,0
A70,18,2,0,5,0.033423856,1
A70,18,2,1,2,0.199881000,0
A70,18,2,1,3,0.199881000,1
A70,18,2,1,4,0.199881400,1
A70,18,2,1,5,0.033413983,1
A70,18,2,2,2,0.200000300,0
A70,18,2,2,3,0.200000300,0
A70,18,2,2,4,0.200000300,0
A70,18,2,2,5,0.033400633,1
A70,18,2,3,2,0.166583500,0
A70,18,2,3,3,0.166583500,0
A70,18,2,3,4,0.166583500,0
A70,18,2,3,5,0.166583500,1
A70,18,2,4,2,0.200060267,1
A70,18,2,4,3,0.200060267,1
A70,18,2,4,4,0.200060267,1
A70,18,2,4,5,0.033410517,1
A70,18,2,5,2,0.200021000,1
A70,18,2,5,3,0.200021000,1
A70,18,2,5,4,0.200021400,1
A70,18,2,5,5,0.033487317,1
A70,19,2,0,2,0.200040300,0
A70,19,2,0,3,0.200040300,0
A70,19,2,0,4,0.200040300,0
A70,19,2,0,5,0.033423856,1
A70,19,2,1,2,0.199881000,0
A70,19,2,1,3,0.199881000,1
A70,19,2,1,4,0.199881400,1
A70,19,2,1,5,0.033413983,1
A70,19,2,2,2,0.199901000,0
A70,19,2,2,3,0.199901000,1
A70,19,2,2,4,0.199901300,1
A70,19,2,2,5,0.033400633,1
A70,19,2,3,2,0.166583500,0
A70,19,2,3,3,0.166583500,0
A70,19,2,3,4,0.166583500,0
A70,19,2,3,5,0.166583500,1
A70,19,2,4,2,0.200060267,1
A70,19,2,4,3,0.200060267,1
A70,19,2,4,4,0.200060267,1
A70,19,2,4,5,0.033410517,1
A70,19,2,5,2,0.200021000,1
A70,19,2,5,3,0.200021000,1
A70,19,2,5,4,0.200021400,1
A70,19,2,5,5,0.033487317,1
A70,20,2,0,2,0.199941000,0
A70,20,2,0,3,0.199941000,1
A70,20,2,0,4,0.199941300,1
A70,20,2,0,5,0.033423856,1
A70,20,2,1,2,0.199881000,0
A70,20,2,1,3,0.199881000,1
A70,20,2,1,4,0.199881400,1
A70,20,2,1,5,0.033413983,1
A70,20,2,2,2,0.199901000,0
A70,20,2,2,3,0.199901000,1
A70,20,2,2,4,0.199901300,1
A70,20,2,2,5,0.033400633,1
A70,20,2,3,2,0.166583500,1
A70,20,2,3,3,0.166583500,1
A70,20,2,3,4,0.166583500,0
A70,20,2,3,5,0.166583500,1
A70,20,2,4,2,0.200060267,1
A70,20,2,4,3,0.200060267,1
A70,20,2,4,4,0.200060267,1
A70,20,2,4,5,0.033410517,1
A70,20,2,5,2,0.200021000,1
A70,20,2,5,3,0.200021000,1
A70,20,2,5,4,0.200021400,1
A70,20,2,5,5,0.033487317,1
A70,21,2,0,2,0.199941000,0
A70,21,2,0,3,0.199941000,1
A70,21,2,0,4,0.199941300,1
A70,21,2,0,5,0.033423856,1
A70,21,2,1,2,0.199781000,1
A70,21,2,1,3,0.199782000,1
A70,21,2,1,4,0.199781400,1
A70,21,2,1,5,0.033413983,1
A70,21,2,2,2,0.199901000,0
A70,21,2,2,3,0.199901000,1
A70,21,2,2,4,0.199901300,1
A70,21,2,2,5,0.033400633,1
A70,21,2,3,2,0.166583500,1
A70,21,2,3,3,0.166583500,1
A70,21,2,3,4,0.166583500,0
A70,21,2,3,5,0.166583500,1
A70,21,2,4,2,0.200060267,1
A70,21,2,4,3,0.200060267,1
A70,21,2,4,4,0.200060267,1
A70,21,2,4,5,0.033410517,1
A70,21,2,5,2,0.200021000,1
A70,21,2,5,3,0.199922000,1
A70,21,2,5,4,0.199921400,1
A70,21,2,5,5,0.033487317,1
A70,22,2,0,2,0.199841000,1
A70,22,2,0,3,0.199842000,1
A70,22,2,0,4,0.199841300,1
A70,22,2,0,5,0.033423856,1
A70,22,2,1,2,0.199781000,1
A70,22,2,1,3,0.199782000,1
A70,22,2,1,4,0.199781400,1
A70,22,2,1,5,0.033413983,1
A70,22,2,2,2,0.199901000,0
A70,22,2,2,3,0.199901000,1
A70,22,2,2,4,0.199901300,1
A70,22,2,2,5,0.033400633,1
A70,22,2,3,2,0.166583500,1
A70,22,2,3,3,0.166583500,1
A70,22,2,3,4,0.166583500,0
A70,22,2,3,5,0.166583500,1
A70,22,2,4,2,0.200060267,1
A70,22,2,4,3,0.200060267,1
A70,22,2,4,4,0.200060267,1
A70,22,2,4,5,0.033410517,1
A70,22,2,5,2,0.200021000,1
A70,22,2,5,3,0.199922000,1
A70,22,2,5,4,0.199921400,1
A70,22,2,5,5,0.033487317,1
A70,23,2,0,2,0.199741000,1
A70,23,2,0,3,0.199742000,1
A70,23,2,0,4,0.199741300,1
A70,23,2,0,5,0.033423856,1
A70,23,2,1,2,0.199781000,1
A70,23,2,1,3,0.199782000,1
A70,23,2,1,4,0.199781400,1
A70,23,2,1,5,0.033413983,1
A70,23,2,2,2,0.199901000,0
A70,23,2,2,3,0.199901000,1
A70,23,2,2,4,0.199901300,1
A70,23,2,2,5,0.033400633,1
A70,23,2,3,2,0.166583500,1
A70,23,2,3,3,0.166583500,1
A70,23,2,3,4,0.166583500,0
A70,23,2,3,5,0.166583500,1
A70,23,2,4,2,0.200060267,1
A70,23,2,4,3,0.200060267,1
A70,23,2,4,4,0.200060267,1
A70,23,2,4,5,0.033410517,1
A70,23,2,5,2,0.200021000,1
A70,23,2,5,3,0.199922000,1
A70,23,2,5,4,0.199921400,1
A70,23,2,5,5,0.033487317,1
A70,24,2,0,2,0.199741000,1
A70,24,2,0,3,0.199742000,1
A70,24,2,0,4,0.199741300,1
A70,24,2,0,5,0.033423856,1
A70,24,2,1,2,0.199681000,1
A70,24,2,1,3,0.199782000,1
A70,24,2,1,4,0.116597567,1
A70,24,2,1,5,0.033413983,1
A70,24,2,2,2,0.199901000,0
A70,24,2,2,3,0.199901000,1
A70,24,2,2,4,0.199901300,1
A70,24,2,2,5,0.033400633,1
A70,24,2,3,2,0.166583500,1
A70,24,2,3,3,0.166583500,1
A70,24,2,3,4,0.166583500,0
A70,24,2,3,5,0.166583500,1
A70,24,2,4,2,0.200060267,1
A70,24,2,4,3,0.200060267,1
A70,24,2,4,4,0.200060267,1
A70,24,2,4,5,0.033410517,1
A70,24,2,5,2,0.200021000,1
A70,24,2,5,3,0.199922000,1
A70,24,2,5,4,0.199921400,1
A70,24,2,5,5,0.033487317,1
A70,25,2,0,2,0.199741000,1
A70,25,2,0,3,0.199742000,1
A70,25,2,0,4,0.199741300,1
A70,25,2,0,5,0.033423856,1
A70,25,2,1,2,0.199681000,1
A70,25,2,1,3,0.199782000,1
A70,25,2,1,4,0.116597567,1
A70,25,2,1,5,0.033413983,1
A70,25,2,2,2,0.199901000,0
A70,25,2,2,3,0.199901000,1
A70,25,2,2,4,0.199901300,1
A70,25,2,2,5,0.033400633,1
A70,25,2,3,2,0.166583500,1
A70,25,2,3,3,0.166583500,1
A70,25,2,3,4,0.166583500,0
A70,25,2,3,5,0.166583500,1
A70,25,2,4,2,0.200060267,1
A70,25,2,4,3,0.200060267,1
A70,25,2,4,4,0.200060267,1
A70,25,2,4,5,0.033410517,1
A70,25,2,5,2,0.199922000,1
A70,25,2,5,3,0.199921500,1
A70,25,2,5,4,0.199921400,1
A70,25,2,5,5,0.033487317,1
A70,26,2,0,2,0.199741000,1
A70,26,2,0,3,0.199742000,1
A70,26,2,0,4,0.199741300,1
A70,26,2,0,5,0.033423856,1
A70,26,2,1,2,0.199681000,1
A70,26,2,1,3,0.199782000,1
A70,26,2,1,4,0.116597567,1
A70,26,2,1,5,0.033413983,1
A70,26,2,2,2,0.199802000,1
A70,26,2,2,3,0.199802000,1
A70,26,2,2,4,0.199801300,1
A70,26,2,2,5,0.033400633,1
A70,26,2,3,2,0.166583500,1
A70,26,2,3,3,0.166583500,1
A70,26,2,3,4,0.166583500,0
A70,26,2,3,5,0.166583500,1
A70,26,2,4,2,0.200060267,1
A70,26,2,4,3,0.200060267,1
A70,26,2,4,4,0.200060267,1
A70,26,2,4,5,0.033410517,1
A70,26,2,5,2,0.199922000,1
A70,26,2,5,3,0.199921500,1
A70,26,2,5,4,0.199921400,1
A70,26,2,5,5,0.033487317,1
A70,27,2,0,2,0.199741000,1
A70,27,2,0,3,0.199742000,1
A70,27,2,0,4,0.199741300,1
A70,27,2,0,5,0.033423856,1
A70,27,2,1,2,0.199681000,1
A70,27,2,1,3,0.199782000,1
A70,27,2,1,4,0.116597567,1
A70,27,2,1,5,0.033413983,1
A70,27,2,2,2,0.199802000,1
A70,27,2,2,3,0.199802000,1
A70,27,2,2,4,0.199801300,1
A70,27,2,2,5,0.033400633,1
A70,27,2,3,2,0.166583500,1
A70,27,2,3,3,0.166583500,1
A70,27,2,3,4,0.166583500,0
A70,27,2,3,5,0.166583500,1
A70,27,2,4,2,0.200060267,1
A70,27,2,4,3,0.200060267,1
A70,27,2,4,4,0.200060267,1
A70,27,2,4,5,0.033410517,1
A70,27,2,5,2,0.199922000,1
A70,27,2,5,3,0.199921500,1
A70,27,2,5,4,0.199921400,1
A70,27,2,5,5,0.033487317,1
A70,28,2,0,2,0.199741000,1
A70,28,2,0,3,0.199742000,1
A70,28,2,0,4,0.199741300,1
A70,28,2,0,5,0.033423856,1
A70,28,2,1,2,0.199681000,1
A70,28,2,1,3,0.199782000,1
A70,28,2,1,4,0.116597567,1
A70,28,2,1,5,0.033413983,1
A70,28,2,2,2,0.199802000,1
A70,28,2,2,3,0.199802000,1
A70,28,2,2,4,0.199801300,1
A70,28,2,2,5,0.033400633,1
A70,28,2,3,2,0.166583500,1
A70,28,2,3,3,0.166583500,1
A70,28,2,3,4,0.166583500,0
A70,28,2,3,5,0.166583500,1
A70,28,2,4,2,0.199961267,1
A70,28,2,4,3,0.199961267,1
A70,28,2,4,4,0.199961267,1
A70,28,2,4,5,0.033410517,1
A70,28,2,5,2,0.199922000,1
A70,28,2,5,3,0.199921500,1
A70,28,2,5,4,0.199921400,1
A70,28,2,5,5,0.033487317,1
A70,29,2,0,2,0.199641000,1
A70,29,2,0,3,0.199642000,1
A70,29,2,0,4,0.199641300,1
A70,29,2,0,5,0.033423856,1
A70,29,2,1,2,0.199581000,1
A70,29,2,1,3,0.199682000,1
A70,29,2,1,4,0.116597567,1
A70,29,2,1,5,0.033413983,1
A70,29,2,2,2,0.199702000,1
A70,29,2,2,3,0.199702000,1
A70,29,2,2,4,0.116550800,1
A70,29,2,2,5,0.033400633,1
A70,29,2,3,2,0.166583500,1
A70,29,2,3,3,0.166583500,1
A70,29,2,3,4,0.166583500,0
A70,29,2,3,5,0.166583500,1
A70,29,2,4,2,0.199862000,1
A70,29,2,4,3,0.199862000,1
A70,29,2,4,4,0.199861267,1
A70,29,2,4,5,0.033410517,1
A70,29,2,5,2,0.199722000,1
A70,29,2,5,3,0.199722000,1
A70,29,2,5,4,0.199722400,1
A70,29,2,5,5,0.033487317,1
A70,30,2,0,2,0.199641000,1
A70,30,2,0,3,0.199641500,1
A70,30,2,0,4,0.199641300,1
A70,30,2,0,5,0.033423856,1
A70,30,2,1,2,0.199581000,1
A70,30,2,1,3,0.199682000,1
A70,30,2,1,4,0.116597567,1
A70,30,2,1,5,0.033413983,1
A70,30,2,2,2,0.199702000,1
A70,30,2,2,3,0.199702000,1
A70,30,2,2,4,0.116550800,1
A70,30,2,2,5,0.033400633,1
A70,30,2,3,2,0.166583500,1
A70,30,2,3,3,0.166583500,1
A70,30,2,3,4,0.166583500,0
A70,30,2,3,5,0.166583500,1
A70,30,2,4,2,0.199862000,1
A70,30,2,4,3,0.199862000,1
A70,30,2,4,4,0.199861267,1
A70,30,2,4,5,0.033410517,1
A70,30,2,5,2,0.199722000,1
A70,30,2,5,3,0.199722000,1
A70,30,2,5,4,0.199722400,1
A70,30,2,5,5,0.033487317,1
A70,31,2,0,2,0.199641000,1
A70,31,2,0,3,0.199641500,1
A70,31,2,0,4,0.199641300,1
A70,31,2,0,5,0.033423856,1
A70,31,2,1,2,0.199581000,1
A70,31,2,1,3,0.199682000,1
A70,31,2,1,4,0.116597567,1
A70,31,2,1,5,0.033413983,1
A70,31,2,2,2,0.199701500,1
A70,31,2,2,3,0.199701500,1
A70,31,2,2,4,0.116550800,1
A70,31,2,2,5,0.033400633,1
A70,31,2,3,2,0.166583500,1
A70,31,2,3,3,0.166583500,1
A70,31,2,3,4,0.166583500,0
A70,31,2,3,5,0.166583500,1
A70,31,2,4,2,0.199862000,1
A70,31,2,4,3,0.199862000,1
A70,31,2,4,4,0.199861267,1
A70,31,2,4,5,0.033410517,1
A70,31,2,5,2,0.199722000,1
A70,31,2,5,3,0.199722000,1
A70,31,2,5,4,0.199722400,1
A70,31,2,5,5,0.033487317,1
A70,32,2,0,2,0.199541000,1
A70,32,2,0,3,0.199542000,1
A70,32,2,0,4,0.199542000,1
A70,32,2,0,5,0.033423856,1
A70,32,2,1,2,0.199581000,1
A70,32,2,1,3,0.199682000,1
A70,32,2,1,4,0.116597567,1
A70,32,2,1,5,0.033413983,1
A70,32,2,2,2,0.199701500,1
A70,32,2,2,3,0.199701500,1
A70,32,2,2,4,0.116550800,1
A70,32,2,2,5,0.033400633,1
A70,32,2,3,2,0.166583500,1
A70,32,2,3,3,0.166583500,1
A70,32,2,3,4,0.166583500,1
A70,32,2,3,5,0.166583500,1
A70,32,2,4,2,0.199862000,1
A70,32,2,4,3,0.199862000,1
A70,32,2,4,4,0.199861267,1
A70,32,2,4,5,0.033410517,1
A70,32,2,5,2,0.199722000,1
A70,32,2,5,3,0.199722000,1
A70,32,2,5,4,0.199722400,1
A70,32,2,5,5,0.033487317,1
A70,33,3,0,2,0.199541000,0
A70,33,3,0,3,0.199542000,1
A70,33,3,0,4,0.199542000,0
A70,33,3,0,5,0.033423856,0
A70,33,3,1,2,0.199581000,0
A70,33,3,1,3,0.199682000,1
A70,33,3,1,4,0.116597567,1
A70,33,3,1,5,0.033413983,0
A70,33,3,2,2,0.199701500,1
A70,33,3,2,3,0.199701500,0
A70,33,3,2,4,0.116550800,0
A70,33,3,2,5,0.033400633,1
A70,33,3,3,2,0.166583500,0
A70,33,3,3,3,0.166583500,0
A70,33,3,3,4,0.166583500,0
A70,33,3,3,5,0.166583500,0
A70,33,3,4,2,0.199862000,0
A70,33,3,4,3,0.199862000,0
A70,33,3,4,4,0.199861267,0
A70,33,3,4,5,0.033410517,0
A70,33,3,5,2,0.199722000,0
A70,33,3,5,3,0.199722000,0
A70,33,3,5,4,0.199722400,0
A70,33,3,5,5,0.033487317,0
A70,34,3,0,2,0.199541000,0
A70,34,3,0,3,0.199542000,1
A70,34,3,0,4,0.199542000,0
A70,34,3,0,5,0.033423856,0
A70,34,3,1,2,0.199581000,0
A70,34,3,1,3,0.199682000,1
A70,34,3,1,4,0.116597567,1
A70,34,3,1,5,0.033413983,0
A70,34,3,2,2,0.199701500,1
A70,34,3,2,3,0.199701333,1
A70,34,3,2,4,0.116550800,1
A70,34,3,2,5,0.033400633,1
A70,34,3,3,2,0.166583500,0
A70,34,3,3,3,0.166583500,0
A70,34,3,3,4,0.166583500,0
A70,34,3,3,5,0.166583500,0
A70,34,3,4,2,0.199862000,0
A70,34,3,4,3,0.199862000,0
A70,34,3,4,4,0.199861267,0
A70,34,3,4,5,0.033410517,0
A70,34,3,5,2,0.199622000,1
A70,34,3,5,3,0.199622000,0
A70,34,3,5,4,0.199622400,0
A70,34,3,5,5,0.033487317,0
A70,35,3,0,2,0.199421200,0
A70,35,3,0,3,0.199422200,1
A70,35,3,0,4,0.199422200,0
A70,35,3,0,5,0.033403856,0
A70,35,3,1,2,0.199561000,0
A70,35,3,1,3,0.199662000,1
A70,35,3,1,4,0.116577567,1
A70,35,3,1,5,0.033393983,0
A70,35,3,2,2,0.199681500,1
A70,35,3,2,3,0.199482000,1
A70,35,3,2,4,0.116430800,1
A70,35,3,2,5,0.033380633,1
A70,35,3,3,2,0.166484333,0
A70,35,3,3,3,0.166484333,0
A70,35,3,3,4,0.166484333,1
A70,35,3,3,5,0.166484500,1
A70,35,3,4,2,0.199842000,0
A70,35,3,4,3,0.199842000,0
A70,35,3,4,4,0.199841267,0
A70,35,3,4,5,0.033390517,0
A70,35,3,5,2,0.199602000,1
A70,35,3,5,3,0.199602000,0
A70,35,3,5,4,0.199602400,0
A70,35,3,5,5,0.033467317,0
A70,36,3,0,2,0.199421200,0
A70,36,3,0,3,0.199422200,1
A70,36,3,0,4,0.199422200,1
A70,36,3,0,5,0.033403856,0
A70,36,3,1,2,0.199561000,0
A70,36,3,1,3,0.199662000,1
A70,36,3,1,4,0.116577567,1
A70,36,3,1,5,0.033393983,0
A70,36,3,2,2,0.199681500,1
A70,36,3,2,3,0.199482000,1
A70,36,3,2,4,0.116430800,1
A70,36,3,2,5,0.033380633,1
A70,36,3,3,2,0.166484333,0
A70,36,3,3,3,0.166484333,0
A70,36,3,3,4,0.166484333,1
A70,36,3,3,5,0.166484500,1
A70,36,3,4,2,0.199642000,0
A70,36,3,4,3,0.199642000,1
A70,36,3,4,4,0.199641267,0
A70,36,3,4,5,0.033390517,0
A70,36,3,5,2,0.199602000,1
A70,36,3,5,3,0.199602000,0
A70,36,3,5,4,0.199602400,0
A70,36,3,5,5,0.033467317,0
A70,37,3,0,2,0.199421100,0
A70,37,3,0,3,0.199421600,1
A70,37,3,0,4,0.199422200,1
A70,37,3,0,5,0.033403856,1
A70,37,3,1,2,0.199561000,0
A70,37,3,1,3,0.199662000,1
A70,37,3,1,4,0.116577567,1
A70,37,3,1,5,0.033393983,0
A70,37,3,2,2,0.199681500,1
A70,37,3,2,3,0.199482000,1
A70,37,3,2,4,0.116430800,1
A70,37,3,2,5,0.033380633,1
A70,37,3,3,2,0.166484333,1
A70,37,3,3,3,0.166484333,0
A70,37,3,3,4,0.166484333,1
A70,37,3,3,5,0.166484500,1
A70,37,3,4,2,0.199642000,0
A70,37,3,4,3,0.199642000,1
A70,37,3,4,4,0.199641267,0
A70,37,3,4,5,0.033390517,0
A70,37,3,5,2,0.199602000,1
A70,37,3,5,3,0.199602000,1
A70,37,3,5,4,0.199602400,0
A70,37,3,5,5,0.033467317,1
A70,38,3,0,2,0.199421100,1
A70,38,3,0,3,0.199421600,1
A70,38,3,0,4,0.199422200,1
A70,38,3,0,5,0.033403856,1
A70,38,3,1,2,0.199561000,0
A70,38,3,1,3,0.199662000,1
A70,38,3,1,4,0.116577567,1
A70,38,3,1,5,0.033393983,0
A70,38,3,2,2,0.199681500,1
A70,38,3,2,3,0.199482000,1
A70,38,3,2,4,0.116430800,1
A70,38,3,2,5,0.033380633,1
A70,38,3,3,2,0.166484333,1
A70,38,3,3,3,0.166484333,1
A70,38,3,3,4,0.166484333,1
A70,38,3,3,5,0.166484500,1
A70,38,3,4,2,0.199642000,0
A70,38,3,4,3,0.199642000,1
A70,38,3,4,4,0.199641267,0
A70,38,3,4,5,0.033390517,0
A70,38,3,5,2,0.199602000,1
A70,38,3,5,3,0.199602000,1
A70,38,3,5,4,0.199602400,1
A70,38,3,5,5,0.033467317,1
A70,39,3,0,2,0.199401200,1
A70,39,3,0,3,0.199401600,1
A70,39,3,0,4,0.199402000,1
A70,39,3,0,5,0.033403856,1
A70,39,3,1,2,0.199561000,0
A70,39,3,1,3,0.199662000,1
A70,39,3,1,4,0.116577567,1
A70,39,3,1,5,0.033393983,0
A70,39,3,2,2,0.199681500,1
A70,39,3,2,3,0.199482000,1
A70,39,3,2,4,0.116430800,1
A70,39,3,2,5,0.033380633,1
A70,39,3,3,2,0.166484333,1
A70,39,3,3,3,0.166484333,1
A70,39,3,3,4,0.166484333,1
A70,39,3,3,5,0.166484500,1
A70,39,3,4,2,0.199642000,0
A70,39,3,4,3,0.199642000,1
A70,39,3,4,4,0.199641267,0
A70,39,3,4,5,0.033390517,0
A70,39,3,5,2,0.199602000,1
A70,39,3,5,3,0.199602000,1
A70,39,3,5,4,0.199602400,1
A70,39,3,5,5,0.033467317,1
A70,40,3,0,2,0.199401200,1
A70,40,3,0,3,0.199401600,1
A70,40,3,0,4,0.199402000,1
A70,40,3,0,5,0.033403856,1
A70,40,3,1,2,0.199561000,0
A70,40,3,1,3,0.199662000,1
A70,40,3,1,4,0.116577567,1
A70,40,3,1,5,0.033393983,0
A70,40,3,2,2,0.199681500,1
A70,40,3,2,3,0.199482000,1
A70,40,3,2,4,0.116430800,1
A70,40,3,2,5,0.033380633,1
A70,40,3,3,2,0.166484333,1
A70,40,3,3,3,0.166484333,1
A70,40,3,3,4,0.166484333,1
A70,40,3,3,5,0.166484500,1
A70,40,3,4,2,0.199642000,0
A70,40,3,4,3,0.199642000,1
A70,40,3,4,4,0.199641267,0
A70,40,3,4,5,0.033390517,0
A70,40,3,5,2,0.199602000,1
A70,40,3,5,3,0.199602000,1
A70,40,3,5,4,0.199602400,1
A70,40,3,5,5,0.033467317,1
A70,41,3,0,2,0.199401200,1
A70,41,3,0,3,0.199401600,1
A70,41,3,0,4,0.199402000,1
A70,41,3,0,5,0.033403856,1
A70,41,3,1,2,0.199561000,0
A70,41,3,1,3,0.199662000,1
A70,41,3,1,4,0.116577567,1
A70,41,3,1,5,0.033393983,0
A70,41,3,2,2,0.199681500,1
A70,41,3,2,3,0.199482000,1
A70,41,3,2,4,0.116430800,1
A70,41,3,2,5,0.033380633,1
A70,41,3,3,2,0.166484000,1
A70,41,3,3,3,0.166484000,1
A70,41,3,3,4,0.166484333,1
A70,41,3,3,5,0.166484500,1
A70,41,3,4,2,0.199642000,1
A70,41,3,4,3,0.199642000,1
A70,41,3,4,4,0.199641267,0
A70,41,3,4,5,0.033390517,0
A70,41,3,5,2,0.199602000,1
A70,41,3,5,3,0.199602000,1
A70,41,3,5,4,0.199602400,1
A70,41,3,5,5,0.033467317,1
A70,42,3,0,2,0.199401200,1
A70,42,3,0,3,0.199401600,1
A70,42,3,0,4,0.199402000,1
A70,42,3,0,5,0.033403856,1
A70,42,3,1,2,0.199561000,1
A70,42,3,1,3,0.199661500,1
A70,42,3,1,4,0.116577567,1
A70,42,3,1,5,0.033393983,0
A70,42,3,2,2,0.199681500,1
A70,42,3,2,3,0.199482000,1
A70,42,3,2,4,0.116430800,1
A70,42,3,2,5,0.033380633,1
A70,42,3,3,2,0.166384167,1
A70,42,3,3,3,0.166384167,1
A70,42,3,3,4,0.166484333,1
A70,42,3,3,5,0.166484500,1
A70,42,3,4,2,0.199642000,1
A70,42,3,4,3,0.199642000,1
A70,42,3,4,4,0.199641267,1
A70,42,3,4,5,0.033390517,0
A70,42,3,5,2,0.199602000,1
A70,42,3,5,3,0.199602000,1
A70,42,3,5,4,0.199602400,1
A70,42,3,5,5,0.033467317,1
A70,43,3,0,2,0.199302200,1
A70,43,3,0,3,0.199302200,1
A70,43,3,0,4,0.199302200,1
A70,43,3,0,5,0.033383856,1
A70,43,3,1,2,0.199541200,1
A70,43,3,1,3,0.199641700,1
A70,43,3,1,4,0.116557567,1
A70,43,3,1,5,0.033373983,0
A70,43,3,2,2,0.199661700,1
A70,43,3,2,3,0.199362200,1
A70,43,3,2,4,0.116361300,1
A70,43,3,2,5,0.033360633,1
A70,43,3,3,2,0.166367667,1
A70,43,3,3,3,0.166367667,1
A70,43,3,3,4,0.166384333,1
A70,43,3,3,5,0.166384500,1
A70,43,3,4,2,0.199622200,1
A70,43,3,4,3,0.199622200,1
A70,43,3,4,4,0.199621267,1
A70,43,3,4,5,0.033370517,0
A70,43,3,5,2,0.199582200,1
A70,43,3,5,3,0.199582200,1
A70,43,3,5,4,0.199582400,1
A70,43,3,5,5,0.033447317,1
A70,44,3,0,2,0.199282200,1
A70,44,3,0,3,0.199282200,1
A70,44,3,0,4,0.199302200,1
A70,44,3,0,5,0.033383856,1
A70,44,3,1,2,0.199541200,1
A70,44,3,1,3,0.199591700,1
A70,44,3,1,4,0.116557567,1
A70,44,3,1,5,0.033373983,0
A70,44,3,2,2,0.199661700,1
A70,44,3,2,3,0.144161867,1
A70,44,3,2,4,0.088760967,1
A70,44,3,2,5,0.033360633,1
A70,44,3,3,2,0.166326000,1
A70,44,3,3,3,0.166326000,1
A70,44,3,3,4,0.166384333,1
A70,44,3,3,5,0.166384500,1
A70,44,3,4,2,0.199622200,1
A70,44,3,4,3,0.199622200,1
A70,44,3,4,4,0.199621267,1
A70,44,3,4,5,0.033370517,0
A70,44,3,5,2,0.199482200,1
A70,44,3,5,3,0.199582200,1
A70,44,3,5,4,0.199482400,1
A70,44,3,5,5,0.033447317,1
A70,45,3,0,2,0.199282000,1
A70,45,3,0,3,0.199282000,1
A70,45,3,0,4,0.199302000,1
A70,45,3,0,5,0.033383856,1
A70,45,3,1,2,0.199541200,1
A70,45,3,1,3,0.199591700,1
A70,45,3,1,4,0.116557567,1
A70,45,3,1,5,0.033373983,0
A70,45,3,2,2,0.199661700,1
A70,45,3,2,3,0.144161867,1
A70,45,3,2,4,0.088760967,1
A70,45,3,2,5,0.033360633,1
A70,45,3,3,2,0.166309333,1
A70,45,3,3,3,0.166309333,1
A70,45,3,3,4,0.166384333,1
A70,45,3,3,5,0.166384500,1
A70,45,3,4,2,0.199482200,1
A70,45,3,4,3,0.199481700,1
A70,45,3,4,4,0.199482000,1
A70,45,3,4,5,0.033370517,0
A70,45,3,5,2,0.199481700,1
A70,45,3,5,3,0.199581700,1
A70,45,3,5,4,0.116564233,1
A70,45,3,5,5,0.033447317,1
A70,46,3,0,2,0.199282000,1
A70,46,3,0,3,0.199282000,1
A70,46,3,0,4,0.199302000,1
A70,46,3,0,5,0.033383856,1
A70,46,3,1,2,0.199541200,1
A70,46,3,1,3,0.199591700,1
A70,46,3,1,4,0.116557567,1
A70,46,3,1,5,0.033373983,1
A70,46,3,2,2,0.199661700,1
A70,46,3,2,3,0.144161867,1
A70,46,3,2,4,0.088760967,1
A70,46,3,2,5,0.033360633,1
A70,46,3,3,2,0.166309333,1
A70,46,3,3,3,0.166309333,1
A70,46,3,3,4,0.166384333,1
A70,46,3,3,5,0.166384500,1
A70,46,3,4,2,0.199482200,1
A70,46,3,4,3,0.199481700,1
A70,46,3,4,4,0.199482000,1
A70,46,3,4,5,0.033370517,1
A70,46,3,5,2,0.199481700,1
A70,46,3,5,3,0.199581700,1
A70,46,3,5,4,0.116547567,1
A70,46,3,5,5,0.033447317,1
A70,47,4,0,2,0.199282000,0
A70,47,4,0,3,0.199282000,0
A70,47,4,0,4,0.199302000,0
A70,47,4,0,5,0.033383856,0
A70,47,4,1,2,0.199541200,0
A70,47,4,1,3,0.199492200,1
A70,47,4,1,4,0.116557567,0
A70,47,4,1,5,0.033373983,0
A70,47,4,2,2,0.199661700,0
A70,47,4,2,3,0.133021800,0
A70,47,4,2,4,0.074885800,1
A70,47,4,2,5,0.033360633,1
A70,47,4,3,2,0.166309333,0
A70,47,4,3,3,0.166309333,0
A70,47,4,3,4,0.166384333,0
A70,47,4,3,5,0.166384500,0
A70,47,4,4,2,0.199482200,1
A70,47,4,4,3,0.199481700,0
A70,47,4,4,4,0.199482000,1
A70,47,4,4,5,0.033370517,0
A70,47,4,5,2,0.199481700,1
A70,47,4,5,3,0.199581700,1
A70,47,4,5,4,0.116547567,0
A70,47,4,5,5,0.033447317,0
A70,48,4,0,2,0.199282000,0
A70,48,4,0,3,0.199282000,0
A70,48,4,0,4,0.199302000,0
A70,48,4,0,5,0.033383856,1
A70,48,4,1,2,0.199541200,0
A70,48,4,1,3,0.199492200,1
A70,48,4,1,4,0.116557567,0
A70,48,4,1,5,0.033373983,0
A70,48,4,2,2,0.199661700,0
A70,48,4,2,3,0.133021800,0
A70,48,4,2,4,0.074885800,1
A70,48,4,2,5,0.033360633,1
A70,48,4,3,2,0.166309333,0
A70,48,4,3,3,0.166309333,0
A70,48,4,3,4,0.166384333,1
A70,48,4,3,5,0.166384500,1
A70,48,4,4,2,0.199482200,1
A70,48,4,4,3,0.199481700,0
A70,48,4,4,4,0.199482000,1
A70,48,4,4,5,0.033370517,0
A70,48,4,5,2,0.199481700,1
A70,48,4,5,3,0.199581700,1
A70,48,4,5,4,0.116547567,1
A70,48,4,5,5,0.033447317,0
A70,49,4,0,2,0.199262200,0
A70,49,4,0,3,0.199262200,0
A70,49,4,0,4,0.199262200,1
A70,49,4,0,5,0.033383856,1
A70,49,4,1,2,0.199461400,1
A70,49,4,1,3,0.199492200,1
A70,49,4,1,4,0.116557567,0
A70,49,4,1,5,0.033373983,0
A70,49,4,2,2,0.199661700,0
A70,49,4,2,3,0.133021800,0
A70,49,4,2,4,0.074885800,1
A70,49,4,2,5,0.033360633,1
A70,49,4,3,2,0.166309333,0
A70,49,4,3,3,0.166309333,0
A70,49,4,3,4,0.166384333,1
A70,49,4,3,5,0.166384500,1
A70,49,4,4,2,0.199482200,1
A70,49,4,4,3,0.199481700,1
A70,49,4,4,4,0.199482000,1
A70,49,4,4,5,0.033370517,0
A70,49,4,5,2,0.199481700,1
A70,49,4,5,3,0.199581700,1
A70,49,4,5,4,0.116547567,1
A70,49,4,5,5,0.033447317,0
A70,50,4,0,2,0.199262200,0
A70,50,4,0,3,0.199262200,1
A70,50,4,0,4,0.199262200,1
A70,50,4,0,5,0.033383856,1
A70,50,4,1,2,0.199461400,1
A70,50,4,1,3,0.199492200,1
A70,50,4,1,4,0.116557567,1
A70,50,4,1,5,0.033373983,1
A70,50,4,2,2,0.199661700,1
A70,50,4,2,3,0.133021800,0
A70,50,4,2,4,0.074885800,1
A70,50,4,2,5,0.033360633,1
A70,50,4,3,2,0.166309333,1
A70,50,4,3,3,0.166309333,0
A70,50,4,3,4,0.166384333,1
A70,50,4,3,5,0.166384500,1
A70,50,4,4,2,0.199482200,1
A70,50,4,4,3,0.199481700,1
A70,50,4,4,4,0.199482000,1
A70,50,4,4,5,0.033370517,0
A70,50,4,5,2,0.199481700,1
A70,50,4,5,3,0.199581700,1
A70,50,4,5,4,0.116547567,1
A70,50,4,5,5,0.033447317,0
A70,51,4,0,2,0.199262200,0
A70,51,4,0,3,0.199262200,1
A70,51,4,0,4,0.199262200,1
A70,51,4,0,5,0.033383856,1
A70,51,4,1,2,0.199461400,1
A70,51,4,1,3,0.199492200,1
A70,51,4,1,4,0.116557567,1
A70,51,4,1,5,0.033373983,1
A70,51,4,2,2,0.199611700,1
A70,51,4,2,3,0.133021800,0
A70,51,4,2,4,0.074885800,1
A70,51,4,2,5,0.033360633,1
A70,51,4,3,2,0.166309333,1
A70,51,4,3,3,0.166309333,1
A70,51,4,3,4,0.166384333,1
A70,51,4,3,5,0.166384500,1
A70,51,4,4,2,0.199482200,1
A70,51,4,4,3,0.199481700,1
A70,51,4,4,4,0.199482000,1
A70,51,4,4,5,0.033370517,0
A70,51,4,5,2,0.199481700,1
A70,51,4,5,3,0.199581700,1
A70,51,4,5,4,0.116547567,1
A70,51,4,5,5,0.033447317,0
A70,52,4,0,2,0.199261200,0
A70,52,4,0,3,0.199262200,1
A70,52,4,0,4,0.199261700,1
A70,52,4,0,5,0.033383856,1
A70,52,4,1,2,0.120912788,1
A70,52,4,1,3,0.199267200,1
A70,52,4,1,4,0.116417567,1
A70,52,4,1,5,0.033373983,1
A70,52,4,2,2,0.199611700,1
A70,52,4,2,3,0.133021800,0
A70,52,4,2,4,0.074885800,1
A70,52,4,2,5,0.033360633,1
A70,52,4,3,2,0.166109167,1
A70,52,4,3,3,0.166196833,1
A70,52,4,3,4,0.166384333,1
A70,52,4,3,5,0.166384500,1
A70,52,4,4,2,0.199482200,1
A70,52,4,4,3,0.199481533,1
A70,52,4,4,4,0.199482000,1
A70,52,4,4,5,0.033370517,0
A70,52,4,5,2,0.199481600,1
A70,52,4,5,3,0.199581533,1
A70,52,4,5,4,0.116547567,1
A70,52,4,5,5,0.033447317,1
A70,53,4,0,2,0.199261200,0
A70,53,4,0,3,0.199262200,1
A70,53,4,0,4,0.199261700,1
A70,53,4,0,5,0.033383856,1
A70,53,4,1,2,0.120912788,1
A70,53,4,1,3,0.199267200,1
A70,53,4,1,4,0.116417567,1
A70,53,4,1,5,0.033373983,1
A70,53,4,2,2,0.199611700,1
A70,53,4,2,3,0.133021800,0
A70,53,4,2,4,0.074885800,1
A70,53,4,2,5,0.033360633,1
A70,53,4,3,2,0.166109167,1
A70,53,4,3,3,0.166196833,1
A70,53,4,3,4,0.166384333,1
A70,53,4,3,5,0.166384500,1
A70,53,4,4,2,0.199482200,1
A70,53,4,4,3,0.199481533,1
A70,53,4,4,4,0.199482000,1
A70,53,4,4,5,0.033370517,0
A70,53,4,5,2,0.199481600,1
A70,53,4,5,3,0.199581533,1
A70,53,4,5,4,0.116547567,1
A70,53,4,5,5,0.033447317,1
A70,54,4,0,2,0.199261000,1
A70,54,4,0,3,0.199261800,1
A70,54,4,0,4,0.199161900,1
A70,54,4,0,5,0.033343756,1
A70,54,4,1,2,0.120888545,1
A70,54,4,1,3,0.199162200,1
A70,54,4,1,4,0.116309233,1
A70,54,4,1,5,0.033314083,1
A70,54,4,2,2,0.199551900,1
A70,54,4,2,3,0.132885333,0
A70,54,4,2,4,0.074825900,1
A70,54,4,2,5,0.033300733,1
A70,54,4,3,2,0.166109167,1
A70,54,4,3,3,0.165997833,1
A70,54,4,3,4,0.166184833,1
A70,54,4,3,5,0.166184500,1
A70,54,4,4,2,0.199357200,1
A70,54,4,4,3,0.199307200,1
A70,54,4,4,4,0.199307000,1
A70,54,4,4,5,0.033323894,1
A70,54,4,5,2,0.199307700,1
A70,54,4,5,3,0.199362200,1
A70,54,4,5,4,0.116467567,1
A70,54,4,5,5,0.033367317,1
A70,55,4,0,2,0.199261000,1
A70,55,4,0,3,0.199261800,1
A70,55,4,0,4,0.199161900,1
A70,55,4,0,5,0.033343756,1
A70,55,4,1,2,0.120882424,1
A70,55,4,1,3,0.199162200,1
A70,55,4,1,4,0.116309233,1
A70,55,4,1,5,0.033314083,1
A70,55,4,2,2,0.199551900,1
A70,55,4,2,3,0.132885333,0
A70,55,4,2,4,0.074825900,1
A70,55,4,2,5,0.033300733,1
A70,55,4,3,2,0.166109167,1
A70,55,4,3,3,0.165997833,1
A70,55,4,3,4,0.166184833,1
A70,55,4,3,5,0.166184500,1
A70,55,4,4,2,0.199357200,1
A70,55,4,4,3,0.199307200,1
A70,55,4,4,4,0.199307000,1
A70,55,4,4,5,0.033323894,1
A70,55,4,5,2,0.199307700,1
A70,55,4,5,3,0.199362200,1
A70,55,4,5,4,0.116467567,1
A70,55,4,5,5,0.033367317,1
A70,56,4,0,2,0.199261000,1
A70,56,4,0,3,0.199261800,1
A70,56,4,0,4,0.199161900,1
A70,56,4,0,5,0.033343756,1
A70,56,4,1,2,0.120882424,1
A70,56,4,1,3,0.199162200,1
A70,56,4,1,4,0.116309233,1
A70,56,4,1,5,0.033314083,1
A70,56,4,2,2,0.199551900,1
A70,56,4,2,3,0.132885333,1
A70,56,4,2,4,0.074825900,1
A70,56,4,2,5,0.033300733,1
A70,56,4,3,2,0.166109167,1
A70,56,4,3,3,0.165997833,1
A70,56,4,3,4,0.166184833,1
A70,56,4,3,5,0.166184500,1
A70,56,4,4,2,0.199357200,1
A70,56,4,4,3,0.199307200,1
A70,56,4,4,4,0.199307000,1
A70,56,4,4,5,0.033323894,1
A70,56,4,5,2,0.199307700,1
A70,56,4,5,3,0.199362200,1
A70,56,4,5,4,0.116467567,1
A70,56,4,5,5,0.033367317,1
A70,57,5,0,2,0.198882200,0
A70,57,5,0,3,0.145065849,1
A70,57,5,0,4,0.130169683,0
A70,57,5,0,5,0.033167189,1
A70,57,5,1,2,0.120882424,1
A70,57,5,1,3,0.198632800,0
A70,57,5,1,4,0.108475491,0
A70,57,5,1,5,0.033164033,0
A70,57,5,2,2,0.199325533,0
A70,57,5,2,3,0.122567533,0
A70,57,5,2,4,0.070096333,0
A70,57,5,2,5,0.033174083,0
A70,57,5,3,2,0.165618667,1
A70,57,5,3,3,0.165418167,0
A70,57,5,3,4,0.165418167,1
A70,57,5,3,5,0.165435417,0
A70,57,5,4,2,0.160432421,1
A70,57,5,4,3,0.137742225,0
A70,57,5,4,4,0.112577261,1
A70,57,5,4,5,0.033167289,0
A70,57,5,5,2,0.137742644,1
A70,57,5,5,3,0.125454533,1
A70,57,5,5,4,0.090933771,0
A70,57,5,5,5,0.033260617,0
A70,58,5,0,2,0.198882200,1
A70,58,5,0,3,0.145065849,1
A70,58,5,0,4,0.130169683,0
A70,58,5,0,5,0.033167189,1
A70,58,5,1,2,0.120882424,1
A70,58,5,1,3,0.146570726,1
A70,58,5,1,4,0.108475491,1
A70,58,5,1,5,0.033164033,0
A70,58,5,2,2,0.199325533,0
A70,58,5,2,3,0.117196640,0
A70,58,5,2,4,0.070096333,0
A70,58,5,2,5,0.033174083,0
A70,58,5,3,2,0.165618667,1
A70,58,5,3,3,0.165418167,1
A70,58,5,3,4,0.165418167,1
A70,58,5,3,5,0.165435417,0
A70,58,5,4,2,0.159417840,1
A70,58,5,4,3,0.137742225,1
A70,58,5,4,4,0.112577261,1
A70,58,5,4,5,0.033167289,1
A70,58,5,5,2,0.137742644,1
A70,58,5,5,3,0.125454533,1
A70,58,5,5,4,0.090932431,1
A70,58,5,5,5,0.033260617,1
A70,59,5,0,2,0.198882200,1
A70,59,5,0,3,0.142574370,1
A70,59,5,0,4,0.127770129,0
A70,59,5,0,5,0.033167189,1
A70,59,5,1,2,0.120882424,1
A70,59,5,1,3,0.146570726,1
A70,59,5,1,4,0.108475491,1
A70,59,5,1,5,0.033164033,0
A70,59,5,2,2,0.199325533,0
A70,59,5,2,3,0.117196640,0
A70,59,5,2,4,0.070096333,1
A70,59,5,2,5,0.033174083,0
A70,59,5,3,2,0.165618667,1
A70,59,5,3,3,0.165418167,1
A70,59,5,3,4,0.165418167,1
A70,59,5,3,5,0.165435417,1
A70,59,5,4,2,0.157752658,1
A70,59,5,4,3,0.135402155,1
A70,59,5,4,4,0.112577261,1
A70,59,5,4,5,0.033167289,1
A70,59,5,5,2,0.135402687,1
A70,59,5,5,3,0.122661969,1
A70,59,5,5,4,0.083002274,1
A70,59,5,5,5,0.033260617,1
A70,60,5,0,2,0.198882200,1
A70,60,5,0,3,0.142574370,1
A70,60,5,0,4,0.127770129,1
A70,60,5,0,5,0.033167189,1
A70,60,5,1,2,0.120882424,1
A70,60,5,1,3,0.146570726,1
A70,60,5,1,4,0.108475491,1
A70,60,5,1,5,0.033164033,1
A70,60,5,2,2,0.199325533,0
A70,60,5,2,3,0.117196640,0
A70,60,5,2,4,0.069867615,1
A70,60,5,2,5,0.033174083,1
A70,60,5,3,2,0.165618667,1
A70,60,5,3,3,0.165418167,1
A70,60,5,3,4,0.165418167,1
A70,60,5,3,5,0.165435417,1
A70,60,5,4,2,0.157752658,1
A70,60,5,4,3,0.135402155,1
A70,60,5,4,4,0.112577261,1
A70,60,5,4,5,0.033167289,1
A70,60,5,5,2,0.135402687,1
A70,60,5,5,3,0.122661969,1
A70,60,5,5,4,0.083002274,1
A70,60,5,5,5,0.033260617,1
A70,61,5,0,2,0.198882200,1
A70,61,5,0,3,0.142574370,1
A70,61,5,0,4,0.127770129,1
A70,61,5,0,5,0.033167189,1
A70,61,5,1,2,0.120882424,1
A70,61,5,1,3,0.146570726,1
A70,61,5,1,4,0.108475491,1
A70,61,5,1,5,0.033164033,1
A70,61,5,2,2,0.199325533,0
A70,61,5,2,3,0.117196640,1
A70,61,5,2,4,0.069867615,1
A70,61,5,2,5,0.033174083,1
A70,61,5,3,2,0.165618667,1
A70,61,5,3,3,0.165418167,1
A70,61,5,3,4,0.165418167,1
A70,61,5,3,5,0.165435417,1
A70,61,5,4,2,0.157752658,1
A70,61,5,4,3,0.135402155,1
A70,61,5,4,4,0.112577261,1
A70,61,5,4,5,0.033167289,1
A70,61,5,5,2,0.135402687,1
A70,61,5,5,3,0.122661969,1
A70,61,5,5,4,0.083002274,1
A70,61,5,5,5,0.033260617,1
A70,62,5,0,2,0.198632200,1
A70,62,5,0,3,0.118318258,1
A70,62,5,0,4,0.111081185,1
A70,62,5,0,5,0.033167189,1
A70,62,5,1,2,0.120882424,1
A70,62,5,1,3,0.146570726,1
A70,62,5,1,4,0.108475491,1
A70,62,5,1,5,0.033164033,1
A70,62,5,2,2,0.199325533,0
A70,62,5,2,3,0.106954830,1
A70,62,5,2,4,0.068852844,1
A70,62,5,2,5,0.033174083,1
A70,62,5,3,2,0.165606333,1
A70,62,5,3,3,0.165410000,1
A70,62,5,3,4,0.165418167,1
A70,62,5,3,5,0.165435417,1
A70,62,5,4,2,0.146626351,1
A70,62,5,4,3,0.118566641,1
A70,62,5,4,4,0.099432000,1
A70,62,5,4,5,0.033167289,1
A70,62,5,5,2,0.118567116,1
A70,62,5,5,3,0.096386541,1
A70,62,5,5,4,0.081999213,1
A70,62,5,5,5,0.033260617,1
A70,63,5,0,2,0.198194300,1
A70,63,5,0,3,0.117781151,1
A70,63,5,0,4,0.110941985,1
A70,63,5,0,5,0.033127289,1
A70,63,5,1,2,0.117318471,1
A70,63,5,1,3,0.144480382,1
A70,63,5,1,4,0.108327964,1
A70,63,5,1,5,0.033137400,1
A70,63,5,2,2,0.199192400,0
A70,63,5,2,3,0.105495369,1
A70,63,5,2,4,0.059897746,1
A70,63,5,2,5,0.033140817,1
A70,63,5,3,2,0.165229310,1
A70,63,5,3,3,0.165180944,1
A70,63,5,3,4,0.165236167,1
A70,63,5,3,5,0.165269833,1
A70,63,5,4,2,0.146017705,1
A70,63,5,4,3,0.118171878,1
A70,63,5,4,4,0.088397567,1
A70,63,5,4,5,0.033104167,1
A70,63,5,5,2,0.118171396,1
A70,63,5,5,3,0.096118480,1
A70,63,5,5,4,0.081832871,1
A70,63,5,5,5,0.033207317,1
A70,64,5,0,2,0.198194300,1
A70,64,5,0,3,0.117781151,1
A70,64,5,0,4,0.110941985,1
A70,64,5,0,5,0.033127289,1
A70,64,5,1,2,0.117318471,1
A70,64,5,1,3,0.143444378,1
A70,64,5,1,4,0.108327964,1
A70,64,5,1,5,0.033137400,1
A70,64,5,2,2,0.199192400,1
A70,64,5,2,3,0.105495369,1
A70,64,5,2,4,0.059897746,1
A70,64,5,2,5,0.033140817,1
A70,64,5,3,2,0.165229310,1
A70,64,5,3,3,0.165180944,1
A70,64,5,3,4,0.165236167,1
A70,64,5,3,5,0.165269833,1
A70,64,5,4,2,0.146017705,1
A70,64,5,4,3,0.118171878,1
A70,64,5,4,4,0.088397567,1
A70,64,5,4,5,0.033104167,1
A70,64,5,5,2,0.118171396,1
A70,64,5,5,3,0.096118480,1
A70,64,5,5,4,0.081832871,1
A70,64,5,5,5,0.033207317,1
A70,65,6,0,2,0.150896920,1
A70,65,6,0,3,0.110509179,0
A70,65,6,0,4,0.102456694,0
A70,65,6,0,5,0.033127289,0
A70,65,6,1,2,0.117227676,1
A70,65,6,1,3,0.143259792,0
A70,65,6,1,4,0.108327964,0
A70,65,6,1,5,0.033137400,0
A70,65,6,2,2,0.198717900,1
A70,65,6,2,3,0.101383620,1
A70,65,6,2,4,0.056755329,0
A70,65,6,2,5,0.033140817,0
A70,65,6,3,2,0.090301909,0
A70,65,6,3,3,0.090251909,0
A70,65,6,3,4,0.165236167,1
A70,65,6,3,5,0.165269833,1
A70,65,6,4,2,0.143762761,0
A70,65,6,4,3,0.118171878,0
A70,65,6,4,4,0.088397567,1
A70,65,6,4,5,0.033104167,1
A70,65,6,5,2,0.118171396,0
A70,65,6,5,3,0.096118480,0
A70,65,6,5,4,0.081832871,1
A70,65,6,5,5,0.033207317,1
A70,66,6,0,2,0.150834103,1
A70,66,6,0,3,0.110482057,0
A70,66,6,0,4,0.102456694,0
A70,66,6,0,5,0.031045058,0
A70,66,6,1,2,0.090746091,1
A70,66,6,1,3,0.143259792,0
A70,66,6,1,4,0.108327964,0
A70,66,6,1,5,0.031049235,0
A70,66,6,2,2,0.198717900,1
A70,66,6,2,3,0.101383620,1
A70,66,6,2,4,0.056755329,0
A70,66,6,2,5,0.031052504,0
A70,66,6,3,2,0.090301909,0
A70,66,6,3,3,0.090251909,1
A70,66,6,3,4,0.130702079,1
A70,66,6,3,5,0.154794758,1
A70,66,6,4,2,0.142147325,0
A70,66,6,4,3,0.118171878,0
A70,66,6,4,4,0.088397567,1
A70,66,6,4,5,0.031020188,1
A70,66,6,5,2,0.118171396,0
A70,66,6,5,3,0.096118480,1
A70,66,6,5,4,0.081832856,1
A70,66,6,5,5,0.031084451,1
A70,67,6,0,2,0.149441442,1
A70,67,6,0,3,0.110482057,1
A70,67,6,0,4,0.100908803,1
A70,67,6,0,5,0.029160652,0
A70,67,6,1,2,0.090723591,1
A70,67,6,1,3,0.143259792,0
A70,67,6,1,4,0.108327964,1
A70,67,6,1,5,0.029154798,1
A70,67,6,2,2,0.198717900,1
A70,67,6,2,3,0.100493784,1
A70,67,6,2,4,0.056755329,0
A70,67,6,2,5,0.029165241,1
A70,67,6,3,2,0.090301909,0
A70,67,6,3,3,0.090251909,1
A70,67,6,3,4,0.119991259,1
A70,67,6,3,5,0.145358276,1
A70,67,6,4,2,0.141589568,1
A70,67,6,4,3,0.114172334,1
A70,67,6,4,4,0.086180393,1
A70,67,6,4,5,0.029129427,1
A70,67,6,5,2,0.114171957,0
A70,67,6,5,3,0.093161333,1
A70,67,6,5,4,0.068922272,1
A70,67,6,5,5,0.029186985,1
A70,68,6,0,2,0.146430997,1
A70,68,6,0,3,0.104329998,1
A70,68,6,0,4,0.100792764,1
A70,68,6,0,5,0.026984518,0
A70,68,6,1,2,0.089979030,1
A70,68,6,1,3,0.113926523,1
A70,68,6,1,4,0.108027745,1
A70,68,6,1,5,0.026941362,1
A70,68,6,2,2,0.197505000,1
A70,68,6,2,3,0.059220190,1
A70,68,6,2,4,0.037807009,0
A70,68,6,2,5,0.026954208,1
A70,68,6,3,2,0.089457545,0
A70,68,6,3,3,0.089457545,1
A70,68,6,3,4,0.116085353,1
A70,68,6,3,5,0.134369544,1
A70,68,6,4,2,0.115645083,1
A70,68,6,4,3,0.097755592,1
A70,68,6,4,4,0.085039599,1
A70,68,6,4,5,0.026945778,1
A70,68,6,5,2,0.097755246,1
A70,68,6,5,3,0.086721771,1
A70,68,6,5,4,0.068782472,1
A70,68,6,5,5,0.026978464,1
A70,69,6,0,2,0.144052976,1
A70,69,6,0,3,0.102456547,1
A70,69,6,0,4,0.100787059,1
A70,69,6,0,5,0.025076468,0
A70,69,6,1,2,0.089846030,1
A70,69,6,1,3,0.113926523,1
A70,69,6,1,4,0.108027745,1
A70,69,6,1,5,0.025035645,1
A70,69,6,2,2,0.197505000,1
A70,69,6,2,3,0.059092220,1
A70,69,6,2,4,0.036364374,0
A70,69,6,2,5,0.025045698,1
A70,69,6,3,2,0.089457545,0
A70,69,6,3,3,0.089457545,1
A70,69,6,3,4,0.115913098,1
A70,69,6,3,5,0.124826978,1
A70,69,6,4,2,0.110329613,1
A70,69,6,4,3,0.095716759,1
A70,69,6,4,4,0.084027620,1
A70,69,6,4,5,0.025038946,1
A70,69,6,5,2,0.095716462,1
A70,69,6,5,3,0.086488656,1
A70,69,6,5,4,0.068782472,1
A70,69,6,5,5,0.025063391,1
A70,70,6,0,2,0.144052976,1
A70,70,6,0,3,0.102456547,1
A70,70,6,0,4,0.100787059,1
A70,70,6,0,5,0.025076468,1
A70,70,6,1,2,0.089846030,1
A70,70,6,1,3,0.113926523,1
A70,70,6,1,4,0.108027745,1
A70,70,6,1,5,0.025035645,1
A70,70,6,2,2,0.197505000,1
A70,70,6,2,3,0.059092220,1
A70,70,6,2,4,0.036364374,1
A70,70,6,2,5,0.025045698,1
A70,70,6,3,2,0.089457545,1
A70,70,6,3,3,0.089457545,1
A70,70,6,3,4,0.115913098,1
A70,70,6,3,5,0.124826978,1
A70,70,6,4,2,0.110329613,1
A70,70,6,4,3,0.095716759,1
A70,70,6,4,4,0.084027620,1
A70,70,6,4,5,0.025038946,1
A70,70,6,5,2,0.095716462,1
A70,70,6,5,3,0.086488656,1
A70,70,6,5,4,0.068782472,1
A70,70,6,5,5,0.025063391,1
B71,1,2,0,2,0.499950500,0
B71,1,2,0,3,0.499950500,0
B71,1,2,0,4,0.499950500,0
B71,1,2,0,5,0.499950500,1
B71,1,2,1,2,1.000000000,0
B71,1,2,1,3,1.000000000,0
B71,1,2,1,4,1.000000000,0
B71,1,2,1,5,0.999901000,1
B71,1,2,2,2,0.999901000,0
B71,1,2,2,3,0.999901000,0
B71,1,2,2,4,0.999901000,0
B71,1,2,2,5,0.999901000,0
B71,1,2,3,2,0.999901000,0
B71,1,2,3,3,0.999901000,0
B71,1,2,3,4,0.999901000,0
B71,1,2,3,5,0.999901000,0
B71,1,2,4,2,0.999901000,0
B71,1,2,4,3,0.999901000,0
B71,1,2,4,4,0.999901000,0
B71,1,2,4,5,0.999901000,0
B71,1,2,5,2,0.999901000,0
B71,1,2,5,3,0.999901000,0
B71,1,2,5,4,0.999901000,0
B71,1,2,5,5,0.999901000,0
B71,2,2,0,2,0.499950500,0
B71,2,2,0,3,0.499950500,0
B71,2,2,0,4,0.499950500,0
B71,2,2,0,5,0.499851500,1
B71,2,2,1,2,0.999901000,0
B71,2,2,1,3,0.999901000,0
B71,2,2,1,4,0.999901000,0
B71,2,2,1,5,0.999702000,1
B71,2,2,2,2,0.333234000,0
B71,2,2,2,3,0.333234000,0
B71,2,2,2,4,0.333234000,0
B71,2,2,2,5,0.333234000,1
B71,2,2,3,2,0.999702000,0
B71,2,2,3,3,0.999702000,0
B71,2,2,3,4,0.999702000,0
B71,2,2,3,5,0.999702000,0
B71,2,2,4,2,0.999702000,0
B71,2,2,4,3,0.999702000,0
B71,2,2,4,4,0.999702000,0
B71,2,2,4,5,0.999702000,0
B71,2,2,5,2,0.999702000,0
B71,2,2,5,3,0.999702000,0
B71,2,2,5,4,0.999702000,0
B71,2,2,5,5,0.999702000,0
B71,3,2,0,2,0.499950500,0
B71,3,2,0,3,0.499950500,0
B71,3,2,0,4,0.499950500,0
B71,3,2,0,5,0.499851000,1
B71,3,2,1,2,0.999900500,0
B71,3,2,1,3,0.999900500,0
B71,3,2,1,4,0.999900500,0
B71,3,2,1,5,0.999701500,1
B71,3,2,2,2,0.333234000,0
B71,3,2,2,3,0.333234000,0
B71,3,2,2,4,0.333234000,0
B71,3,2,2,5,0.333234000,1
B71,3,2,3,2,0.333234000,0
B71,3,2,3,3,0.333234000,0
B71,3,2,3,4,0.333234000,0
B71,3,2,3,5,0.333234000,1
B71,3,2,4,2,0.999701000,0
B71,3,2,4,3,0.999701000,0
B71,3,2,4,4,0.999701000,0
B71,3,2,4,5,0.999701000,0
B71,3,2,5,2,0.999701000,0
B71,3,2,5,3,0.999701000,0
B71,3,2,5,4,0.999701000,0
B71,3,2,5,5,0.999701000,0
B71,4,2,0,2,0.333300333,0
B71,4,2,0,3,0.333300333,0
B71,4,2,0,4,0.333300333,0
B71,4,2,0,5,0.333200833,1
B71,4,2,1,2,0.999801000,0
B71,4,2,1,3,0.999801000,0
B71,4,2,1,4,0.999801000,0
B71,4,2,1,5,0.999602000,1
B71,4,2,2,2,0.249900750,0
B71,4,2,2,3,0.249900750,0
B71,4,2,2,4,0.249900750,0
B71,4,2,2,5,0.249900750,1
B71,4,2,3,2,0.249900750,0
B71,4,2,3,3,0.249900750,0
B71,4,2,3,4,0.249900750,0
B71,4,2,3,5,0.249900750,1
B71,4,2,4,2,0.333300667,0
B71,4,2,4,3,0.333300667,0
B71,4,2,4,4,0.333300667,0
B71,4,2,4,5,0.333201667,1
B71,4,2,5,2,0.999601500,0
B71,4,2,5,3,0.999601500,0
B71,4,2,5,4,0.999601500,0
B71,4,2,5,5,0.999601500,0
B71,5,2,0,2,0.333300333,0
B71,5,2,0,3,0.333300333,0
B71,5,2,0,4,0.333300333,0
B71,5,2,0,5,0.333200667,1
B71,5,2,1,2,0.999801000,0
B71,5,2,1,3,0.999801000,0
B71,5,2,1,4,0.999801000,0
B71,5,2,1,5,0.833001833,1
B71,5,2,2,2,0.249900750,0
B71,5,2,2,3,0.249900750,0
B71,5,2,2,4,0.249900750,0
B71,5,2,2,5,0.249900750,1
B71,5,2,3,2,0.249900750,0
B71,5,2,3,3,0.249900750,0
B71,5,2,3,4,0.249900750,0
B71,5,2,3,5,0.249900750,1
B71,5,2,4,2,0.333300667,0
B71,5,2,4,3,0.333300667,0
B71,5,2,4,4,0.333300667,0
B71,5,2,4,5,0.333201667,1
B71,5,2,5,2,0.249900750,0
B71,5,2,5,3,0.249900750,0
B71,5,2,5,4,0.249900750,0
B71,5,2,5,5,0.249900750,1
B71,6,2,0,2,0.250050500,0
B71,6,2,0,3,0.250050500,0
B71,6,2,0,4,0.250050500,0
B71,6,2,0,5,0.083384167,1
B71,6,2,1,2,0.250100750,0
B71,6,2,1,3,0.250100750,0
B71,6,2,1,4,0.250100750,0
B71,6,2,1,5,0.083468083,1
B71,6,2,2,2,0.250050500,0
B71,6,2,2,3,0.250050500,0
B71,6,2,2,4,0.250050500,0
B71,6,2,2,5,0.083451333,1
B71,6,2,3,2,0.199960800,0
B71,6,2,3,3,0.199960800,0
B71,6,2,3,4,0.199960800,0
B71,6,2,3,5,0.199960800,1
B71,6,2,4,2,0.250050750,0
B71,6,2,4,3,0.250050750,0
B71,6,2,4,4,0.250050750,0
B71,6,2,4,5,0.083384917,1
B71,6,2,5,2,0.199960800,0
B71,6,2,5,3,0.199960800,0
B71,6,2,5,4,0.199960800,0
B71,6,2,5,5,0.199960800,1
B71,7,2,0,2,0.250050500,0
B71,7,2,0,3,0.250050500,0
B71,7,2,0,4,0.250050500,0
B71,7,2,0,5,0.083384167,1
B71,7,2,1,2,0.250100750,0
B71,7,2,1,3,0.250100750,0
B71,7,2,1,4,0.250100750,0
B71,7,2,1,5,0.083451250,1
B71,7,2,2,2,0.250050500,0
B71,7,2,2,3,0.250050500,0
B71,7,2,2,4,0.250050500,0
B71,7,2,2,5,0.083451333,1
B71,7,2,3,2,0.199940600,0
B71,7,2,3,3,0.199940600,0
B71,7,2,3,4,0.199940600,0
B71,7,2,3,5,0.199940600,1
B71,7,2,4,2,0.250050750,0
B71,7,2,4,3,0.250050750,0
B71,7,2,4,4,0.250050750,0
B71,7,2,4,5,0.083384917,1
B71,7,2,5,2,0.199960800,0
B71,7,2,5,3,0.199960800,0
B71,7,2,5,4,0.199960800,0
B71,7,2,5,5,0.199960800,1
B71,8,2,0,2,0.250000500,0
B71,8,2,0,3,0.250000500,0
B71,8,2,0,4,0.250000500,0
B71,8,2,0,5,0.083334167,1
B71,8,2,1,2,0.250100750,0
B71,8,2,1,3,0.250100750,0
B71,8,2,1,4,0.250100750,0
B71,8,2,1,5,0.083334750,1
B71,8,2,2,2,0.250050500,0
B71,8,2,2,3,0.250050500,0
B71,8,2,2,4,0.250050500,0
B71,8,2,2,5,0.083451333,1
B71,8,2,3,2,0.199920800,0
B71,8,2,3,3,0.199920800,0
B71,8,2,3,4,0.199920800,0
B71,8,2,3,5,0.199920800,1
B71,8,2,4,2,0.250000375,0
B71,8,2,4,3,0.250000375,0
B71,8,2,4,4,0.250000375,0
B71,8,2,4,5,0.083334542,1
B71,8,2,5,2,0.199920800,0
B71,8,2,5,3,0.199920800,0
B71,8,2,5,4,0.199920800,0
B71,8,2,5,5,0.199920800,1
B71,9,2,0,2,0.250000500,0
B71,9,2,0,3,0.250000500,0
B71,9,2,0,4,0.250000500,0
B71,9,2,0,5,0.083334167,1
B71,9,2,1,2,0.250100750,0
B71,9,2,1,3,0.250100750,0
B71,9,2,1,4,0.250100750,0
B71,9,2,1,5,0.083334750,1
B71,9,2,2,2,0.250050500,0
B71,9,2,2,3,0.250050500,0
B71,9,2,2,4,0.250050500,0
B71,9,2,2,5,0.083451333,1
B71,9,2,3,2,0.199920800,0
B71,9,2,3,3,0.199920800,0
B71,9,2,3,4,0.199920800,0
B71,9,2,3,5,0.199920800,1
B71,9,2,4,2,0.250000375,0
B71,9,2,4,3,0.250000375,0
B71,9,2,4,4,0.250000375,0
B71,9,2,4,5,0.083334542,1
B71,9,2,5,2,0.199920800,0
B71,9,2,5,3,0.199920800,0
B71,9,2,5,4,0.199920800,0
B71,9,2,5,5,0.199920800,1
B71,10,2,0,2,0.200040400,0
B71,10,2,0,3,0.200040400,0
B71,10,2,0,4,0.200040400,0
B71,10,2,0,5,0.033357317,1
B71,10,2,1,2,0.200140800,0
B71,10,2,1,3,0.200140800,0
B71,10,2,1,4,0.200140800,0
B71,10,2,1,5,0.033358133,1
B71,10,2,2,2,0.199920800,0
B71,10,2,2,3,0.199920800,0
B71,10,2,2,4,0.199920800,0
B71,10,2,2,5,0.033404967,1
B71,10,2,3,2,0.200000400,0
B71,10,2,3,3,0.200000400,0
B71,10,2,3,4,0.200000400,0
B71,10,2,3,5,0.033401233,1
B71,10,2,4,2,0.200040400,0
B71,10,2,4,3,0.200040400,0
B71,10,2,4,4,0.200040400,0
B71,10,2,4,5,0.033357900,1
B71,10,2,5,2,0.166617500,0
B71,10,2,5,3,0.166617500,0
B71,10,2,5,4,0.166617500,0
B71,10,2,5,5,0.166617500,1
B71,11,2,0,2,0.200040400,0
B71,11,2,0,3,0.200040400,0
B71,11,2,0,4,0.200040400,0
B71,11,2,0,5,0.033357289,1
B71,11,2,1,2,0.200140800,0
B71,11,2,1,3,0.200140800,0
B71,11,2,1,4,0.200140800,0
B71,11,2,1,5,0.033358133,1
B71,11,2,2,2,0.199920400,0
B71,11,2,2,3,0.199920400,0
B71,11,2,2,4,0.199920400,0
B71,11,2,2,5,0.033404567,1
B71,11,2,3,2,0.200000400,0
B71,11,2,3,3,0.200000400,0
B71,11,2,3,4,0.200000400,0
B71,11,2,3,5,0.033401233,1
B71,11,2,4,2,0.200040400,0
B71,11,2,4,3,0.200040400,0
B71,11,2,4,4,0.200040400,0
B71,11,2,4,5,0.033357567,1
B71,11,2,5,2,0.166617500,0
B71,11,2,5,3,0.166617500,0
B71,11,2,5,4,0.166617500,0
B71,11,2,5,5,0.166617500,1
B71,12,2,0,2,0.200040400,0
B71,12,2,0,3,0.200040400,0
B71,12,2,0,4,0.200040400,0
B71,12,2,0,5,0.033340678,1
B71,12,2,1,2,0.200140800,0
B71,12,2,1,3,0.200140800,0
B71,12,2,1,4,0.200140800,0
B71,12,2,1,5,0.033341467,1
B71,12,2,2,2,0.199920400,0
B71,12,2,2,3,0.199920400,0
B71,12,2,2,4,0.199920400,0
B71,12,2,2,5,0.033371067,1
B71,12,2,3,2,0.200000400,0
B71,12,2,3,3,0.200000400,0
B71,12,2,3,4,0.200000400,0
B71,12,2,3,5,0.033384567,1
B71,12,2,4,2,0.200040400,0
B71,12,2,4,3,0.200040400,0
B71,12,2,4,4,0.200040400,0
B71,12,2,4,5,0.033340817,1
B71,12,2,5,2,0.166517500,0
B71,12,2,5,3,0.166517500,0
B71,12,2,5,4,0.166517500,0
B71,12,2,5,5,0.166517500,1
B71,13,2,0,2,0.200000800,0
B71,13,2,0,3,0.200000800,0
B71,13,2,0,4,0.200000800,0
B71,13,2,0,5,0.033301133,1
B71,13,2,1,2,0.200100800,0
B71,13,2,1,3,0.200100800,0
B71,13,2,1,4,0.200100800,0
B71,13,2,1,5,0.033301217,1
B71,13,2,2,2,0.199900400,0
B71,13,2,2,3,0.199900400,0
B71,13,2,2,4,0.199900400,0
B71,13,2,2,5,0.033301067,1
B71,13,2,3,2,0.200000800,0
B71,13,2,3,3,0.200000800,0
B71,13,2,3,4,0.200000800,0
B71,13,2,3,5,0.033301633,1
B71,13,2,4,2,0.200000400,0
B71,13,2,4,3,0.200000400,0
B71,13,2,4,4,0.200000400,0
B71,13,2,4,5,0.033301233,1
B71,13,2,5,2,0.166500833,0
B71,13,2,5,3,0.166500833,0
B71,13,2,5,4,0.166500833,0
B71,13,2,5,5,0.166500833,1
B71,14,2,0,2,0.166717333,0
B71,14,2,0,3,0.166717333,0
B71,14,2,0,4,0.166717333,0
B71,14,2,0,5,0.000034250,1
B71,14,2,1,2,0.166817500,0
B71,14,2,1,3,0.166817500,0
B71,14,2,1,4,0.166817500,0
B71,14,2,1,5,0.000034833,1
B71,14,2,2,2,0.166617333,0
B71,14,2,2,3,0.166617333,0
B71,14,2,2,4,0.166617333,0
B71,14,2,2,5,0.000034667,1
B71,14,2,3,2,0.166700417,0
B71,14,2,3,3,0.166700417,0
B71,14,2,3,4,0.166700417,0
B71,14,2,3,5,0.000101250,1
B71,14,2,4,2,0.166717000,0
B71,14,2,4,3,0.166717000,0
B71,14,2,4,4,0.166717000,0
B71,14,2,4,5,0.000034500,1
B71,14,2,5,2,0.166600833,0
B71,14,2,5,3,0.166600833,0
B71,14,2,5,4,0.166600833,0
B71,14,2,5,5,0.000101667,1
B71,15,2,0,2,0.166717333,0
B71,15,2,0,3,0.166717333,0
B71,15,2,0,4,0.166717333,0
B71,15,2,0,5,0.000034250,1
B71,15,2,1,2,0.166817500,0
B71,15,2,1,3,0.166817500,0
B71,15,2,1,4,0.166817500,0
B71,15,2,1,5,0.000034833,1
B71,15,2,2,2,0.166617333,0
B71,15,2,2,3,0.166617333,0
B71,15,2,2,4,0.166617333,0
B71,15,2,2,5,0.000034667,1
B71,15,2,3,2,0.166700417,0
B71,15,2,3,3,0.166700417,0
B71,15,2,3,4,0.166700417,0
B71,15,2,3,5,0.000101250,1
B71,15,2,4,2,0.166717000,0
B71,15,2,4,3,0.166717000,0
B71,15,2,4,4,0.166717000,0
B71,15,2,4,5,0.000034333,1
B71,15,2,5,2,0.166600417,0
B71,15,2,5,3,0.166600417,0
B71,15,2,5,4,0.166600417,0
B71,15,2,5,5,0.000101250,1
B71,16,2,0,2,0.166617667,0
B71,16,2,0,3,0.166617667,1
B71,16,2,0,4,0.166618333,1
B71,16,2,0,5,0.000034250,1
B71,16,2,1,2,0.166817500,0
B71,16,2,1,3,0.166817500,1
B71,16,2,1,4,0.166817500,1
B71,16,2,1,5,0.000034833,1
B71,16,2,2,2,0.166617333,0
B71,16,2,2,3,0.166617333,0
B71,16,2,2,4,0.166617333,0
B71,16,2,2,5,0.000034667,1
B71,16,2,3,2,0.166700417,0
B71,16,2,3,3,0.166700417,0
B71,16,2,3,4,0.166700417,0
B71,16,2,3,5,0.000101250,1
B71,16,2,4,2,0.166717000,0
B71,16,2,4,3,0.166717000,0
B71,16,2,4,4,0.166717000,0
B71,16,2,4,5,0.000034333,1
B71,16,2,5,2,0.166600417,0
B71,16,2,5,3,0.166600417,0
B71,16,2,5,4,0.166600417,0
B71,16,2,5,5,0.000101250,1
B71,17,2,0,2,0.166617667,0
B71,17,2,0,3,0.166617667,1
B71,17,2,0,4,0.166618333,1
B71,17,2,0,5,0.000034250,1
B71,17,2,1,2,0.166717667,1
B71,17,2,1,3,0.166718500,1
B71,17,2,1,4,0.166718500,1
B71,17,2,1,5,0.000034833,1
B71,17,2,2,2,0.166617333,0
B71,17,2,2,3,0.166617333,0
B71,17,2,2,4,0.166617333,0
B71,17,2,2,5,0.000034667,1
B71,17,2,3,2,0.166700417,0
B71,17,2,3,3,0.166700417,0
B71,17,2,3,4,0.166700417,0
B71,17,2,3,5,0.000101250,1
B71,17,2,4,2,0.166717000,0
B71,17,2,4,3,0.166717000,1
B71,17,2,4,4,0.166717000,1
B71,17,2,4,5,0.000034333,1
B71,17,2,5,2,0.166600417,0
B71,17,2,5,3,0.166600417,0
B71,17,2,5,4,0.166600417,0
B71,17,2,5,5,0.000101250,1
B71,18,2,0,2,0.166617667,0
B71,18,2,0,3,0.166617667,1
B71,18,2,0,4,0.166618333,1
B71,18,2,0,5,0.000034250,1
B71,18,2,1,2,0.166717667,1
B71,18,2,1,3,0.166718500,1
B71,18,2,1,4,0.166718500,1
B71,18,2,1,5,0.000034833,1
B71,18,2,2,2,0.166617333,0
B71,18,2,2,3,0.166617333,0
B71,18,2,2,4,0.166617333,0
B71,18,2,2,5,0.000034667,1
B71,18,2,3,2,0.166601000,1
B71,18,2,3,3,0.166601417,1
B71,18,2,3,4,0.166601417,0
B71,18,2,3,5,0.000101250,1
B71,18,2,4,2,0.166717000,0
B71,18,2,4,3,0.166717000,1
B71,18,2,4,4,0.166717000,1
B71,18,2,4,5,0.000034333,1
B71,18,2,5,2,0.166600417,0
B71,18,2,5,3,0.166600417,0
B71,18,2,5,4,0.166600417,0
B71,18,2,5,5,0.000101250,1
B71,19,2,0,2,0.166617667,0
B71,19,2,0,3,0.166617667,1
B71,19,2,0,4,0.166618333,1
B71,19,2,0,5,0.000034250,1
B71,19,2,1,2,0.166717667,1
B71,19,2,1,3,0.166718500,1
B71,19,2,1,4,0.166718500,1
B71,19,2,1,5,0.000034833,1
B71,19,2,2,2,0.166617333,0
B71,19,2,2,3,0.166617333,1
B71,19,2,2,4,0.166617333,1
B71,19,2,2,5,0.000034667,1
B71,19,2,3,2,0.166601000,1
B71,19,2,3,3,0.166601417,1
B71,19,2,3,4,0.166601417,0
B71,19,2,3,5,0.000101250,1
B71,19,2,4,2,0.166617667,1
B71,19,2,4,3,0.166618000,1
B71,19,2,4,4,0.166618000,1
B71,19,2,4,5,0.000034333,1
B71,19,2,5,2,0.166600417,0
B71,19,2,5,3,0.166600417,0
B71,19,2,5,4,0.166600417,0
B71,19,2,5,5,0.000101250,1
B71,20,2,0,2,0.166517667,1
B71,20,2,0,3,0.166617667,1
B71,20,2,0,4,0.166518333,1
B71,20,2,0,5,0.000034250,1
B71,20,2,1,2,0.166717667,1
B71,20,2,1,3,0.166718500,1
B71,20,2,1,4,0.166718500,1
B71,20,2,1,5,0.000034833,1
B71,20,2,2,2,0.166617333,0
B71,20,2,2,3,0.166617333,1
B71,20,2,2,4,0.166617333,1
B71,20,2,2,5,0.000034667,1
B71,20,2,3,2,0.166601000,1
B71,20,2,3,3,0.166601417,1
B71,20,2,3,4,0.166601417,0
B71,20,2,3,5,0.000101250,1
B71,20,2,4,2,0.166617667,1
B71,20,2,4,3,0.166618000,1
B71,20,2,4,4,0.166618000,1
B71,20,2,4,5,0.000034333,1
B71,20,2,5,2,0.166600417,0
B71,20,2,5,3,0.166600417,0
B71,20,2,5,4,0.166600417,0
B71,20,2,5,5,0.000101250,1
B71,21,2,0,2,0.166417667,1
B71,21,2,0,3,0.166617667,1
B71,21,2,0,4,0.166418333,1
B71,21,2,0,5,0.000034250,1
B71,21,2,1,2,0.166617667,1
B71,21,2,1,3,0.166618500,1
B71,21,2,1,4,0.166618500,1
B71,21,2,1,5,0.000034833,1
B71,21,2,2,2,0.166617333,0
B71,21,2,2,3,0.166617333,1
B71,21,2,2,4,0.166617333,1
B71,21,2,2,5,0.000034667,1
B71,21,2,3,2,0.166501000,1
B71,21,2,3,3,0.166501417,1
B71,21,2,3,4,0.166501417,0
B71,21,2,3,5,0.000101250,1
B71,21,2,4,2,0.166517667,1
B71,21,2,4,3,0.166518667,1
B71,21,2,4,4,0.166518000,1
B71,21,2,4,5,0.000034333,1
B71,21,2,5,2,0.166600417,0
B71,21,2,5,3,0.166600417,0
B71,21,2,5,4,0.166600417,0
B71,21,2,5,5,0.000101250,1
B71,22,2,0,2,0.166317667,1
B71,22,2,0,3,0.166517667,1
B71,22,2,0,4,0.166318667,1
B71,22,2,0,5,0.000034250,1
B71,22,2,1,2,0.166617667,1
B71,22,2,1,3,0.166618500,1
B71,22,2,1,4,0.166618500,1
B71,22,2,1,5,0.000034833,1
B71,22,2,2,2,0.166617333,0
B71,22,2,2,3,0.166617333,1
B71,22,2,2,4,0.166617333,1
B71,22,2,2,5,0.000034667,1
B71,22,2,3,2,0.166501000,1
B71,22,2,3,3,0.166501417,1
B71,22,2,3,4,0.166401417,1
B71,22,2,3,5,0.000101250,1
B71,22,2,4,2,0.166517667,1
B71,22,2,4,3,0.166518667,1
B71,22,2,4,4,0.166518000,1
B71,22,2,4,5,0.000034333,1
B71,22,2,5,2,0.166600417,0
B71,22,2,5,3,0.166600417,0
B71,22,2,5,4,0.166600417,0
B71,22,2,5,5,0.000101250,1
B71,23,2,0,2,0.166317667,1
B71,23,2,0,3,0.166517667,1
B71,23,2,0,4,0.166318667,1
B71,23,2,0,5,0.000034250,1
B71,23,2,1,2,0.166518667,1
B71,23,2,1,3,0.166518500,1
B71,23,2,1,4,0.166518500,1
B71,23,2,1,5,0.000034833,1
B71,23,2,2,2,0.166517667,1
B71,23,2,2,3,0.166617333,1
B71,23,2,2,4,0.166617333,1
B71,23,2,2,5,0.000034667,1
B71,23,2,3,2,0.166501000,1
B71,23,2,3,3,0.166501417,1
B71,23,2,3,4,0.166401417,1
B71,23,2,3,5,0.000101250,1
B71,23,2,4,2,0.166517667,1
B71,23,2,4,3,0.166518667,1
B71,23,2,4,4,0.166518000,1
B71,23,2,4,5,0.000034333,1
B71,23,2,5,2,0.166600417,0
B71,23,2,5,3,0.166600417,0
B71,23,2,5,4,0.166600417,0
B71,23,2,5,5,0.000101250,1
B71,24,2,0,2,0.166317667,1
B71,24,2,0,3,0.166517667,1
B71,24,2,0,4,0.166318667,1
B71,24,2,0,5,0.000034250,1
B71,24,2,1,2,0.166518667,1
B71,24,2,1,3,0.166518500,1
B71,24,2,1,4,0.166518500,1
B71,24,2,1,5,0.000034833,1
B71,24,2,2,2,0.166517667,1
B71,24,2,2,3,0.166617333,1
B71,24,2,2,4,0.166617333,1
B71,24,2,2,5,0.000034667,1
B71,24,2,3,2,0.166501000,1
B71,24,2,3,3,0.166501417,1
B71,24,2,3,4,0.166401417,1
B71,24,2,3,5,0.000101250,1
B71,24,2,4,2,0.166517667,1
B71,24,2,4,3,0.166518667,1
B71,24,2,4,4,0.166518000,1
B71,24,2,4,5,0.000034333,1
B71,24,2,5,2,0.166501000,0
B71,24,2,5,3,0.166501000,1
B71,24,2,5,4,0.166501417,1
B71,24,2,5,5,0.000101250,1
B71,25,2,0,2,0.166317667,1
B71,25,2,0,3,0.166517667,1
B71,25,2,0,4,0.166318667,1
B71,25,2,0,5,0.000034250,1
B71,25,2,1,2,0.166418667,1
B71,25,2,1,3,0.166418667,1
B71,25,2,1,4,0.166418667,1
B71,25,2,1,5,0.000034833,1
B71,25,2,2,2,0.166417667,1
B71,25,2,2,3,0.166617333,1
B71,25,2,2,4,0.166617333,1
B71,25,2,2,5,0.000034667,1
B71,25,2,3,2,0.166501000,1
B71,25,2,3,3,0.166501417,1
B71,25,2,3,4,0.166401417,1
B71,25,2,3,5,0.000101250,1
B71,25,2,4,2,0.166517667,1
B71,25,2,4,3,0.166518667,1
B71,25,2,4,4,0.166518000,1
B71,25,2,4,5,0.000034333,1
B71,25,2,5,2,0.166501000,0
B71,25,2,5,3,0.166501000,1
B71,25,2,5,4,0.166501417,1
B71,25,2,5,5,0.000101250,1
B71,26,2,0,2,0.166317667,1
B71,26,2,0,3,0.166517667,1
B71,26,2,0,4,0.166318667,1
B71,26,2,0,5,0.000034250,1
B71,26,2,1,2,0.166418667,1
B71,26,2,1,3,0.166418667,1
B71,26,2,1,4,0.166418667,1
B71,26,2,1,5,0.000034833,1
B71,26,2,2,2,0.166417667,1
B71,26,2,2,3,0.166617333,1
B71,26,2,2,4,0.166617333,1
B71,26,2,2,5,0.000034667,1
B71,26,2,3,2,0.166500500,1
B71,26,2,3,3,0.166500917,1
B71,26,2,3,4,0.166401417,1
B71,26,2,3,5,0.000101250,1
B71,26,2,4,2,0.166517667,1
B71,26,2,4,3,0.166518667,1
B71,26,2,4,4,0.166518000,1
B71,26,2,4,5,0.000034333,1
B71,26,2,5,2,0.166501000,0
B71,26,2,5,3,0.166501000,1
B71,26,2,5,4,0.166501417,1
B71,26,2,5,5,0.000101250,1
B71,27,2,0,2,0.166317667,1
B71,27,2,0,3,0.166517667,1
B71,27,2,0,4,0.166318667,1
B71,27,2,0,5,0.000034250,1
B71,27,2,1,2,0.166418667,1
B71,27,2,1,3,0.166418667,1
B71,27,2,1,4,0.166418667,1
B71,27,2,1,5,0.000034833,1
B71,27,2,2,2,0.166417667,1
B71,27,2,2,3,0.166617333,1
B71,27,2,2,4,0.166617333,1
B71,27,2,2,5,0.000034667,1
B71,27,2,3,2,0.166500500,1
B71,27,2,3,3,0.166500917,1
B71,27,2,3,4,0.166401417,1
B71,27,2,3,5,0.000101250,1
B71,27,2,4,2,0.166517667,1
B71,27,2,4,3,0.166518667,1
B71,27,2,4,4,0.166518000,1
B71,27,2,4,5,0.000034333,1
B71,27,2,5,2,0.166401000,0
B71,27,2,5,3,0.166401000,1
B71,27,2,5,4,0.166402000,1
B71,27,2,5,5,0.000101250,1
B71,28,2,0,2,0.166317667,1
B71,28,2,0,3,0.166517667,1
B71,28,2,0,4,0.166318667,1
B71,28,2,0,5,0.000034250,1
B71,28,2,1,2,0.166418667,1
B71,28,2,1,3,0.166418667,1
B71,28,2,1,4,0.166418667,1
B71,28,2,1,5,0.000034833,1
B71,28,2,2,2,0.166417667,1
B71,28,2,2,3,0.166617333,1
B71,28,2,2,4,0.166617333,1
B71,28,2,2,5,0.000034667,1
B71,28,2,3,2,0.166500500,1
B71,28,2,3,3,0.166500917,1
B71,28,2,3,4,0.166401417,1
B71,28,2,3,5,0.000101250,1
B71,28,2,4,2,0.166517667,1
B71,28,2,4,3,0.166518667,1
B71,28,2,4,4,0.166518000,1
B71,28,2,4,5,0.000034333,1
B71,28,2,5,2,0.166301000,1
B71,28,2,5,3,0.166302000,1
B71,28,2,5,4,0.166302000,1
B71,28,2,5,5,0.000101250,1
B71,29,3,0,2,0.166317667,0
B71,29,3,0,3,0.166517667,0
B71,29,3,0,4,0.166318667,0
B71,29,3,0,5,0.000034250,0
B71,29,3,1,2,0.166418667,1
B71,29,3,1,3,0.166418667,1
B71,29,3,1,4,0.166418667,0
B71,29,3,1,5,0.000034833,0
B71,29,3,2,2,0.166417667,0
B71,29,3,2,3,0.166617333,0
B71,29,3,2,4,0.166617333,0
B71,29,3,2,5,0.000034667,0
B71,29,3,3,2,0.166500500,0
B71,29,3,3,3,0.166500917,1
B71,29,3,3,4,0.166401417,0
B71,29,3,3,5,0.000101250,1
B71,29,3,4,2,0.166517667,1
B71,29,3,4,3,0.166518667,1
B71,29,3,4,4,0.166518000,0
B71,29,3,4,5,0.000034333,0
B71,29,3,5,2,0.166301000,0
B71,29,3,5,3,0.166302000,0
B71,29,3,5,4,0.166302000,0
B71,29,3,5,5,0.000101250,0
B71,30,3,0,2,0.166317667,0
B71,30,3,0,3,0.166517667,0
B71,30,3,0,4,0.166318667,0
B71,30,3,0,5,0.000034250,0
B71,30,3,1,2,0.166418667,1
B71,30,3,1,3,0.166418667,1
B71,30,3,1,4,0.166418667,0
B71,30,3,1,5,0.000034833,0
B71,30,3,2,2,0.166417667,0
B71,30,3,2,3,0.166617333,1
B71,30,3,2,4,0.166617333,1
B71,30,3,2,5,0.000034667,0
B71,30,3,3,2,0.166301000,1
B71,30,3,3,3,0.166500917,1
B71,30,3,3,4,0.166401417,0
B71,30,3,3,5,0.000101250,1
B71,30,3,4,2,0.166517667,1
B71,30,3,4,3,0.166518667,1
B71,30,3,4,4,0.166518000,0
B71,30,3,4,5,0.000034333,0
B71,30,3,5,2,0.166301000,1
B71,30,3,5,3,0.166302000,0
B71,30,3,5,4,0.166302000,0
B71,30,3,5,5,0.000101250,1
B71,31,3,0,2,0.166317667,0
B71,31,3,0,3,0.166517667,0
B71,31,3,0,4,0.166318667,1
B71,31,3,0,5,0.000034250,0
B71,31,3,1,2,0.166418667,1
B71,31,3,1,3,0.166418667,1
B71,31,3,1,4,0.166418667,0
B71,31,3,1,5,0.000034833,0
B71,31,3,2,2,0.166417667,0
B71,31,3,2,3,0.166617333,1
B71,31,3,2,4,0.166617333,1
B71,31,3,2,5,0.000034667,0
B71,31,3,3,2,0.166301000,1
B71,31,3,3,3,0.166500917,1
B71,31,3,3,4,0.166401417,0
B71,31,3,3,5,0.000101250,1
B71,31,3,4,2,0.166517667,1
B71,31,3,4,3,0.166518667,1
B71,31,3,4,4,0.166518000,0
B71,31,3,4,5,0.000034333,0
B71,31,3,5,2,0.166301000,1
B71,31,3,5,3,0.166302000,0
B71,31,3,5,4,0.166302000,0
B71,31,3,5,5,0.000101250,1
B71,32,3,0,2,0.166217667,1
B71,32,3,0,3,0.166517667,0
B71,32,3,0,4,0.166318667,1
B71,32,3,0,5,0.000034250,0
B71,32,3,1,2,0.166418667,1
B71,32,3,1,3,0.166418667,1
B71,32,3,1,4,0.166418667,0
B71,32,3,1,5,0.000034833,0
B71,32,3,2,2,0.166417667,0
B71,32,3,2,3,0.166617333,1
B71,32,3,2,4,0.166617333,1
B71,32,3,2,5,0.000034667,0
B71,32,3,3,2,0.166301000,1
B71,32,3,3,3,0.166500917,1
B71,32,3,3,4,0.166401417,1
B71,32,3,3,5,0.000101250,1
B71,32,3,4,2,0.166517667,1
B71,32,3,4,3,0.166518667,1
B71,32,3,4,4,0.166518000,0
B71,32,3,4,5,0.000034333,0
B71,32,3,5,2,0.166301000,1
B71,32,3,5,3,0.166301500,1
B71,32,3,5,4,0.166302000,0
B71,32,3,5,5,0.000101250,1
B71,33,3,0,2,0.166217667,1
B71,33,3,0,3,0.166517667,1
B71,33,3,0,4,0.166318667,1
B71,33,3,0,5,0.000034250,0
B71,33,3,1,2,0.166418667,1
B71,33,3,1,3,0.166418667,1
B71,33,3,1,4,0.166418667,0
B71,33,3,1,5,0.000034833,0
B71,33,3,2,2,0.166417667,0
B71,33,3,2,3,0.166617333,1
B71,33,3,2,4,0.166617333,1
B71,33,3,2,5,0.000034667,0
B71,33,3,3,2,0.166301000,1
B71,33,3,3,3,0.166500917,1
B71,33,3,3,4,0.166401417,1
B71,33,3,3,5,0.000101250,1
B71,33,3,4,2,0.166517667,1
B71,33,3,4,3,0.166518167,1
B71,33,3,4,4,0.166518000,0
B71,33,3,4,5,0.000034333,0
B71,33,3,5,2,0.166301000,1
B71,33,3,5,3,0.166301500,1
B71,33,3,5,4,0.166302000,0
B71,33,3,5,5,0.000101250,1
B71,34,3,0,2,0.166217667,1
B71,34,3,0,3,0.166517667,1
B71,34,3,0,4,0.166318667,1
B71,34,3,0,5,0.000034250,0
B71,34,3,1,2,0.166418667,1
B71,34,3,1,3,0.166418667,1
B71,34,3,1,4,0.166418667,0
B71,34,3,1,5,0.000034833,0
B71,34,3,2,2,0.166417667,0
B71,34,3,2,3,0.166617333,1
B71,34,3,2,4,0.166418333,1
B71,34,3,2,5,0.000034667,1
B71,34,3,3,2,0.166250583,1
B71,34,3,3,3,0.166500917,1
B71,34,3,3,4,0.166401083,1
B71,34,3,3,5,0.000101250,1
B71,34,3,4,2,0.166517667,1
B71,34,3,4,3,0.166518167,1
B71,34,3,4,4,0.166518000,0
B71,34,3,4,5,0.000034333,0
B71,34,3,5,2,0.166301000,1
B71,34,3,5,3,0.166301500,1
B71,34,3,5,4,0.166302000,0
B71,34,3,5,5,0.000101250,1
B71,35,3,0,2,0.166217667,1
B71,35,3,0,3,0.166517667,1
B71,35,3,0,4,0.166318667,1
B71,35,3,0,5,0.000034250,1
B71,35,3,1,2,0.166418667,1
B71,35,3,1,3,0.166418667,1
B71,35,3,1,4,0.166418667,0
B71,35,3,1,5,0.000034833,0
B71,35,3,2,2,0.166417667,1
B71,35,3,2,3,0.166617333,1
B71,35,3,2,4,0.166418333,1
B71,35,3,2,5,0.000034667,1
B71,35,3,3,2,0.166250583,1
B71,35,3,3,3,0.166500917,1
B71,35,3,3,4,0.166401083,1
B71,35,3,3,5,0.000101250,1
B71,35,3,4,2,0.166517667,1
B71,35,3,4,3,0.166518167,1
B71,35,3,4,4,0.166518000,0
B71,35,3,4,5,0.000034333,0
B71,35,3,5,2,0.166301000,1
B71,35,3,5,3,0.166301500,1
B71,35,3,5,4,0.166302000,0
B71,35,3,5,5,0.000101250,1
B71,36,3,0,2,0.166217667,1
B71,36,3,0,3,0.166517667,1
B71,36,3,0,4,0.166318667,1
B71,36,3,0,5,0.000034250,1
B71,36,3,1,2,0.166418667,1
B71,36,3,1,3,0.166418667,1
B71,36,3,1,4,0.166418667,0
B71,36,3,1,5,0.000034833,1
B71,36,3,2,2,0.166417667,1
B71,36,3,2,3,0.166617333,1
B71,36,3,2,4,0.166418333,1
B71,36,3,2,5,0.000034667,1
B71,36,3,3,2,0.166250583,1
B71,36,3,3,3,0.166500917,1
B71,36,3,3,4,0.166401083,1
B71,36,3,3,5,0.000101250,1
B71,36,3,4,2,0.166517667,1
B71,36,3,4,3,0.166518167,1
B71,36,3,4,4,0.166518000,0
B71,36,3,4,5,0.000034333,1
B71,36,3,5,2,0.166301000,1
B71,36,3,5,3,0.166301500,1
B71,36,3,5,4,0.166302000,0
B71,36,3,5,5,0.000101250,1
B71,37,3,0,2,0.166217667,1
B71,37,3,0,3,0.166517667,1
B71,37,3,0,4,0.166318667,1
B71,37,3,0,5,0.000034250,1
B71,37,3,1,2,0.166418667,1
B71,37,3,1,3,0.166418667,1
B71,37,3,1,4,0.166418667,0
B71,37,3,1,5,0.000034833,1
B71,37,3,2,2,0.166417667,1
B71,37,3,2,3,0.166617333,1
B71,37,3,2,4,0.166418333,1
B71,37,3,2,5,0.000034667,1
B71,37,3,3,2,0.166250583,1
B71,37,3,3,3,0.166301417,1
B71,37,3,3,4,0.166301417,1
B71,37,3,3,5,0.000101250,1
B71,37,3,4,2,0.166517667,1
B71,37,3,4,3,0.166518167,1
B71,37,3,4,4,0.166518000,0
B71,37,3,4,5,0.000034333,1
B71,37,3,5,2,0.166301000,1
B71,37,3,5,3,0.166301500,1
B71,37,3,5,4,0.166302000,0
B71,37,3,5,5,0.000101250,1
B71,38,3,0,2,0.166217667,1
B71,38,3,0,3,0.166509250,1
B71,38,3,0,4,0.166318667,1
B71,38,3,0,5,0.000034250,1
B71,38,3,1,2,0.166418667,1
B71,38,3,1,3,0.166418667,1
B71,38,3,1,4,0.166418667,0
B71,38,3,1,5,0.000034833,1
B71,38,3,2,2,0.166417667,1
B71,38,3,2,3,0.166617333,1
B71,38,3,2,4,0.166418333,1
B71,38,3,2,5,0.000034667,1
B71,38,3,3,2,0.110900722,1
B71,38,3,3,3,0.166301417,1
B71,38,3,3,4,0.083292583,1
B71,38,3,3,5,0.000101250,1
B71,38,3,4,2,0.166501000,1
B71,38,3,4,3,0.166501500,1
B71,38,3,4,4,0.166434250,1
B71,38,3,4,5,0.000034333,1
B71,38,3,5,2,0.166250667,1
B71,38,3,5,3,0.166301500,1
B71,38,3,5,4,0.166302000,0
B71,38,3,5,5,0.000101250,1
B71,39,3,0,2,0.166217667,1
B71,39,3,0,3,0.166509250,1
B71,39,3,0,4,0.166318667,1
B71,39,3,0,5,0.000034250,1
B71,39,3,1,2,0.166418667,1
B71,39,3,1,3,0.166318500,1
B71,39,3,1,4,0.166318667,0
B71,39,3,1,5,0.000034833,1
B71,39,3,2,2,0.166417667,1
B71,39,3,2,3,0.166617333,1
B71,39,3,2,4,0.166418333,1
B71,39,3,2,5,0.000034667,1
B71,39,3,3,2,0.083351083,1
B71,39,3,3,3,0.124850917,1
B71,39,3,3,4,0.066730917,1
B71,39,3,3,5,0.000101250,1
B71,39,3,4,2,0.166501000,1
B71,39,3,4,3,0.166501500,1
B71,39,3,4,4,0.166434250,1
B71,39,3,4,5,0.000034333,1
B71,39,3,5,2,0.166250667,1
B71,39,3,5,3,0.166301500,1
B71,39,3,5,4,0.166302000,0
B71,39,3,5,5,0.000101250,1
B71,40,3,0,2,0.166217667,1
B71,40,3,0,3,0.166509250,1
B71,40,3,0,4,0.166318667,1
B71,40,3,0,5,0.000034250,1
B71,40,3,1,2,0.166418667,1
B71,40,3,1,3,0.166318500,1
B71,40,3,1,4,0.166318667,0
B71,40,3,1,5,0.000034833,1
B71,40,3,2,2,0.166417667,1
B71,40,3,2,3,0.166617333,1
B71,40,3,2,4,0.166418333,1
B71,40,3,2,5,0.000034667,1
B71,40,3,3,2,0.083351083,1
B71,40,3,3,3,0.124841194,1
B71,40,3,3,4,0.066730917,1
B71,40,3,3,5,0.000101250,1
B71,40,3,4,2,0.166501000,1
B71,40,3,4,3,0.166501500,1
B71,40,3,4,4,0.166434250,1
B71,40,3,4,5,0.000034333,1
B71,40,3,5,2,0.166250667,1
B71,40,3,5,3,0.166301500,1
B71,40,3,5,4,0.166301500,1
B71,40,3,5,5,0.000101250,1
B71,41,3,0,2,0.110790000,1
B71,41,3,0,3,0.166509250,1
B71,41,3,0,4,0.110935000,1
B71,41,3,0,5,0.000034250,1
B71,41,3,1,2,0.166352500,1
B71,41,3,1,3,0.166301333,1
B71,41,3,1,4,0.166318167,0
B71,41,3,1,5,0.000034833,1
B71,41,3,2,2,0.166351500,1
B71,41,3,2,3,0.166351500,1
B71,41,3,2,4,0.166202167,1
B71,41,3,2,5,0.000034667,1
B71,41,3,3,2,0.055434333,1
B71,41,3,3,3,0.124739000,1
B71,41,3,3,4,0.051289647,1
B71,41,3,3,5,0.000101250,1
B71,41,3,4,2,0.166501000,1
B71,41,3,4,3,0.138604333,1
B71,41,3,4,4,0.101644657,1
B71,41,3,4,5,0.000034333,1
B71,41,3,5,2,0.066460600,1
B71,41,3,5,3,0.166094083,1
B71,41,3,5,4,0.166085333,1
B71,41,3,5,5,0.000101250,1
B71,42,3,0,2,0.110790000,1
B71,42,3,0,3,0.166509250,1
B71,42,3,0,4,0.110935000,1
B71,42,3,0,5,0.000034250,1
B71,42,3,1,2,0.166352500,1
B71,42,3,1,3,0.166301333,1
B71,42,3,1,4,0.166318167,0
B71,42,3,1,5,0.000034833,1
B71,42,3,2,2,0.166351500,1
B71,42,3,2,3,0.166351500,1
B71,42,3,2,4,0.166202167,1
B71,42,3,2,5,0.000034667,1
B71,42,3,3,2,0.055434333,1
B71,42,3,3,3,0.112942393,1
B71,42,3,3,4,0.051289647,1
B71,42,3,3,5,0.000101250,1
B71,42,3,4,2,0.166501000,1
B71,42,3,4,3,0.138604333,1
B71,42,3,4,4,0.101644657,1
B71,42,3,4,5,0.000034333,1
B71,42,3,5,2,0.066460600,1
B71,42,3,5,3,0.166094083,1
B71,42,3,5,4,0.166085333,1
B71,42,3,5,5,0.000101250,1
B71,43,3,0,2,0.109736167,1
B71,43,3,0,3,0.165302500,1
B71,43,3,0,4,0.108739667,1
B71,43,3,0,5,0.000034250,1
B71,43,3,1,2,0.070061143,1
B71,43,3,1,3,0.052802488,1
B71,43,3,1,4,0.123249583,0
B71,43,3,1,5,0.000034833,1
B71,43,3,2,2,0.070060143,1
B71,43,3,2,3,0.108638667,1
B71,43,3,2,4,0.083859533,1
B71,43,3,2,5,0.000034667,1
B71,43,3,3,2,0.032281891,1
B71,43,3,3,3,0.054530722,1
B71,43,3,3,4,0.050091731,1
B71,43,3,3,5,0.000101250,1
B71,43,3,4,2,0.109438667,1
B71,43,3,4,3,0.134287364,1
B71,43,3,4,4,0.097899467,1
B71,43,3,4,5,0.000034333,1
B71,43,3,5,2,0.061390625,1
B71,43,3,5,3,0.047707764,1
B71,43,3,5,4,0.054672111,1
B71,43,3,5,5,0.000101250,1
B71,44,3,0,2,0.109736167,1
B71,44,3,0,3,0.165302500,1
B71,44,3,0,4,0.108739667,1
B71,44,3,0,5,0.000034250,1
B71,44,3,1,2,0.070061143,1
B71,44,3,1,3,0.052802488,1
B71,44,3,1,4,0.123249583,0
B71,44,3,1,5,0.000034833,1
B71,44,3,2,2,0.070060143,1
B71,44,3,2,3,0.104070241,1
B71,44,3,2,4,0.080214593,1
B71,44,3,2,5,0.000034667,1
B71,44,3,3,2,0.032229804,1
B71,44,3,3,3,0.054530722,1
B71,44,3,3,4,0.047416333,1
B71,44,3,3,5,0.000101250,1
B71,44,3,4,2,0.109438667,1
B71,44,3,4,3,0.133078486,1
B71,44,3,4,4,0.091662375,1
B71,44,3,4,5,0.000034333,1
B71,44,3,5,2,0.061290875,1
B71,44,3,5,3,0.047707764,1
B71,44,3,5,4,0.048849667,1
B71,44,3,5,5,0.000101250,1
B71,45,3,0,2,0.109736167,1
B71,45,3,0,3,0.165302500,1
B71,45,3,0,4,0.108739667,1
B71,45,3,0,5,0.000034250,1
B71,45,3,1,2,0.069861143,1
B71,45,3,1,3,0.052752738,1
B71,45,3,1,4,0.123199833,0
B71,45,3,1,5,0.000034833,1
B71,45,3,2,2,0.069861143,1
B71,45,3,2,3,0.103959130,1
B71,45,3,2,4,0.080125704,1
B71,45,3,2,5,0.000034667,1
B71,45,3,3,2,0.032229804,1
B71,45,3,3,3,0.053093443,1
B71,45,3,3,4,0.047408000,1
B71,45,3,3,5,0.000101250,1
B71,45,3,4,2,0.109438667,1
B71,45,3,4,3,0.133078486,1
B71,45,3,4,4,0.091662375,1
B71,45,3,4,5,0.000034333,1
B71,45,3,5,2,0.061290875,1
B71,45,3,5,3,0.047682764,1
B71,45,3,5,4,0.048749667,1
B71,45,3,5,5,0.000101250,1
B71,46,3,0,2,0.109736167,1
B71,46,3,0,3,0.164005500,1
B71,46,3,0,4,0.108739667,1
B71,46,3,0,5,0.000034250,1
B71,46,3,1,2,0.069861143,1
B71,46,3,1,3,0.052752738,1
B71,46,3,1,4,0.123199833,0
B71,46,3,1,5,0.000034833,1
B71,46,3,2,2,0.069861143,1
B71,46,3,2,3,0.096939714,1
B71,46,3,2,4,0.077272760,1
B71,46,3,2,5,0.000034667,1
B71,46,3,3,2,0.031275534,1
B71,46,3,3,3,0.053088180,1
B71,46,3,3,4,0.047408000,1
B71,46,3,3,5,0.000101250,1
B71,46,3,4,2,0.109438667,1
B71,46,3,4,3,0.133078486,1
B71,46,3,4,4,0.090594833,1
B71,46,3,4,5,0.000034333,1
B71,46,3,5,2,0.058518333,1
B71,46,3,5,3,0.047682764,1
B71,46,3,5,4,0.048749667,1
B71,46,3,5,5,0.000101250,1
B71,47,3,0,2,0.109736167,1
B71,47,3,0,3,0.164005500,1
B71,47,3,0,4,0.108739667,1
B71,47,3,0,5,0.000034250,1
B71,47,3,1,2,0.069861143,1
B71,47,3,1,3,0.052752738,1
B71,47,3,1,4,0.123199833,0
B71,47,3,1,5,0.000034833,1
B71,47,3,2,2,0.069861143,1
B71,47,3,2,3,0.096939714,1
B71,47,3,2,4,0.075649417,1
B71,47,3,2,5,0.000034667,1
B71,47,3,3,2,0.027484667,1
B71,47,3,3,3,0.052441801,1
B71,47,3,3,4,0.047408000,1
B71,47,3,3,5,0.000101250,1
B71,47,3,4,2,0.104277804,1
B71,47,3,4,3,0.131265567,1
B71,47,3,4,4,0.085335873,1
B71,47,3,4,5,0.000034333,1
B71,47,3,5,2,0.054369833,1
B71,47,3,5,3,0.047682764,1
B71,47,3,5,4,0.045223093,1
B71,47,3,5,5,0.000101250,1
B71,48,3,0,2,0.082452000,1
B71,48,3,0,3,0.123753250,1
B71,48,3,0,4,0.093526286,1
B71,48,3,0,5,0.000034250,1
B71,48,3,1,2,0.053838000,1
B71,48,3,1,3,0.052724167,1
B71,48,3,1,4,0.123099833,0
B71,48,3,1,5,0.000034833,1
B71,48,3,2,2,0.040378750,1
B71,48,3,2,3,0.066469879,1
B71,48,3,2,4,0.040669417,1
B71,48,3,2,5,0.000034667,1
B71,48,3,3,2,0.023775452,1
B71,48,3,3,3,0.045362135,1
B71,48,3,3,4,0.047354333,1
B71,48,3,3,5,0.000101250,1
B71,48,3,4,2,0.076501629,1
B71,48,3,4,3,0.088360174,1
B71,48,3,4,4,0.085145450,1
B71,48,3,4,5,0.000034333,1
B71,48,3,5,2,0.051170267,1
B71,48,3,5,3,0.040592333,1
B71,48,3,5,4,0.040416000,1
B71,48,3,5,5,0.000101250,1
B71,49,3,0,2,0.082452000,1
B71,49,3,0,3,0.123753250,1
B71,49,3,0,4,0.090832778,1
B71,49,3,0,5,0.000034250,1
B71,49,3,1,2,0.053838000,1
B71,49,3,1,3,0.044105800,1
B71,49,3,1,4,0.108755333,1
B71,49,3,1,5,0.000034833,1
B71,49,3,2,2,0.040378750,1
B71,49,3,2,3,0.066018719,1
B71,49,3,2,4,0.040669292,1
B71,49,3,2,5,0.000034667,1
B71,49,3,3,2,0.023775452,1
B71,49,3,3,3,0.045337135,1
B71,49,3,3,4,0.046921785,1
B71,49,3,3,5,0.000101250,1
B71,49,3,4,2,0.076501629,1
B71,49,3,4,3,0.079770924,1
B71,49,3,4,4,0.084184897,1
B71,49,3,4,5,0.000034333,1
B71,49,3,5,2,0.050520019,1
B71,49,3,5,3,0.040554833,1
B71,49,3,5,4,0.040416000,1
B71,49,3,5,5,0.000101250,1
B71,50,4,0,2,0.082452000,0
B71,50,4,0,3,0.082760500,1
B71,50,4,0,4,0.090832778,0
B71,50,4,0,5,0.000034250,1
B71,50,4,1,2,0.053838000,0
B71,50,4,1,3,0.044105800,0
B71,50,4,1,4,0.108755333,0
B71,50,4,1,5,0.000034833,0
B71,50,4,2,2,0.040378750,0
B71,50,4,2,3,0.066018719,0
B71,50,4,2,4,0.040669292,0
B71,50,4,2,5,0.000034667,1
B71,50,4,3,2,0.023775452,0
B71,50,4,3,3,0.045337135,0
B71,50,4,3,4,0.046406143,0
B71,50,4,3,5,0.000101250,0
B71,50,4,4,2,0.075470587,0
B71,50,4,4,3,0.079761924,0
B71,50,4,4,4,0.084184897,0
B71,50,4,4,5,0.000034333,1
B71,50,4,5,2,0.050520019,0
B71,50,4,5,3,0.040554833,0
B71,50,4,5,4,0.040391125,1
B71,50,4,5,5,0.000101250,0
B71,51,4,0,2,0.051063026,1
B71,51,4,0,3,0.036958654,1
B71,51,4,0,4,0.057399810,0
B71,51,4,0,5,0.000034250,1
B71,51,4,1,2,0.032243400,0
B71,51,4,1,3,0.022172325,0
B71,51,4,1,4,0.079908000,0
B71,51,4,1,5,0.000034833,0
B71,51,4,2,2,0.030334188,1
B71,51,4,2,3,0.061982192,0
B71,51,4,2,4,0.038424720,0
B71,51,4,2,5,0.000034667,1
B71,51,4,3,2,0.020501250,1
B71,51,4,3,3,0.032163083,0
B71,51,4,3,4,0.045463543,1
B71,51,4,3,5,0.000101250,0
B71,51,4,4,2,0.073010400,0
B71,51,4,4,3,0.056412038,0
B71,51,4,4,4,0.080456517,0
B71,51,4,4,5,0.000034333,1
B71,51,4,5,2,0.045299360,0
B71,51,4,5,3,0.030305438,0
B71,51,4,5,4,0.030334125,1
B71,51,4,5,5,0.000101250,1
B71,52,4,0,2,0.049855038,1
B71,52,4,0,3,0.036958654,1
B71,52,4,0,4,0.057399810,0
B71,52,4,0,5,0.000034250,1
B71,52,4,1,2,0.032243400,0
B71,52,4,1,3,0.022172325,1
B71,52,4,1,4,0.079908000,1
B71,52,4,1,5,0.000034833,0
B71,52,4,2,2,0.030334187,1
B71,52,4,2,3,0.061686500,0
B71,52,4,2,4,0.037827767,1
B71,52,4,2,5,0.000034667,1
B71,52,4,3,2,0.020501250,1
B71,52,4,3,3,0.032163083,0
B71,52,4,3,4,0.045463543,1
B71,52,4,3,5,0.000101250,1
B71,52,4,4,2,0.073010400,0
B71,52,4,4,3,0.056412038,0
B71,52,4,4,4,0.080456517,0
B71,52,4,4,5,0.000034333,1
B71,52,4,5,2,0.043919708,0
B71,52,4,5,3,0.030305437,0
B71,52,4,5,4,0.030334125,1
B71,52,4,5,5,0.000101250,1
B71,53,4,0,2,0.049467788,1
B71,53,4,0,3,0.036086612,1
B71,53,4,0,4,0.054542368,0
B71,53,4,0,5,0.000034250,1
B71,53,4,1,2,0.026022194,1
B71,53,4,1,3,0.018489550,1
B71,53,4,1,4,0.059734455,1
B71,53,4,1,5,0.000034833,0
B71,53,4,2,2,0.025243312,1
B71,53,4,2,3,0.061299250,0
B71,53,4,2,4,0.037440517,1
B71,53,4,2,5,0.000034667,1
B71,53,4,3,2,0.020168583,1
B71,53,4,3,3,0.027072271,0
B71,53,4,3,4,0.044368559,1
B71,53,4,3,5,0.000101250,1
B71,53,4,4,2,0.072191650,1
B71,53,4,4,3,0.044016638,0
B71,53,4,4,4,0.080077317,1
B71,53,4,4,5,0.000034333,1
B71,53,4,5,2,0.043520708,0
B71,53,4,5,3,0.025215146,0
B71,53,4,5,4,0.026853000,1
B71,53,4,5,5,0.000101250,1
B71,54,4,0,2,0.050827308,1
B71,54,4,0,3,0.037053383,1
B71,54,4,0,4,0.056139358,1
B71,54,4,0,5,0.000068000,1
B71,54,4,1,2,0.025835250,1
B71,54,4,1,3,0.015858281,1
B71,54,4,1,4,0.060461237,1
B71,54,4,1,5,0.000068667,0
B71,54,4,2,2,0.025834938,1
B71,54,4,2,3,0.056973859,0
B71,54,4,2,4,0.036793921,1
B71,54,4,2,5,0.000034667,1
B71,54,4,3,2,0.020689750,1
B71,54,4,3,3,0.022108949,1
B71,54,4,3,4,0.040450388,1
B71,54,4,3,5,0.000035333,1
B71,54,4,4,2,0.067635261,1
B71,54,4,4,3,0.041287750,0
B71,54,4,4,4,0.074990297,1
B71,54,4,4,5,0.000036000,1
B71,54,4,5,2,0.044635292,1
B71,54,4,5,3,0.022031849,0
B71,54,4,5,4,0.025835438,1
B71,54,4,5,5,0.000036667,1
B71,55,4,0,2,0.010283586,1
B71,55,4,0,3,0.022873879,1
B71,55,4,0,4,0.015238608,1
B71,55,4,0,5,0.000068000,1
B71,55,4,1,2,0.013703667,1
B71,55,4,1,3,0.010501465,1
B71,55,4,1,4,0.024775847,1
B71,55,4,1,5,0.000068667,0
B71,55,4,2,2,0.013703167,1
B71,55,4,2,3,0.009482762,0
B71,55,4,2,4,0.009342588,1
B71,55,4,2,5,0.000034667,1
B71,55,4,3,2,0.013095802,1
B71,55,4,3,3,0.010170924,1
B71,55,4,3,4,0.009226122,1
B71,55,4,3,5,0.000035333,1
B71,55,4,4,2,0.017492756,1
B71,55,4,4,3,0.018484840,0
B71,55,4,4,4,0.012257198,1
B71,55,4,4,5,0.000036000,1
B71,55,4,5,2,0.019894594,1
B71,55,4,5,3,0.010095499,0
B71,55,4,5,4,0.014909781,1
B71,55,4,5,5,0.000036667,1
B71,56,4,0,2,0.010252586,1
B71,56,4,0,3,0.017125666,1
B71,56,4,0,4,0.014019583,1
B71,56,4,0,5,0.000068000,1
B71,56,4,1,2,0.013703667,1
B71,56,4,1,3,0.009807259,1
B71,56,4,1,4,0.022168766,1
B71,56,4,1,5,0.000068667,0
B71,56,4,2,2,0.013703167,1
B71,56,4,2,3,0.009186928,1
B71,56,4,2,4,0.009260744,1
B71,56,4,2,5,0.000034667,1
B71,56,4,3,2,0.012048455,1
B71,56,4,3,3,0.009904495,1
B71,56,4,3,4,0.008945479,1
B71,56,4,3,5,0.000035333,1
B71,56,4,4,2,0.017492756,1
B71,56,4,4,3,0.018068461,0
B71,56,4,4,4,0.011939451,1
B71,56,4,4,5,0.000036000,1
B71,56,4,5,2,0.018202432,1
B71,56,4,5,3,0.009832503,0
B71,56,4,5,4,0.013806307,1
B71,56,4,5,5,0.000036667,1
B71,57,4,0,2,0.000093400,1
B71,57,4,0,3,0.000034551,1
B71,57,4,0,4,0.000120500,1
B71,57,4,0,5,0.000050885,1
B71,57,4,1,2,0.000050597,1
B71,57,4,1,3,0.000032600,1
B71,57,4,1,4,0.000039000,1
B71,57,4,1,5,0.000051447,0
B71,57,4,2,2,0.000050597,1
B71,57,4,2,3,0.000015000,1
B71,57,4,2,4,0.000037861,1
B71,57,4,2,5,0.000051786,1
B71,57,4,3,2,0.000007556,1
B71,57,4,3,3,0.000026206,1
B71,57,4,3,4,0.000064171,1
B71,57,4,3,5,0.000050783,1
B71,57,4,4,2,0.000015200,1
B71,57,4,4,3,0.000028600,0
B71,57,4,4,4,0.000083500,1
B71,57,4,4,5,0.000050984,1
B71,57,4,5,2,0.000046500,1
B71,57,4,5,3,0.000080200,0
B71,57,4,5,4,0.000125947,1
B71,57,4,5,5,0.000053795,1
B71,58,4,0,2,0.000092667,1
B71,58,4,0,3,0.000033595,1
B71,58,4,0,4,0.000119000,1
B71,58,4,0,5,0.000050724,1
B71,58,4,1,2,0.000048889,1
B71,58,4,1,3,0.000031500,1
B71,58,4,1,4,0.000042333,1
B71,58,4,1,5,0.000051294,0
B71,58,4,2,2,0.000048725,1
B71,58,4,2,3,0.000012778,1
B71,58,4,2,4,0.000037750,1
B71,58,4,2,5,0.000051445,1
B71,58,4,3,2,0.000008667,1
B71,58,4,3,3,0.000025167,1
B71,58,4,3,4,0.000063201,1
B71,58,4,3,5,0.000050654,1
B71,58,4,4,2,0.000013000,1
B71,58,4,4,3,0.000025667,0
B71,58,4,4,4,0.000081500,1
B71,58,4,4,5,0.000050739,1
B71,58,4,5,2,0.000044167,1
B71,58,4,5,3,0.000079630,1
B71,58,4,5,4,0.000124621,1
B71,58,4,5,5,0.000052727,1
B71,59,4,0,2,0.000092545,1
B71,59,4,0,3,0.000033595,1
B71,59,4,0,4,0.000118955,1
B71,59,4,0,5,0.000050725,1
B71,59,4,1,2,0.000048889,1
B71,59,4,1,3,0.000031500,1
B71,59,4,1,4,0.000042012,1
B71,59,4,1,5,0.000051294,0
B71,59,4,2,2,0.000048725,1
B71,59,4,2,3,0.000012765,1
B71,59,4,2,4,0.000037667,1
B71,59,4,2,5,0.000051445,1
B71,59,4,3,2,0.000008667,1
B71,59,4,3,3,0.000025167,1
B71,59,4,3,4,0.000063201,1
B71,59,4,3,5,0.000050654,1
B71,59,4,4,2,0.000013000,1
B71,59,4,4,3,0.000025667,1
B71,59,4,4,4,0.000081500,1
B71,59,4,4,5,0.000050739,1
B71,59,4,5,2,0.000044167,1
B71,59,4,5,3,0.000079630,1
B71,59,4,5,4,0.000124621,1
B71,59,4,5,5,0.000052722,1
B71,60,4,0,2,0.000092545,1
B71,60,4,0,3,0.000033595,1
B71,60,4,0,4,0.000118955,1
B71,60,4,0,5,0.000050725,1
B71,60,4,1,2,0.000048889,1
B71,60,4,1,3,0.000031500,1
B71,60,4,1,4,0.000042012,1
B71,60,4,1,5,0.000051294,0
B71,60,4,2,2,0.000048725,1
B71,60,4,2,3,0.000012765,1
B71,60,4,2,4,0.000037667,1
B71,60,4,2,5,0.000051445,1
B71,60,4,3,2,0.000008667,1
B71,60,4,3,3,0.000025155,1
B71,60,4,3,4,0.000063201,1
B71,60,4,3,5,0.000050654,1
B71,60,4,4,2,0.000013000,1
B71,60,4,4,3,0.000025667,1
B71,60,4,4,4,0.000081500,1
B71,60,4,4,5,0.000050739,1
B71,60,4,5,2,0.000044167,1
B71,60,4,5,3,0.000079630,1
B71,60,4,5,4,0.000124621,1
B71,60,4,5,5,0.000052714,1
B71,61,4,0,2,0.000092545,1
B71,61,4,0,3,0.000033595,1
B71,61,4,0,4,0.000118955,1
B71,61,4,0,5,0.000050725,1
B71,61,4,1,2,0.000048889,1
B71,61,4,1,3,0.000031500,1
B71,61,4,1,4,0.000042012,1
B71,61,4,1,5,0.000051294,0
B71,61,4,2,2,0.000048725,1
B71,61,4,2,3,0.000012765,1
B71,61,4,2,4,0.000037667,1
B71,61,4,2,5,0.000051445,1
B71,61,4,3,2,0.000008667,1
B71,61,4,3,3,0.000025155,1
B71,61,4,3,4,0.000063201,1
B71,61,4,3,5,0.000050654,1
B71,61,4,4,2,0.000013000,1
B71,61,4,4,3,0.000025667,1
B71,61,4,4,4,0.000081500,1
B71,61,4,4,5,0.000050739,1
B71,61,4,5,2,0.000044167,1
B71,61,4,5,3,0.000079630,1
B71,61,4,5,4,0.000124621,1
B71,61,4,5,5,0.000052716,1
B71,62,4,0,2,0.000092545,1
B71,62,4,0,3,0.000033595,1
B71,62,4,0,4,0.000118955,1
B71,62,4,0,5,0.000050725,1
B71,62,4,1,2,0.000048889,1
B71,62,4,1,3,0.000031500,1
B71,62,4,1,4,0.000042012,1
B71,62,4,1,5,0.000051294,0
B71,62,4,2,2,0.000048725,1
B71,62,4,2,3,0.000012765,1
B71,62,4,2,4,0.000037667,1
B71,62,4,2,5,0.000051445,1
B71,62,4,3,2,0.000008667,1
B71,62,4,3,3,0.000025155,1
B71,62,4,3,4,0.000063201,1
B71,62,4,3,5,0.000050654,1
B71,62,4,4,2,0.000013000,1
B71,62,4,4,3,0.000025667,1
B71,62,4,4,4,0.000081500,1
B71,62,4,4,5,0.000050739,1
B71,62,4,5,2,0.000044167,1
B71,62,4,5,3,0.000079630,1
B71,62,4,5,4,0.000124621,1
B71,62,4,5,5,0.000052714,1
B71,63,4,0,2,0.000015162,1
B71,63,4,0,3,0.000071060,1
B71,63,4,0,4,0.000076822,1
B71,63,4,0,5,0.000029920,1
B71,63,4,1,2,0.000086020,1
B71,63,4,1,3,0.000112412,1
B71,63,4,1,4,0.000063339,1
B71,63,4,1,5,0.000029920,0
B71,63,4,2,2,0.000086020,1
B71,63,4,2,3,0.000012750,1
B71,63,4,2,4,0.000093500,1
B71,63,4,2,5,0.000032346,1
B71,63,4,3,2,0.000015668,1
B71,63,4,3,3,0.000013005,1
B71,63,4,3,4,0.000022440,1
B71,63,4,3,5,0.000032346,1
B71,63,4,4,2,0.000026350,1
B71,63,4,4,3,0.000033362,1
B71,63,4,4,4,0.000085425,1
B71,63,4,4,5,0.000029920,1
B71,63,4,5,2,0.000078540,1
B71,63,4,5,3,0.000014556,1
B71,63,4,5,4,0.000100980,1
B71,63,4,5,5,0.000149600,1
B71,64,4,0,2,0.000053350,1
B71,64,4,0,3,0.000015716,1
B71,64,4,0,4,0.000028727,1
B71,64,4,0,5,0.000006735,1
B71,64,4,1,2,0.000009576,1
B71,64,4,1,3,0.000056127,1
B71,64,4,1,4,0.000062414,1
B71,64,4,1,5,0.000006735,0
B71,64,4,2,2,0.000009576,1
B71,64,4,2,3,0.000009576,1
B71,64,4,2,4,0.000013574,1
B71,64,4,2,5,0.000009049,1
B71,64,4,3,2,0.000019151,1
B71,64,4,3,3,0.000022514,1
B71,64,4,3,4,0.000018204,1
B71,64,4,3,5,0.000006735,1
B71,64,4,4,2,0.000034125,1
B71,64,4,4,3,0.000061965,1
B71,64,4,4,4,0.000022514,1
B71,64,4,4,5,0.000006735,1
B71,64,4,5,2,0.000024696,1
B71,64,4,5,3,0.000022514,1
B71,64,4,5,4,0.000013574,1
B71,64,4,5,5,0.000033676,1
B71,65,4,0,2,0.000041452,1
B71,65,4,0,3,0.000063476,1
B71,65,4,0,4,0.000069656,1
B71,65,4,0,5,0.000001210,1
B71,65,4,1,2,0.000015065,1
B71,65,4,1,3,0.000005022,1
B71,65,4,1,4,0.000035341,1
B71,65,4,1,5,0.000001345,0
B71,65,4,2,2,0.000011948,1
B71,65,4,2,3,0.000015692,1
B71,65,4,2,4,0.000072360,1
B71,65,4,2,5,0.000001379,1
B71,65,4,3,2,0.000072225,1
B71,65,4,3,3,0.000035341,1
B71,65,4,3,4,0.000049778,1
B71,65,4,3,5,0.000001679,1
B71,65,4,4,2,0.000040321,1
B71,65,4,4,3,0.000020731,1
B71,65,4,4,4,0.000038329,1
B71,65,4,4,5,0.000001339,1
B71,65,4,5,2,0.000035341,1
B71,65,4,5,3,0.000035341,1
B71,65,4,5,4,0.000063251,1
B71,65,4,5,5,0.000003341,1
B71,66,4,0,2,0.000023245,1
B71,66,4,0,3,0.000030223,1
B71,66,4,0,4,0.000032308,1
B71,66,4,0,5,0.000001210,1
B71,66,4,1,2,0.000009561,1
B71,66,4,1,3,0.000005022,1
B71,66,4,1,4,0.000022736,1
B71,66,4,1,5,0.000001345,0
B71,66,4,2,2,0.000008213,1
B71,66,4,2,3,0.000007288,1
B71,66,4,2,4,0.000034265,1
B71,66,4,2,5,0.000001379,1
B71,66,4,3,2,0.000040853,1
B71,66,4,3,3,0.000020929,1
B71,66,4,3,4,0.000027369,1
B71,66,4,3,5,0.000001679,1
B71,66,4,4,2,0.000020529,1
B71,66,4,4,3,0.000009693,1
B71,66,4,4,4,0.000020588,1
B71,66,4,4,5,0.000001339,1
B71,66,4,5,2,0.000020868,1
B71,66,4,5,3,0.000021250,1
B71,66,4,5,4,0.000033372,1
B71,66,4,5,5,0.000003341,1
B71,67,4,0,2,0.000037914,1
B71,67,4,0,3,0.000023436,1
B71,67,4,0,4,0.000024713,1
B71,67,4,0,5,0.000001969,1
B71,67,4,1,2,0.000024713,1
B71,67,4,1,3,0.000021562,1
B71,67,4,1,4,0.000034921,1
B71,67,4,1,5,0.000002000,0
B71,67,4,2,2,0.000024713,1
B71,67,4,2,3,0.000026886,1
B71,67,4,2,4,0.000020382,1
B71,67,4,2,5,0.000001232,1
B71,67,4,3,2,0.000015262,1
B71,67,4,3,3,0.000021562,1
B71,67,4,3,4,0.000018196,1
B71,67,4,3,5,0.000002266,1
B71,67,4,4,2,0.000012702,1
B71,67,4,4,3,0.000010507,1
B71,67,4,4,4,0.000026221,1
B71,67,4,4,5,0.000001871,1
B71,67,4,5,2,0.000019743,1
B71,67,4,5,3,0.000026886,1
B71,67,4,5,4,0.000048860,1
B71,67,4,5,5,0.000003337,1
B71,68,4,0,2,0.000037914,1
B71,68,4,0,3,0.000023436,1
B71,68,4,0,4,0.000024713,1
B71,68,4,0,5,0.000001969,1
B71,68,4,1,2,0.000024713,1
B71,68,4,1,3,0.000021562,1
B71,68,4,1,4,0.000034921,1
B71,68,4,1,5,0.000002000,0
B71,68,4,2,2,0.000024713,1
B71,68,4,2,3,0.000026886,1
B71,68,4,2,4,0.000020382,1
B71,68,4,2,5,0.000001232,1
B71,68,4,3,2,0.000015262,1
B71,68,4,3,3,0.000021562,1
B71,68,4,3,4,0.000018196,1
B71,68,4,3,5,0.000002266,1
B71,68,4,4,2,0.000012702,1
B71,68,4,4,3,0.000010507,1
B71,68,4,4,4,0.000026221,1
B71,68,4,4,5,0.000001871,1
B71,68,4,5,2,0.000019743,1
B71,68,4,5,3,0.000026886,1
B71,68,4,5,4,0.000048860,1
B71,68,4,5,5,0.000003337,1
B71,69,4,0,2,0.000037914,1
B71,69,4,0,3,0.000023436,1
B71,69,4,0,4,0.000024713,1
B71,69,4,0,5,0.000001969,1
B71,69,4,1,2,0.000024713,1
B71,69,4,1,3,0.000021562,1
B71,69,4,1,4,0.000034921,1
B71,69,4,1,5,0.000002000,0
B71,69,4,2,2,0.000024713,1
B71,69,4,2,3,0.000026886,1
B71,69,4,2,4,0.000020382,1
B71,69,4,2,5,0.000001232,1
B71,69,4,3,2,0.000015262,1
B71,69,4,3,3,0.000021562,1
B71,69,4,3,4,0.000018196,1
B71,69,4,3,5,0.000002266,1
B71,69,4,4,2,0.000012702,1
B71,69,4,4,3,0.000010507,1
B71,69,4,4,4,0.000026221,1
B71,69,4,4,5,0.000001871,1
B71,69,4,5,2,0.000019743,1
B71,69,4,5,3,0.000026886,1
B71,69,4,5,4,0.000048860,1
B71,69,4,5,5,0.000003337,1
B71,70,4,0,2,0.000037914,1
B71,70,4,0,3,0.000023436,1
B71,70,4,0,4,0.000024713,1
B71,70,4,0,5,0.000001969,1
B71,70,4,1,2,0.000024713,1
B71,70,4,1,3,0.000021562,1
B71,70,4,1,4,0.000034921,1
B71,70,4,1,5,0.000002000,0
B71,70,4,2,2,0.000024713,1
B71,70,4,2,3,0.000026886,1
B71,70,4,2,4,0.000020382,1
B71,70,4,2,5,0.000001232,1
B71,70,4,3,2,0.000015262,1
B71,70,4,3,3,0.000021562,1
B71,70,4,3,4,0.000018196,1
B71,70,4,3,5,0.000002266,1
B71,70,4,4,2,0.000012702,1
B71,70,4,4,3,0.000010507,1
B71,70,4,4,4,0.000026221,1
B71,70,4,4,5,0.000001871,1
B71,70,4,5,2,0.000019743,1
B71,70,4,5,3,0.000026886,1
B71,70,4,5,4,0.000048860,1
B71,70,4,5,5,0.000003337,1
B71,71,4,0,2,0.000043432,1
B71,71,4,0,3,0.000018765,1
B71,71,4,0,4,0.000018614,1
B71,71,4,0,5,0.000007445,1
B71,71,4,1,2,0.000048395,1
B71,71,4,1,3,0.000029782,1
B71,71,4,1,4,0.000062045,1
B71,71,4,1,5,0.000007445,1
B71,71,4,2,2,0.000022336,1
B71,71,4,2,3,0.000022336,1
B71,71,4,2,4,0.000043432,1
B71,71,4,2,5,0.000004328,1
B71,71,4,3,2,0.000017373,1
B71,71,4,3,3,0.000013650,1
B71,71,4,3,4,0.000032264,1
B71,71,4,3,5,0.000004328,1
B71,71,4,4,2,0.000029782,1
B71,71,4,4,3,0.000021095,1
B71,71,4,4,4,0.000011168,1
B71,71,4,4,5,0.000003834,1
B71,71,4,5,2,0.000012147,1
B71,71,4,5,3,0.000012147,1
B71,71,4,5,4,0.000018413,1
B71,71,4,5,5,0.000007138,1
